model,family,support,updates,support_was_missed,support_detected,recovered,miss_denominator,new_misses,normal_alerts,new_normal_alerts,clean_recovery
kcbert,kcbert,K01,1,True,False,0,8,0,10,2,False
kcbert,kcbert,K01,5,True,True,8,8,0,152,144,False
kcbert,kcbert,K01,10,True,True,8,8,0,243,235,False
kcbert,kcbert,K02,1,True,False,0,8,0,11,3,False
kcbert,kcbert,K02,5,True,True,8,8,0,165,157,False
kcbert,kcbert,K02,10,True,True,8,8,0,241,233,False
kcbert,kcbert,K03,1,True,False,0,8,0,10,2,False
kcbert,kcbert,K03,5,True,True,8,8,0,149,141,False
kcbert,kcbert,K03,10,True,True,8,8,0,239,231,False
kcbert,kcbert,K04,1,True,False,0,8,0,13,5,False
kcbert,kcbert,K04,5,True,True,8,8,0,163,155,False
kcbert,kcbert,K04,10,True,True,8,8,0,236,228,False
kcbert,kcbert,K05,1,True,False,0,8,0,10,2,False
kcbert,kcbert,K05,5,True,True,8,8,0,135,127,False
kcbert,kcbert,K05,10,True,True,8,8,0,240,232,False
kcbert,kcbert,K06,1,True,False,0,8,0,12,4,False
kcbert,kcbert,K06,5,True,True,8,8,0,202,194,False
kcbert,kcbert,K06,10,True,True,8,8,0,242,234,False
kcbert,kcbert,K07,1,True,False,0,8,0,10,2,False
kcbert,kcbert,K07,5,True,True,8,8,0,157,149,False
kcbert,kcbert,K07,10,True,True,8,8,0,241,233,False
kcbert,kcbert,K08,1,True,True,0,8,0,16,8,False
kcbert,kcbert,K08,5,True,True,8,8,0,179,171,False
kcbert,kcbert,K08,10,True,True,8,8,0,236,228,False
kcbert,kcbert,K09,1,True,False,0,8,0,10,2,False
kcbert,kcbert,K09,5,True,True,8,8,0,150,142,False
kcbert,kcbert,K09,10,True,True,8,8,0,241,233,False
kcbert_cf,kcbert_cf,K01,1,True,False,7,8,0,18,13,False
kcbert_cf,kcbert_cf,K01,5,True,True,8,8,0,166,161,False
kcbert_cf,kcbert_cf,K01,10,True,True,8,8,0,209,204,False
kcbert_cf,kcbert_cf,K02,1,True,False,7,8,0,20,15,False
kcbert_cf,kcbert_cf,K02,5,True,True,8,8,0,161,156,False
kcbert_cf,kcbert_cf,K02,10,True,True,8,8,0,202,197,False
kcbert_cf,kcbert_cf,K03,1,True,True,7,8,0,19,14,False
kcbert_cf,kcbert_cf,K03,5,True,True,8,8,0,139,134,False
kcbert_cf,kcbert_cf,K03,10,True,True,8,8,0,193,188,False
kcbert_cf,kcbert_cf,K04,1,True,True,8,8,0,21,16,False
kcbert_cf,kcbert_cf,K04,5,True,True,8,8,0,126,121,False
kcbert_cf,kcbert_cf,K04,10,True,True,8,8,0,178,173,False
kcbert_cf,kcbert_cf,K05,1,True,True,8,8,0,23,18,False
kcbert_cf,kcbert_cf,K05,5,True,True,8,8,0,134,129,False
kcbert_cf,kcbert_cf,K05,10,True,True,8,8,0,186,181,False
kcbert_cf,kcbert_cf,K06,1,True,True,8,8,0,22,17,False
kcbert_cf,kcbert_cf,K06,5,True,True,8,8,0,137,132,False
kcbert_cf,kcbert_cf,K06,10,True,True,8,8,0,191,186,False
kcbert_cf,kcbert_cf,K07,1,True,True,6,8,0,21,16,False
kcbert_cf,kcbert_cf,K07,5,True,True,8,8,0,171,166,False
kcbert_cf,kcbert_cf,K07,10,True,True,8,8,0,212,207,False
kcbert_cf,kcbert_cf,K08,1,True,True,7,8,0,15,10,False
kcbert_cf,kcbert_cf,K08,5,True,True,8,8,0,94,89,False
kcbert_cf,kcbert_cf,K08,10,True,True,8,8,0,150,145,False
kcbert_cf,kcbert_cf,K09,1,True,True,6,8,0,20,15,False
kcbert_cf,kcbert_cf,K09,5,True,True,8,8,0,163,158,False
kcbert_cf,kcbert_cf,K09,10,True,True,8,8,0,206,201,False
kcbert_A_s42,kcbert_A,K01,1,True,True,8,8,0,59,44,False
kcbert_A_s42,kcbert_A,K01,5,True,True,8,8,0,244,229,False
kcbert_A_s42,kcbert_A,K01,10,True,True,8,8,0,247,232,False
kcbert_A_s42,kcbert_A,K02,1,True,True,8,8,0,60,45,False
kcbert_A_s42,kcbert_A,K02,5,True,True,8,8,0,244,229,False
kcbert_A_s42,kcbert_A,K02,10,True,True,8,8,0,247,232,False
kcbert_A_s42,kcbert_A,K03,1,True,True,8,8,0,69,54,False
kcbert_A_s42,kcbert_A,K03,5,True,True,8,8,0,242,227,False
kcbert_A_s42,kcbert_A,K03,10,True,True,8,8,0,246,231,False
kcbert_A_s42,kcbert_A,K04,1,True,True,8,8,0,67,52,False
kcbert_A_s42,kcbert_A,K04,5,True,True,8,8,0,241,226,False
kcbert_A_s42,kcbert_A,K04,10,True,True,8,8,0,246,231,False
kcbert_A_s42,kcbert_A,K05,1,True,True,8,8,0,70,55,False
kcbert_A_s42,kcbert_A,K05,5,True,True,8,8,0,239,224,False
kcbert_A_s42,kcbert_A,K05,10,True,True,8,8,0,245,230,False
kcbert_A_s42,kcbert_A,K06,1,True,True,8,8,0,63,48,False
kcbert_A_s42,kcbert_A,K06,5,True,True,8,8,0,243,228,False
kcbert_A_s42,kcbert_A,K06,10,True,True,8,8,0,247,232,False
kcbert_A_s42,kcbert_A,K07,1,True,True,8,8,0,51,36,False
kcbert_A_s42,kcbert_A,K07,5,True,True,8,8,0,242,227,False
kcbert_A_s42,kcbert_A,K07,10,True,True,8,8,0,247,232,False
kcbert_A_s42,kcbert_A,K08,1,True,True,8,8,0,60,45,False
kcbert_A_s42,kcbert_A,K08,5,True,True,8,8,0,240,225,False
kcbert_A_s42,kcbert_A,K08,10,True,True,8,8,0,246,231,False
kcbert_A_s42,kcbert_A,K09,1,True,True,8,8,0,49,34,False
kcbert_A_s42,kcbert_A,K09,5,True,True,8,8,0,242,227,False
kcbert_A_s42,kcbert_A,K09,10,True,True,8,8,0,247,232,False
kcbert_C_s42,kcbert_C,K01,1,True,True,8,8,0,75,56,False
kcbert_C_s42,kcbert_C,K01,5,True,True,8,8,0,246,227,False
kcbert_C_s42,kcbert_C,K01,10,True,True,8,8,0,248,229,False
kcbert_C_s42,kcbert_C,K02,1,True,True,8,8,0,79,60,False
kcbert_C_s42,kcbert_C,K02,5,True,True,8,8,0,246,227,False
kcbert_C_s42,kcbert_C,K02,10,True,True,8,8,0,248,229,False
kcbert_C_s42,kcbert_C,K03,1,True,True,8,8,0,87,68,False
kcbert_C_s42,kcbert_C,K03,5,True,True,8,8,0,245,226,False
kcbert_C_s42,kcbert_C,K03,10,True,True,8,8,0,247,228,False
kcbert_C_s42,kcbert_C,K04,1,True,True,8,8,0,89,70,False
kcbert_C_s42,kcbert_C,K04,5,True,True,8,8,0,245,226,False
kcbert_C_s42,kcbert_C,K04,10,True,True,8,8,0,247,228,False
kcbert_C_s42,kcbert_C,K05,1,True,True,8,8,0,86,67,False
kcbert_C_s42,kcbert_C,K05,5,True,True,8,8,0,245,226,False
kcbert_C_s42,kcbert_C,K05,10,True,True,8,8,0,247,228,False
kcbert_C_s42,kcbert_C,K06,1,True,True,8,8,0,78,59,False
kcbert_C_s42,kcbert_C,K06,5,True,True,8,8,0,245,226,False
kcbert_C_s42,kcbert_C,K06,10,True,True,8,8,0,247,228,False
kcbert_C_s42,kcbert_C,K07,1,True,True,8,8,0,74,55,False
kcbert_C_s42,kcbert_C,K07,5,True,True,8,8,0,245,226,False
kcbert_C_s42,kcbert_C,K07,10,True,True,8,8,0,247,228,False
kcbert_C_s42,kcbert_C,K08,1,True,True,8,8,0,88,69,False
kcbert_C_s42,kcbert_C,K08,5,True,True,8,8,0,244,225,False
kcbert_C_s42,kcbert_C,K08,10,True,True,8,8,0,247,228,False
kcbert_C_s42,kcbert_C,K09,1,True,True,8,8,0,74,55,False
kcbert_C_s42,kcbert_C,K09,5,True,True,8,8,0,245,226,False
kcbert_C_s42,kcbert_C,K09,10,True,True,8,8,0,247,228,False
kcbert_A_s101,kcbert_A,K01,1,True,True,8,8,0,75,61,False
kcbert_A_s101,kcbert_A,K01,5,True,True,8,8,0,241,227,False
kcbert_A_s101,kcbert_A,K01,10,True,True,8,8,0,246,232,False
kcbert_A_s101,kcbert_A,K02,1,True,True,8,8,0,79,65,False
kcbert_A_s101,kcbert_A,K02,5,True,True,8,8,0,241,227,False
kcbert_A_s101,kcbert_A,K02,10,True,True,8,8,0,246,232,False
kcbert_A_s101,kcbert_A,K03,1,True,True,8,8,0,83,69,False
kcbert_A_s101,kcbert_A,K03,5,True,True,8,8,0,242,228,False
kcbert_A_s101,kcbert_A,K03,10,True,True,8,8,0,246,232,False
kcbert_A_s101,kcbert_A,K04,1,True,True,8,8,0,82,68,False
kcbert_A_s101,kcbert_A,K04,5,True,True,8,8,0,242,228,False
kcbert_A_s101,kcbert_A,K04,10,True,True,8,8,0,246,232,False
kcbert_A_s101,kcbert_A,K05,1,True,True,8,8,0,83,69,False
kcbert_A_s101,kcbert_A,K05,5,True,True,8,8,0,240,226,False
kcbert_A_s101,kcbert_A,K05,10,True,True,8,8,0,246,232,False
kcbert_A_s101,kcbert_A,K06,1,True,True,8,8,0,81,67,False
kcbert_A_s101,kcbert_A,K06,5,True,True,8,8,0,240,226,False
kcbert_A_s101,kcbert_A,K06,10,True,True,8,8,0,246,232,False
kcbert_A_s101,kcbert_A,K07,1,True,True,8,8,0,81,67,False
kcbert_A_s101,kcbert_A,K07,5,True,True,8,8,0,242,228,False
kcbert_A_s101,kcbert_A,K07,10,True,True,8,8,0,246,232,False
kcbert_A_s101,kcbert_A,K08,1,True,True,8,8,0,83,69,False
kcbert_A_s101,kcbert_A,K08,5,True,True,8,8,0,242,228,False
kcbert_A_s101,kcbert_A,K08,10,True,True,8,8,0,246,232,False
kcbert_A_s101,kcbert_A,K09,1,True,True,8,8,0,77,63,False
kcbert_A_s101,kcbert_A,K09,5,True,True,8,8,0,242,228,False
kcbert_A_s101,kcbert_A,K09,10,True,True,8,8,0,246,232,False
kcbert_C_s101,kcbert_C,K01,1,True,True,8,8,0,87,71,False
kcbert_C_s101,kcbert_C,K01,5,True,True,8,8,0,243,227,False
kcbert_C_s101,kcbert_C,K01,10,True,True,8,8,0,246,230,False
kcbert_C_s101,kcbert_C,K02,1,True,True,8,8,0,91,75,False
kcbert_C_s101,kcbert_C,K02,5,True,True,8,8,0,243,227,False
kcbert_C_s101,kcbert_C,K02,10,True,True,8,8,0,246,230,False
kcbert_C_s101,kcbert_C,K03,1,True,True,8,8,0,87,71,False
kcbert_C_s101,kcbert_C,K03,5,True,True,8,8,0,242,226,False
kcbert_C_s101,kcbert_C,K03,10,True,True,8,8,0,246,230,False
kcbert_C_s101,kcbert_C,K04,1,True,True,8,8,0,92,76,False
kcbert_C_s101,kcbert_C,K04,5,True,True,8,8,0,242,226,False
kcbert_C_s101,kcbert_C,K04,10,True,True,8,8,0,246,230,False
kcbert_C_s101,kcbert_C,K05,1,True,True,8,8,0,87,71,False
kcbert_C_s101,kcbert_C,K05,5,True,True,8,8,0,242,226,False
kcbert_C_s101,kcbert_C,K05,10,True,True,8,8,0,246,230,False
kcbert_C_s101,kcbert_C,K06,1,True,True,8,8,0,93,77,False
kcbert_C_s101,kcbert_C,K06,5,True,True,8,8,0,243,227,False
kcbert_C_s101,kcbert_C,K06,10,True,True,8,8,0,246,230,False
kcbert_C_s101,kcbert_C,K07,1,True,True,8,8,0,92,76,False
kcbert_C_s101,kcbert_C,K07,5,True,True,8,8,0,243,227,False
kcbert_C_s101,kcbert_C,K07,10,True,True,8,8,0,246,230,False
kcbert_C_s101,kcbert_C,K08,1,True,True,8,8,0,77,61,False
kcbert_C_s101,kcbert_C,K08,5,True,True,8,8,0,238,222,False
kcbert_C_s101,kcbert_C,K08,10,True,True,8,8,0,246,230,False
kcbert_C_s101,kcbert_C,K09,1,True,True,8,8,0,79,63,False
kcbert_C_s101,kcbert_C,K09,5,True,True,8,8,0,241,225,False
kcbert_C_s101,kcbert_C,K09,10,True,True,8,8,0,246,230,False
kcbert_A_s202,kcbert_A,K01,1,True,True,7,7,0,94,72,False
kcbert_A_s202,kcbert_A,K01,5,True,True,7,7,0,244,222,False
kcbert_A_s202,kcbert_A,K01,10,True,True,7,7,0,247,225,False
kcbert_A_s202,kcbert_A,K02,1,True,True,7,7,0,105,83,False
kcbert_A_s202,kcbert_A,K02,5,True,True,7,7,0,246,224,False
kcbert_A_s202,kcbert_A,K02,10,True,True,7,7,0,247,225,False
kcbert_A_s202,kcbert_A,K03,1,True,True,7,7,0,90,68,False
kcbert_A_s202,kcbert_A,K03,5,True,True,7,7,0,244,222,False
kcbert_A_s202,kcbert_A,K03,10,True,True,7,7,0,246,224,False
kcbert_A_s202,kcbert_A,K04,1,True,True,7,7,0,90,68,False
kcbert_A_s202,kcbert_A,K04,5,True,True,7,7,0,244,222,False
kcbert_A_s202,kcbert_A,K04,10,True,True,7,7,0,246,224,False
kcbert_A_s202,kcbert_A,K05,1,True,True,7,7,0,92,70,False
kcbert_A_s202,kcbert_A,K05,5,True,True,7,7,0,244,222,False
kcbert_A_s202,kcbert_A,K05,10,True,True,7,7,0,246,224,False
kcbert_A_s202,kcbert_A,K06,1,True,True,7,7,0,90,68,False
kcbert_A_s202,kcbert_A,K06,5,True,True,7,7,0,244,222,False
kcbert_A_s202,kcbert_A,K06,10,True,True,7,7,0,246,224,False
kcbert_A_s202,kcbert_A,K07,1,True,True,7,7,0,86,64,False
kcbert_A_s202,kcbert_A,K07,5,True,True,7,7,0,244,222,False
kcbert_A_s202,kcbert_A,K07,10,True,True,7,7,0,246,224,False
kcbert_A_s202,kcbert_A,K08,1,False,True,8,8,0,103,81,False
kcbert_A_s202,kcbert_A,K08,5,False,True,8,8,0,244,222,False
kcbert_A_s202,kcbert_A,K08,10,False,True,8,8,0,246,224,False
kcbert_A_s202,kcbert_A,K09,1,True,True,7,7,0,89,67,False
kcbert_A_s202,kcbert_A,K09,5,True,True,7,7,0,244,222,False
kcbert_A_s202,kcbert_A,K09,10,True,True,7,7,0,246,224,False
kcbert_C_s202,kcbert_C,K01,1,True,True,3,3,0,111,84,False
kcbert_C_s202,kcbert_C,K01,5,True,True,3,3,0,245,218,False
kcbert_C_s202,kcbert_C,K01,10,True,True,3,3,0,247,220,False
kcbert_C_s202,kcbert_C,K02,1,True,True,3,3,0,111,84,False
kcbert_C_s202,kcbert_C,K02,5,True,True,3,3,0,245,218,False
kcbert_C_s202,kcbert_C,K02,10,True,True,3,3,0,247,220,False
kcbert_C_s202,kcbert_C,K03,1,True,True,3,3,0,110,83,False
kcbert_C_s202,kcbert_C,K03,5,True,True,3,3,0,245,218,False
kcbert_C_s202,kcbert_C,K03,10,True,True,3,3,0,247,220,False
kcbert_C_s202,kcbert_C,K04,1,False,True,4,4,0,109,82,False
kcbert_C_s202,kcbert_C,K04,5,False,True,4,4,0,243,216,False
kcbert_C_s202,kcbert_C,K04,10,False,True,4,4,0,246,219,False
kcbert_C_s202,kcbert_C,K05,1,False,True,4,4,0,108,81,False
kcbert_C_s202,kcbert_C,K05,5,False,True,4,4,0,245,218,False
kcbert_C_s202,kcbert_C,K05,10,False,True,4,4,0,247,220,False
kcbert_C_s202,kcbert_C,K06,1,False,True,4,4,0,106,79,False
kcbert_C_s202,kcbert_C,K06,5,False,True,4,4,0,242,215,False
kcbert_C_s202,kcbert_C,K06,10,False,True,4,4,0,245,218,False
kcbert_C_s202,kcbert_C,K07,1,False,True,4,4,0,115,88,False
kcbert_C_s202,kcbert_C,K07,5,False,True,4,4,0,245,218,False
kcbert_C_s202,kcbert_C,K07,10,False,True,4,4,0,247,220,False
kcbert_C_s202,kcbert_C,K08,1,False,True,4,4,0,115,88,False
kcbert_C_s202,kcbert_C,K08,5,False,True,4,4,0,245,218,False
kcbert_C_s202,kcbert_C,K08,10,False,True,4,4,0,247,220,False
kcbert_C_s202,kcbert_C,K09,1,True,True,3,3,0,105,78,False
kcbert_C_s202,kcbert_C,K09,5,True,True,3,3,0,244,217,False
kcbert_C_s202,kcbert_C,K09,10,True,True,3,3,0,247,220,False
kcbert_A_s303,kcbert_A,K01,1,True,True,8,8,0,44,29,False
kcbert_A_s303,kcbert_A,K01,5,True,True,8,8,0,236,221,False
kcbert_A_s303,kcbert_A,K01,10,True,True,8,8,0,244,229,False
kcbert_A_s303,kcbert_A,K02,1,True,True,8,8,0,49,34,False
kcbert_A_s303,kcbert_A,K02,5,True,True,8,8,0,233,218,False
kcbert_A_s303,kcbert_A,K02,10,True,True,8,8,0,243,228,False
kcbert_A_s303,kcbert_A,K03,1,True,True,8,8,0,48,33,False
kcbert_A_s303,kcbert_A,K03,5,True,True,8,8,0,238,223,False
kcbert_A_s303,kcbert_A,K03,10,True,True,8,8,0,243,228,False
kcbert_A_s303,kcbert_A,K04,1,True,True,8,8,0,48,33,False
kcbert_A_s303,kcbert_A,K04,5,True,True,8,8,0,228,213,False
kcbert_A_s303,kcbert_A,K04,10,True,True,8,8,0,242,227,False
kcbert_A_s303,kcbert_A,K05,1,True,True,8,8,0,52,37,False
kcbert_A_s303,kcbert_A,K05,5,True,True,8,8,0,223,208,False
kcbert_A_s303,kcbert_A,K05,10,True,True,8,8,0,241,226,False
kcbert_A_s303,kcbert_A,K06,1,True,True,8,8,0,51,36,False
kcbert_A_s303,kcbert_A,K06,5,True,True,8,8,0,235,220,False
kcbert_A_s303,kcbert_A,K06,10,True,True,8,8,0,243,228,False
kcbert_A_s303,kcbert_A,K07,1,True,True,8,8,0,46,31,False
kcbert_A_s303,kcbert_A,K07,5,True,True,8,8,0,237,222,False
kcbert_A_s303,kcbert_A,K07,10,True,True,8,8,0,243,228,False
kcbert_A_s303,kcbert_A,K08,1,True,True,8,8,0,48,33,False
kcbert_A_s303,kcbert_A,K08,5,True,True,8,8,0,235,220,False
kcbert_A_s303,kcbert_A,K08,10,True,True,8,8,0,242,227,False
kcbert_A_s303,kcbert_A,K09,1,True,True,8,8,0,46,31,False
kcbert_A_s303,kcbert_A,K09,5,True,True,8,8,0,232,217,False
kcbert_A_s303,kcbert_A,K09,10,True,True,8,8,0,244,229,False
kcbert_C_s303,kcbert_C,K01,1,True,True,8,8,0,47,29,False
kcbert_C_s303,kcbert_C,K01,5,True,True,8,8,0,230,212,False
kcbert_C_s303,kcbert_C,K01,10,True,True,8,8,0,245,227,False
kcbert_C_s303,kcbert_C,K02,1,True,True,8,8,0,40,22,False
kcbert_C_s303,kcbert_C,K02,5,True,True,8,8,0,231,213,False
kcbert_C_s303,kcbert_C,K02,10,True,True,8,8,0,245,227,False
kcbert_C_s303,kcbert_C,K03,1,True,True,8,8,0,52,34,False
kcbert_C_s303,kcbert_C,K03,5,True,True,8,8,0,227,209,False
kcbert_C_s303,kcbert_C,K03,10,True,True,8,8,0,242,224,False
kcbert_C_s303,kcbert_C,K04,1,True,True,8,8,0,54,36,False
kcbert_C_s303,kcbert_C,K04,5,True,True,8,8,0,226,208,False
kcbert_C_s303,kcbert_C,K04,10,True,True,8,8,0,243,225,False
kcbert_C_s303,kcbert_C,K05,1,True,True,8,8,0,56,38,False
kcbert_C_s303,kcbert_C,K05,5,True,True,8,8,0,231,213,False
kcbert_C_s303,kcbert_C,K05,10,True,True,8,8,0,243,225,False
kcbert_C_s303,kcbert_C,K06,1,True,True,8,8,0,50,32,False
kcbert_C_s303,kcbert_C,K06,5,True,True,8,8,0,235,217,False
kcbert_C_s303,kcbert_C,K06,10,True,True,8,8,0,245,227,False
kcbert_C_s303,kcbert_C,K07,1,True,True,8,8,0,46,28,False
kcbert_C_s303,kcbert_C,K07,5,True,True,8,8,0,229,211,False
kcbert_C_s303,kcbert_C,K07,10,True,True,8,8,0,243,225,False
kcbert_C_s303,kcbert_C,K08,1,True,True,8,8,0,53,35,False
kcbert_C_s303,kcbert_C,K08,5,True,True,8,8,0,225,207,False
kcbert_C_s303,kcbert_C,K08,10,True,True,8,8,0,243,225,False
kcbert_C_s303,kcbert_C,K09,1,True,True,8,8,0,38,20,False
kcbert_C_s303,kcbert_C,K09,5,True,True,8,8,0,222,204,False
kcbert_C_s303,kcbert_C,K09,10,True,True,8,8,0,242,224,False
kcbert_A_s404,kcbert_A,K01,1,True,True,8,8,0,72,55,False
kcbert_A_s404,kcbert_A,K01,5,True,True,8,8,0,241,224,False
kcbert_A_s404,kcbert_A,K01,10,True,True,8,8,0,246,229,False
kcbert_A_s404,kcbert_A,K02,1,True,True,8,8,0,72,55,False
kcbert_A_s404,kcbert_A,K02,5,True,True,8,8,0,243,226,False
kcbert_A_s404,kcbert_A,K02,10,True,True,8,8,0,246,229,False
kcbert_A_s404,kcbert_A,K03,1,True,True,8,8,0,72,55,False
kcbert_A_s404,kcbert_A,K03,5,True,True,8,8,0,240,223,False
kcbert_A_s404,kcbert_A,K03,10,True,True,8,8,0,246,229,False
kcbert_A_s404,kcbert_A,K04,1,True,True,8,8,0,77,60,False
kcbert_A_s404,kcbert_A,K04,5,True,True,8,8,0,238,221,False
kcbert_A_s404,kcbert_A,K04,10,True,True,8,8,0,245,228,False
kcbert_A_s404,kcbert_A,K05,1,True,True,8,8,0,73,56,False
kcbert_A_s404,kcbert_A,K05,5,True,True,8,8,0,238,221,False
kcbert_A_s404,kcbert_A,K05,10,True,True,8,8,0,245,228,False
kcbert_A_s404,kcbert_A,K06,1,True,True,8,8,0,77,60,False
kcbert_A_s404,kcbert_A,K06,5,True,True,8,8,0,243,226,False
kcbert_A_s404,kcbert_A,K06,10,True,True,8,8,0,246,229,False
kcbert_A_s404,kcbert_A,K07,1,True,True,8,8,0,72,55,False
kcbert_A_s404,kcbert_A,K07,5,True,True,8,8,0,240,223,False
kcbert_A_s404,kcbert_A,K07,10,True,True,8,8,0,246,229,False
kcbert_A_s404,kcbert_A,K08,1,True,True,8,8,0,68,51,False
kcbert_A_s404,kcbert_A,K08,5,True,True,8,8,0,237,220,False
kcbert_A_s404,kcbert_A,K08,10,True,True,8,8,0,245,228,False
kcbert_A_s404,kcbert_A,K09,1,True,True,8,8,0,65,48,False
kcbert_A_s404,kcbert_A,K09,5,True,True,8,8,0,239,222,False
kcbert_A_s404,kcbert_A,K09,10,True,True,8,8,0,246,229,False
kcbert_C_s404,kcbert_C,K01,1,True,True,8,8,0,89,69,False
kcbert_C_s404,kcbert_C,K01,5,True,True,8,8,0,239,219,False
kcbert_C_s404,kcbert_C,K01,10,True,True,8,8,0,245,225,False
kcbert_C_s404,kcbert_C,K02,1,True,True,8,8,0,88,68,False
kcbert_C_s404,kcbert_C,K02,5,True,True,8,8,0,240,220,False
kcbert_C_s404,kcbert_C,K02,10,True,True,8,8,0,246,226,False
kcbert_C_s404,kcbert_C,K03,1,True,True,8,8,0,87,67,False
kcbert_C_s404,kcbert_C,K03,5,True,True,8,8,0,236,216,False
kcbert_C_s404,kcbert_C,K03,10,True,True,8,8,0,244,224,False
kcbert_C_s404,kcbert_C,K04,1,True,True,8,8,0,102,82,False
kcbert_C_s404,kcbert_C,K04,5,True,True,8,8,0,236,216,False
kcbert_C_s404,kcbert_C,K04,10,True,True,8,8,0,243,223,False
kcbert_C_s404,kcbert_C,K05,1,True,True,8,8,0,93,73,False
kcbert_C_s404,kcbert_C,K05,5,True,True,8,8,0,236,216,False
kcbert_C_s404,kcbert_C,K05,10,True,True,8,8,0,244,224,False
kcbert_C_s404,kcbert_C,K06,1,True,True,8,8,0,93,73,False
kcbert_C_s404,kcbert_C,K06,5,True,True,8,8,0,238,218,False
kcbert_C_s404,kcbert_C,K06,10,True,True,8,8,0,243,223,False
kcbert_C_s404,kcbert_C,K07,1,True,True,8,8,0,81,61,False
kcbert_C_s404,kcbert_C,K07,5,True,True,8,8,0,239,219,False
kcbert_C_s404,kcbert_C,K07,10,True,True,8,8,0,245,225,False
kcbert_C_s404,kcbert_C,K08,1,True,True,8,8,0,80,60,False
kcbert_C_s404,kcbert_C,K08,5,True,True,8,8,0,234,214,False
kcbert_C_s404,kcbert_C,K08,10,True,True,8,8,0,244,224,False
kcbert_C_s404,kcbert_C,K09,1,True,True,8,8,0,93,73,False
kcbert_C_s404,kcbert_C,K09,5,True,True,8,8,0,237,217,False
kcbert_C_s404,kcbert_C,K09,10,True,True,8,8,0,245,225,False
u5_BASE_s42,u5_BASE,K01,1,True,True,8,8,0,109,97,False
u5_BASE_s42,u5_BASE,K01,5,True,True,8,8,0,239,227,False
u5_BASE_s42,u5_BASE,K01,10,True,True,8,8,0,245,233,False
u5_BASE_s42,u5_BASE,K02,1,True,True,8,8,0,113,101,False
u5_BASE_s42,u5_BASE,K02,5,True,True,8,8,0,241,229,False
u5_BASE_s42,u5_BASE,K02,10,True,True,8,8,0,245,233,False
u5_BASE_s42,u5_BASE,K03,1,True,True,8,8,0,110,98,False
u5_BASE_s42,u5_BASE,K03,5,True,True,8,8,0,238,226,False
u5_BASE_s42,u5_BASE,K03,10,True,True,8,8,0,244,232,False
u5_BASE_s42,u5_BASE,K04,1,True,True,8,8,0,119,107,False
u5_BASE_s42,u5_BASE,K04,5,True,True,8,8,0,238,226,False
u5_BASE_s42,u5_BASE,K04,10,True,True,8,8,0,244,232,False
u5_BASE_s42,u5_BASE,K05,1,True,True,8,8,0,116,104,False
u5_BASE_s42,u5_BASE,K05,5,True,True,8,8,0,238,226,False
u5_BASE_s42,u5_BASE,K05,10,True,True,8,8,0,244,232,False
u5_BASE_s42,u5_BASE,K06,1,True,True,8,8,0,109,97,False
u5_BASE_s42,u5_BASE,K06,5,True,True,8,8,0,237,225,False
u5_BASE_s42,u5_BASE,K06,10,True,True,8,8,0,244,232,False
u5_BASE_s42,u5_BASE,K07,1,True,True,8,8,0,113,101,False
u5_BASE_s42,u5_BASE,K07,5,True,True,8,8,0,238,226,False
u5_BASE_s42,u5_BASE,K07,10,True,True,8,8,0,245,233,False
u5_BASE_s42,u5_BASE,K08,1,True,True,8,8,0,111,99,False
u5_BASE_s42,u5_BASE,K08,5,True,True,8,8,0,237,225,False
u5_BASE_s42,u5_BASE,K08,10,True,True,8,8,0,244,232,False
u5_BASE_s42,u5_BASE,K09,1,True,True,8,8,0,103,91,False
u5_BASE_s42,u5_BASE,K09,5,True,True,8,8,0,240,228,False
u5_BASE_s42,u5_BASE,K09,10,True,True,8,8,0,245,233,False
u5_BASE_s101,u5_BASE,K01,1,True,True,8,8,0,72,56,False
u5_BASE_s101,u5_BASE,K01,5,True,True,8,8,0,243,227,False
u5_BASE_s101,u5_BASE,K01,10,True,True,8,8,0,247,231,False
u5_BASE_s101,u5_BASE,K02,1,True,True,8,8,0,68,52,False
u5_BASE_s101,u5_BASE,K02,5,True,True,8,8,0,243,227,False
u5_BASE_s101,u5_BASE,K02,10,True,True,8,8,0,247,231,False
u5_BASE_s101,u5_BASE,K03,1,True,True,8,8,0,77,61,False
u5_BASE_s101,u5_BASE,K03,5,True,True,8,8,0,244,228,False
u5_BASE_s101,u5_BASE,K03,10,True,True,8,8,0,247,231,False
u5_BASE_s101,u5_BASE,K04,1,True,True,8,8,0,82,66,False
u5_BASE_s101,u5_BASE,K04,5,True,True,8,8,0,243,227,False
u5_BASE_s101,u5_BASE,K04,10,True,True,8,8,0,247,231,False
u5_BASE_s101,u5_BASE,K05,1,True,True,8,8,0,88,72,False
u5_BASE_s101,u5_BASE,K05,5,True,True,8,8,0,240,224,False
u5_BASE_s101,u5_BASE,K05,10,True,True,8,8,0,247,231,False
u5_BASE_s101,u5_BASE,K06,1,True,True,8,8,0,74,58,False
u5_BASE_s101,u5_BASE,K06,5,True,True,8,8,0,242,226,False
u5_BASE_s101,u5_BASE,K06,10,True,True,8,8,0,247,231,False
u5_BASE_s101,u5_BASE,K07,1,True,True,8,8,0,72,56,False
u5_BASE_s101,u5_BASE,K07,5,True,True,8,8,0,244,228,False
u5_BASE_s101,u5_BASE,K07,10,True,True,8,8,0,247,231,False
u5_BASE_s101,u5_BASE,K08,1,True,True,8,8,0,74,58,False
u5_BASE_s101,u5_BASE,K08,5,True,True,8,8,0,243,227,False
u5_BASE_s101,u5_BASE,K08,10,True,True,8,8,0,247,231,False
u5_BASE_s101,u5_BASE,K09,1,True,True,8,8,0,76,60,False
u5_BASE_s101,u5_BASE,K09,5,True,True,8,8,0,243,227,False
u5_BASE_s101,u5_BASE,K09,10,True,True,8,8,0,247,231,False
u5_BASE_s202,u5_BASE,K01,1,True,True,8,8,0,16,9,False
u5_BASE_s202,u5_BASE,K01,5,True,True,8,8,0,229,222,False
u5_BASE_s202,u5_BASE,K01,10,True,True,8,8,0,244,237,False
u5_BASE_s202,u5_BASE,K02,1,True,True,8,8,0,18,11,False
u5_BASE_s202,u5_BASE,K02,5,True,True,8,8,0,224,217,False
u5_BASE_s202,u5_BASE,K02,10,True,True,8,8,0,244,237,False
u5_BASE_s202,u5_BASE,K03,1,True,True,8,8,0,18,11,False
u5_BASE_s202,u5_BASE,K03,5,True,True,8,8,0,233,226,False
u5_BASE_s202,u5_BASE,K03,10,True,True,8,8,0,244,237,False
u5_BASE_s202,u5_BASE,K04,1,True,True,8,8,0,19,12,False
u5_BASE_s202,u5_BASE,K04,5,True,True,8,8,0,217,210,False
u5_BASE_s202,u5_BASE,K04,10,True,True,8,8,0,243,236,False
u5_BASE_s202,u5_BASE,K05,1,True,True,8,8,0,19,12,False
u5_BASE_s202,u5_BASE,K05,5,True,True,8,8,0,206,199,False
u5_BASE_s202,u5_BASE,K05,10,True,True,8,8,0,242,235,False
u5_BASE_s202,u5_BASE,K06,1,True,True,8,8,0,19,12,False
u5_BASE_s202,u5_BASE,K06,5,True,True,8,8,0,221,214,False
u5_BASE_s202,u5_BASE,K06,10,True,True,8,8,0,244,237,False
u5_BASE_s202,u5_BASE,K07,1,True,True,8,8,0,19,12,False
u5_BASE_s202,u5_BASE,K07,5,True,True,8,8,0,231,224,False
u5_BASE_s202,u5_BASE,K07,10,True,True,8,8,0,244,237,False
u5_BASE_s202,u5_BASE,K08,1,True,True,8,8,0,20,13,False
u5_BASE_s202,u5_BASE,K08,5,True,True,8,8,0,221,214,False
u5_BASE_s202,u5_BASE,K08,10,True,True,8,8,0,244,237,False
u5_BASE_s202,u5_BASE,K09,1,True,True,8,8,0,18,11,False
u5_BASE_s202,u5_BASE,K09,5,True,True,8,8,0,215,208,False
u5_BASE_s202,u5_BASE,K09,10,True,True,8,8,0,242,235,False
u5_BASE_s303,u5_BASE,K01,1,True,True,8,8,0,63,50,False
u5_BASE_s303,u5_BASE,K01,5,True,True,8,8,0,239,226,False
u5_BASE_s303,u5_BASE,K01,10,True,True,8,8,0,245,232,False
u5_BASE_s303,u5_BASE,K02,1,True,True,8,8,0,52,39,False
u5_BASE_s303,u5_BASE,K02,5,True,True,8,8,0,240,227,False
u5_BASE_s303,u5_BASE,K02,10,True,True,8,8,0,246,233,False
u5_BASE_s303,u5_BASE,K03,1,True,True,8,8,0,48,35,False
u5_BASE_s303,u5_BASE,K03,5,True,True,8,8,0,237,224,False
u5_BASE_s303,u5_BASE,K03,10,True,True,8,8,0,245,232,False
u5_BASE_s303,u5_BASE,K04,1,True,True,8,8,0,64,51,False
u5_BASE_s303,u5_BASE,K04,5,True,True,8,8,0,238,225,False
u5_BASE_s303,u5_BASE,K04,10,True,True,8,8,0,245,232,False
u5_BASE_s303,u5_BASE,K05,1,True,True,8,8,0,46,33,False
u5_BASE_s303,u5_BASE,K05,5,True,True,8,8,0,235,222,False
u5_BASE_s303,u5_BASE,K05,10,True,True,8,8,0,245,232,False
u5_BASE_s303,u5_BASE,K06,1,True,True,8,8,0,66,53,False
u5_BASE_s303,u5_BASE,K06,5,True,True,8,8,0,235,222,False
u5_BASE_s303,u5_BASE,K06,10,True,True,8,8,0,245,232,False
u5_BASE_s303,u5_BASE,K07,1,True,True,8,8,0,64,51,False
u5_BASE_s303,u5_BASE,K07,5,True,True,8,8,0,239,226,False
u5_BASE_s303,u5_BASE,K07,10,True,True,8,8,0,245,232,False
u5_BASE_s303,u5_BASE,K08,1,True,True,8,8,0,52,39,False
u5_BASE_s303,u5_BASE,K08,5,True,True,8,8,0,239,226,False
u5_BASE_s303,u5_BASE,K08,10,True,True,8,8,0,245,232,False
u5_BASE_s303,u5_BASE,K09,1,True,True,8,8,0,64,51,False
u5_BASE_s303,u5_BASE,K09,5,True,True,8,8,0,239,226,False
u5_BASE_s303,u5_BASE,K09,10,True,True,8,8,0,246,233,False
u5_BASE_s404,u5_BASE,K01,1,True,True,8,8,0,96,74,False
u5_BASE_s404,u5_BASE,K01,5,True,True,8,8,0,244,222,False
u5_BASE_s404,u5_BASE,K01,10,True,True,8,8,0,245,223,False
u5_BASE_s404,u5_BASE,K02,1,True,True,8,8,0,91,69,False
u5_BASE_s404,u5_BASE,K02,5,True,True,8,8,0,244,222,False
u5_BASE_s404,u5_BASE,K02,10,True,True,8,8,0,246,224,False
u5_BASE_s404,u5_BASE,K03,1,True,True,8,8,0,90,68,False
u5_BASE_s404,u5_BASE,K03,5,True,True,8,8,0,244,222,False
u5_BASE_s404,u5_BASE,K03,10,True,True,8,8,0,245,223,False
u5_BASE_s404,u5_BASE,K04,1,True,True,8,8,0,100,78,False
u5_BASE_s404,u5_BASE,K04,5,True,True,8,8,0,244,222,False
u5_BASE_s404,u5_BASE,K04,10,True,True,8,8,0,245,223,False
u5_BASE_s404,u5_BASE,K05,1,True,True,8,8,0,91,69,False
u5_BASE_s404,u5_BASE,K05,5,True,True,8,8,0,244,222,False
u5_BASE_s404,u5_BASE,K05,10,True,True,8,8,0,246,224,False
u5_BASE_s404,u5_BASE,K06,1,True,True,8,8,0,99,77,False
u5_BASE_s404,u5_BASE,K06,5,True,True,8,8,0,243,221,False
u5_BASE_s404,u5_BASE,K06,10,True,True,8,8,0,245,223,False
u5_BASE_s404,u5_BASE,K07,1,True,True,8,8,0,98,76,False
u5_BASE_s404,u5_BASE,K07,5,True,True,8,8,0,244,222,False
u5_BASE_s404,u5_BASE,K07,10,True,True,8,8,0,245,223,False
u5_BASE_s404,u5_BASE,K08,1,True,True,8,8,0,91,69,False
u5_BASE_s404,u5_BASE,K08,5,True,True,8,8,0,243,221,False
u5_BASE_s404,u5_BASE,K08,10,True,True,8,8,0,245,223,False
u5_BASE_s404,u5_BASE,K09,1,True,True,8,8,0,71,49,False
u5_BASE_s404,u5_BASE,K09,5,True,True,8,8,0,244,222,False
u5_BASE_s404,u5_BASE,K09,10,True,True,8,8,0,246,224,False
u5_DUP_s42,u5_DUP,K01,1,True,True,8,8,0,68,57,False
u5_DUP_s42,u5_DUP,K01,5,True,True,8,8,0,240,229,False
u5_DUP_s42,u5_DUP,K01,10,True,True,8,8,0,245,234,False
u5_DUP_s42,u5_DUP,K02,1,True,True,8,8,0,70,59,False
u5_DUP_s42,u5_DUP,K02,5,True,True,8,8,0,242,231,False
u5_DUP_s42,u5_DUP,K02,10,True,True,8,8,0,246,235,False
u5_DUP_s42,u5_DUP,K03,1,True,True,8,8,0,66,55,False
u5_DUP_s42,u5_DUP,K03,5,True,True,8,8,0,240,229,False
u5_DUP_s42,u5_DUP,K03,10,True,True,8,8,0,245,234,False
u5_DUP_s42,u5_DUP,K04,1,True,True,8,8,0,76,65,False
u5_DUP_s42,u5_DUP,K04,5,True,True,8,8,0,239,228,False
u5_DUP_s42,u5_DUP,K04,10,True,True,8,8,0,245,234,False
u5_DUP_s42,u5_DUP,K05,1,True,True,8,8,0,68,57,False
u5_DUP_s42,u5_DUP,K05,5,True,True,8,8,0,239,228,False
u5_DUP_s42,u5_DUP,K05,10,True,True,8,8,0,245,234,False
u5_DUP_s42,u5_DUP,K06,1,True,True,8,8,0,73,62,False
u5_DUP_s42,u5_DUP,K06,5,True,True,8,8,0,240,229,False
u5_DUP_s42,u5_DUP,K06,10,True,True,8,8,0,246,235,False
u5_DUP_s42,u5_DUP,K07,1,True,True,8,8,0,68,57,False
u5_DUP_s42,u5_DUP,K07,5,True,True,8,8,0,240,229,False
u5_DUP_s42,u5_DUP,K07,10,True,True,8,8,0,245,234,False
u5_DUP_s42,u5_DUP,K08,1,True,True,8,8,0,72,61,False
u5_DUP_s42,u5_DUP,K08,5,True,True,8,8,0,239,228,False
u5_DUP_s42,u5_DUP,K08,10,True,True,8,8,0,245,234,False
u5_DUP_s42,u5_DUP,K09,1,True,True,8,8,0,65,54,False
u5_DUP_s42,u5_DUP,K09,5,True,True,8,8,0,240,229,False
u5_DUP_s42,u5_DUP,K09,10,True,True,8,8,0,245,234,False
u5_DUP_s101,u5_DUP,K01,1,True,True,8,8,0,47,33,False
u5_DUP_s101,u5_DUP,K01,5,True,True,8,8,0,240,226,False
u5_DUP_s101,u5_DUP,K01,10,True,True,8,8,0,246,232,False
u5_DUP_s101,u5_DUP,K02,1,True,True,8,8,0,59,45,False
u5_DUP_s101,u5_DUP,K02,5,True,True,8,8,0,241,227,False
u5_DUP_s101,u5_DUP,K02,10,True,True,8,8,0,246,232,False
u5_DUP_s101,u5_DUP,K03,1,True,True,8,8,0,51,37,False
u5_DUP_s101,u5_DUP,K03,5,True,True,8,8,0,240,226,False
u5_DUP_s101,u5_DUP,K03,10,True,True,8,8,0,245,231,False
u5_DUP_s101,u5_DUP,K04,1,True,True,8,8,0,59,45,False
u5_DUP_s101,u5_DUP,K04,5,True,True,8,8,0,239,225,False
u5_DUP_s101,u5_DUP,K04,10,True,True,8,8,0,245,231,False
u5_DUP_s101,u5_DUP,K05,1,True,True,8,8,0,64,50,False
u5_DUP_s101,u5_DUP,K05,5,True,True,8,8,0,236,222,False
u5_DUP_s101,u5_DUP,K05,10,True,True,8,8,0,244,230,False
u5_DUP_s101,u5_DUP,K06,1,True,True,8,8,0,59,45,False
u5_DUP_s101,u5_DUP,K06,5,True,True,8,8,0,236,222,False
u5_DUP_s101,u5_DUP,K06,10,True,True,8,8,0,244,230,False
u5_DUP_s101,u5_DUP,K07,1,True,True,8,8,0,48,34,False
u5_DUP_s101,u5_DUP,K07,5,True,True,8,8,0,238,224,False
u5_DUP_s101,u5_DUP,K07,10,True,True,8,8,0,245,231,False
u5_DUP_s101,u5_DUP,K08,1,True,True,8,8,0,62,48,False
u5_DUP_s101,u5_DUP,K08,5,True,True,8,8,0,236,222,False
u5_DUP_s101,u5_DUP,K08,10,True,True,8,8,0,245,231,False
u5_DUP_s101,u5_DUP,K09,1,True,True,8,8,0,45,31,False
u5_DUP_s101,u5_DUP,K09,5,True,True,8,8,0,239,225,False
u5_DUP_s101,u5_DUP,K09,10,True,True,8,8,0,245,231,False
u5_DUP_s202,u5_DUP,K01,1,True,True,8,8,0,16,9,False
u5_DUP_s202,u5_DUP,K01,5,True,True,8,8,0,189,182,False
u5_DUP_s202,u5_DUP,K01,10,True,True,8,8,0,237,230,False
u5_DUP_s202,u5_DUP,K02,1,True,True,8,8,0,21,14,False
u5_DUP_s202,u5_DUP,K02,5,True,True,8,8,0,208,201,False
u5_DUP_s202,u5_DUP,K02,10,True,True,8,8,0,239,232,False
u5_DUP_s202,u5_DUP,K03,1,True,True,8,8,0,19,12,False
u5_DUP_s202,u5_DUP,K03,5,True,True,8,8,0,207,200,False
u5_DUP_s202,u5_DUP,K03,10,True,True,8,8,0,237,230,False
u5_DUP_s202,u5_DUP,K04,1,True,True,8,8,0,23,16,False
u5_DUP_s202,u5_DUP,K04,5,True,True,8,8,0,212,205,False
u5_DUP_s202,u5_DUP,K04,10,True,True,8,8,0,238,231,False
u5_DUP_s202,u5_DUP,K05,1,True,True,8,8,0,20,13,False
u5_DUP_s202,u5_DUP,K05,5,True,True,8,8,0,193,186,False
u5_DUP_s202,u5_DUP,K05,10,True,True,8,8,0,237,230,False
u5_DUP_s202,u5_DUP,K06,1,True,True,8,8,0,21,14,False
u5_DUP_s202,u5_DUP,K06,5,True,True,8,8,0,200,193,False
u5_DUP_s202,u5_DUP,K06,10,True,True,8,8,0,238,231,False
u5_DUP_s202,u5_DUP,K07,1,True,True,8,8,0,18,11,False
u5_DUP_s202,u5_DUP,K07,5,True,True,8,8,0,194,187,False
u5_DUP_s202,u5_DUP,K07,10,True,True,8,8,0,235,228,False
u5_DUP_s202,u5_DUP,K08,1,True,True,8,8,0,23,16,False
u5_DUP_s202,u5_DUP,K08,5,True,True,8,8,0,214,207,False
u5_DUP_s202,u5_DUP,K08,10,True,True,8,8,0,241,234,False
u5_DUP_s202,u5_DUP,K09,1,True,True,8,8,0,20,13,False
u5_DUP_s202,u5_DUP,K09,5,True,True,8,8,0,200,193,False
u5_DUP_s202,u5_DUP,K09,10,True,True,8,8,0,239,232,False
u5_DUP_s303,u5_DUP,K01,1,True,True,8,8,0,81,62,False
u5_DUP_s303,u5_DUP,K01,5,True,True,8,8,0,243,224,False
u5_DUP_s303,u5_DUP,K01,10,True,True,8,8,0,246,227,False
u5_DUP_s303,u5_DUP,K02,1,True,True,8,8,0,82,63,False
u5_DUP_s303,u5_DUP,K02,5,True,True,8,8,0,242,223,False
u5_DUP_s303,u5_DUP,K02,10,True,True,8,8,0,246,227,False
u5_DUP_s303,u5_DUP,K03,1,True,True,8,8,0,80,61,False
u5_DUP_s303,u5_DUP,K03,5,True,True,8,8,0,241,222,False
u5_DUP_s303,u5_DUP,K03,10,True,True,8,8,0,246,227,False
u5_DUP_s303,u5_DUP,K04,1,True,True,8,8,0,95,76,False
u5_DUP_s303,u5_DUP,K04,5,True,True,8,8,0,240,221,False
u5_DUP_s303,u5_DUP,K04,10,True,True,8,8,0,244,225,False
u5_DUP_s303,u5_DUP,K05,1,True,True,8,8,0,92,73,False
u5_DUP_s303,u5_DUP,K05,5,True,True,8,8,0,240,221,False
u5_DUP_s303,u5_DUP,K05,10,True,True,8,8,0,244,225,False
u5_DUP_s303,u5_DUP,K06,1,True,True,8,8,0,84,65,False
u5_DUP_s303,u5_DUP,K06,5,True,True,8,8,0,242,223,False
u5_DUP_s303,u5_DUP,K06,10,True,True,8,8,0,246,227,False
u5_DUP_s303,u5_DUP,K07,1,True,True,8,8,0,59,40,False
u5_DUP_s303,u5_DUP,K07,5,True,True,8,8,0,241,222,False
u5_DUP_s303,u5_DUP,K07,10,True,True,8,8,0,246,227,False
u5_DUP_s303,u5_DUP,K08,1,True,True,8,8,0,94,75,False
u5_DUP_s303,u5_DUP,K08,5,True,True,8,8,0,240,221,False
u5_DUP_s303,u5_DUP,K08,10,True,True,8,8,0,243,224,False
u5_DUP_s303,u5_DUP,K09,1,True,True,8,8,0,92,73,False
u5_DUP_s303,u5_DUP,K09,5,True,True,8,8,0,243,224,False
u5_DUP_s303,u5_DUP,K09,10,True,True,8,8,0,246,227,False
u5_DUP_s404,u5_DUP,K01,1,True,True,8,8,0,80,69,False
u5_DUP_s404,u5_DUP,K01,5,True,True,8,8,0,241,230,False
u5_DUP_s404,u5_DUP,K01,10,True,True,8,8,0,245,234,False
u5_DUP_s404,u5_DUP,K02,1,True,True,8,8,0,81,70,False
u5_DUP_s404,u5_DUP,K02,5,True,True,8,8,0,242,231,False
u5_DUP_s404,u5_DUP,K02,10,True,True,8,8,0,246,235,False
u5_DUP_s404,u5_DUP,K03,1,True,True,8,8,0,77,66,False
u5_DUP_s404,u5_DUP,K03,5,True,True,8,8,0,240,229,False
u5_DUP_s404,u5_DUP,K03,10,True,True,8,8,0,246,235,False
u5_DUP_s404,u5_DUP,K04,1,True,True,8,8,0,82,71,False
u5_DUP_s404,u5_DUP,K04,5,True,True,8,8,0,240,229,False
u5_DUP_s404,u5_DUP,K04,10,True,True,8,8,0,246,235,False
u5_DUP_s404,u5_DUP,K05,1,True,True,8,8,0,81,70,False
u5_DUP_s404,u5_DUP,K05,5,True,True,8,8,0,240,229,False
u5_DUP_s404,u5_DUP,K05,10,True,True,8,8,0,246,235,False
u5_DUP_s404,u5_DUP,K06,1,True,True,8,8,0,87,76,False
u5_DUP_s404,u5_DUP,K06,5,True,True,8,8,0,240,229,False
u5_DUP_s404,u5_DUP,K06,10,True,True,8,8,0,245,234,False
u5_DUP_s404,u5_DUP,K07,1,True,True,8,8,0,83,72,False
u5_DUP_s404,u5_DUP,K07,5,True,True,8,8,0,240,229,False
u5_DUP_s404,u5_DUP,K07,10,True,True,8,8,0,246,235,False
u5_DUP_s404,u5_DUP,K08,1,True,True,8,8,0,82,71,False
u5_DUP_s404,u5_DUP,K08,5,True,True,8,8,0,242,231,False
u5_DUP_s404,u5_DUP,K08,10,True,True,8,8,0,246,235,False
u5_DUP_s404,u5_DUP,K09,1,True,True,8,8,0,84,73,False
u5_DUP_s404,u5_DUP,K09,5,True,True,8,8,0,242,231,False
u5_DUP_s404,u5_DUP,K09,10,True,True,8,8,0,246,235,False
u5_FLIP_s42,u5_FLIP,K01,1,True,True,8,8,0,43,30,False
u5_FLIP_s42,u5_FLIP,K01,5,True,True,8,8,0,239,226,False
u5_FLIP_s42,u5_FLIP,K01,10,True,True,8,8,0,244,231,False
u5_FLIP_s42,u5_FLIP,K02,1,True,True,8,8,0,38,25,False
u5_FLIP_s42,u5_FLIP,K02,5,True,True,8,8,0,242,229,False
u5_FLIP_s42,u5_FLIP,K02,10,True,True,8,8,0,246,233,False
u5_FLIP_s42,u5_FLIP,K03,1,True,True,8,8,0,43,30,False
u5_FLIP_s42,u5_FLIP,K03,5,True,True,8,8,0,230,217,False
u5_FLIP_s42,u5_FLIP,K03,10,True,True,8,8,0,244,231,False
u5_FLIP_s42,u5_FLIP,K04,1,True,True,8,8,0,52,39,False
u5_FLIP_s42,u5_FLIP,K04,5,True,True,8,8,0,233,220,False
u5_FLIP_s42,u5_FLIP,K04,10,True,True,8,8,0,244,231,False
u5_FLIP_s42,u5_FLIP,K05,1,True,True,8,8,0,43,30,False
u5_FLIP_s42,u5_FLIP,K05,5,True,True,8,8,0,227,214,False
u5_FLIP_s42,u5_FLIP,K05,10,True,True,8,8,0,243,230,False
u5_FLIP_s42,u5_FLIP,K06,1,True,True,8,8,0,50,37,False
u5_FLIP_s42,u5_FLIP,K06,5,True,True,8,8,0,238,225,False
u5_FLIP_s42,u5_FLIP,K06,10,True,True,8,8,0,245,232,False
u5_FLIP_s42,u5_FLIP,K07,1,True,True,8,8,0,44,31,False
u5_FLIP_s42,u5_FLIP,K07,5,True,True,8,8,0,240,227,False
u5_FLIP_s42,u5_FLIP,K07,10,True,True,8,8,0,246,233,False
u5_FLIP_s42,u5_FLIP,K08,1,True,True,8,8,0,52,39,False
u5_FLIP_s42,u5_FLIP,K08,5,True,True,8,8,0,231,218,False
u5_FLIP_s42,u5_FLIP,K08,10,True,True,8,8,0,244,231,False
u5_FLIP_s42,u5_FLIP,K09,1,True,True,8,8,0,36,23,False
u5_FLIP_s42,u5_FLIP,K09,5,True,True,8,8,0,241,228,False
u5_FLIP_s42,u5_FLIP,K09,10,True,True,8,8,0,246,233,False
u5_FLIP_s101,u5_FLIP,K01,1,True,True,8,8,0,56,42,False
u5_FLIP_s101,u5_FLIP,K01,5,True,True,8,8,0,242,228,False
u5_FLIP_s101,u5_FLIP,K01,10,True,True,8,8,0,247,233,False
u5_FLIP_s101,u5_FLIP,K02,1,True,True,8,8,0,68,54,False
u5_FLIP_s101,u5_FLIP,K02,5,True,True,8,8,0,243,229,False
u5_FLIP_s101,u5_FLIP,K02,10,True,True,8,8,0,247,233,False
u5_FLIP_s101,u5_FLIP,K03,1,True,True,8,8,0,64,50,False
u5_FLIP_s101,u5_FLIP,K03,5,True,True,8,8,0,236,222,False
u5_FLIP_s101,u5_FLIP,K03,10,True,True,8,8,0,245,231,False
u5_FLIP_s101,u5_FLIP,K04,1,True,True,8,8,0,66,52,False
u5_FLIP_s101,u5_FLIP,K04,5,True,True,8,8,0,235,221,False
u5_FLIP_s101,u5_FLIP,K04,10,True,True,8,8,0,245,231,False
u5_FLIP_s101,u5_FLIP,K05,1,True,True,8,8,0,78,64,False
u5_FLIP_s101,u5_FLIP,K05,5,True,True,8,8,0,234,220,False
u5_FLIP_s101,u5_FLIP,K05,10,True,True,8,8,0,244,230,False
u5_FLIP_s101,u5_FLIP,K06,1,True,True,8,8,0,52,38,False
u5_FLIP_s101,u5_FLIP,K06,5,True,True,8,8,0,232,218,False
u5_FLIP_s101,u5_FLIP,K06,10,True,True,8,8,0,245,231,False
u5_FLIP_s101,u5_FLIP,K07,1,True,True,8,8,0,47,33,False
u5_FLIP_s101,u5_FLIP,K07,5,True,True,8,8,0,237,223,False
u5_FLIP_s101,u5_FLIP,K07,10,True,True,8,8,0,246,232,False
u5_FLIP_s101,u5_FLIP,K08,1,True,True,8,8,0,69,55,False
u5_FLIP_s101,u5_FLIP,K08,5,True,True,8,8,0,235,221,False
u5_FLIP_s101,u5_FLIP,K08,10,True,True,8,8,0,245,231,False
u5_FLIP_s101,u5_FLIP,K09,1,True,True,8,8,0,57,43,False
u5_FLIP_s101,u5_FLIP,K09,5,True,True,8,8,0,239,225,False
u5_FLIP_s101,u5_FLIP,K09,10,True,True,8,8,0,246,232,False
u5_FLIP_s202,u5_FLIP,K01,1,True,True,6,6,0,52,44,False
u5_FLIP_s202,u5_FLIP,K01,5,True,True,6,6,0,227,219,False
u5_FLIP_s202,u5_FLIP,K01,10,True,True,6,6,0,242,234,False
u5_FLIP_s202,u5_FLIP,K02,1,True,True,6,6,0,54,46,False
u5_FLIP_s202,u5_FLIP,K02,5,True,True,6,6,0,231,223,False
u5_FLIP_s202,u5_FLIP,K02,10,True,True,6,6,0,243,235,False
u5_FLIP_s202,u5_FLIP,K03,1,True,True,6,6,0,54,46,False
u5_FLIP_s202,u5_FLIP,K03,5,True,True,6,6,0,230,222,False
u5_FLIP_s202,u5_FLIP,K03,10,True,True,6,6,0,244,236,False
u5_FLIP_s202,u5_FLIP,K04,1,False,True,7,7,0,64,56,False
u5_FLIP_s202,u5_FLIP,K04,5,False,True,7,7,0,233,225,False
u5_FLIP_s202,u5_FLIP,K04,10,False,True,7,7,0,243,235,False
u5_FLIP_s202,u5_FLIP,K05,1,True,True,6,6,0,59,51,False
u5_FLIP_s202,u5_FLIP,K05,5,True,True,6,6,0,233,225,False
u5_FLIP_s202,u5_FLIP,K05,10,True,True,6,6,0,243,235,False
u5_FLIP_s202,u5_FLIP,K06,1,True,True,6,6,0,58,50,False
u5_FLIP_s202,u5_FLIP,K06,5,True,True,6,6,0,229,221,False
u5_FLIP_s202,u5_FLIP,K06,10,True,True,6,6,0,243,235,False
u5_FLIP_s202,u5_FLIP,K07,1,True,True,6,6,0,53,45,False
u5_FLIP_s202,u5_FLIP,K07,5,True,True,6,6,0,227,219,False
u5_FLIP_s202,u5_FLIP,K07,10,True,True,6,6,0,241,233,False
u5_FLIP_s202,u5_FLIP,K08,1,False,True,7,7,0,65,57,False
u5_FLIP_s202,u5_FLIP,K08,5,False,True,7,7,0,230,222,False
u5_FLIP_s202,u5_FLIP,K08,10,False,True,7,7,0,243,235,False
u5_FLIP_s202,u5_FLIP,K09,1,True,True,6,6,0,50,42,False
u5_FLIP_s202,u5_FLIP,K09,5,True,True,6,6,0,228,220,False
u5_FLIP_s202,u5_FLIP,K09,10,True,True,6,6,0,242,234,False
u5_FLIP_s303,u5_FLIP,K01,1,True,True,8,8,0,56,43,False
u5_FLIP_s303,u5_FLIP,K01,5,True,True,8,8,0,240,227,False
u5_FLIP_s303,u5_FLIP,K01,10,True,True,8,8,0,246,233,False
u5_FLIP_s303,u5_FLIP,K02,1,True,True,8,8,0,60,47,False
u5_FLIP_s303,u5_FLIP,K02,5,True,True,8,8,0,240,227,False
u5_FLIP_s303,u5_FLIP,K02,10,True,True,8,8,0,246,233,False
u5_FLIP_s303,u5_FLIP,K03,1,True,True,8,8,0,55,42,False
u5_FLIP_s303,u5_FLIP,K03,5,True,True,8,8,0,240,227,False
u5_FLIP_s303,u5_FLIP,K03,10,True,True,8,8,0,246,233,False
u5_FLIP_s303,u5_FLIP,K04,1,True,True,8,8,0,64,51,False
u5_FLIP_s303,u5_FLIP,K04,5,True,True,8,8,0,240,227,False
u5_FLIP_s303,u5_FLIP,K04,10,True,True,8,8,0,246,233,False
u5_FLIP_s303,u5_FLIP,K05,1,True,True,8,8,0,64,51,False
u5_FLIP_s303,u5_FLIP,K05,5,True,True,8,8,0,235,222,False
u5_FLIP_s303,u5_FLIP,K05,10,True,True,8,8,0,246,233,False
u5_FLIP_s303,u5_FLIP,K06,1,True,True,8,8,0,63,50,False
u5_FLIP_s303,u5_FLIP,K06,5,True,True,8,8,0,240,227,False
u5_FLIP_s303,u5_FLIP,K06,10,True,True,8,8,0,246,233,False
u5_FLIP_s303,u5_FLIP,K07,1,True,True,8,8,0,40,27,False
u5_FLIP_s303,u5_FLIP,K07,5,True,True,8,8,0,241,228,False
u5_FLIP_s303,u5_FLIP,K07,10,True,True,8,8,0,246,233,False
u5_FLIP_s303,u5_FLIP,K08,1,True,True,8,8,0,65,52,False
u5_FLIP_s303,u5_FLIP,K08,5,True,True,8,8,0,238,225,False
u5_FLIP_s303,u5_FLIP,K08,10,True,True,8,8,0,245,232,False
u5_FLIP_s303,u5_FLIP,K09,1,True,True,8,8,0,64,51,False
u5_FLIP_s303,u5_FLIP,K09,5,True,True,8,8,0,241,228,False
u5_FLIP_s303,u5_FLIP,K09,10,True,True,8,8,0,246,233,False
u5_FLIP_s404,u5_FLIP,K01,1,True,True,8,8,0,77,56,False
u5_FLIP_s404,u5_FLIP,K01,5,True,True,8,8,0,239,218,False
u5_FLIP_s404,u5_FLIP,K01,10,True,True,8,8,0,244,223,False
u5_FLIP_s404,u5_FLIP,K02,1,True,True,8,8,0,85,64,False
u5_FLIP_s404,u5_FLIP,K02,5,True,True,8,8,0,242,221,False
u5_FLIP_s404,u5_FLIP,K02,10,True,True,8,8,0,246,225,False
u5_FLIP_s404,u5_FLIP,K03,1,True,True,8,8,0,73,52,False
u5_FLIP_s404,u5_FLIP,K03,5,True,True,8,8,0,238,217,False
u5_FLIP_s404,u5_FLIP,K03,10,True,True,8,8,0,245,224,False
u5_FLIP_s404,u5_FLIP,K04,1,True,True,8,8,0,82,61,False
u5_FLIP_s404,u5_FLIP,K04,5,True,True,8,8,0,235,214,False
u5_FLIP_s404,u5_FLIP,K04,10,True,True,8,8,0,244,223,False
u5_FLIP_s404,u5_FLIP,K05,1,True,True,8,8,0,80,59,False
u5_FLIP_s404,u5_FLIP,K05,5,True,True,8,8,0,236,215,False
u5_FLIP_s404,u5_FLIP,K05,10,True,True,8,8,0,244,223,False
u5_FLIP_s404,u5_FLIP,K06,1,True,True,8,8,0,93,72,False
u5_FLIP_s404,u5_FLIP,K06,5,True,True,8,8,0,238,217,False
u5_FLIP_s404,u5_FLIP,K06,10,True,True,8,8,0,244,223,False
u5_FLIP_s404,u5_FLIP,K07,1,True,True,8,8,0,84,63,False
u5_FLIP_s404,u5_FLIP,K07,5,True,True,8,8,0,240,219,False
u5_FLIP_s404,u5_FLIP,K07,10,True,True,8,8,0,245,224,False
u5_FLIP_s404,u5_FLIP,K08,1,True,True,8,8,0,88,67,False
u5_FLIP_s404,u5_FLIP,K08,5,True,True,8,8,0,238,217,False
u5_FLIP_s404,u5_FLIP,K08,10,True,True,8,8,0,244,223,False
u5_FLIP_s404,u5_FLIP,K09,1,True,True,8,8,0,89,68,False
u5_FLIP_s404,u5_FLIP,K09,5,True,True,8,8,0,242,221,False
u5_FLIP_s404,u5_FLIP,K09,10,True,True,8,8,0,245,224,False
word_tfidf_lr,word_tfidf_lr,K01,1,False,True,0,0,0,11,0,False
word_tfidf_lr,word_tfidf_lr,K01,5,False,True,0,0,0,14,3,False
word_tfidf_lr,word_tfidf_lr,K01,10,False,True,0,0,0,16,5,False
word_tfidf_lr,word_tfidf_lr,K02,1,False,True,0,0,0,11,0,False
word_tfidf_lr,word_tfidf_lr,K02,5,False,True,0,0,0,15,4,False
word_tfidf_lr,word_tfidf_lr,K02,10,False,True,0,0,0,16,5,False
word_tfidf_lr,word_tfidf_lr,K03,1,False,True,0,0,0,11,0,False
word_tfidf_lr,word_tfidf_lr,K03,5,False,True,0,0,0,16,5,False
word_tfidf_lr,word_tfidf_lr,K03,10,False,True,0,0,0,20,9,False
word_tfidf_lr,word_tfidf_lr,K04,1,False,True,0,0,0,11,0,False
word_tfidf_lr,word_tfidf_lr,K04,5,False,True,0,0,0,15,4,False
word_tfidf_lr,word_tfidf_lr,K04,10,False,True,0,0,0,16,5,False
word_tfidf_lr,word_tfidf_lr,K05,1,False,True,0,0,0,11,0,False
word_tfidf_lr,word_tfidf_lr,K05,5,False,True,0,0,0,12,1,False
word_tfidf_lr,word_tfidf_lr,K05,10,False,True,0,0,0,16,5,False
word_tfidf_lr,word_tfidf_lr,K06,1,False,True,0,0,0,11,0,False
word_tfidf_lr,word_tfidf_lr,K06,5,False,True,0,0,0,16,5,False
word_tfidf_lr,word_tfidf_lr,K06,10,False,True,0,0,0,25,14,False
word_tfidf_lr,word_tfidf_lr,K07,1,False,True,0,0,0,11,0,False
word_tfidf_lr,word_tfidf_lr,K07,5,False,True,0,0,0,12,1,False
word_tfidf_lr,word_tfidf_lr,K07,10,False,True,0,0,0,15,4,False
word_tfidf_lr,word_tfidf_lr,K08,1,False,True,0,0,0,11,0,False
word_tfidf_lr,word_tfidf_lr,K08,5,False,True,0,0,0,13,2,False
word_tfidf_lr,word_tfidf_lr,K08,10,False,True,0,0,0,16,5,False
word_tfidf_lr,word_tfidf_lr,K09,1,False,True,0,0,0,11,0,False
word_tfidf_lr,word_tfidf_lr,K09,5,False,True,0,0,0,15,4,False
word_tfidf_lr,word_tfidf_lr,K09,10,False,True,0,0,0,16,5,False
char_tfidf_lr,char_tfidf_lr,K01,1,False,True,0,4,0,13,2,False
char_tfidf_lr,char_tfidf_lr,K01,5,False,True,3,4,0,15,4,False
char_tfidf_lr,char_tfidf_lr,K01,10,False,True,4,4,0,19,8,False
char_tfidf_lr,char_tfidf_lr,K02,1,False,True,0,4,0,13,2,False
char_tfidf_lr,char_tfidf_lr,K02,5,False,True,3,4,0,15,4,False
char_tfidf_lr,char_tfidf_lr,K02,10,False,True,4,4,0,18,7,False
char_tfidf_lr,char_tfidf_lr,K03,1,True,False,0,3,0,13,2,False
char_tfidf_lr,char_tfidf_lr,K03,5,True,True,3,3,0,15,4,False
char_tfidf_lr,char_tfidf_lr,K03,10,True,True,3,3,0,23,12,False
char_tfidf_lr,char_tfidf_lr,K04,1,True,False,0,3,0,13,2,False
char_tfidf_lr,char_tfidf_lr,K04,5,True,True,3,3,0,15,4,False
char_tfidf_lr,char_tfidf_lr,K04,10,True,True,3,3,0,22,11,False
char_tfidf_lr,char_tfidf_lr,K05,1,False,True,0,4,0,13,2,False
char_tfidf_lr,char_tfidf_lr,K05,5,False,True,3,4,0,15,4,False
char_tfidf_lr,char_tfidf_lr,K05,10,False,True,4,4,0,18,7,False
char_tfidf_lr,char_tfidf_lr,K06,1,True,False,0,3,0,13,2,False
char_tfidf_lr,char_tfidf_lr,K06,5,True,True,3,3,0,16,5,False
char_tfidf_lr,char_tfidf_lr,K06,10,True,True,3,3,0,23,12,False
char_tfidf_lr,char_tfidf_lr,K07,1,False,True,0,4,0,13,2,False
char_tfidf_lr,char_tfidf_lr,K07,5,False,True,2,4,0,15,4,False
char_tfidf_lr,char_tfidf_lr,K07,10,False,True,4,4,0,17,6,False
char_tfidf_lr,char_tfidf_lr,K08,1,False,True,0,4,0,13,2,False
char_tfidf_lr,char_tfidf_lr,K08,5,False,True,3,4,0,15,4,False
char_tfidf_lr,char_tfidf_lr,K08,10,False,True,4,4,0,18,7,False
char_tfidf_lr,char_tfidf_lr,K09,1,True,False,0,3,0,13,2,False
char_tfidf_lr,char_tfidf_lr,K09,5,True,True,3,3,0,15,4,False
char_tfidf_lr,char_tfidf_lr,K09,10,True,True,3,3,0,21,10,False
char_tfidf_url_neutral_lr,char_tfidf_url_neutral_lr,K01,1,True,True,2,4,0,27,1,False
char_tfidf_url_neutral_lr,char_tfidf_url_neutral_lr,K01,5,True,True,4,4,0,42,16,False
char_tfidf_url_neutral_lr,char_tfidf_url_neutral_lr,K01,10,True,True,4,4,0,69,43,False
char_tfidf_url_neutral_lr,char_tfidf_url_neutral_lr,K02,1,True,True,2,4,0,27,1,False
char_tfidf_url_neutral_lr,char_tfidf_url_neutral_lr,K02,5,True,True,4,4,0,40,14,False
char_tfidf_url_neutral_lr,char_tfidf_url_neutral_lr,K02,10,True,True,4,4,0,67,41,False
char_tfidf_url_neutral_lr,char_tfidf_url_neutral_lr,K03,1,True,True,2,4,0,27,1,False
char_tfidf_url_neutral_lr,char_tfidf_url_neutral_lr,K03,5,True,True,4,4,0,42,16,False
char_tfidf_url_neutral_lr,char_tfidf_url_neutral_lr,K03,10,True,True,4,4,0,68,42,False
char_tfidf_url_neutral_lr,char_tfidf_url_neutral_lr,K04,1,False,True,3,5,0,27,1,False
char_tfidf_url_neutral_lr,char_tfidf_url_neutral_lr,K04,5,False,True,5,5,0,40,14,False
char_tfidf_url_neutral_lr,char_tfidf_url_neutral_lr,K04,10,False,True,5,5,0,62,36,False
char_tfidf_url_neutral_lr,char_tfidf_url_neutral_lr,K05,1,False,True,3,5,0,27,1,False
char_tfidf_url_neutral_lr,char_tfidf_url_neutral_lr,K05,5,False,True,5,5,0,39,13,False
char_tfidf_url_neutral_lr,char_tfidf_url_neutral_lr,K05,10,False,True,5,5,0,62,36,False
char_tfidf_url_neutral_lr,char_tfidf_url_neutral_lr,K06,1,True,False,3,4,0,27,1,False
char_tfidf_url_neutral_lr,char_tfidf_url_neutral_lr,K06,5,True,True,4,4,0,43,17,False
char_tfidf_url_neutral_lr,char_tfidf_url_neutral_lr,K06,10,True,True,4,4,0,70,44,False
char_tfidf_url_neutral_lr,char_tfidf_url_neutral_lr,K07,1,False,True,2,5,0,27,1,False
char_tfidf_url_neutral_lr,char_tfidf_url_neutral_lr,K07,5,False,True,5,5,0,39,13,False
char_tfidf_url_neutral_lr,char_tfidf_url_neutral_lr,K07,10,False,True,5,5,0,62,36,False
char_tfidf_url_neutral_lr,char_tfidf_url_neutral_lr,K08,1,False,True,2,5,0,27,1,False
char_tfidf_url_neutral_lr,char_tfidf_url_neutral_lr,K08,5,False,True,5,5,0,36,10,False
char_tfidf_url_neutral_lr,char_tfidf_url_neutral_lr,K08,10,False,True,5,5,0,54,28,False
char_tfidf_url_neutral_lr,char_tfidf_url_neutral_lr,K09,1,True,False,3,4,0,27,1,False
char_tfidf_url_neutral_lr,char_tfidf_url_neutral_lr,K09,5,True,True,4,4,0,43,17,False
char_tfidf_url_neutral_lr,char_tfidf_url_neutral_lr,K09,10,True,True,4,4,0,72,46,False
word_tfidf_lr_cf,word_tfidf_lr_cf,K01,1,False,True,0,0,0,26,2,False
word_tfidf_lr_cf,word_tfidf_lr_cf,K01,5,False,True,0,0,0,27,3,False
word_tfidf_lr_cf,word_tfidf_lr_cf,K01,10,False,True,0,0,0,33,9,False
word_tfidf_lr_cf,word_tfidf_lr_cf,K02,1,False,True,0,0,0,26,2,False
word_tfidf_lr_cf,word_tfidf_lr_cf,K02,5,False,True,0,0,0,29,5,False
word_tfidf_lr_cf,word_tfidf_lr_cf,K02,10,False,True,0,0,0,39,15,False
word_tfidf_lr_cf,word_tfidf_lr_cf,K03,1,False,True,0,0,0,26,2,False
word_tfidf_lr_cf,word_tfidf_lr_cf,K03,5,False,True,0,0,0,32,8,False
word_tfidf_lr_cf,word_tfidf_lr_cf,K03,10,False,True,0,0,0,40,16,False
word_tfidf_lr_cf,word_tfidf_lr_cf,K04,1,False,True,0,0,0,26,2,False
word_tfidf_lr_cf,word_tfidf_lr_cf,K04,5,False,True,0,0,0,27,3,False
word_tfidf_lr_cf,word_tfidf_lr_cf,K04,10,False,True,0,0,0,33,9,False
word_tfidf_lr_cf,word_tfidf_lr_cf,K05,1,False,True,0,0,0,26,2,False
word_tfidf_lr_cf,word_tfidf_lr_cf,K05,5,False,True,0,0,0,27,3,False
word_tfidf_lr_cf,word_tfidf_lr_cf,K05,10,False,True,0,0,0,33,9,False
word_tfidf_lr_cf,word_tfidf_lr_cf,K06,1,False,True,0,0,0,26,2,False
word_tfidf_lr_cf,word_tfidf_lr_cf,K06,5,False,True,0,0,0,34,10,False
word_tfidf_lr_cf,word_tfidf_lr_cf,K06,10,False,True,0,0,0,45,21,False
word_tfidf_lr_cf,word_tfidf_lr_cf,K07,1,False,True,0,0,0,26,2,False
word_tfidf_lr_cf,word_tfidf_lr_cf,K07,5,False,True,0,0,0,26,2,False
word_tfidf_lr_cf,word_tfidf_lr_cf,K07,10,False,True,0,0,0,27,3,False
word_tfidf_lr_cf,word_tfidf_lr_cf,K08,1,False,True,0,0,0,26,2,False
word_tfidf_lr_cf,word_tfidf_lr_cf,K08,5,False,True,0,0,0,27,3,False
word_tfidf_lr_cf,word_tfidf_lr_cf,K08,10,False,True,0,0,0,30,6,False
word_tfidf_lr_cf,word_tfidf_lr_cf,K09,1,False,True,0,0,0,26,2,False
word_tfidf_lr_cf,word_tfidf_lr_cf,K09,5,False,True,0,0,0,29,5,False
word_tfidf_lr_cf,word_tfidf_lr_cf,K09,10,False,True,0,0,0,40,16,False
char_tfidf_lr_cf,char_tfidf_lr_cf,K01,1,False,True,1,2,0,25,3,False
char_tfidf_lr_cf,char_tfidf_lr_cf,K01,5,False,True,1,2,0,35,13,False
char_tfidf_lr_cf,char_tfidf_lr_cf,K01,10,False,True,2,2,0,43,21,False
char_tfidf_lr_cf,char_tfidf_lr_cf,K02,1,False,True,1,2,0,25,3,False
char_tfidf_lr_cf,char_tfidf_lr_cf,K02,5,False,True,1,2,0,33,11,False
char_tfidf_lr_cf,char_tfidf_lr_cf,K02,10,False,True,2,2,0,41,19,False
char_tfidf_lr_cf,char_tfidf_lr_cf,K03,1,False,True,1,2,0,25,3,False
char_tfidf_lr_cf,char_tfidf_lr_cf,K03,5,False,True,1,2,0,35,13,False
char_tfidf_lr_cf,char_tfidf_lr_cf,K03,10,False,True,2,2,0,43,21,False
char_tfidf_lr_cf,char_tfidf_lr_cf,K04,1,False,True,1,2,0,25,3,False
char_tfidf_lr_cf,char_tfidf_lr_cf,K04,5,False,True,1,2,0,35,13,False
char_tfidf_lr_cf,char_tfidf_lr_cf,K04,10,False,True,2,2,0,42,20,False
char_tfidf_lr_cf,char_tfidf_lr_cf,K05,1,False,True,1,2,0,25,3,False
char_tfidf_lr_cf,char_tfidf_lr_cf,K05,5,False,True,1,2,0,32,10,False
char_tfidf_lr_cf,char_tfidf_lr_cf,K05,10,False,True,2,2,0,41,19,False
char_tfidf_lr_cf,char_tfidf_lr_cf,K06,1,True,True,0,1,0,25,3,False
char_tfidf_lr_cf,char_tfidf_lr_cf,K06,5,True,True,0,1,0,38,16,False
char_tfidf_lr_cf,char_tfidf_lr_cf,K06,10,True,True,1,1,0,46,24,False
char_tfidf_lr_cf,char_tfidf_lr_cf,K07,1,False,True,1,2,0,25,3,False
char_tfidf_lr_cf,char_tfidf_lr_cf,K07,5,False,True,1,2,0,32,10,False
char_tfidf_lr_cf,char_tfidf_lr_cf,K07,10,False,True,2,2,0,41,19,False
char_tfidf_lr_cf,char_tfidf_lr_cf,K08,1,False,True,1,2,0,23,1,False
char_tfidf_lr_cf,char_tfidf_lr_cf,K08,5,False,True,1,2,0,30,8,False
char_tfidf_lr_cf,char_tfidf_lr_cf,K08,10,False,True,2,2,0,39,17,False
char_tfidf_lr_cf,char_tfidf_lr_cf,K09,1,False,True,1,2,0,25,3,False
char_tfidf_lr_cf,char_tfidf_lr_cf,K09,5,False,True,1,2,0,37,15,False
char_tfidf_lr_cf,char_tfidf_lr_cf,K09,10,False,True,2,2,0,44,22,False
char_tfidf_url_neutral_lr_cf,char_tfidf_url_neutral_lr_cf,K01,1,True,False,4,8,0,19,3,False
char_tfidf_url_neutral_lr_cf,char_tfidf_url_neutral_lr_cf,K01,5,True,True,8,8,0,26,10,False
char_tfidf_url_neutral_lr_cf,char_tfidf_url_neutral_lr_cf,K01,10,True,True,8,8,0,33,17,False
char_tfidf_url_neutral_lr_cf,char_tfidf_url_neutral_lr_cf,K02,1,True,False,4,8,0,19,3,False
char_tfidf_url_neutral_lr_cf,char_tfidf_url_neutral_lr_cf,K02,5,True,True,8,8,0,25,9,False
char_tfidf_url_neutral_lr_cf,char_tfidf_url_neutral_lr_cf,K02,10,True,True,8,8,0,32,16,False
char_tfidf_url_neutral_lr_cf,char_tfidf_url_neutral_lr_cf,K03,1,True,False,4,8,0,19,3,False
char_tfidf_url_neutral_lr_cf,char_tfidf_url_neutral_lr_cf,K03,5,True,True,8,8,0,25,9,False
char_tfidf_url_neutral_lr_cf,char_tfidf_url_neutral_lr_cf,K03,10,True,True,8,8,0,33,17,False
char_tfidf_url_neutral_lr_cf,char_tfidf_url_neutral_lr_cf,K04,1,True,True,3,8,0,19,3,False
char_tfidf_url_neutral_lr_cf,char_tfidf_url_neutral_lr_cf,K04,5,True,True,7,8,0,25,9,False
char_tfidf_url_neutral_lr_cf,char_tfidf_url_neutral_lr_cf,K04,10,True,True,8,8,0,31,15,False
char_tfidf_url_neutral_lr_cf,char_tfidf_url_neutral_lr_cf,K05,1,True,True,3,8,0,19,3,False
char_tfidf_url_neutral_lr_cf,char_tfidf_url_neutral_lr_cf,K05,5,True,True,7,8,0,25,9,False
char_tfidf_url_neutral_lr_cf,char_tfidf_url_neutral_lr_cf,K05,10,True,True,8,8,0,31,15,False
char_tfidf_url_neutral_lr_cf,char_tfidf_url_neutral_lr_cf,K06,1,True,False,4,8,0,19,3,False
char_tfidf_url_neutral_lr_cf,char_tfidf_url_neutral_lr_cf,K06,5,True,True,8,8,0,26,10,False
char_tfidf_url_neutral_lr_cf,char_tfidf_url_neutral_lr_cf,K06,10,True,True,8,8,0,33,17,False
char_tfidf_url_neutral_lr_cf,char_tfidf_url_neutral_lr_cf,K07,1,True,True,3,8,0,19,3,False
char_tfidf_url_neutral_lr_cf,char_tfidf_url_neutral_lr_cf,K07,5,True,True,7,8,0,25,9,False
char_tfidf_url_neutral_lr_cf,char_tfidf_url_neutral_lr_cf,K07,10,True,True,8,8,0,31,15,False
char_tfidf_url_neutral_lr_cf,char_tfidf_url_neutral_lr_cf,K08,1,False,True,3,9,0,18,2,False
char_tfidf_url_neutral_lr_cf,char_tfidf_url_neutral_lr_cf,K08,5,False,True,8,9,0,24,8,False
char_tfidf_url_neutral_lr_cf,char_tfidf_url_neutral_lr_cf,K08,10,False,True,9,9,0,28,12,False
char_tfidf_url_neutral_lr_cf,char_tfidf_url_neutral_lr_cf,K09,1,True,False,4,8,0,19,3,False
char_tfidf_url_neutral_lr_cf,char_tfidf_url_neutral_lr_cf,K09,5,True,True,8,8,0,27,11,False
char_tfidf_url_neutral_lr_cf,char_tfidf_url_neutral_lr_cf,K09,10,True,True,8,8,0,35,19,False
LR_A_s42_f0,LR_A,K01,1,True,True,0,4,0,16,0,False
LR_A_s42_f0,LR_A,K01,5,True,True,3,4,0,23,7,False
LR_A_s42_f0,LR_A,K01,10,True,True,4,4,0,35,19,False
LR_A_s42_f0,LR_A,K02,1,False,True,1,5,0,16,0,True
LR_A_s42_f0,LR_A,K02,5,False,True,4,5,0,23,7,False
LR_A_s42_f0,LR_A,K02,10,False,True,5,5,0,34,18,False
LR_A_s42_f0,LR_A,K03,1,True,False,1,4,0,16,0,True
LR_A_s42_f0,LR_A,K03,5,True,True,4,4,0,23,7,False
LR_A_s42_f0,LR_A,K03,10,True,True,4,4,0,38,22,False
LR_A_s42_f0,LR_A,K04,1,True,False,1,4,0,16,0,True
LR_A_s42_f0,LR_A,K04,5,True,True,4,4,0,23,7,False
LR_A_s42_f0,LR_A,K04,10,True,True,4,4,0,36,20,False
LR_A_s42_f0,LR_A,K05,1,False,True,1,5,0,16,0,True
LR_A_s42_f0,LR_A,K05,5,False,True,4,5,0,21,5,False
LR_A_s42_f0,LR_A,K05,10,False,True,5,5,0,33,17,False
LR_A_s42_f0,LR_A,K06,1,True,False,1,4,0,16,0,True
LR_A_s42_f0,LR_A,K06,5,True,True,4,4,0,24,8,False
LR_A_s42_f0,LR_A,K06,10,True,True,4,4,0,38,22,False
LR_A_s42_f0,LR_A,K07,1,False,True,1,5,0,16,0,True
LR_A_s42_f0,LR_A,K07,5,False,True,3,5,0,21,5,False
LR_A_s42_f0,LR_A,K07,10,False,True,5,5,0,33,17,False
LR_A_s42_f0,LR_A,K08,1,False,True,1,5,0,16,0,True
LR_A_s42_f0,LR_A,K08,5,False,True,4,5,0,23,7,False
LR_A_s42_f0,LR_A,K08,10,False,True,5,5,0,34,18,False
LR_A_s42_f0,LR_A,K09,1,True,False,1,4,0,16,0,True
LR_A_s42_f0,LR_A,K09,5,True,True,4,4,0,23,7,False
LR_A_s42_f0,LR_A,K09,10,True,True,4,4,0,36,20,False
LR_B_s42_f0,LR_B,K01,1,True,False,1,8,0,20,2,False
LR_B_s42_f0,LR_B,K01,5,True,True,6,8,0,26,8,False
LR_B_s42_f0,LR_B,K01,10,True,True,8,8,0,36,18,False
LR_B_s42_f0,LR_B,K02,1,True,False,1,8,0,20,2,False
LR_B_s42_f0,LR_B,K02,5,True,True,6,8,0,25,7,False
LR_B_s42_f0,LR_B,K02,10,True,True,8,8,0,34,16,False
LR_B_s42_f0,LR_B,K03,1,True,False,1,8,0,20,2,False
LR_B_s42_f0,LR_B,K03,5,True,True,7,8,0,27,9,False
LR_B_s42_f0,LR_B,K03,10,True,True,8,8,0,38,20,False
LR_B_s42_f0,LR_B,K04,1,True,False,1,8,0,20,2,False
LR_B_s42_f0,LR_B,K04,5,True,True,7,8,0,27,9,False
LR_B_s42_f0,LR_B,K04,10,True,True,8,8,0,37,19,False
LR_B_s42_f0,LR_B,K05,1,True,False,1,8,0,20,2,False
LR_B_s42_f0,LR_B,K05,5,True,True,6,8,0,25,7,False
LR_B_s42_f0,LR_B,K05,10,True,True,8,8,0,34,16,False
LR_B_s42_f0,LR_B,K06,1,True,False,1,8,0,20,2,False
LR_B_s42_f0,LR_B,K06,5,True,True,8,8,0,28,10,False
LR_B_s42_f0,LR_B,K06,10,True,True,8,8,0,38,20,False
LR_B_s42_f0,LR_B,K07,1,True,True,0,8,0,20,2,False
LR_B_s42_f0,LR_B,K07,5,True,True,4,8,0,25,7,False
LR_B_s42_f0,LR_B,K07,10,True,True,8,8,0,31,13,False
LR_B_s42_f0,LR_B,K08,1,True,False,1,8,0,20,2,False
LR_B_s42_f0,LR_B,K08,5,True,True,6,8,0,25,7,False
LR_B_s42_f0,LR_B,K08,10,True,True,8,8,0,34,16,False
LR_B_s42_f0,LR_B,K09,1,True,False,1,8,0,20,2,False
LR_B_s42_f0,LR_B,K09,5,True,True,6,8,0,26,8,False
LR_B_s42_f0,LR_B,K09,10,True,True,8,8,0,37,19,False
LR_C_s42_f0,LR_C,K01,1,True,False,0,8,0,12,0,False
LR_C_s42_f0,LR_C,K01,5,True,True,4,8,0,17,5,False
LR_C_s42_f0,LR_C,K01,10,True,True,8,8,0,24,12,False
LR_C_s42_f0,LR_C,K02,1,True,False,0,8,0,12,0,False
LR_C_s42_f0,LR_C,K02,5,True,True,4,8,0,17,5,False
LR_C_s42_f0,LR_C,K02,10,True,True,8,8,0,22,10,False
LR_C_s42_f0,LR_C,K03,1,True,False,0,8,0,12,0,False
LR_C_s42_f0,LR_C,K03,5,True,False,7,8,0,17,5,False
LR_C_s42_f0,LR_C,K03,10,True,True,8,8,0,26,14,False
LR_C_s42_f0,LR_C,K04,1,True,False,0,8,0,12,0,False
LR_C_s42_f0,LR_C,K04,5,True,True,5,8,0,17,5,False
LR_C_s42_f0,LR_C,K04,10,True,True,8,8,0,25,13,False
LR_C_s42_f0,LR_C,K05,1,True,False,0,8,0,12,0,False
LR_C_s42_f0,LR_C,K05,5,True,True,4,8,0,16,4,False
LR_C_s42_f0,LR_C,K05,10,True,True,8,8,0,22,10,False
LR_C_s42_f0,LR_C,K06,1,True,False,0,8,0,13,1,False
LR_C_s42_f0,LR_C,K06,5,True,False,7,8,0,17,5,False
LR_C_s42_f0,LR_C,K06,10,True,True,8,8,0,26,14,False
LR_C_s42_f0,LR_C,K07,1,True,False,0,8,0,12,0,False
LR_C_s42_f0,LR_C,K07,5,True,True,4,8,0,16,4,False
LR_C_s42_f0,LR_C,K07,10,True,True,7,8,0,21,9,False
LR_C_s42_f0,LR_C,K08,1,True,False,0,8,0,12,0,False
LR_C_s42_f0,LR_C,K08,5,True,True,4,8,0,16,4,False
LR_C_s42_f0,LR_C,K08,10,True,True,8,8,0,22,10,False
LR_C_s42_f0,LR_C,K09,1,True,False,0,8,0,12,0,False
LR_C_s42_f0,LR_C,K09,5,True,True,5,8,0,17,5,False
LR_C_s42_f0,LR_C,K09,10,True,True,8,8,0,25,13,False
LR_A_s42_f1,LR_A,K01,1,True,False,0,7,0,10,0,False
LR_A_s42_f1,LR_A,K01,5,True,True,4,7,0,17,7,False
LR_A_s42_f1,LR_A,K01,10,True,True,7,7,0,25,15,False
LR_A_s42_f1,LR_A,K02,1,True,False,0,7,0,10,0,False
LR_A_s42_f1,LR_A,K02,5,True,True,4,7,0,17,7,False
LR_A_s42_f1,LR_A,K02,10,True,True,7,7,0,25,15,False
LR_A_s42_f1,LR_A,K03,1,True,False,0,7,0,10,0,False
LR_A_s42_f1,LR_A,K03,5,True,False,6,7,0,19,9,False
LR_A_s42_f1,LR_A,K03,10,True,True,7,7,0,26,16,False
LR_A_s42_f1,LR_A,K04,1,True,False,0,7,0,10,0,False
LR_A_s42_f1,LR_A,K04,5,True,True,5,7,0,19,9,False
LR_A_s42_f1,LR_A,K04,10,True,True,7,7,0,26,16,False
LR_A_s42_f1,LR_A,K05,1,True,False,0,7,0,10,0,False
LR_A_s42_f1,LR_A,K05,5,True,True,4,7,0,17,7,False
LR_A_s42_f1,LR_A,K05,10,True,True,7,7,0,24,14,False
LR_A_s42_f1,LR_A,K06,1,True,False,0,7,0,10,0,False
LR_A_s42_f1,LR_A,K06,5,True,False,6,7,0,19,9,False
LR_A_s42_f1,LR_A,K06,10,True,True,7,7,0,26,16,False
LR_A_s42_f1,LR_A,K07,1,False,True,0,8,0,10,0,False
LR_A_s42_f1,LR_A,K07,5,False,True,4,8,0,15,5,False
LR_A_s42_f1,LR_A,K07,10,False,True,8,8,0,23,13,False
LR_A_s42_f1,LR_A,K08,1,True,False,0,7,0,10,0,False
LR_A_s42_f1,LR_A,K08,5,True,True,4,7,0,17,7,False
LR_A_s42_f1,LR_A,K08,10,True,True,7,7,0,25,15,False
LR_A_s42_f1,LR_A,K09,1,True,False,0,7,0,10,0,False
LR_A_s42_f1,LR_A,K09,5,True,True,4,7,0,19,9,False
LR_A_s42_f1,LR_A,K09,10,True,True,7,7,0,25,15,False
LR_B_s42_f1,LR_B,K01,1,True,False,1,7,0,22,4,False
LR_B_s42_f1,LR_B,K01,5,True,True,7,7,0,32,14,False
LR_B_s42_f1,LR_B,K01,10,True,True,7,7,0,49,31,False
LR_B_s42_f1,LR_B,K02,1,True,False,1,7,0,22,4,False
LR_B_s42_f1,LR_B,K02,5,True,True,7,7,0,32,14,False
LR_B_s42_f1,LR_B,K02,10,True,True,7,7,0,49,31,False
LR_B_s42_f1,LR_B,K03,1,True,False,1,7,0,22,4,False
LR_B_s42_f1,LR_B,K03,5,True,True,7,7,0,35,17,False
LR_B_s42_f1,LR_B,K03,10,True,True,7,7,0,54,36,False
LR_B_s42_f1,LR_B,K04,1,True,False,1,7,0,22,4,False
LR_B_s42_f1,LR_B,K04,5,True,True,7,7,0,35,17,False
LR_B_s42_f1,LR_B,K04,10,True,True,7,7,0,52,34,False
LR_B_s42_f1,LR_B,K05,1,True,True,0,7,0,21,3,False
LR_B_s42_f1,LR_B,K05,5,True,True,7,7,0,31,13,False
LR_B_s42_f1,LR_B,K05,10,True,True,7,7,0,48,30,False
LR_B_s42_f1,LR_B,K06,1,True,False,1,7,0,22,4,False
LR_B_s42_f1,LR_B,K06,5,True,True,7,7,0,35,17,False
LR_B_s42_f1,LR_B,K06,10,True,True,7,7,0,53,35,False
LR_B_s42_f1,LR_B,K07,1,False,True,0,8,0,20,2,False
LR_B_s42_f1,LR_B,K07,5,False,True,6,8,0,31,13,False
LR_B_s42_f1,LR_B,K07,10,False,True,8,8,0,42,24,False
LR_B_s42_f1,LR_B,K08,1,True,False,1,7,0,22,4,False
LR_B_s42_f1,LR_B,K08,5,True,True,7,7,0,32,14,False
LR_B_s42_f1,LR_B,K08,10,True,True,7,7,0,48,30,False
LR_B_s42_f1,LR_B,K09,1,True,False,1,7,0,22,4,False
LR_B_s42_f1,LR_B,K09,5,True,True,7,7,0,33,15,False
LR_B_s42_f1,LR_B,K09,10,True,True,7,7,0,51,33,False
LR_C_s42_f1,LR_C,K01,1,True,False,1,7,0,13,1,False
LR_C_s42_f1,LR_C,K01,5,True,True,6,7,0,23,11,False
LR_C_s42_f1,LR_C,K01,10,True,True,7,7,0,29,17,False
LR_C_s42_f1,LR_C,K02,1,True,False,1,7,0,13,1,False
LR_C_s42_f1,LR_C,K02,5,True,True,6,7,0,23,11,False
LR_C_s42_f1,LR_C,K02,10,True,True,7,7,0,29,17,False
LR_C_s42_f1,LR_C,K03,1,True,False,2,7,0,14,2,False
LR_C_s42_f1,LR_C,K03,5,True,True,7,7,0,23,11,False
LR_C_s42_f1,LR_C,K03,10,True,True,7,7,0,30,18,False
LR_C_s42_f1,LR_C,K04,1,True,False,2,7,0,14,2,False
LR_C_s42_f1,LR_C,K04,5,True,True,7,7,0,23,11,False
LR_C_s42_f1,LR_C,K04,10,True,True,7,7,0,30,18,False
LR_C_s42_f1,LR_C,K05,1,True,True,0,7,0,13,1,False
LR_C_s42_f1,LR_C,K05,5,True,True,6,7,0,23,11,False
LR_C_s42_f1,LR_C,K05,10,True,True,7,7,0,29,17,False
LR_C_s42_f1,LR_C,K06,1,True,False,2,7,0,14,2,False
LR_C_s42_f1,LR_C,K06,5,True,True,7,7,0,23,11,False
LR_C_s42_f1,LR_C,K06,10,True,True,7,7,0,30,18,False
LR_C_s42_f1,LR_C,K07,1,False,True,1,8,0,13,1,False
LR_C_s42_f1,LR_C,K07,5,False,True,5,8,0,21,9,False
LR_C_s42_f1,LR_C,K07,10,False,True,8,8,0,29,17,False
LR_C_s42_f1,LR_C,K08,1,True,False,1,7,0,13,1,False
LR_C_s42_f1,LR_C,K08,5,True,True,6,7,0,23,11,False
LR_C_s42_f1,LR_C,K08,10,True,True,7,7,0,29,17,False
LR_C_s42_f1,LR_C,K09,1,True,False,1,7,0,14,2,False
LR_C_s42_f1,LR_C,K09,5,True,True,6,7,0,23,11,False
LR_C_s42_f1,LR_C,K09,10,True,True,7,7,0,30,18,False
LR_A_s42_f2,LR_A,K01,1,False,True,1,2,0,17,0,True
LR_A_s42_f2,LR_A,K01,5,False,True,2,2,0,23,6,False
LR_A_s42_f2,LR_A,K01,10,False,True,2,2,0,33,16,False
LR_A_s42_f2,LR_A,K02,1,False,True,1,2,0,17,0,True
LR_A_s42_f2,LR_A,K02,5,False,True,2,2,0,23,6,False
LR_A_s42_f2,LR_A,K02,10,False,True,2,2,0,33,16,False
LR_A_s42_f2,LR_A,K03,1,True,True,0,1,0,17,0,False
LR_A_s42_f2,LR_A,K03,5,True,True,1,1,0,24,7,False
LR_A_s42_f2,LR_A,K03,10,True,True,1,1,0,40,23,False
LR_A_s42_f2,LR_A,K04,1,False,True,1,2,0,17,0,True
LR_A_s42_f2,LR_A,K04,5,False,True,2,2,0,24,7,False
LR_A_s42_f2,LR_A,K04,10,False,True,2,2,0,38,21,False
LR_A_s42_f2,LR_A,K05,1,False,True,1,2,0,17,0,True
LR_A_s42_f2,LR_A,K05,5,False,True,2,2,0,22,5,False
LR_A_s42_f2,LR_A,K05,10,False,True,2,2,0,31,14,False
LR_A_s42_f2,LR_A,K06,1,True,False,1,1,0,17,0,True
LR_A_s42_f2,LR_A,K06,5,True,True,1,1,0,25,8,False
LR_A_s42_f2,LR_A,K06,10,True,True,1,1,0,41,24,False
LR_A_s42_f2,LR_A,K07,1,False,True,1,2,0,17,0,True
LR_A_s42_f2,LR_A,K07,5,False,True,2,2,0,22,5,False
LR_A_s42_f2,LR_A,K07,10,False,True,2,2,0,31,14,False
LR_A_s42_f2,LR_A,K08,1,False,True,1,2,0,17,0,True
LR_A_s42_f2,LR_A,K08,5,False,True,2,2,0,23,6,False
LR_A_s42_f2,LR_A,K08,10,False,True,2,2,0,33,16,False
LR_A_s42_f2,LR_A,K09,1,False,True,1,2,0,17,0,True
LR_A_s42_f2,LR_A,K09,5,False,True,2,2,0,23,6,False
LR_A_s42_f2,LR_A,K09,10,False,True,2,2,0,37,20,False
LR_B_s42_f2,LR_B,K01,1,False,True,0,4,0,20,2,False
LR_B_s42_f2,LR_B,K01,5,False,True,4,4,0,26,8,False
LR_B_s42_f2,LR_B,K01,10,False,True,4,4,0,33,15,False
LR_B_s42_f2,LR_B,K02,1,False,True,0,4,0,20,2,False
LR_B_s42_f2,LR_B,K02,5,False,True,4,4,0,26,8,False
LR_B_s42_f2,LR_B,K02,10,False,True,4,4,0,32,14,False
LR_B_s42_f2,LR_B,K03,1,True,False,1,3,0,20,2,False
LR_B_s42_f2,LR_B,K03,5,True,True,3,3,0,26,8,False
LR_B_s42_f2,LR_B,K03,10,True,True,3,3,0,37,19,False
LR_B_s42_f2,LR_B,K04,1,True,False,1,3,0,20,2,False
LR_B_s42_f2,LR_B,K04,5,True,True,3,3,0,26,8,False
LR_B_s42_f2,LR_B,K04,10,True,True,3,3,0,35,17,False
LR_B_s42_f2,LR_B,K05,1,False,True,0,4,0,20,2,False
LR_B_s42_f2,LR_B,K05,5,False,True,4,4,0,26,8,False
LR_B_s42_f2,LR_B,K05,10,False,True,4,4,0,30,12,False
LR_B_s42_f2,LR_B,K06,1,True,False,1,3,0,20,2,False
LR_B_s42_f2,LR_B,K06,5,True,True,3,3,0,27,9,False
LR_B_s42_f2,LR_B,K06,10,True,True,3,3,0,38,20,False
LR_B_s42_f2,LR_B,K07,1,False,True,0,4,0,19,1,False
LR_B_s42_f2,LR_B,K07,5,False,True,3,4,0,25,7,False
LR_B_s42_f2,LR_B,K07,10,False,True,4,4,0,27,9,False
LR_B_s42_f2,LR_B,K08,1,False,True,0,4,0,20,2,False
LR_B_s42_f2,LR_B,K08,5,False,True,4,4,0,26,8,False
LR_B_s42_f2,LR_B,K08,10,False,True,4,4,0,30,12,False
LR_B_s42_f2,LR_B,K09,1,True,True,0,3,0,20,2,False
LR_B_s42_f2,LR_B,K09,5,True,True,3,3,0,26,8,False
LR_B_s42_f2,LR_B,K09,10,True,True,3,3,0,35,17,False
LR_C_s42_f2,LR_C,K01,1,False,True,1,2,0,19,2,False
LR_C_s42_f2,LR_C,K01,5,False,True,2,2,0,25,8,False
LR_C_s42_f2,LR_C,K01,10,False,True,2,2,0,38,21,False
LR_C_s42_f2,LR_C,K02,1,False,True,1,2,0,19,2,False
LR_C_s42_f2,LR_C,K02,5,False,True,2,2,0,24,7,False
LR_C_s42_f2,LR_C,K02,10,False,True,2,2,0,38,21,False
LR_C_s42_f2,LR_C,K03,1,True,True,0,1,0,20,3,False
LR_C_s42_f2,LR_C,K03,5,True,True,1,1,0,28,11,False
LR_C_s42_f2,LR_C,K03,10,True,True,1,1,0,41,24,False
LR_C_s42_f2,LR_C,K04,1,False,True,1,2,0,20,3,False
LR_C_s42_f2,LR_C,K04,5,False,True,2,2,0,28,11,False
LR_C_s42_f2,LR_C,K04,10,False,True,2,2,0,41,24,False
LR_C_s42_f2,LR_C,K05,1,False,True,1,2,0,19,2,False
LR_C_s42_f2,LR_C,K05,5,False,True,2,2,0,24,7,False
LR_C_s42_f2,LR_C,K05,10,False,True,2,2,0,35,18,False
LR_C_s42_f2,LR_C,K06,1,True,False,1,1,0,20,3,False
LR_C_s42_f2,LR_C,K06,5,True,True,1,1,0,30,13,False
LR_C_s42_f2,LR_C,K06,10,True,True,1,1,0,44,27,False
LR_C_s42_f2,LR_C,K07,1,False,True,1,2,0,19,2,False
LR_C_s42_f2,LR_C,K07,5,False,True,2,2,0,24,7,False
LR_C_s42_f2,LR_C,K07,10,False,True,2,2,0,34,17,False
LR_C_s42_f2,LR_C,K08,1,False,True,1,2,0,19,2,False
LR_C_s42_f2,LR_C,K08,5,False,True,2,2,0,24,7,False
LR_C_s42_f2,LR_C,K08,10,False,True,2,2,0,38,21,False
LR_C_s42_f2,LR_C,K09,1,False,True,1,2,0,20,3,False
LR_C_s42_f2,LR_C,K09,5,False,True,2,2,0,28,11,False
LR_C_s42_f2,LR_C,K09,10,False,True,2,2,0,41,24,False
LR_A_s101_f0,LR_A,K01,1,False,True,1,1,0,34,6,False
LR_A_s101_f0,LR_A,K01,5,False,True,1,1,0,45,17,False
LR_A_s101_f0,LR_A,K01,10,False,True,1,1,0,57,29,False
LR_A_s101_f0,LR_A,K02,1,False,True,1,1,0,34,6,False
LR_A_s101_f0,LR_A,K02,5,False,True,1,1,0,44,16,False
LR_A_s101_f0,LR_A,K02,10,False,True,1,1,0,57,29,False
LR_A_s101_f0,LR_A,K03,1,False,True,1,1,0,35,7,False
LR_A_s101_f0,LR_A,K03,5,False,True,1,1,0,48,20,False
LR_A_s101_f0,LR_A,K03,10,False,True,1,1,0,66,38,False
LR_A_s101_f0,LR_A,K04,1,False,True,1,1,0,34,6,False
LR_A_s101_f0,LR_A,K04,5,False,True,1,1,0,47,19,False
LR_A_s101_f0,LR_A,K04,10,False,True,1,1,0,63,35,False
LR_A_s101_f0,LR_A,K05,1,False,True,1,1,0,33,5,False
LR_A_s101_f0,LR_A,K05,5,False,True,1,1,0,43,15,False
LR_A_s101_f0,LR_A,K05,10,False,True,1,1,0,56,28,False
LR_A_s101_f0,LR_A,K06,1,True,True,0,0,0,35,7,False
LR_A_s101_f0,LR_A,K06,5,True,True,0,0,0,49,21,False
LR_A_s101_f0,LR_A,K06,10,True,True,0,0,0,68,40,False
LR_A_s101_f0,LR_A,K07,1,False,True,0,1,0,33,5,False
LR_A_s101_f0,LR_A,K07,5,False,True,1,1,0,42,14,False
LR_A_s101_f0,LR_A,K07,10,False,True,1,1,0,55,27,False
LR_A_s101_f0,LR_A,K08,1,False,True,1,1,0,33,5,False
LR_A_s101_f0,LR_A,K08,5,False,True,1,1,0,44,16,False
LR_A_s101_f0,LR_A,K08,10,False,True,1,1,0,56,28,False
LR_A_s101_f0,LR_A,K09,1,False,True,1,1,0,34,6,False
LR_A_s101_f0,LR_A,K09,5,False,True,1,1,0,47,19,False
LR_A_s101_f0,LR_A,K09,10,False,True,1,1,0,63,35,False
LR_B_s101_f0,LR_B,K01,1,True,True,2,6,0,27,2,False
LR_B_s101_f0,LR_B,K01,5,True,True,6,6,0,39,14,False
LR_B_s101_f0,LR_B,K01,10,True,True,6,6,0,59,34,False
LR_B_s101_f0,LR_B,K02,1,True,True,2,6,0,27,2,False
LR_B_s101_f0,LR_B,K02,5,True,True,6,6,0,39,14,False
LR_B_s101_f0,LR_B,K02,10,True,True,6,6,0,58,33,False
LR_B_s101_f0,LR_B,K03,1,True,False,3,6,0,27,2,False
LR_B_s101_f0,LR_B,K03,5,True,True,6,6,0,45,20,False
LR_B_s101_f0,LR_B,K03,10,True,True,6,6,0,62,37,False
LR_B_s101_f0,LR_B,K04,1,True,False,3,6,0,27,2,False
LR_B_s101_f0,LR_B,K04,5,True,True,6,6,0,41,16,False
LR_B_s101_f0,LR_B,K04,10,True,True,6,6,0,62,37,False
LR_B_s101_f0,LR_B,K05,1,False,True,3,7,0,27,2,False
LR_B_s101_f0,LR_B,K05,5,False,True,7,7,0,39,14,False
LR_B_s101_f0,LR_B,K05,10,False,True,7,7,0,55,30,False
LR_B_s101_f0,LR_B,K06,1,True,False,3,6,0,27,2,False
LR_B_s101_f0,LR_B,K06,5,True,True,6,6,0,45,20,False
LR_B_s101_f0,LR_B,K06,10,True,True,6,6,0,65,40,False
LR_B_s101_f0,LR_B,K07,1,False,True,2,7,0,27,2,False
LR_B_s101_f0,LR_B,K07,5,False,True,7,7,0,39,14,False
LR_B_s101_f0,LR_B,K07,10,False,True,7,7,0,51,26,False
LR_B_s101_f0,LR_B,K08,1,True,True,2,6,0,27,2,False
LR_B_s101_f0,LR_B,K08,5,True,True,6,6,0,39,14,False
LR_B_s101_f0,LR_B,K08,10,True,True,6,6,0,56,31,False
LR_B_s101_f0,LR_B,K09,1,True,False,3,6,0,27,2,False
LR_B_s101_f0,LR_B,K09,5,True,True,6,6,0,40,15,False
LR_B_s101_f0,LR_B,K09,10,True,True,6,6,0,61,36,False
LR_C_s101_f0,LR_C,K01,1,False,True,1,2,0,34,7,False
LR_C_s101_f0,LR_C,K01,5,False,True,2,2,0,45,18,False
LR_C_s101_f0,LR_C,K01,10,False,True,2,2,0,59,32,False
LR_C_s101_f0,LR_C,K02,1,False,True,1,2,0,34,7,False
LR_C_s101_f0,LR_C,K02,5,False,True,2,2,0,45,18,False
LR_C_s101_f0,LR_C,K02,10,False,True,2,2,0,59,32,False
LR_C_s101_f0,LR_C,K03,1,True,True,0,1,0,34,7,False
LR_C_s101_f0,LR_C,K03,5,True,True,1,1,0,46,19,False
LR_C_s101_f0,LR_C,K03,10,True,True,1,1,0,66,39,False
LR_C_s101_f0,LR_C,K04,1,False,True,1,2,0,34,7,False
LR_C_s101_f0,LR_C,K04,5,False,True,2,2,0,45,18,False
LR_C_s101_f0,LR_C,K04,10,False,True,2,2,0,62,35,False
LR_C_s101_f0,LR_C,K05,1,False,True,1,2,0,34,7,False
LR_C_s101_f0,LR_C,K05,5,False,True,2,2,0,45,18,False
LR_C_s101_f0,LR_C,K05,10,False,True,2,2,0,58,31,False
LR_C_s101_f0,LR_C,K06,1,True,False,1,1,0,34,7,False
LR_C_s101_f0,LR_C,K06,5,True,True,1,1,0,46,19,False
LR_C_s101_f0,LR_C,K06,10,True,True,1,1,0,70,43,False
LR_C_s101_f0,LR_C,K07,1,False,True,1,2,0,34,7,False
LR_C_s101_f0,LR_C,K07,5,False,True,2,2,0,45,18,False
LR_C_s101_f0,LR_C,K07,10,False,True,2,2,0,56,29,False
LR_C_s101_f0,LR_C,K08,1,False,True,1,2,0,34,7,False
LR_C_s101_f0,LR_C,K08,5,False,True,2,2,0,45,18,False
LR_C_s101_f0,LR_C,K08,10,False,True,2,2,0,59,32,False
LR_C_s101_f0,LR_C,K09,1,False,True,1,2,0,34,7,False
LR_C_s101_f0,LR_C,K09,5,False,True,2,2,0,45,18,False
LR_C_s101_f0,LR_C,K09,10,False,True,2,2,0,62,35,False
LR_A_s101_f1,LR_A,K01,1,True,True,0,4,0,15,1,False
LR_A_s101_f1,LR_A,K01,5,True,True,4,4,0,27,13,False
LR_A_s101_f1,LR_A,K01,10,True,True,4,4,0,36,22,False
LR_A_s101_f1,LR_A,K02,1,False,True,1,5,0,15,1,False
LR_A_s101_f1,LR_A,K02,5,False,True,5,5,0,27,13,False
LR_A_s101_f1,LR_A,K02,10,False,True,5,5,0,35,21,False
LR_A_s101_f1,LR_A,K03,1,True,False,1,4,0,15,1,False
LR_A_s101_f1,LR_A,K03,5,True,True,4,4,0,28,14,False
LR_A_s101_f1,LR_A,K03,10,True,True,4,4,0,38,24,False
LR_A_s101_f1,LR_A,K04,1,True,False,1,4,0,15,1,False
LR_A_s101_f1,LR_A,K04,5,True,True,4,4,0,28,14,False
LR_A_s101_f1,LR_A,K04,10,True,True,4,4,0,37,23,False
LR_A_s101_f1,LR_A,K05,1,False,True,1,5,0,15,1,False
LR_A_s101_f1,LR_A,K05,5,False,True,4,5,0,25,11,False
LR_A_s101_f1,LR_A,K05,10,False,True,5,5,0,33,19,False
LR_A_s101_f1,LR_A,K06,1,True,False,1,4,0,15,1,False
LR_A_s101_f1,LR_A,K06,5,True,True,4,4,0,28,14,False
LR_A_s101_f1,LR_A,K06,10,True,True,4,4,0,38,24,False
LR_A_s101_f1,LR_A,K07,1,False,True,1,5,0,15,1,False
LR_A_s101_f1,LR_A,K07,5,False,True,4,5,0,25,11,False
LR_A_s101_f1,LR_A,K07,10,False,True,5,5,0,32,18,False
LR_A_s101_f1,LR_A,K08,1,False,True,1,5,0,15,1,False
LR_A_s101_f1,LR_A,K08,5,False,True,5,5,0,25,11,False
LR_A_s101_f1,LR_A,K08,10,False,True,5,5,0,34,20,False
LR_A_s101_f1,LR_A,K09,1,True,False,1,4,0,15,1,False
LR_A_s101_f1,LR_A,K09,5,True,True,4,4,0,28,14,False
LR_A_s101_f1,LR_A,K09,10,True,True,4,4,0,36,22,False
LR_B_s101_f1,LR_B,K01,1,True,True,1,5,0,28,4,False
LR_B_s101_f1,LR_B,K01,5,True,True,5,5,0,48,24,False
LR_B_s101_f1,LR_B,K01,10,True,True,5,5,0,61,37,False
LR_B_s101_f1,LR_B,K02,1,True,True,1,5,0,28,4,False
LR_B_s101_f1,LR_B,K02,5,True,True,5,5,0,47,23,False
LR_B_s101_f1,LR_B,K02,10,True,True,5,5,0,61,37,False
LR_B_s101_f1,LR_B,K03,1,True,False,2,5,0,28,4,False
LR_B_s101_f1,LR_B,K03,5,True,True,5,5,0,50,26,False
LR_B_s101_f1,LR_B,K03,10,True,True,5,5,0,65,41,False
LR_B_s101_f1,LR_B,K04,1,True,False,2,5,0,28,4,False
LR_B_s101_f1,LR_B,K04,5,True,True,5,5,0,50,26,False
LR_B_s101_f1,LR_B,K04,10,True,True,5,5,0,65,41,False
LR_B_s101_f1,LR_B,K05,1,False,True,2,6,0,28,4,False
LR_B_s101_f1,LR_B,K05,5,False,True,6,6,0,46,22,False
LR_B_s101_f1,LR_B,K05,10,False,True,6,6,0,61,37,False
LR_B_s101_f1,LR_B,K06,1,True,False,2,5,0,28,4,False
LR_B_s101_f1,LR_B,K06,5,True,True,5,5,0,51,27,False
LR_B_s101_f1,LR_B,K06,10,True,True,5,5,0,66,42,False
LR_B_s101_f1,LR_B,K07,1,False,True,2,6,0,28,4,False
LR_B_s101_f1,LR_B,K07,5,False,True,6,6,0,45,21,False
LR_B_s101_f1,LR_B,K07,10,False,True,6,6,0,59,35,False
LR_B_s101_f1,LR_B,K08,1,False,True,2,6,0,28,4,False
LR_B_s101_f1,LR_B,K08,5,False,True,6,6,0,47,23,False
LR_B_s101_f1,LR_B,K08,10,False,True,6,6,0,61,37,False
LR_B_s101_f1,LR_B,K09,1,True,False,2,5,0,28,4,False
LR_B_s101_f1,LR_B,K09,5,True,True,5,5,0,50,26,False
LR_B_s101_f1,LR_B,K09,10,True,True,5,5,0,65,41,False
LR_C_s101_f1,LR_C,K01,1,True,False,1,6,0,14,3,False
LR_C_s101_f1,LR_C,K01,5,True,True,5,6,0,22,11,False
LR_C_s101_f1,LR_C,K01,10,True,True,6,6,0,34,23,False
LR_C_s101_f1,LR_C,K02,1,True,False,1,6,0,14,3,False
LR_C_s101_f1,LR_C,K02,5,True,True,5,6,0,22,11,False
LR_C_s101_f1,LR_C,K02,10,True,True,6,6,0,34,23,False
LR_C_s101_f1,LR_C,K03,1,True,False,1,6,0,14,3,False
LR_C_s101_f1,LR_C,K03,5,True,True,5,6,0,22,11,False
LR_C_s101_f1,LR_C,K03,10,True,True,6,6,0,36,25,False
LR_C_s101_f1,LR_C,K04,1,True,False,1,6,0,14,3,False
LR_C_s101_f1,LR_C,K04,5,True,True,5,6,0,22,11,False
LR_C_s101_f1,LR_C,K04,10,True,True,6,6,0,35,24,False
LR_C_s101_f1,LR_C,K05,1,False,True,1,7,0,13,2,False
LR_C_s101_f1,LR_C,K05,5,False,True,6,7,0,22,11,False
LR_C_s101_f1,LR_C,K05,10,False,True,7,7,0,30,19,False
LR_C_s101_f1,LR_C,K06,1,True,False,1,6,0,14,3,False
LR_C_s101_f1,LR_C,K06,5,True,True,6,6,0,23,12,False
LR_C_s101_f1,LR_C,K06,10,True,True,6,6,0,37,26,False
LR_C_s101_f1,LR_C,K07,1,False,True,1,7,0,13,2,False
LR_C_s101_f1,LR_C,K07,5,False,True,5,7,0,21,10,False
LR_C_s101_f1,LR_C,K07,10,False,True,7,7,0,30,19,False
LR_C_s101_f1,LR_C,K08,1,True,True,0,6,0,14,3,False
LR_C_s101_f1,LR_C,K08,5,True,True,5,6,0,22,11,False
LR_C_s101_f1,LR_C,K08,10,True,True,6,6,0,32,21,False
LR_C_s101_f1,LR_C,K09,1,True,False,1,6,0,14,3,False
LR_C_s101_f1,LR_C,K09,5,True,True,5,6,0,22,11,False
LR_C_s101_f1,LR_C,K09,10,True,True,6,6,0,35,24,False
LR_A_s101_f2,LR_A,K01,1,False,True,0,0,0,30,2,False
LR_A_s101_f2,LR_A,K01,5,False,True,0,0,0,33,5,False
LR_A_s101_f2,LR_A,K01,10,False,True,0,0,0,45,17,False
LR_A_s101_f2,LR_A,K02,1,False,True,0,0,0,30,2,False
LR_A_s101_f2,LR_A,K02,5,False,True,0,0,0,32,4,False
LR_A_s101_f2,LR_A,K02,10,False,True,0,0,0,43,15,False
LR_A_s101_f2,LR_A,K03,1,False,True,0,0,0,30,2,False
LR_A_s101_f2,LR_A,K03,5,False,True,0,0,0,36,8,False
LR_A_s101_f2,LR_A,K03,10,False,True,0,0,0,49,21,False
LR_A_s101_f2,LR_A,K04,1,False,True,0,0,0,30,2,False
LR_A_s101_f2,LR_A,K04,5,False,True,0,0,0,35,7,False
LR_A_s101_f2,LR_A,K04,10,False,True,0,0,0,49,21,False
LR_A_s101_f2,LR_A,K05,1,False,True,0,0,0,30,2,False
LR_A_s101_f2,LR_A,K05,5,False,True,0,0,0,32,4,False
LR_A_s101_f2,LR_A,K05,10,False,True,0,0,0,43,15,False
LR_A_s101_f2,LR_A,K06,1,False,True,0,0,0,30,2,False
LR_A_s101_f2,LR_A,K06,5,False,True,0,0,0,37,9,False
LR_A_s101_f2,LR_A,K06,10,False,True,0,0,0,51,23,False
LR_A_s101_f2,LR_A,K07,1,False,True,0,0,0,30,2,False
LR_A_s101_f2,LR_A,K07,5,False,True,0,0,0,32,4,False
LR_A_s101_f2,LR_A,K07,10,False,True,0,0,0,42,14,False
LR_A_s101_f2,LR_A,K08,1,False,True,0,0,0,30,2,False
LR_A_s101_f2,LR_A,K08,5,False,True,0,0,0,32,4,False
LR_A_s101_f2,LR_A,K08,10,False,True,0,0,0,44,16,False
LR_A_s101_f2,LR_A,K09,1,False,True,0,0,0,30,2,False
LR_A_s101_f2,LR_A,K09,5,False,True,0,0,0,35,7,False
LR_A_s101_f2,LR_A,K09,10,False,True,0,0,0,48,20,False
LR_B_s101_f2,LR_B,K01,1,False,True,0,0,0,24,1,False
LR_B_s101_f2,LR_B,K01,5,False,True,0,0,0,30,7,False
LR_B_s101_f2,LR_B,K01,10,False,True,0,0,0,48,25,False
LR_B_s101_f2,LR_B,K02,1,False,True,0,0,0,24,1,False
LR_B_s101_f2,LR_B,K02,5,False,True,0,0,0,30,7,False
LR_B_s101_f2,LR_B,K02,10,False,True,0,0,0,47,24,False
LR_B_s101_f2,LR_B,K03,1,False,True,0,0,0,24,1,False
LR_B_s101_f2,LR_B,K03,5,False,True,0,0,0,35,12,False
LR_B_s101_f2,LR_B,K03,10,False,True,0,0,0,56,33,False
LR_B_s101_f2,LR_B,K04,1,False,True,0,0,0,24,1,False
LR_B_s101_f2,LR_B,K04,5,False,True,0,0,0,32,9,False
LR_B_s101_f2,LR_B,K04,10,False,True,0,0,0,55,32,False
LR_B_s101_f2,LR_B,K05,1,False,True,0,0,0,24,1,False
LR_B_s101_f2,LR_B,K05,5,False,True,0,0,0,30,7,False
LR_B_s101_f2,LR_B,K05,10,False,True,0,0,0,47,24,False
LR_B_s101_f2,LR_B,K06,1,False,True,0,0,0,24,1,False
LR_B_s101_f2,LR_B,K06,5,False,True,0,0,0,35,12,False
LR_B_s101_f2,LR_B,K06,10,False,True,0,0,0,56,33,False
LR_B_s101_f2,LR_B,K07,1,False,True,0,0,0,24,1,False
LR_B_s101_f2,LR_B,K07,5,False,True,0,0,0,29,6,False
LR_B_s101_f2,LR_B,K07,10,False,True,0,0,0,41,18,False
LR_B_s101_f2,LR_B,K08,1,False,True,0,0,0,24,1,False
LR_B_s101_f2,LR_B,K08,5,False,True,0,0,0,30,7,False
LR_B_s101_f2,LR_B,K08,10,False,True,0,0,0,48,25,False
LR_B_s101_f2,LR_B,K09,1,False,True,0,0,0,24,1,False
LR_B_s101_f2,LR_B,K09,5,False,True,0,0,0,32,9,False
LR_B_s101_f2,LR_B,K09,10,False,True,0,0,0,54,31,False
LR_C_s101_f2,LR_C,K01,1,False,True,0,0,0,27,4,False
LR_C_s101_f2,LR_C,K01,5,False,True,0,0,0,31,8,False
LR_C_s101_f2,LR_C,K01,10,False,True,0,0,0,44,21,False
LR_C_s101_f2,LR_C,K02,1,False,True,0,0,0,27,4,False
LR_C_s101_f2,LR_C,K02,5,False,True,0,0,0,31,8,False
LR_C_s101_f2,LR_C,K02,10,False,True,0,0,0,44,21,False
LR_C_s101_f2,LR_C,K03,1,False,True,0,0,0,28,5,False
LR_C_s101_f2,LR_C,K03,5,False,True,0,0,0,32,9,False
LR_C_s101_f2,LR_C,K03,10,False,True,0,0,0,47,24,False
LR_C_s101_f2,LR_C,K04,1,False,True,0,0,0,28,5,False
LR_C_s101_f2,LR_C,K04,5,False,True,0,0,0,31,8,False
LR_C_s101_f2,LR_C,K04,10,False,True,0,0,0,46,23,False
LR_C_s101_f2,LR_C,K05,1,False,True,0,0,0,27,4,False
LR_C_s101_f2,LR_C,K05,5,False,True,0,0,0,31,8,False
LR_C_s101_f2,LR_C,K05,10,False,True,0,0,0,42,19,False
LR_C_s101_f2,LR_C,K06,1,False,True,0,0,0,28,5,False
LR_C_s101_f2,LR_C,K06,5,False,True,0,0,0,32,9,False
LR_C_s101_f2,LR_C,K06,10,False,True,0,0,0,48,25,False
LR_C_s101_f2,LR_C,K07,1,False,True,0,0,0,27,4,False
LR_C_s101_f2,LR_C,K07,5,False,True,0,0,0,31,8,False
LR_C_s101_f2,LR_C,K07,10,False,True,0,0,0,38,15,False
LR_C_s101_f2,LR_C,K08,1,False,True,0,0,0,27,4,False
LR_C_s101_f2,LR_C,K08,5,False,True,0,0,0,31,8,False
LR_C_s101_f2,LR_C,K08,10,False,True,0,0,0,43,20,False
LR_C_s101_f2,LR_C,K09,1,False,True,0,0,0,28,5,False
LR_C_s101_f2,LR_C,K09,5,False,True,0,0,0,32,9,False
LR_C_s101_f2,LR_C,K09,10,False,True,0,0,0,46,23,False
LR_A_s202_f0,LR_A,K01,1,False,True,0,0,0,26,0,False
LR_A_s202_f0,LR_A,K01,5,False,True,0,0,0,35,9,False
LR_A_s202_f0,LR_A,K01,10,False,True,0,0,0,43,17,False
LR_A_s202_f0,LR_A,K02,1,False,True,0,0,0,26,0,False
LR_A_s202_f0,LR_A,K02,5,False,True,0,0,0,33,7,False
LR_A_s202_f0,LR_A,K02,10,False,True,0,0,0,41,15,False
LR_A_s202_f0,LR_A,K03,1,False,True,0,0,0,26,0,False
LR_A_s202_f0,LR_A,K03,5,False,True,0,0,0,35,9,False
LR_A_s202_f0,LR_A,K03,10,False,True,0,0,0,52,26,False
LR_A_s202_f0,LR_A,K04,1,False,True,0,0,0,26,0,False
LR_A_s202_f0,LR_A,K04,5,False,True,0,0,0,35,9,False
LR_A_s202_f0,LR_A,K04,10,False,True,0,0,0,51,25,False
LR_A_s202_f0,LR_A,K05,1,False,True,0,0,0,26,0,False
LR_A_s202_f0,LR_A,K05,5,False,True,0,0,0,33,7,False
LR_A_s202_f0,LR_A,K05,10,False,True,0,0,0,39,13,False
LR_A_s202_f0,LR_A,K06,1,False,True,0,0,0,26,0,False
LR_A_s202_f0,LR_A,K06,5,False,True,0,0,0,35,9,False
LR_A_s202_f0,LR_A,K06,10,False,True,0,0,0,53,27,False
LR_A_s202_f0,LR_A,K07,1,False,True,0,0,0,26,0,False
LR_A_s202_f0,LR_A,K07,5,False,True,0,0,0,33,7,False
LR_A_s202_f0,LR_A,K07,10,False,True,0,0,0,39,13,False
LR_A_s202_f0,LR_A,K08,1,False,True,0,0,0,26,0,False
LR_A_s202_f0,LR_A,K08,5,False,True,0,0,0,33,7,False
LR_A_s202_f0,LR_A,K08,10,False,True,0,0,0,43,17,False
LR_A_s202_f0,LR_A,K09,1,False,True,0,0,0,26,0,False
LR_A_s202_f0,LR_A,K09,5,False,True,0,0,0,35,9,False
LR_A_s202_f0,LR_A,K09,10,False,True,0,0,0,49,23,False
LR_B_s202_f0,LR_B,K01,1,False,True,1,3,0,19,0,True
LR_B_s202_f0,LR_B,K01,5,False,True,3,3,0,25,6,False
LR_B_s202_f0,LR_B,K01,10,False,True,3,3,0,36,17,False
LR_B_s202_f0,LR_B,K02,1,False,True,1,3,0,19,0,True
LR_B_s202_f0,LR_B,K02,5,False,True,3,3,0,25,6,False
LR_B_s202_f0,LR_B,K02,10,False,True,3,3,0,34,15,False
LR_B_s202_f0,LR_B,K03,1,True,False,1,2,0,19,0,True
LR_B_s202_f0,LR_B,K03,5,True,True,2,2,0,27,8,False
LR_B_s202_f0,LR_B,K03,10,True,True,2,2,0,45,26,False
LR_B_s202_f0,LR_B,K04,1,True,True,0,2,0,19,0,False
LR_B_s202_f0,LR_B,K04,5,True,True,2,2,0,26,7,False
LR_B_s202_f0,LR_B,K04,10,True,True,2,2,0,43,24,False
LR_B_s202_f0,LR_B,K05,1,False,True,1,3,0,19,0,True
LR_B_s202_f0,LR_B,K05,5,False,True,3,3,0,25,6,False
LR_B_s202_f0,LR_B,K05,10,False,True,3,3,0,31,12,False
LR_B_s202_f0,LR_B,K06,1,True,False,1,2,0,19,0,True
LR_B_s202_f0,LR_B,K06,5,True,True,2,2,0,27,8,False
LR_B_s202_f0,LR_B,K06,10,True,True,2,2,0,45,26,False
LR_B_s202_f0,LR_B,K07,1,False,True,1,3,0,19,0,True
LR_B_s202_f0,LR_B,K07,5,False,True,3,3,0,24,5,False
LR_B_s202_f0,LR_B,K07,10,False,True,3,3,0,31,12,False
LR_B_s202_f0,LR_B,K08,1,False,True,1,3,0,19,0,True
LR_B_s202_f0,LR_B,K08,5,False,True,3,3,0,25,6,False
LR_B_s202_f0,LR_B,K08,10,False,True,3,3,0,36,17,False
LR_B_s202_f0,LR_B,K09,1,False,True,1,3,0,19,0,True
LR_B_s202_f0,LR_B,K09,5,False,True,3,3,0,26,7,False
LR_B_s202_f0,LR_B,K09,10,False,True,3,3,0,37,18,False
LR_C_s202_f0,LR_C,K01,1,False,True,0,0,0,32,4,False
LR_C_s202_f0,LR_C,K01,5,False,True,0,0,0,39,11,False
LR_C_s202_f0,LR_C,K01,10,False,True,0,0,0,56,28,False
LR_C_s202_f0,LR_C,K02,1,False,True,0,0,0,32,4,False
LR_C_s202_f0,LR_C,K02,5,False,True,0,0,0,39,11,False
LR_C_s202_f0,LR_C,K02,10,False,True,0,0,0,54,26,False
LR_C_s202_f0,LR_C,K03,1,False,True,0,0,0,32,4,False
LR_C_s202_f0,LR_C,K03,5,False,True,0,0,0,42,14,False
LR_C_s202_f0,LR_C,K03,10,False,True,0,0,0,57,29,False
LR_C_s202_f0,LR_C,K04,1,False,True,0,0,0,32,4,False
LR_C_s202_f0,LR_C,K04,5,False,True,0,0,0,40,12,False
LR_C_s202_f0,LR_C,K04,10,False,True,0,0,0,57,29,False
LR_C_s202_f0,LR_C,K05,1,False,True,0,0,0,32,4,False
LR_C_s202_f0,LR_C,K05,5,False,True,0,0,0,38,10,False
LR_C_s202_f0,LR_C,K05,10,False,True,0,0,0,53,25,False
LR_C_s202_f0,LR_C,K06,1,False,True,0,0,0,32,4,False
LR_C_s202_f0,LR_C,K06,5,False,True,0,0,0,45,17,False
LR_C_s202_f0,LR_C,K06,10,False,True,0,0,0,59,31,False
LR_C_s202_f0,LR_C,K07,1,False,True,0,0,0,32,4,False
LR_C_s202_f0,LR_C,K07,5,False,True,0,0,0,39,11,False
LR_C_s202_f0,LR_C,K07,10,False,True,0,0,0,54,26,False
LR_C_s202_f0,LR_C,K08,1,False,True,0,0,0,32,4,False
LR_C_s202_f0,LR_C,K08,5,False,True,0,0,0,39,11,False
LR_C_s202_f0,LR_C,K08,10,False,True,0,0,0,55,27,False
LR_C_s202_f0,LR_C,K09,1,False,True,0,0,0,32,4,False
LR_C_s202_f0,LR_C,K09,5,False,True,0,0,0,40,12,False
LR_C_s202_f0,LR_C,K09,10,False,True,0,0,0,56,28,False
LR_A_s202_f1,LR_A,K01,1,False,True,0,0,0,36,5,False
LR_A_s202_f1,LR_A,K01,5,False,True,0,0,0,62,31,False
LR_A_s202_f1,LR_A,K01,10,False,True,0,0,0,78,47,False
LR_A_s202_f1,LR_A,K02,1,False,True,0,0,0,36,5,False
LR_A_s202_f1,LR_A,K02,5,False,True,0,0,0,61,30,False
LR_A_s202_f1,LR_A,K02,10,False,True,0,0,0,77,46,False
LR_A_s202_f1,LR_A,K03,1,False,True,0,0,0,37,6,False
LR_A_s202_f1,LR_A,K03,5,False,True,0,0,0,68,37,False
LR_A_s202_f1,LR_A,K03,10,False,True,0,0,0,88,57,False
LR_A_s202_f1,LR_A,K04,1,False,True,0,0,0,36,5,False
LR_A_s202_f1,LR_A,K04,5,False,True,0,0,0,65,34,False
LR_A_s202_f1,LR_A,K04,10,False,True,0,0,0,85,54,False
LR_A_s202_f1,LR_A,K05,1,False,True,0,0,0,36,5,False
LR_A_s202_f1,LR_A,K05,5,False,True,0,0,0,57,26,False
LR_A_s202_f1,LR_A,K05,10,False,True,0,0,0,76,45,False
LR_A_s202_f1,LR_A,K06,1,False,True,0,0,0,37,6,False
LR_A_s202_f1,LR_A,K06,5,False,True,0,0,0,68,37,False
LR_A_s202_f1,LR_A,K06,10,False,True,0,0,0,89,58,False
LR_A_s202_f1,LR_A,K07,1,False,True,0,0,0,36,5,False
LR_A_s202_f1,LR_A,K07,5,False,True,0,0,0,56,25,False
LR_A_s202_f1,LR_A,K07,10,False,True,0,0,0,72,41,False
LR_A_s202_f1,LR_A,K08,1,False,True,0,0,0,36,5,False
LR_A_s202_f1,LR_A,K08,5,False,True,0,0,0,61,30,False
LR_A_s202_f1,LR_A,K08,10,False,True,0,0,0,77,46,False
LR_A_s202_f1,LR_A,K09,1,False,True,0,0,0,36,5,False
LR_A_s202_f1,LR_A,K09,5,False,True,0,0,0,64,33,False
LR_A_s202_f1,LR_A,K09,10,False,True,0,0,0,83,52,False
LR_B_s202_f1,LR_B,K01,1,True,True,1,4,0,34,8,False
LR_B_s202_f1,LR_B,K01,5,True,True,4,4,0,47,21,False
LR_B_s202_f1,LR_B,K01,10,True,True,4,4,0,65,39,False
LR_B_s202_f1,LR_B,K02,1,False,True,2,5,0,34,8,False
LR_B_s202_f1,LR_B,K02,5,False,True,5,5,0,45,19,False
LR_B_s202_f1,LR_B,K02,10,False,True,5,5,0,64,38,False
LR_B_s202_f1,LR_B,K03,1,True,False,2,4,0,35,9,False
LR_B_s202_f1,LR_B,K03,5,True,True,4,4,0,51,25,False
LR_B_s202_f1,LR_B,K03,10,True,True,4,4,0,76,50,False
LR_B_s202_f1,LR_B,K04,1,True,False,2,4,0,35,9,False
LR_B_s202_f1,LR_B,K04,5,True,True,4,4,0,49,23,False
LR_B_s202_f1,LR_B,K04,10,True,True,4,4,0,71,45,False
LR_B_s202_f1,LR_B,K05,1,False,True,1,5,0,34,8,False
LR_B_s202_f1,LR_B,K05,5,False,True,5,5,0,45,19,False
LR_B_s202_f1,LR_B,K05,10,False,True,5,5,0,60,34,False
LR_B_s202_f1,LR_B,K06,1,True,False,2,4,0,35,9,False
LR_B_s202_f1,LR_B,K06,5,True,True,4,4,0,51,25,False
LR_B_s202_f1,LR_B,K06,10,True,True,4,4,0,75,49,False
LR_B_s202_f1,LR_B,K07,1,False,True,1,5,0,30,4,False
LR_B_s202_f1,LR_B,K07,5,False,True,5,5,0,43,17,False
LR_B_s202_f1,LR_B,K07,10,False,True,5,5,0,53,27,False
LR_B_s202_f1,LR_B,K08,1,False,True,2,5,0,34,8,False
LR_B_s202_f1,LR_B,K08,5,False,True,5,5,0,45,19,False
LR_B_s202_f1,LR_B,K08,10,False,True,5,5,0,63,37,False
LR_B_s202_f1,LR_B,K09,1,True,True,1,4,0,35,9,False
LR_B_s202_f1,LR_B,K09,5,True,True,4,4,0,49,23,False
LR_B_s202_f1,LR_B,K09,10,True,True,4,4,0,72,46,False
LR_C_s202_f1,LR_C,K01,1,False,True,1,1,0,40,11,False
LR_C_s202_f1,LR_C,K01,5,False,True,1,1,0,62,33,False
LR_C_s202_f1,LR_C,K01,10,False,True,1,1,0,84,55,False
LR_C_s202_f1,LR_C,K02,1,False,True,1,1,0,40,11,False
LR_C_s202_f1,LR_C,K02,5,False,True,1,1,0,61,32,False
LR_C_s202_f1,LR_C,K02,10,False,True,1,1,0,80,51,False
LR_C_s202_f1,LR_C,K03,1,False,True,1,1,0,41,12,False
LR_C_s202_f1,LR_C,K03,5,False,True,1,1,0,68,39,False
LR_C_s202_f1,LR_C,K03,10,False,True,1,1,0,93,64,False
LR_C_s202_f1,LR_C,K04,1,False,True,1,1,0,40,11,False
LR_C_s202_f1,LR_C,K04,5,False,True,1,1,0,66,37,False
LR_C_s202_f1,LR_C,K04,10,False,True,1,1,0,90,61,False
LR_C_s202_f1,LR_C,K05,1,False,True,1,1,0,39,10,False
LR_C_s202_f1,LR_C,K05,5,False,True,1,1,0,60,31,False
LR_C_s202_f1,LR_C,K05,10,False,True,1,1,0,79,50,False
LR_C_s202_f1,LR_C,K06,1,True,True,0,0,0,42,13,False
LR_C_s202_f1,LR_C,K06,5,True,True,0,0,0,69,40,False
LR_C_s202_f1,LR_C,K06,10,True,True,0,0,0,96,67,False
LR_C_s202_f1,LR_C,K07,1,False,True,1,1,0,37,8,False
LR_C_s202_f1,LR_C,K07,5,False,True,1,1,0,57,28,False
LR_C_s202_f1,LR_C,K07,10,False,True,1,1,0,75,46,False
LR_C_s202_f1,LR_C,K08,1,False,True,1,1,0,39,10,False
LR_C_s202_f1,LR_C,K08,5,False,True,1,1,0,61,32,False
LR_C_s202_f1,LR_C,K08,10,False,True,1,1,0,81,52,False
LR_C_s202_f1,LR_C,K09,1,False,True,1,1,0,40,11,False
LR_C_s202_f1,LR_C,K09,5,False,True,1,1,0,65,36,False
LR_C_s202_f1,LR_C,K09,10,False,True,1,1,0,89,60,False
LR_A_s202_f2,LR_A,K01,1,False,True,2,3,0,19,1,False
LR_A_s202_f2,LR_A,K01,5,False,True,3,3,0,26,8,False
LR_A_s202_f2,LR_A,K01,10,False,True,3,3,0,38,20,False
LR_A_s202_f2,LR_A,K02,1,False,True,1,3,0,19,1,False
LR_A_s202_f2,LR_A,K02,5,False,True,3,3,0,25,7,False
LR_A_s202_f2,LR_A,K02,10,False,True,3,3,0,36,18,False
LR_A_s202_f2,LR_A,K03,1,True,True,1,2,0,19,1,False
LR_A_s202_f2,LR_A,K03,5,True,True,2,2,0,27,9,False
LR_A_s202_f2,LR_A,K03,10,True,True,2,2,0,41,23,False
LR_A_s202_f2,LR_A,K04,1,True,True,1,2,0,19,1,False
LR_A_s202_f2,LR_A,K04,5,True,True,2,2,0,27,9,False
LR_A_s202_f2,LR_A,K04,10,True,True,2,2,0,40,22,False
LR_A_s202_f2,LR_A,K05,1,False,True,1,3,0,19,1,False
LR_A_s202_f2,LR_A,K05,5,False,True,3,3,0,24,6,False
LR_A_s202_f2,LR_A,K05,10,False,True,3,3,0,34,16,False
LR_A_s202_f2,LR_A,K06,1,True,False,2,2,0,19,1,False
LR_A_s202_f2,LR_A,K06,5,True,True,2,2,0,27,9,False
LR_A_s202_f2,LR_A,K06,10,True,True,2,2,0,42,24,False
LR_A_s202_f2,LR_A,K07,1,False,True,1,3,0,19,1,False
LR_A_s202_f2,LR_A,K07,5,False,True,3,3,0,24,6,False
LR_A_s202_f2,LR_A,K07,10,False,True,3,3,0,32,14,False
LR_A_s202_f2,LR_A,K08,1,False,True,1,3,0,19,1,False
LR_A_s202_f2,LR_A,K08,5,False,True,3,3,0,24,6,False
LR_A_s202_f2,LR_A,K08,10,False,True,3,3,0,34,16,False
LR_A_s202_f2,LR_A,K09,1,False,True,2,3,0,19,1,False
LR_A_s202_f2,LR_A,K09,5,False,True,3,3,0,27,9,False
LR_A_s202_f2,LR_A,K09,10,False,True,3,3,0,40,22,False
LR_B_s202_f2,LR_B,K01,1,True,True,1,5,0,28,6,False
LR_B_s202_f2,LR_B,K01,5,True,True,5,5,0,39,17,False
LR_B_s202_f2,LR_B,K01,10,True,True,5,5,0,50,28,False
LR_B_s202_f2,LR_B,K02,1,True,True,1,5,0,28,6,False
LR_B_s202_f2,LR_B,K02,5,True,True,5,5,0,37,15,False
LR_B_s202_f2,LR_B,K02,10,True,True,5,5,0,49,27,False
LR_B_s202_f2,LR_B,K03,1,True,False,2,5,0,28,6,False
LR_B_s202_f2,LR_B,K03,5,True,True,5,5,0,43,21,False
LR_B_s202_f2,LR_B,K03,10,True,True,5,5,0,53,31,False
LR_B_s202_f2,LR_B,K04,1,True,False,2,5,0,28,6,False
LR_B_s202_f2,LR_B,K04,5,True,True,5,5,0,40,18,False
LR_B_s202_f2,LR_B,K04,10,True,True,5,5,0,53,31,False
LR_B_s202_f2,LR_B,K05,1,False,True,2,6,0,26,4,False
LR_B_s202_f2,LR_B,K05,5,False,True,6,6,0,35,13,False
LR_B_s202_f2,LR_B,K05,10,False,True,6,6,0,48,26,False
LR_B_s202_f2,LR_B,K06,1,True,False,2,5,0,28,6,False
LR_B_s202_f2,LR_B,K06,5,True,True,5,5,0,44,22,False
LR_B_s202_f2,LR_B,K06,10,True,True,5,5,0,55,33,False
LR_B_s202_f2,LR_B,K07,1,False,True,2,6,0,26,4,False
LR_B_s202_f2,LR_B,K07,5,False,True,6,6,0,33,11,False
LR_B_s202_f2,LR_B,K07,10,False,True,6,6,0,48,26,False
LR_B_s202_f2,LR_B,K08,1,False,True,2,6,0,26,4,False
LR_B_s202_f2,LR_B,K08,5,False,True,6,6,0,35,13,False
LR_B_s202_f2,LR_B,K08,10,False,True,6,6,0,48,26,False
LR_B_s202_f2,LR_B,K09,1,True,False,2,5,0,28,6,False
LR_B_s202_f2,LR_B,K09,5,True,True,5,5,0,39,17,False
LR_B_s202_f2,LR_B,K09,10,True,True,5,5,0,53,31,False
LR_C_s202_f2,LR_C,K01,1,False,True,3,4,0,19,1,False
LR_C_s202_f2,LR_C,K01,5,False,True,4,4,0,28,10,False
LR_C_s202_f2,LR_C,K01,10,False,True,4,4,0,43,25,False
LR_C_s202_f2,LR_C,K02,1,False,True,2,4,0,19,1,False
LR_C_s202_f2,LR_C,K02,5,False,True,4,4,0,28,10,False
LR_C_s202_f2,LR_C,K02,10,False,True,4,4,0,43,25,False
LR_C_s202_f2,LR_C,K03,1,True,True,2,3,0,19,1,False
LR_C_s202_f2,LR_C,K03,5,True,True,3,3,0,31,13,False
LR_C_s202_f2,LR_C,K03,10,True,True,3,3,0,45,27,False
LR_C_s202_f2,LR_C,K04,1,True,True,2,3,0,19,1,False
LR_C_s202_f2,LR_C,K04,5,True,True,3,3,0,29,11,False
LR_C_s202_f2,LR_C,K04,10,True,True,3,3,0,44,26,False
LR_C_s202_f2,LR_C,K05,1,False,True,2,4,0,19,1,False
LR_C_s202_f2,LR_C,K05,5,False,True,4,4,0,27,9,False
LR_C_s202_f2,LR_C,K05,10,False,True,4,4,0,41,23,False
LR_C_s202_f2,LR_C,K06,1,True,False,3,3,0,19,1,False
LR_C_s202_f2,LR_C,K06,5,True,True,3,3,0,32,14,False
LR_C_s202_f2,LR_C,K06,10,True,True,3,3,0,47,29,False
LR_C_s202_f2,LR_C,K07,1,False,True,2,4,0,19,1,False
LR_C_s202_f2,LR_C,K07,5,False,True,4,4,0,27,9,False
LR_C_s202_f2,LR_C,K07,10,False,True,4,4,0,39,21,False
LR_C_s202_f2,LR_C,K08,1,False,True,2,4,0,19,1,False
LR_C_s202_f2,LR_C,K08,5,False,True,4,4,0,27,9,False
LR_C_s202_f2,LR_C,K08,10,False,True,4,4,0,41,23,False
LR_C_s202_f2,LR_C,K09,1,True,True,2,3,0,19,1,False
LR_C_s202_f2,LR_C,K09,5,True,True,3,3,0,30,12,False
LR_C_s202_f2,LR_C,K09,10,True,True,3,3,0,45,27,False
LR_A_s303_f0,LR_A,K01,1,True,True,2,6,0,12,1,False
LR_A_s303_f0,LR_A,K01,5,True,True,4,6,0,15,4,False
LR_A_s303_f0,LR_A,K01,10,True,True,6,6,0,21,10,False
LR_A_s303_f0,LR_A,K02,1,True,True,0,6,0,12,1,False
LR_A_s303_f0,LR_A,K02,5,True,True,4,6,0,15,4,False
LR_A_s303_f0,LR_A,K02,10,True,True,6,6,0,20,9,False
LR_A_s303_f0,LR_A,K03,1,True,False,3,6,0,12,1,False
LR_A_s303_f0,LR_A,K03,5,True,True,5,6,0,16,5,False
LR_A_s303_f0,LR_A,K03,10,True,True,6,6,0,31,20,False
LR_A_s303_f0,LR_A,K04,1,True,False,3,6,0,12,1,False
LR_A_s303_f0,LR_A,K04,5,True,True,4,6,0,15,4,False
LR_A_s303_f0,LR_A,K04,10,True,True,6,6,0,28,17,False
LR_A_s303_f0,LR_A,K05,1,False,True,1,7,0,12,1,False
LR_A_s303_f0,LR_A,K05,5,False,True,5,7,0,15,4,False
LR_A_s303_f0,LR_A,K05,10,False,True,7,7,0,20,9,False
LR_A_s303_f0,LR_A,K06,1,True,False,3,6,0,12,1,False
LR_A_s303_f0,LR_A,K06,5,True,True,5,6,0,15,4,False
LR_A_s303_f0,LR_A,K06,10,True,True,6,6,0,32,21,False
LR_A_s303_f0,LR_A,K07,1,False,True,1,7,0,12,1,False
LR_A_s303_f0,LR_A,K07,5,False,True,4,7,0,15,4,False
LR_A_s303_f0,LR_A,K07,10,False,True,7,7,0,19,8,False
LR_A_s303_f0,LR_A,K08,1,True,True,1,6,0,12,1,False
LR_A_s303_f0,LR_A,K08,5,True,True,4,6,0,15,4,False
LR_A_s303_f0,LR_A,K08,10,True,True,6,6,0,21,10,False
LR_A_s303_f0,LR_A,K09,1,True,False,3,6,0,12,1,False
LR_A_s303_f0,LR_A,K09,5,True,True,4,6,0,15,4,False
LR_A_s303_f0,LR_A,K09,10,True,True,6,6,0,26,15,False
LR_B_s303_f0,LR_B,K01,1,True,False,0,7,0,17,2,False
LR_B_s303_f0,LR_B,K01,5,True,True,4,7,0,21,6,False
LR_B_s303_f0,LR_B,K01,10,True,True,7,7,0,27,12,False
LR_B_s303_f0,LR_B,K02,1,True,False,0,7,0,17,2,False
LR_B_s303_f0,LR_B,K02,5,True,True,4,7,0,21,6,False
LR_B_s303_f0,LR_B,K02,10,True,True,7,7,0,27,12,False
LR_B_s303_f0,LR_B,K03,1,True,False,0,7,0,17,2,False
LR_B_s303_f0,LR_B,K03,5,True,True,7,7,0,24,9,False
LR_B_s303_f0,LR_B,K03,10,True,True,7,7,0,30,15,False
LR_B_s303_f0,LR_B,K04,1,True,False,0,7,0,17,2,False
LR_B_s303_f0,LR_B,K04,5,True,True,5,7,0,22,7,False
LR_B_s303_f0,LR_B,K04,10,True,True,7,7,0,29,14,False
LR_B_s303_f0,LR_B,K05,1,True,False,0,7,0,17,2,False
LR_B_s303_f0,LR_B,K05,5,True,True,4,7,0,21,6,False
LR_B_s303_f0,LR_B,K05,10,True,True,7,7,0,27,12,False
LR_B_s303_f0,LR_B,K06,1,True,False,0,7,0,17,2,False
LR_B_s303_f0,LR_B,K06,5,True,True,6,7,0,22,7,False
LR_B_s303_f0,LR_B,K06,10,True,True,7,7,0,29,14,False
LR_B_s303_f0,LR_B,K07,1,False,True,0,8,0,17,2,False
LR_B_s303_f0,LR_B,K07,5,False,True,4,8,0,19,4,False
LR_B_s303_f0,LR_B,K07,10,False,True,7,8,0,24,9,False
LR_B_s303_f0,LR_B,K08,1,True,False,0,7,0,17,2,False
LR_B_s303_f0,LR_B,K08,5,True,True,4,7,0,21,6,False
LR_B_s303_f0,LR_B,K08,10,True,True,7,7,0,27,12,False
LR_B_s303_f0,LR_B,K09,1,True,False,0,7,0,17,2,False
LR_B_s303_f0,LR_B,K09,5,True,True,5,7,0,21,6,False
LR_B_s303_f0,LR_B,K09,10,True,True,7,7,0,27,12,False
LR_C_s303_f0,LR_C,K01,1,False,True,0,4,0,14,2,False
LR_C_s303_f0,LR_C,K01,5,False,True,4,4,0,26,14,False
LR_C_s303_f0,LR_C,K01,10,False,True,4,4,0,38,26,False
LR_C_s303_f0,LR_C,K02,1,False,True,0,4,0,14,2,False
LR_C_s303_f0,LR_C,K02,5,False,True,4,4,0,24,12,False
LR_C_s303_f0,LR_C,K02,10,False,True,4,4,0,38,26,False
LR_C_s303_f0,LR_C,K03,1,True,False,0,3,0,14,2,False
LR_C_s303_f0,LR_C,K03,5,True,True,3,3,0,31,19,False
LR_C_s303_f0,LR_C,K03,10,True,True,3,3,0,44,32,False
LR_C_s303_f0,LR_C,K04,1,True,False,0,3,0,14,2,False
LR_C_s303_f0,LR_C,K04,5,True,True,3,3,0,28,16,False
LR_C_s303_f0,LR_C,K04,10,True,True,3,3,0,43,31,False
LR_C_s303_f0,LR_C,K05,1,False,True,0,4,0,14,2,False
LR_C_s303_f0,LR_C,K05,5,False,True,4,4,0,24,12,False
LR_C_s303_f0,LR_C,K05,10,False,True,4,4,0,38,26,False
LR_C_s303_f0,LR_C,K06,1,True,False,0,3,0,14,2,False
LR_C_s303_f0,LR_C,K06,5,True,True,3,3,0,30,18,False
LR_C_s303_f0,LR_C,K06,10,True,True,3,3,0,43,31,False
LR_C_s303_f0,LR_C,K07,1,False,True,0,4,0,14,2,False
LR_C_s303_f0,LR_C,K07,5,False,True,2,4,0,23,11,False
LR_C_s303_f0,LR_C,K07,10,False,True,4,4,0,33,21,False
LR_C_s303_f0,LR_C,K08,1,False,True,0,4,0,14,2,False
LR_C_s303_f0,LR_C,K08,5,False,True,4,4,0,24,12,False
LR_C_s303_f0,LR_C,K08,10,False,True,4,4,0,38,26,False
LR_C_s303_f0,LR_C,K09,1,True,False,0,3,0,14,2,False
LR_C_s303_f0,LR_C,K09,5,True,True,3,3,0,27,15,False
LR_C_s303_f0,LR_C,K09,10,True,True,3,3,0,39,27,False
LR_A_s303_f1,LR_A,K01,1,False,True,1,3,0,20,3,False
LR_A_s303_f1,LR_A,K01,5,False,True,3,3,0,31,14,False
LR_A_s303_f1,LR_A,K01,10,False,True,3,3,0,35,18,False
LR_A_s303_f1,LR_A,K02,1,False,True,1,3,0,19,2,False
LR_A_s303_f1,LR_A,K02,5,False,True,3,3,0,31,14,False
LR_A_s303_f1,LR_A,K02,10,False,True,3,3,0,35,18,False
LR_A_s303_f1,LR_A,K03,1,True,False,1,2,0,20,3,False
LR_A_s303_f1,LR_A,K03,5,True,True,2,2,0,32,15,False
LR_A_s303_f1,LR_A,K03,10,True,True,2,2,0,38,21,False
LR_A_s303_f1,LR_A,K04,1,True,True,0,2,0,20,3,False
LR_A_s303_f1,LR_A,K04,5,True,True,2,2,0,31,14,False
LR_A_s303_f1,LR_A,K04,10,True,True,2,2,0,37,20,False
LR_A_s303_f1,LR_A,K05,1,False,True,1,3,0,19,2,False
LR_A_s303_f1,LR_A,K05,5,False,True,3,3,0,28,11,False
LR_A_s303_f1,LR_A,K05,10,False,True,3,3,0,34,17,False
LR_A_s303_f1,LR_A,K06,1,True,False,1,2,0,20,3,False
LR_A_s303_f1,LR_A,K06,5,True,True,2,2,0,32,15,False
LR_A_s303_f1,LR_A,K06,10,True,True,2,2,0,38,21,False
LR_A_s303_f1,LR_A,K07,1,False,True,0,3,0,19,2,False
LR_A_s303_f1,LR_A,K07,5,False,True,3,3,0,26,9,False
LR_A_s303_f1,LR_A,K07,10,False,True,3,3,0,34,17,False
LR_A_s303_f1,LR_A,K08,1,False,True,1,3,0,19,2,False
LR_A_s303_f1,LR_A,K08,5,False,True,3,3,0,28,11,False
LR_A_s303_f1,LR_A,K08,10,False,True,3,3,0,34,17,False
LR_A_s303_f1,LR_A,K09,1,False,True,1,3,0,20,3,False
LR_A_s303_f1,LR_A,K09,5,False,True,3,3,0,31,14,False
LR_A_s303_f1,LR_A,K09,10,False,True,3,3,0,35,18,False
LR_B_s303_f1,LR_B,K01,1,False,True,1,3,0,27,4,False
LR_B_s303_f1,LR_B,K01,5,False,True,3,3,0,46,23,False
LR_B_s303_f1,LR_B,K01,10,False,True,3,3,0,61,38,False
LR_B_s303_f1,LR_B,K02,1,False,True,1,3,0,27,4,False
LR_B_s303_f1,LR_B,K02,5,False,True,3,3,0,46,23,False
LR_B_s303_f1,LR_B,K02,10,False,True,3,3,0,61,38,False
LR_B_s303_f1,LR_B,K03,1,True,True,1,2,0,29,6,False
LR_B_s303_f1,LR_B,K03,5,True,True,2,2,0,47,24,False
LR_B_s303_f1,LR_B,K03,10,True,True,2,2,0,64,41,False
LR_B_s303_f1,LR_B,K04,1,True,True,0,2,0,28,5,False
LR_B_s303_f1,LR_B,K04,5,True,True,2,2,0,47,24,False
LR_B_s303_f1,LR_B,K04,10,True,True,2,2,0,62,39,False
LR_B_s303_f1,LR_B,K05,1,False,True,1,3,0,27,4,False
LR_B_s303_f1,LR_B,K05,5,False,True,3,3,0,45,22,False
LR_B_s303_f1,LR_B,K05,10,False,True,3,3,0,58,35,False
LR_B_s303_f1,LR_B,K06,1,True,False,1,2,0,29,6,False
LR_B_s303_f1,LR_B,K06,5,True,True,2,2,0,49,26,False
LR_B_s303_f1,LR_B,K06,10,True,True,2,2,0,65,42,False
LR_B_s303_f1,LR_B,K07,1,False,True,1,3,0,27,4,False
LR_B_s303_f1,LR_B,K07,5,False,True,3,3,0,42,19,False
LR_B_s303_f1,LR_B,K07,10,False,True,3,3,0,55,32,False
LR_B_s303_f1,LR_B,K08,1,False,True,1,3,0,27,4,False
LR_B_s303_f1,LR_B,K08,5,False,True,3,3,0,45,22,False
LR_B_s303_f1,LR_B,K08,10,False,True,3,3,0,59,36,False
LR_B_s303_f1,LR_B,K09,1,False,True,1,3,0,28,5,False
LR_B_s303_f1,LR_B,K09,5,False,True,3,3,0,46,23,False
LR_B_s303_f1,LR_B,K09,10,False,True,3,3,0,62,39,False
LR_C_s303_f1,LR_C,K01,1,False,True,0,4,0,16,2,False
LR_C_s303_f1,LR_C,K01,5,False,True,4,4,0,25,11,False
LR_C_s303_f1,LR_C,K01,10,False,True,4,4,0,35,21,False
LR_C_s303_f1,LR_C,K02,1,False,True,0,4,0,16,2,False
LR_C_s303_f1,LR_C,K02,5,False,True,4,4,0,24,10,False
LR_C_s303_f1,LR_C,K02,10,False,True,4,4,0,35,21,False
LR_C_s303_f1,LR_C,K03,1,True,False,0,3,0,17,3,False
LR_C_s303_f1,LR_C,K03,5,True,True,3,3,0,26,12,False
LR_C_s303_f1,LR_C,K03,10,True,True,3,3,0,37,23,False
LR_C_s303_f1,LR_C,K04,1,True,False,0,3,0,17,3,False
LR_C_s303_f1,LR_C,K04,5,True,True,3,3,0,25,11,False
LR_C_s303_f1,LR_C,K04,10,True,True,3,3,0,36,22,False
LR_C_s303_f1,LR_C,K05,1,False,True,0,4,0,16,2,False
LR_C_s303_f1,LR_C,K05,5,False,True,4,4,0,23,9,False
LR_C_s303_f1,LR_C,K05,10,False,True,4,4,0,35,21,False
LR_C_s303_f1,LR_C,K06,1,True,False,0,3,0,17,3,False
LR_C_s303_f1,LR_C,K06,5,True,True,3,3,0,28,14,False
LR_C_s303_f1,LR_C,K06,10,True,True,3,3,0,38,24,False
LR_C_s303_f1,LR_C,K07,1,False,True,0,4,0,16,2,False
LR_C_s303_f1,LR_C,K07,5,False,True,3,4,0,22,8,False
LR_C_s303_f1,LR_C,K07,10,False,True,4,4,0,34,20,False
LR_C_s303_f1,LR_C,K08,1,False,True,0,4,0,16,2,False
LR_C_s303_f1,LR_C,K08,5,False,True,4,4,0,23,9,False
LR_C_s303_f1,LR_C,K08,10,False,True,4,4,0,35,21,False
LR_C_s303_f1,LR_C,K09,1,True,False,0,3,0,17,3,False
LR_C_s303_f1,LR_C,K09,5,True,True,3,3,0,25,11,False
LR_C_s303_f1,LR_C,K09,10,True,True,3,3,0,36,22,False
LR_A_s303_f2,LR_A,K01,1,False,True,0,0,0,33,4,False
LR_A_s303_f2,LR_A,K01,5,False,True,0,0,0,54,25,False
LR_A_s303_f2,LR_A,K01,10,False,True,0,0,0,74,45,False
LR_A_s303_f2,LR_A,K02,1,False,True,0,0,0,33,4,False
LR_A_s303_f2,LR_A,K02,5,False,True,0,0,0,52,23,False
LR_A_s303_f2,LR_A,K02,10,False,True,0,0,0,72,43,False
LR_A_s303_f2,LR_A,K03,1,False,True,0,0,0,33,4,False
LR_A_s303_f2,LR_A,K03,5,False,True,0,0,0,58,29,False
LR_A_s303_f2,LR_A,K03,10,False,True,0,0,0,84,55,False
LR_A_s303_f2,LR_A,K04,1,False,True,0,0,0,33,4,False
LR_A_s303_f2,LR_A,K04,5,False,True,0,0,0,55,26,False
LR_A_s303_f2,LR_A,K04,10,False,True,0,0,0,80,51,False
LR_A_s303_f2,LR_A,K05,1,False,True,0,0,0,33,4,False
LR_A_s303_f2,LR_A,K05,5,False,True,0,0,0,50,21,False
LR_A_s303_f2,LR_A,K05,10,False,True,0,0,0,71,42,False
LR_A_s303_f2,LR_A,K06,1,False,True,0,0,0,33,4,False
LR_A_s303_f2,LR_A,K06,5,False,True,0,0,0,58,29,False
LR_A_s303_f2,LR_A,K06,10,False,True,0,0,0,89,60,False
LR_A_s303_f2,LR_A,K07,1,False,True,0,0,0,33,4,False
LR_A_s303_f2,LR_A,K07,5,False,True,0,0,0,50,21,False
LR_A_s303_f2,LR_A,K07,10,False,True,0,0,0,70,41,False
LR_A_s303_f2,LR_A,K08,1,False,True,0,0,0,33,4,False
LR_A_s303_f2,LR_A,K08,5,False,True,0,0,0,51,22,False
LR_A_s303_f2,LR_A,K08,10,False,True,0,0,0,72,43,False
LR_A_s303_f2,LR_A,K09,1,False,True,0,0,0,33,4,False
LR_A_s303_f2,LR_A,K09,5,False,True,0,0,0,56,27,False
LR_A_s303_f2,LR_A,K09,10,False,True,0,0,0,81,52,False
LR_B_s303_f2,LR_B,K01,1,True,False,2,7,0,27,3,False
LR_B_s303_f2,LR_B,K01,5,True,True,7,7,0,36,12,False
LR_B_s303_f2,LR_B,K01,10,True,True,7,7,0,49,25,False
LR_B_s303_f2,LR_B,K02,1,True,False,2,7,0,27,3,False
LR_B_s303_f2,LR_B,K02,5,True,True,7,7,0,36,12,False
LR_B_s303_f2,LR_B,K02,10,True,True,7,7,0,49,25,False
LR_B_s303_f2,LR_B,K03,1,True,False,2,7,0,27,3,False
LR_B_s303_f2,LR_B,K03,5,True,True,7,7,0,37,13,False
LR_B_s303_f2,LR_B,K03,10,True,True,7,7,0,56,32,False
LR_B_s303_f2,LR_B,K04,1,True,False,2,7,0,27,3,False
LR_B_s303_f2,LR_B,K04,5,True,True,7,7,0,37,13,False
LR_B_s303_f2,LR_B,K04,10,True,True,7,7,0,52,28,False
LR_B_s303_f2,LR_B,K05,1,True,True,1,7,0,26,2,False
LR_B_s303_f2,LR_B,K05,5,True,True,7,7,0,36,12,False
LR_B_s303_f2,LR_B,K05,10,True,True,7,7,0,45,21,False
LR_B_s303_f2,LR_B,K06,1,True,False,2,7,0,27,3,False
LR_B_s303_f2,LR_B,K06,5,True,True,7,7,0,37,13,False
LR_B_s303_f2,LR_B,K06,10,True,True,7,7,0,57,33,False
LR_B_s303_f2,LR_B,K07,1,False,True,2,8,0,26,2,False
LR_B_s303_f2,LR_B,K07,5,False,True,7,8,0,35,11,False
LR_B_s303_f2,LR_B,K07,10,False,True,8,8,0,43,19,False
LR_B_s303_f2,LR_B,K08,1,True,True,1,7,0,27,3,False
LR_B_s303_f2,LR_B,K08,5,True,True,7,7,0,36,12,False
LR_B_s303_f2,LR_B,K08,10,True,True,7,7,0,48,24,False
LR_B_s303_f2,LR_B,K09,1,True,False,2,7,0,27,3,False
LR_B_s303_f2,LR_B,K09,5,True,True,7,7,0,37,13,False
LR_B_s303_f2,LR_B,K09,10,True,True,7,7,0,52,28,False
LR_C_s303_f2,LR_C,K01,1,False,True,0,0,0,28,3,False
LR_C_s303_f2,LR_C,K01,5,False,True,0,0,0,42,17,False
LR_C_s303_f2,LR_C,K01,10,False,True,0,0,0,70,45,False
LR_C_s303_f2,LR_C,K02,1,False,True,0,0,0,28,3,False
LR_C_s303_f2,LR_C,K02,5,False,True,0,0,0,42,17,False
LR_C_s303_f2,LR_C,K02,10,False,True,0,0,0,69,44,False
LR_C_s303_f2,LR_C,K03,1,False,True,0,0,0,28,3,False
LR_C_s303_f2,LR_C,K03,5,False,True,0,0,0,45,20,False
LR_C_s303_f2,LR_C,K03,10,False,True,0,0,0,73,48,False
LR_C_s303_f2,LR_C,K04,1,False,True,0,0,0,28,3,False
LR_C_s303_f2,LR_C,K04,5,False,True,0,0,0,44,19,False
LR_C_s303_f2,LR_C,K04,10,False,True,0,0,0,70,45,False
LR_C_s303_f2,LR_C,K05,1,False,True,0,0,0,28,3,False
LR_C_s303_f2,LR_C,K05,5,False,True,0,0,0,41,16,False
LR_C_s303_f2,LR_C,K05,10,False,True,0,0,0,63,38,False
LR_C_s303_f2,LR_C,K06,1,False,True,0,0,0,29,4,False
LR_C_s303_f2,LR_C,K06,5,False,True,0,0,0,47,22,False
LR_C_s303_f2,LR_C,K06,10,False,True,0,0,0,78,53,False
LR_C_s303_f2,LR_C,K07,1,False,True,0,0,0,28,3,False
LR_C_s303_f2,LR_C,K07,5,False,True,0,0,0,40,15,False
LR_C_s303_f2,LR_C,K07,10,False,True,0,0,0,63,38,False
LR_C_s303_f2,LR_C,K08,1,False,True,0,0,0,28,3,False
LR_C_s303_f2,LR_C,K08,5,False,True,0,0,0,42,17,False
LR_C_s303_f2,LR_C,K08,10,False,True,0,0,0,65,40,False
LR_C_s303_f2,LR_C,K09,1,False,True,0,0,0,28,3,False
LR_C_s303_f2,LR_C,K09,5,False,True,0,0,0,45,20,False
LR_C_s303_f2,LR_C,K09,10,False,True,0,0,0,70,45,False
LR_A_s404_f0,LR_A,K01,1,False,True,1,1,0,35,3,False
LR_A_s404_f0,LR_A,K01,5,False,True,1,1,0,49,17,False
LR_A_s404_f0,LR_A,K01,10,False,True,1,1,0,59,27,False
LR_A_s404_f0,LR_A,K02,1,False,True,1,1,0,35,3,False
LR_A_s404_f0,LR_A,K02,5,False,True,1,1,0,48,16,False
LR_A_s404_f0,LR_A,K02,10,False,True,1,1,0,58,26,False
LR_A_s404_f0,LR_A,K03,1,False,True,1,1,0,35,3,False
LR_A_s404_f0,LR_A,K03,5,False,True,1,1,0,49,17,False
LR_A_s404_f0,LR_A,K03,10,False,True,1,1,0,64,32,False
LR_A_s404_f0,LR_A,K04,1,False,True,1,1,0,35,3,False
LR_A_s404_f0,LR_A,K04,5,False,True,1,1,0,49,17,False
LR_A_s404_f0,LR_A,K04,10,False,True,1,1,0,62,30,False
LR_A_s404_f0,LR_A,K05,1,False,True,1,1,0,34,2,False
LR_A_s404_f0,LR_A,K05,5,False,True,1,1,0,47,15,False
LR_A_s404_f0,LR_A,K05,10,False,True,1,1,0,57,25,False
LR_A_s404_f0,LR_A,K06,1,True,True,0,0,0,35,3,False
LR_A_s404_f0,LR_A,K06,5,True,True,0,0,0,49,17,False
LR_A_s404_f0,LR_A,K06,10,True,True,0,0,0,65,33,False
LR_A_s404_f0,LR_A,K07,1,False,True,1,1,0,34,2,False
LR_A_s404_f0,LR_A,K07,5,False,True,1,1,0,45,13,False
LR_A_s404_f0,LR_A,K07,10,False,True,1,1,0,55,23,False
LR_A_s404_f0,LR_A,K08,1,False,True,1,1,0,35,3,False
LR_A_s404_f0,LR_A,K08,5,False,True,1,1,0,48,16,False
LR_A_s404_f0,LR_A,K08,10,False,True,1,1,0,59,27,False
LR_A_s404_f0,LR_A,K09,1,False,True,1,1,0,35,3,False
LR_A_s404_f0,LR_A,K09,5,False,True,1,1,0,49,17,False
LR_A_s404_f0,LR_A,K09,10,False,True,1,1,0,60,28,False
LR_B_s404_f0,LR_B,K01,1,False,True,2,2,0,41,7,False
LR_B_s404_f0,LR_B,K01,5,False,True,2,2,0,59,25,False
LR_B_s404_f0,LR_B,K01,10,False,True,2,2,0,81,47,False
LR_B_s404_f0,LR_B,K02,1,False,True,2,2,0,41,7,False
LR_B_s404_f0,LR_B,K02,5,False,True,2,2,0,59,25,False
LR_B_s404_f0,LR_B,K02,10,False,True,2,2,0,79,45,False
LR_B_s404_f0,LR_B,K03,1,True,True,1,1,0,41,7,False
LR_B_s404_f0,LR_B,K03,5,True,True,1,1,0,65,31,False
LR_B_s404_f0,LR_B,K03,10,True,True,1,1,0,87,53,False
LR_B_s404_f0,LR_B,K04,1,False,True,2,2,0,41,7,False
LR_B_s404_f0,LR_B,K04,5,False,True,2,2,0,63,29,False
LR_B_s404_f0,LR_B,K04,10,False,True,2,2,0,86,52,False
LR_B_s404_f0,LR_B,K05,1,False,True,2,2,0,40,6,False
LR_B_s404_f0,LR_B,K05,5,False,True,2,2,0,58,24,False
LR_B_s404_f0,LR_B,K05,10,False,True,2,2,0,78,44,False
LR_B_s404_f0,LR_B,K06,1,True,True,1,1,0,41,7,False
LR_B_s404_f0,LR_B,K06,5,True,True,1,1,0,65,31,False
LR_B_s404_f0,LR_B,K06,10,True,True,1,1,0,87,53,False
LR_B_s404_f0,LR_B,K07,1,False,True,0,2,0,39,5,False
LR_B_s404_f0,LR_B,K07,5,False,True,2,2,0,54,20,False
LR_B_s404_f0,LR_B,K07,10,False,True,2,2,0,71,37,False
LR_B_s404_f0,LR_B,K08,1,False,True,2,2,0,41,7,False
LR_B_s404_f0,LR_B,K08,5,False,True,2,2,0,59,25,False
LR_B_s404_f0,LR_B,K08,10,False,True,2,2,0,79,45,False
LR_B_s404_f0,LR_B,K09,1,False,True,2,2,0,41,7,False
LR_B_s404_f0,LR_B,K09,5,False,True,2,2,0,61,27,False
LR_B_s404_f0,LR_B,K09,10,False,True,2,2,0,83,49,False
LR_C_s404_f0,LR_C,K01,1,False,True,1,2,0,31,5,False
LR_C_s404_f0,LR_C,K01,5,False,True,2,2,0,45,19,False
LR_C_s404_f0,LR_C,K01,10,False,True,2,2,0,58,32,False
LR_C_s404_f0,LR_C,K02,1,False,True,1,2,0,31,5,False
LR_C_s404_f0,LR_C,K02,5,False,True,2,2,0,45,19,False
LR_C_s404_f0,LR_C,K02,10,False,True,2,2,0,58,32,False
LR_C_s404_f0,LR_C,K03,1,True,True,0,1,0,31,5,False
LR_C_s404_f0,LR_C,K03,5,True,True,1,1,0,46,20,False
LR_C_s404_f0,LR_C,K03,10,True,True,1,1,0,61,35,False
LR_C_s404_f0,LR_C,K04,1,False,True,1,2,0,31,5,False
LR_C_s404_f0,LR_C,K04,5,False,True,2,2,0,46,20,False
LR_C_s404_f0,LR_C,K04,10,False,True,2,2,0,59,33,False
LR_C_s404_f0,LR_C,K05,1,False,True,1,2,0,30,4,False
LR_C_s404_f0,LR_C,K05,5,False,True,2,2,0,44,18,False
LR_C_s404_f0,LR_C,K05,10,False,True,2,2,0,55,29,False
LR_C_s404_f0,LR_C,K06,1,True,False,1,1,0,31,5,False
LR_C_s404_f0,LR_C,K06,5,True,True,1,1,0,46,20,False
LR_C_s404_f0,LR_C,K06,10,True,True,1,1,0,63,37,False
LR_C_s404_f0,LR_C,K07,1,False,True,0,2,0,29,3,False
LR_C_s404_f0,LR_C,K07,5,False,True,2,2,0,41,15,False
LR_C_s404_f0,LR_C,K07,10,False,True,2,2,0,50,24,False
LR_C_s404_f0,LR_C,K08,1,False,True,1,2,0,31,5,False
LR_C_s404_f0,LR_C,K08,5,False,True,2,2,0,45,19,False
LR_C_s404_f0,LR_C,K08,10,False,True,2,2,0,58,32,False
LR_C_s404_f0,LR_C,K09,1,False,True,1,2,0,31,5,False
LR_C_s404_f0,LR_C,K09,5,False,True,2,2,0,46,20,False
LR_C_s404_f0,LR_C,K09,10,False,True,2,2,0,58,32,False
LR_A_s404_f1,LR_A,K01,1,True,False,0,8,0,7,0,False
LR_A_s404_f1,LR_A,K01,5,True,False,3,8,0,9,2,False
LR_A_s404_f1,LR_A,K01,10,True,True,6,8,0,10,3,False
LR_A_s404_f1,LR_A,K02,1,True,False,0,8,0,7,0,False
LR_A_s404_f1,LR_A,K02,5,True,False,3,8,0,9,2,False
LR_A_s404_f1,LR_A,K02,10,True,True,6,8,0,10,3,False
LR_A_s404_f1,LR_A,K03,1,True,False,0,8,0,7,0,False
LR_A_s404_f1,LR_A,K03,5,True,False,5,8,0,9,2,False
LR_A_s404_f1,LR_A,K03,10,True,True,7,8,0,11,4,False
LR_A_s404_f1,LR_A,K04,1,True,False,0,8,0,7,0,False
LR_A_s404_f1,LR_A,K04,5,True,False,4,8,0,9,2,False
LR_A_s404_f1,LR_A,K04,10,True,True,7,8,0,11,4,False
LR_A_s404_f1,LR_A,K05,1,True,False,0,8,0,7,0,False
LR_A_s404_f1,LR_A,K05,5,True,True,2,8,0,9,2,False
LR_A_s404_f1,LR_A,K05,10,True,True,5,8,0,10,3,False
LR_A_s404_f1,LR_A,K06,1,True,False,0,8,0,7,0,False
LR_A_s404_f1,LR_A,K06,5,True,False,5,8,0,9,2,False
LR_A_s404_f1,LR_A,K06,10,True,True,8,8,0,12,5,False
LR_A_s404_f1,LR_A,K07,1,True,False,0,8,0,7,0,False
LR_A_s404_f1,LR_A,K07,5,True,True,1,8,0,8,1,False
LR_A_s404_f1,LR_A,K07,10,True,True,4,8,0,10,3,False
LR_A_s404_f1,LR_A,K08,1,True,False,0,8,0,7,0,False
LR_A_s404_f1,LR_A,K08,5,True,True,2,8,0,9,2,False
LR_A_s404_f1,LR_A,K08,10,True,True,6,8,0,10,3,False
LR_A_s404_f1,LR_A,K09,1,True,False,0,8,0,7,0,False
LR_A_s404_f1,LR_A,K09,5,True,False,3,8,0,9,2,False
LR_A_s404_f1,LR_A,K09,10,True,True,7,8,0,11,4,False
LR_B_s404_f1,LR_B,K01,1,True,False,1,9,0,11,1,False
LR_B_s404_f1,LR_B,K01,5,True,False,4,9,0,16,6,False
LR_B_s404_f1,LR_B,K01,10,True,True,7,9,0,17,7,False
LR_B_s404_f1,LR_B,K02,1,True,False,1,9,0,11,1,False
LR_B_s404_f1,LR_B,K02,5,True,False,4,9,0,16,6,False
LR_B_s404_f1,LR_B,K02,10,True,True,7,9,0,17,7,False
LR_B_s404_f1,LR_B,K03,1,True,False,1,9,0,11,1,False
LR_B_s404_f1,LR_B,K03,5,True,False,5,9,0,16,6,False
LR_B_s404_f1,LR_B,K03,10,True,True,9,9,0,21,11,False
LR_B_s404_f1,LR_B,K04,1,True,False,1,9,0,11,1,False
LR_B_s404_f1,LR_B,K04,5,True,False,4,9,0,16,6,False
LR_B_s404_f1,LR_B,K04,10,True,True,9,9,0,19,9,False
LR_B_s404_f1,LR_B,K05,1,True,False,1,9,0,11,1,False
LR_B_s404_f1,LR_B,K05,5,True,True,2,9,0,16,6,False
LR_B_s404_f1,LR_B,K05,10,True,True,7,9,0,16,6,False
LR_B_s404_f1,LR_B,K06,1,True,False,1,9,0,11,1,False
LR_B_s404_f1,LR_B,K06,5,True,False,6,9,0,16,6,False
LR_B_s404_f1,LR_B,K06,10,True,True,9,9,0,21,11,False
LR_B_s404_f1,LR_B,K07,1,True,False,1,9,0,11,1,False
LR_B_s404_f1,LR_B,K07,5,True,True,1,9,0,16,6,False
LR_B_s404_f1,LR_B,K07,10,True,True,5,9,0,16,6,False
LR_B_s404_f1,LR_B,K08,1,True,False,1,9,0,11,1,False
LR_B_s404_f1,LR_B,K08,5,True,True,3,9,0,16,6,False
LR_B_s404_f1,LR_B,K08,10,True,True,7,9,0,17,7,False
LR_B_s404_f1,LR_B,K09,1,True,False,1,9,0,11,1,False
LR_B_s404_f1,LR_B,K09,5,True,False,4,9,0,16,6,False
LR_B_s404_f1,LR_B,K09,10,True,True,9,9,0,19,9,False
LR_C_s404_f1,LR_C,K01,1,True,False,0,8,0,9,0,False
LR_C_s404_f1,LR_C,K01,5,True,False,3,8,0,10,1,False
LR_C_s404_f1,LR_C,K01,10,True,True,6,8,0,12,3,False
LR_C_s404_f1,LR_C,K02,1,True,False,0,8,0,9,0,False
LR_C_s404_f1,LR_C,K02,5,True,True,3,8,0,10,1,False
LR_C_s404_f1,LR_C,K02,10,True,True,6,8,0,12,3,False
LR_C_s404_f1,LR_C,K03,1,True,False,0,8,0,9,0,False
LR_C_s404_f1,LR_C,K03,5,True,False,5,8,0,11,2,False
LR_C_s404_f1,LR_C,K03,10,True,True,7,8,0,14,5,False
LR_C_s404_f1,LR_C,K04,1,True,False,0,8,0,9,0,False
LR_C_s404_f1,LR_C,K04,5,True,False,4,8,0,10,1,False
LR_C_s404_f1,LR_C,K04,10,True,True,7,8,0,13,4,False
LR_C_s404_f1,LR_C,K05,1,True,False,0,8,0,9,0,False
LR_C_s404_f1,LR_C,K05,5,True,True,2,8,0,9,0,True
LR_C_s404_f1,LR_C,K05,10,True,True,6,8,0,12,3,False
LR_C_s404_f1,LR_C,K06,1,True,False,0,8,0,9,0,False
LR_C_s404_f1,LR_C,K06,5,True,False,5,8,0,11,2,False
LR_C_s404_f1,LR_C,K06,10,True,True,8,8,0,14,5,False
LR_C_s404_f1,LR_C,K07,1,True,False,0,8,0,9,0,False
LR_C_s404_f1,LR_C,K07,5,True,True,2,8,0,9,0,True
LR_C_s404_f1,LR_C,K07,10,True,True,4,8,0,12,3,False
LR_C_s404_f1,LR_C,K08,1,True,False,0,8,0,9,0,False
LR_C_s404_f1,LR_C,K08,5,True,True,2,8,0,9,0,True
LR_C_s404_f1,LR_C,K08,10,True,True,6,8,0,12,3,False
LR_C_s404_f1,LR_C,K09,1,True,False,0,8,0,9,0,False
LR_C_s404_f1,LR_C,K09,5,True,False,4,8,0,10,1,False
LR_C_s404_f1,LR_C,K09,10,True,True,7,8,0,14,5,False
LR_A_s404_f2,LR_A,K01,1,False,True,0,4,0,17,3,False
LR_A_s404_f2,LR_A,K01,5,False,True,4,4,0,22,8,False
LR_A_s404_f2,LR_A,K01,10,False,True,4,4,0,32,18,False
LR_A_s404_f2,LR_A,K02,1,False,True,0,4,0,17,3,False
LR_A_s404_f2,LR_A,K02,5,False,True,4,4,0,22,8,False
LR_A_s404_f2,LR_A,K02,10,False,True,4,4,0,32,18,False
LR_A_s404_f2,LR_A,K03,1,True,False,0,3,0,17,3,False
LR_A_s404_f2,LR_A,K03,5,True,True,3,3,0,22,8,False
LR_A_s404_f2,LR_A,K03,10,True,True,3,3,0,37,23,False
LR_A_s404_f2,LR_A,K04,1,True,False,0,3,0,17,3,False
LR_A_s404_f2,LR_A,K04,5,True,True,3,3,0,22,8,False
LR_A_s404_f2,LR_A,K04,10,True,True,3,3,0,35,21,False
LR_A_s404_f2,LR_A,K05,1,False,True,0,4,0,17,3,False
LR_A_s404_f2,LR_A,K05,5,False,True,4,4,0,22,8,False
LR_A_s404_f2,LR_A,K05,10,False,True,4,4,0,31,17,False
LR_A_s404_f2,LR_A,K06,1,True,False,0,3,0,17,3,False
LR_A_s404_f2,LR_A,K06,5,True,True,3,3,0,22,8,False
LR_A_s404_f2,LR_A,K06,10,True,True,3,3,0,37,23,False
LR_A_s404_f2,LR_A,K07,1,False,True,0,4,0,17,3,False
LR_A_s404_f2,LR_A,K07,5,False,True,3,4,0,21,7,False
LR_A_s404_f2,LR_A,K07,10,False,True,4,4,0,28,14,False
LR_A_s404_f2,LR_A,K08,1,False,True,0,4,0,17,3,False
LR_A_s404_f2,LR_A,K08,5,False,True,4,4,0,22,8,False
LR_A_s404_f2,LR_A,K08,10,False,True,4,4,0,32,18,False
LR_A_s404_f2,LR_A,K09,1,True,False,0,3,0,17,3,False
LR_A_s404_f2,LR_A,K09,5,True,True,3,3,0,22,8,False
LR_A_s404_f2,LR_A,K09,10,True,True,3,3,0,35,21,False
LR_B_s404_f2,LR_B,K01,1,True,False,2,7,0,19,2,False
LR_B_s404_f2,LR_B,K01,5,True,True,7,7,0,29,12,False
LR_B_s404_f2,LR_B,K01,10,True,True,7,7,0,40,23,False
LR_B_s404_f2,LR_B,K02,1,True,False,2,7,0,19,2,False
LR_B_s404_f2,LR_B,K02,5,True,True,7,7,0,29,12,False
LR_B_s404_f2,LR_B,K02,10,True,True,7,7,0,40,23,False
LR_B_s404_f2,LR_B,K03,1,True,False,2,7,0,19,2,False
LR_B_s404_f2,LR_B,K03,5,True,True,7,7,0,32,15,False
LR_B_s404_f2,LR_B,K03,10,True,True,7,7,0,46,29,False
LR_B_s404_f2,LR_B,K04,1,True,False,2,7,0,19,2,False
LR_B_s404_f2,LR_B,K04,5,True,True,7,7,0,31,14,False
LR_B_s404_f2,LR_B,K04,10,True,True,7,7,0,45,28,False
LR_B_s404_f2,LR_B,K05,1,True,True,1,7,0,19,2,False
LR_B_s404_f2,LR_B,K05,5,True,True,7,7,0,29,12,False
LR_B_s404_f2,LR_B,K05,10,True,True,7,7,0,39,22,False
LR_B_s404_f2,LR_B,K06,1,True,False,2,7,0,19,2,False
LR_B_s404_f2,LR_B,K06,5,True,True,7,7,0,32,15,False
LR_B_s404_f2,LR_B,K06,10,True,True,7,7,0,46,29,False
LR_B_s404_f2,LR_B,K07,1,False,True,1,8,0,19,2,False
LR_B_s404_f2,LR_B,K07,5,False,True,6,8,0,26,9,False
LR_B_s404_f2,LR_B,K07,10,False,True,8,8,0,36,19,False
LR_B_s404_f2,LR_B,K08,1,True,True,1,7,0,19,2,False
LR_B_s404_f2,LR_B,K08,5,True,True,7,7,0,29,12,False
LR_B_s404_f2,LR_B,K08,10,True,True,7,7,0,39,22,False
LR_B_s404_f2,LR_B,K09,1,True,False,2,7,0,19,2,False
LR_B_s404_f2,LR_B,K09,5,True,True,7,7,0,31,14,False
LR_B_s404_f2,LR_B,K09,10,True,True,7,7,0,45,28,False
LR_C_s404_f2,LR_C,K01,1,True,True,0,4,0,17,1,False
LR_C_s404_f2,LR_C,K01,5,True,True,4,4,0,26,10,False
LR_C_s404_f2,LR_C,K01,10,True,True,4,4,0,40,24,False
LR_C_s404_f2,LR_C,K02,1,False,True,1,5,0,17,1,False
LR_C_s404_f2,LR_C,K02,5,False,True,5,5,0,26,10,False
LR_C_s404_f2,LR_C,K02,10,False,True,5,5,0,40,24,False
LR_C_s404_f2,LR_C,K03,1,True,False,1,4,0,17,1,False
LR_C_s404_f2,LR_C,K03,5,True,True,4,4,0,28,12,False
LR_C_s404_f2,LR_C,K03,10,True,True,4,4,0,42,26,False
LR_C_s404_f2,LR_C,K04,1,True,False,1,4,0,17,1,False
LR_C_s404_f2,LR_C,K04,5,True,True,4,4,0,28,12,False
LR_C_s404_f2,LR_C,K04,10,True,True,4,4,0,40,24,False
LR_C_s404_f2,LR_C,K05,1,False,True,1,5,0,17,1,False
LR_C_s404_f2,LR_C,K05,5,False,True,5,5,0,24,8,False
LR_C_s404_f2,LR_C,K05,10,False,True,5,5,0,39,23,False
LR_C_s404_f2,LR_C,K06,1,True,False,1,4,0,17,1,False
LR_C_s404_f2,LR_C,K06,5,True,True,4,4,0,29,13,False
LR_C_s404_f2,LR_C,K06,10,True,True,4,4,0,46,30,False
LR_C_s404_f2,LR_C,K07,1,False,True,1,5,0,17,1,False
LR_C_s404_f2,LR_C,K07,5,False,True,4,5,0,23,7,False
LR_C_s404_f2,LR_C,K07,10,False,True,5,5,0,37,21,False
LR_C_s404_f2,LR_C,K08,1,False,True,1,5,0,17,1,False
LR_C_s404_f2,LR_C,K08,5,False,True,5,5,0,25,9,False
LR_C_s404_f2,LR_C,K08,10,False,True,5,5,0,39,23,False
LR_C_s404_f2,LR_C,K09,1,True,False,1,4,0,17,1,False
LR_C_s404_f2,LR_C,K09,5,True,True,4,4,0,27,11,False
LR_C_s404_f2,LR_C,K09,10,True,True,4,4,0,40,24,False
deletion_A_keep_s42_f0,deletion_A_keep,K01,1,True,True,0,4,0,16,0,False
deletion_A_keep_s42_f0,deletion_A_keep,K01,5,True,True,3,4,0,23,7,False
deletion_A_keep_s42_f0,deletion_A_keep,K01,10,True,True,4,4,0,35,19,False
deletion_A_keep_s42_f0,deletion_A_keep,K02,1,False,True,1,5,0,16,0,True
deletion_A_keep_s42_f0,deletion_A_keep,K02,5,False,True,4,5,0,23,7,False
deletion_A_keep_s42_f0,deletion_A_keep,K02,10,False,True,5,5,0,34,18,False
deletion_A_keep_s42_f0,deletion_A_keep,K03,1,True,False,1,4,0,16,0,True
deletion_A_keep_s42_f0,deletion_A_keep,K03,5,True,True,4,4,0,23,7,False
deletion_A_keep_s42_f0,deletion_A_keep,K03,10,True,True,4,4,0,38,22,False
deletion_A_keep_s42_f0,deletion_A_keep,K04,1,True,False,1,4,0,16,0,True
deletion_A_keep_s42_f0,deletion_A_keep,K04,5,True,True,4,4,0,23,7,False
deletion_A_keep_s42_f0,deletion_A_keep,K04,10,True,True,4,4,0,36,20,False
deletion_A_keep_s42_f0,deletion_A_keep,K05,1,False,True,1,5,0,16,0,True
deletion_A_keep_s42_f0,deletion_A_keep,K05,5,False,True,4,5,0,21,5,False
deletion_A_keep_s42_f0,deletion_A_keep,K05,10,False,True,5,5,0,33,17,False
deletion_A_keep_s42_f0,deletion_A_keep,K06,1,True,False,1,4,0,16,0,True
deletion_A_keep_s42_f0,deletion_A_keep,K06,5,True,True,4,4,0,24,8,False
deletion_A_keep_s42_f0,deletion_A_keep,K06,10,True,True,4,4,0,38,22,False
deletion_A_keep_s42_f0,deletion_A_keep,K07,1,False,True,1,5,0,16,0,True
deletion_A_keep_s42_f0,deletion_A_keep,K07,5,False,True,3,5,0,21,5,False
deletion_A_keep_s42_f0,deletion_A_keep,K07,10,False,True,5,5,0,33,17,False
deletion_A_keep_s42_f0,deletion_A_keep,K08,1,False,True,1,5,0,16,0,True
deletion_A_keep_s42_f0,deletion_A_keep,K08,5,False,True,4,5,0,23,7,False
deletion_A_keep_s42_f0,deletion_A_keep,K08,10,False,True,5,5,0,34,18,False
deletion_A_keep_s42_f0,deletion_A_keep,K09,1,True,False,1,4,0,16,0,True
deletion_A_keep_s42_f0,deletion_A_keep,K09,5,True,True,4,4,0,23,7,False
deletion_A_keep_s42_f0,deletion_A_keep,K09,10,True,True,4,4,0,36,20,False
deletion_A_half_s42_f0,deletion_A_half,K01,1,True,True,0,4,0,16,0,False
deletion_A_half_s42_f0,deletion_A_half,K01,5,True,True,3,4,0,23,7,False
deletion_A_half_s42_f0,deletion_A_half,K01,10,True,True,4,4,0,35,19,False
deletion_A_half_s42_f0,deletion_A_half,K02,1,False,True,1,5,0,16,0,True
deletion_A_half_s42_f0,deletion_A_half,K02,5,False,True,4,5,0,23,7,False
deletion_A_half_s42_f0,deletion_A_half,K02,10,False,True,5,5,0,33,17,False
deletion_A_half_s42_f0,deletion_A_half,K03,1,True,False,1,4,0,16,0,True
deletion_A_half_s42_f0,deletion_A_half,K03,5,True,True,4,4,0,24,8,False
deletion_A_half_s42_f0,deletion_A_half,K03,10,True,True,4,4,0,38,22,False
deletion_A_half_s42_f0,deletion_A_half,K04,1,True,False,1,4,0,16,0,True
deletion_A_half_s42_f0,deletion_A_half,K04,5,True,True,4,4,0,23,7,False
deletion_A_half_s42_f0,deletion_A_half,K04,10,True,True,4,4,0,35,19,False
deletion_A_half_s42_f0,deletion_A_half,K05,1,False,True,1,5,0,16,0,True
deletion_A_half_s42_f0,deletion_A_half,K05,5,False,True,4,5,0,22,6,False
deletion_A_half_s42_f0,deletion_A_half,K05,10,False,True,5,5,0,33,17,False
deletion_A_half_s42_f0,deletion_A_half,K06,1,True,False,1,4,0,16,0,True
deletion_A_half_s42_f0,deletion_A_half,K06,5,True,True,4,4,0,24,8,False
deletion_A_half_s42_f0,deletion_A_half,K06,10,True,True,4,4,0,39,23,False
deletion_A_half_s42_f0,deletion_A_half,K07,1,False,True,1,5,0,16,0,True
deletion_A_half_s42_f0,deletion_A_half,K07,5,False,True,3,5,0,21,5,False
deletion_A_half_s42_f0,deletion_A_half,K07,10,False,True,5,5,0,33,17,False
deletion_A_half_s42_f0,deletion_A_half,K08,1,False,True,1,5,0,16,0,True
deletion_A_half_s42_f0,deletion_A_half,K08,5,False,True,4,5,0,23,7,False
deletion_A_half_s42_f0,deletion_A_half,K08,10,False,True,5,5,0,33,17,False
deletion_A_half_s42_f0,deletion_A_half,K09,1,True,False,1,4,0,16,0,True
deletion_A_half_s42_f0,deletion_A_half,K09,5,True,True,4,4,0,23,7,False
deletion_A_half_s42_f0,deletion_A_half,K09,10,True,True,4,4,0,36,20,False
deletion_A_target_delete_s42_f0,deletion_A_target_delete,K01,1,True,True,0,4,0,16,0,False
deletion_A_target_delete_s42_f0,deletion_A_target_delete,K01,5,True,True,3,4,0,23,7,False
deletion_A_target_delete_s42_f0,deletion_A_target_delete,K01,10,True,True,4,4,0,35,19,False
deletion_A_target_delete_s42_f0,deletion_A_target_delete,K02,1,False,True,1,5,0,16,0,True
deletion_A_target_delete_s42_f0,deletion_A_target_delete,K02,5,False,True,4,5,0,22,6,False
deletion_A_target_delete_s42_f0,deletion_A_target_delete,K02,10,False,True,5,5,0,35,19,False
deletion_A_target_delete_s42_f0,deletion_A_target_delete,K03,1,True,False,1,4,0,16,0,True
deletion_A_target_delete_s42_f0,deletion_A_target_delete,K03,5,True,True,4,4,0,27,11,False
deletion_A_target_delete_s42_f0,deletion_A_target_delete,K03,10,True,True,4,4,0,38,22,False
deletion_A_target_delete_s42_f0,deletion_A_target_delete,K04,1,True,False,1,4,0,16,0,True
deletion_A_target_delete_s42_f0,deletion_A_target_delete,K04,5,True,True,4,4,0,24,8,False
deletion_A_target_delete_s42_f0,deletion_A_target_delete,K04,10,True,True,4,4,0,36,20,False
deletion_A_target_delete_s42_f0,deletion_A_target_delete,K05,1,False,True,1,5,0,16,0,True
deletion_A_target_delete_s42_f0,deletion_A_target_delete,K05,5,False,True,4,5,0,22,6,False
deletion_A_target_delete_s42_f0,deletion_A_target_delete,K05,10,False,True,5,5,0,34,18,False
deletion_A_target_delete_s42_f0,deletion_A_target_delete,K06,1,True,False,1,4,0,16,0,True
deletion_A_target_delete_s42_f0,deletion_A_target_delete,K06,5,True,True,4,4,0,27,11,False
deletion_A_target_delete_s42_f0,deletion_A_target_delete,K06,10,True,True,4,4,0,38,22,False
deletion_A_target_delete_s42_f0,deletion_A_target_delete,K07,1,False,True,1,5,0,16,0,True
deletion_A_target_delete_s42_f0,deletion_A_target_delete,K07,5,False,True,3,5,0,22,6,False
deletion_A_target_delete_s42_f0,deletion_A_target_delete,K07,10,False,True,5,5,0,33,17,False
deletion_A_target_delete_s42_f0,deletion_A_target_delete,K08,1,False,True,1,5,0,16,0,True
deletion_A_target_delete_s42_f0,deletion_A_target_delete,K08,5,False,True,4,5,0,22,6,False
deletion_A_target_delete_s42_f0,deletion_A_target_delete,K08,10,False,True,5,5,0,35,19,False
deletion_A_target_delete_s42_f0,deletion_A_target_delete,K09,1,True,False,1,4,0,16,0,True
deletion_A_target_delete_s42_f0,deletion_A_target_delete,K09,5,True,True,4,4,0,23,7,False
deletion_A_target_delete_s42_f0,deletion_A_target_delete,K09,10,True,True,4,4,0,35,19,False
deletion_A_matched_delete_s42_f0,deletion_A_matched_delete,K01,1,True,False,3,7,0,14,1,False
deletion_A_matched_delete_s42_f0,deletion_A_matched_delete,K01,5,True,True,5,7,0,18,5,False
deletion_A_matched_delete_s42_f0,deletion_A_matched_delete,K01,10,True,True,7,7,0,27,14,False
deletion_A_matched_delete_s42_f0,deletion_A_matched_delete,K02,1,True,True,2,7,0,14,1,False
deletion_A_matched_delete_s42_f0,deletion_A_matched_delete,K02,5,True,True,5,7,0,18,5,False
deletion_A_matched_delete_s42_f0,deletion_A_matched_delete,K02,10,True,True,7,7,0,27,14,False
deletion_A_matched_delete_s42_f0,deletion_A_matched_delete,K03,1,True,False,3,7,0,15,2,False
deletion_A_matched_delete_s42_f0,deletion_A_matched_delete,K03,5,True,True,6,7,0,18,5,False
deletion_A_matched_delete_s42_f0,deletion_A_matched_delete,K03,10,True,True,7,7,0,34,21,False
deletion_A_matched_delete_s42_f0,deletion_A_matched_delete,K04,1,True,False,3,7,0,15,2,False
deletion_A_matched_delete_s42_f0,deletion_A_matched_delete,K04,5,True,True,6,7,0,18,5,False
deletion_A_matched_delete_s42_f0,deletion_A_matched_delete,K04,10,True,True,7,7,0,32,19,False
deletion_A_matched_delete_s42_f0,deletion_A_matched_delete,K05,1,True,True,2,7,0,14,1,False
deletion_A_matched_delete_s42_f0,deletion_A_matched_delete,K05,5,True,True,5,7,0,18,5,False
deletion_A_matched_delete_s42_f0,deletion_A_matched_delete,K05,10,True,True,7,7,0,26,13,False
deletion_A_matched_delete_s42_f0,deletion_A_matched_delete,K06,1,True,False,3,7,0,15,2,False
deletion_A_matched_delete_s42_f0,deletion_A_matched_delete,K06,5,True,False,7,7,0,18,5,False
deletion_A_matched_delete_s42_f0,deletion_A_matched_delete,K06,10,True,True,7,7,0,34,21,False
deletion_A_matched_delete_s42_f0,deletion_A_matched_delete,K07,1,False,True,3,8,0,14,1,False
deletion_A_matched_delete_s42_f0,deletion_A_matched_delete,K07,5,False,True,5,8,0,18,5,False
deletion_A_matched_delete_s42_f0,deletion_A_matched_delete,K07,10,False,True,8,8,0,25,12,False
deletion_A_matched_delete_s42_f0,deletion_A_matched_delete,K08,1,True,True,2,7,0,14,1,False
deletion_A_matched_delete_s42_f0,deletion_A_matched_delete,K08,5,True,True,5,7,0,18,5,False
deletion_A_matched_delete_s42_f0,deletion_A_matched_delete,K08,10,True,True,7,7,0,27,14,False
deletion_A_matched_delete_s42_f0,deletion_A_matched_delete,K09,1,True,False,3,7,0,15,2,False
deletion_A_matched_delete_s42_f0,deletion_A_matched_delete,K09,5,True,True,6,7,0,18,5,False
deletion_A_matched_delete_s42_f0,deletion_A_matched_delete,K09,10,True,True,7,7,0,31,18,False
deletion_C_keep_s42_f0,deletion_C_keep,K01,1,True,False,0,8,0,12,0,False
deletion_C_keep_s42_f0,deletion_C_keep,K01,5,True,True,4,8,0,17,5,False
deletion_C_keep_s42_f0,deletion_C_keep,K01,10,True,True,8,8,0,24,12,False
deletion_C_keep_s42_f0,deletion_C_keep,K02,1,True,False,0,8,0,12,0,False
deletion_C_keep_s42_f0,deletion_C_keep,K02,5,True,True,4,8,0,17,5,False
deletion_C_keep_s42_f0,deletion_C_keep,K02,10,True,True,8,8,0,22,10,False
deletion_C_keep_s42_f0,deletion_C_keep,K03,1,True,False,0,8,0,12,0,False
deletion_C_keep_s42_f0,deletion_C_keep,K03,5,True,False,7,8,0,17,5,False
deletion_C_keep_s42_f0,deletion_C_keep,K03,10,True,True,8,8,0,26,14,False
deletion_C_keep_s42_f0,deletion_C_keep,K04,1,True,False,0,8,0,12,0,False
deletion_C_keep_s42_f0,deletion_C_keep,K04,5,True,True,5,8,0,17,5,False
deletion_C_keep_s42_f0,deletion_C_keep,K04,10,True,True,8,8,0,25,13,False
deletion_C_keep_s42_f0,deletion_C_keep,K05,1,True,False,0,8,0,12,0,False
deletion_C_keep_s42_f0,deletion_C_keep,K05,5,True,True,4,8,0,16,4,False
deletion_C_keep_s42_f0,deletion_C_keep,K05,10,True,True,8,8,0,22,10,False
deletion_C_keep_s42_f0,deletion_C_keep,K06,1,True,False,0,8,0,13,1,False
deletion_C_keep_s42_f0,deletion_C_keep,K06,5,True,False,7,8,0,17,5,False
deletion_C_keep_s42_f0,deletion_C_keep,K06,10,True,True,8,8,0,26,14,False
deletion_C_keep_s42_f0,deletion_C_keep,K07,1,True,False,0,8,0,12,0,False
deletion_C_keep_s42_f0,deletion_C_keep,K07,5,True,True,4,8,0,16,4,False
deletion_C_keep_s42_f0,deletion_C_keep,K07,10,True,True,7,8,0,21,9,False
deletion_C_keep_s42_f0,deletion_C_keep,K08,1,True,False,0,8,0,12,0,False
deletion_C_keep_s42_f0,deletion_C_keep,K08,5,True,True,4,8,0,16,4,False
deletion_C_keep_s42_f0,deletion_C_keep,K08,10,True,True,8,8,0,22,10,False
deletion_C_keep_s42_f0,deletion_C_keep,K09,1,True,False,0,8,0,12,0,False
deletion_C_keep_s42_f0,deletion_C_keep,K09,5,True,True,5,8,0,17,5,False
deletion_C_keep_s42_f0,deletion_C_keep,K09,10,True,True,8,8,0,25,13,False
deletion_C_half_s42_f0,deletion_C_half,K01,1,True,False,0,8,0,12,0,False
deletion_C_half_s42_f0,deletion_C_half,K01,5,True,True,4,8,0,17,5,False
deletion_C_half_s42_f0,deletion_C_half,K01,10,True,True,8,8,0,22,10,False
deletion_C_half_s42_f0,deletion_C_half,K02,1,True,False,0,8,0,12,0,False
deletion_C_half_s42_f0,deletion_C_half,K02,5,True,True,4,8,0,16,4,False
deletion_C_half_s42_f0,deletion_C_half,K02,10,True,True,8,8,0,21,9,False
deletion_C_half_s42_f0,deletion_C_half,K03,1,True,False,0,8,0,12,0,False
deletion_C_half_s42_f0,deletion_C_half,K03,5,True,False,6,8,0,17,5,False
deletion_C_half_s42_f0,deletion_C_half,K03,10,True,True,8,8,0,26,14,False
deletion_C_half_s42_f0,deletion_C_half,K04,1,True,False,0,8,0,12,0,False
deletion_C_half_s42_f0,deletion_C_half,K04,5,True,True,5,8,0,17,5,False
deletion_C_half_s42_f0,deletion_C_half,K04,10,True,True,8,8,0,25,13,False
deletion_C_half_s42_f0,deletion_C_half,K05,1,True,False,0,8,0,12,0,False
deletion_C_half_s42_f0,deletion_C_half,K05,5,True,True,4,8,0,16,4,False
deletion_C_half_s42_f0,deletion_C_half,K05,10,True,True,7,8,0,20,8,False
deletion_C_half_s42_f0,deletion_C_half,K06,1,True,False,0,8,0,12,0,False
deletion_C_half_s42_f0,deletion_C_half,K06,5,True,False,6,8,0,17,5,False
deletion_C_half_s42_f0,deletion_C_half,K06,10,True,True,8,8,0,26,14,False
deletion_C_half_s42_f0,deletion_C_half,K07,1,True,False,0,8,0,12,0,False
deletion_C_half_s42_f0,deletion_C_half,K07,5,True,True,4,8,0,16,4,False
deletion_C_half_s42_f0,deletion_C_half,K07,10,True,True,6,8,0,20,8,False
deletion_C_half_s42_f0,deletion_C_half,K08,1,True,False,0,8,0,12,0,False
deletion_C_half_s42_f0,deletion_C_half,K08,5,True,True,4,8,0,16,4,False
deletion_C_half_s42_f0,deletion_C_half,K08,10,True,True,8,8,0,21,9,False
deletion_C_half_s42_f0,deletion_C_half,K09,1,True,False,0,8,0,12,0,False
deletion_C_half_s42_f0,deletion_C_half,K09,5,True,True,5,8,0,17,5,False
deletion_C_half_s42_f0,deletion_C_half,K09,10,True,True,8,8,0,25,13,False
deletion_C_target_delete_s42_f0,deletion_C_target_delete,K01,1,True,False,0,8,0,12,2,False
deletion_C_target_delete_s42_f0,deletion_C_target_delete,K01,5,True,True,4,8,0,16,6,False
deletion_C_target_delete_s42_f0,deletion_C_target_delete,K01,10,True,True,8,8,0,21,11,False
deletion_C_target_delete_s42_f0,deletion_C_target_delete,K02,1,True,False,0,8,0,12,2,False
deletion_C_target_delete_s42_f0,deletion_C_target_delete,K02,5,True,True,4,8,0,15,5,False
deletion_C_target_delete_s42_f0,deletion_C_target_delete,K02,10,True,True,7,8,0,20,10,False
deletion_C_target_delete_s42_f0,deletion_C_target_delete,K03,1,True,False,0,8,0,12,2,False
deletion_C_target_delete_s42_f0,deletion_C_target_delete,K03,5,True,False,5,8,0,17,7,False
deletion_C_target_delete_s42_f0,deletion_C_target_delete,K03,10,True,True,8,8,0,25,15,False
deletion_C_target_delete_s42_f0,deletion_C_target_delete,K04,1,True,False,0,8,0,12,2,False
deletion_C_target_delete_s42_f0,deletion_C_target_delete,K04,5,True,False,5,8,0,17,7,False
deletion_C_target_delete_s42_f0,deletion_C_target_delete,K04,10,True,True,8,8,0,24,14,False
deletion_C_target_delete_s42_f0,deletion_C_target_delete,K05,1,True,False,0,8,0,12,2,False
deletion_C_target_delete_s42_f0,deletion_C_target_delete,K05,5,True,True,4,8,0,15,5,False
deletion_C_target_delete_s42_f0,deletion_C_target_delete,K05,10,True,True,7,8,0,20,10,False
deletion_C_target_delete_s42_f0,deletion_C_target_delete,K06,1,True,False,0,8,0,12,2,False
deletion_C_target_delete_s42_f0,deletion_C_target_delete,K06,5,True,False,5,8,0,17,7,False
deletion_C_target_delete_s42_f0,deletion_C_target_delete,K06,10,True,True,8,8,0,25,15,False
deletion_C_target_delete_s42_f0,deletion_C_target_delete,K07,1,True,False,0,8,0,12,2,False
deletion_C_target_delete_s42_f0,deletion_C_target_delete,K07,5,True,True,4,8,0,15,5,False
deletion_C_target_delete_s42_f0,deletion_C_target_delete,K07,10,True,True,6,8,0,19,9,False
deletion_C_target_delete_s42_f0,deletion_C_target_delete,K08,1,True,False,0,8,0,12,2,False
deletion_C_target_delete_s42_f0,deletion_C_target_delete,K08,5,True,True,4,8,0,15,5,False
deletion_C_target_delete_s42_f0,deletion_C_target_delete,K08,10,True,True,8,8,0,20,10,False
deletion_C_target_delete_s42_f0,deletion_C_target_delete,K09,1,True,False,0,8,0,12,2,False
deletion_C_target_delete_s42_f0,deletion_C_target_delete,K09,5,True,False,5,8,0,17,7,False
deletion_C_target_delete_s42_f0,deletion_C_target_delete,K09,10,True,True,8,8,0,24,14,False
deletion_C_matched_delete_s42_f0,deletion_C_matched_delete,K01,1,True,False,1,8,0,14,2,False
deletion_C_matched_delete_s42_f0,deletion_C_matched_delete,K01,5,True,True,6,8,0,19,7,False
deletion_C_matched_delete_s42_f0,deletion_C_matched_delete,K01,10,True,True,8,8,0,28,16,False
deletion_C_matched_delete_s42_f0,deletion_C_matched_delete,K02,1,True,False,1,8,0,14,2,False
deletion_C_matched_delete_s42_f0,deletion_C_matched_delete,K02,5,True,True,5,8,0,18,6,False
deletion_C_matched_delete_s42_f0,deletion_C_matched_delete,K02,10,True,True,8,8,0,25,13,False
deletion_C_matched_delete_s42_f0,deletion_C_matched_delete,K03,1,True,False,1,8,0,14,2,False
deletion_C_matched_delete_s42_f0,deletion_C_matched_delete,K03,5,True,True,7,8,0,19,7,False
deletion_C_matched_delete_s42_f0,deletion_C_matched_delete,K03,10,True,True,8,8,0,30,18,False
deletion_C_matched_delete_s42_f0,deletion_C_matched_delete,K04,1,True,False,1,8,0,14,2,False
deletion_C_matched_delete_s42_f0,deletion_C_matched_delete,K04,5,True,True,6,8,0,19,7,False
deletion_C_matched_delete_s42_f0,deletion_C_matched_delete,K04,10,True,True,8,8,0,30,18,False
deletion_C_matched_delete_s42_f0,deletion_C_matched_delete,K05,1,True,True,0,8,0,14,2,False
deletion_C_matched_delete_s42_f0,deletion_C_matched_delete,K05,5,True,True,5,8,0,18,6,False
deletion_C_matched_delete_s42_f0,deletion_C_matched_delete,K05,10,True,True,8,8,0,25,13,False
deletion_C_matched_delete_s42_f0,deletion_C_matched_delete,K06,1,True,False,1,8,0,14,2,False
deletion_C_matched_delete_s42_f0,deletion_C_matched_delete,K06,5,True,False,7,8,0,21,9,False
deletion_C_matched_delete_s42_f0,deletion_C_matched_delete,K06,10,True,True,8,8,0,32,20,False
deletion_C_matched_delete_s42_f0,deletion_C_matched_delete,K07,1,True,False,1,8,0,14,2,False
deletion_C_matched_delete_s42_f0,deletion_C_matched_delete,K07,5,True,True,4,8,0,18,6,False
deletion_C_matched_delete_s42_f0,deletion_C_matched_delete,K07,10,True,True,8,8,0,25,13,False
deletion_C_matched_delete_s42_f0,deletion_C_matched_delete,K08,1,True,False,1,8,0,14,2,False
deletion_C_matched_delete_s42_f0,deletion_C_matched_delete,K08,5,True,True,5,8,0,18,6,False
deletion_C_matched_delete_s42_f0,deletion_C_matched_delete,K08,10,True,True,8,8,0,25,13,False
deletion_C_matched_delete_s42_f0,deletion_C_matched_delete,K09,1,True,False,1,8,0,14,2,False
deletion_C_matched_delete_s42_f0,deletion_C_matched_delete,K09,5,True,True,6,8,0,19,7,False
deletion_C_matched_delete_s42_f0,deletion_C_matched_delete,K09,10,True,True,8,8,0,30,18,False
deletion_A_keep_s42_f1,deletion_A_keep,K01,1,True,False,0,7,0,10,0,False
deletion_A_keep_s42_f1,deletion_A_keep,K01,5,True,True,4,7,0,17,7,False
deletion_A_keep_s42_f1,deletion_A_keep,K01,10,True,True,7,7,0,25,15,False
deletion_A_keep_s42_f1,deletion_A_keep,K02,1,True,False,0,7,0,10,0,False
deletion_A_keep_s42_f1,deletion_A_keep,K02,5,True,True,4,7,0,17,7,False
deletion_A_keep_s42_f1,deletion_A_keep,K02,10,True,True,7,7,0,25,15,False
deletion_A_keep_s42_f1,deletion_A_keep,K03,1,True,False,0,7,0,10,0,False
deletion_A_keep_s42_f1,deletion_A_keep,K03,5,True,False,6,7,0,19,9,False
deletion_A_keep_s42_f1,deletion_A_keep,K03,10,True,True,7,7,0,26,16,False
deletion_A_keep_s42_f1,deletion_A_keep,K04,1,True,False,0,7,0,10,0,False
deletion_A_keep_s42_f1,deletion_A_keep,K04,5,True,True,5,7,0,19,9,False
deletion_A_keep_s42_f1,deletion_A_keep,K04,10,True,True,7,7,0,26,16,False
deletion_A_keep_s42_f1,deletion_A_keep,K05,1,True,False,0,7,0,10,0,False
deletion_A_keep_s42_f1,deletion_A_keep,K05,5,True,True,4,7,0,17,7,False
deletion_A_keep_s42_f1,deletion_A_keep,K05,10,True,True,7,7,0,24,14,False
deletion_A_keep_s42_f1,deletion_A_keep,K06,1,True,False,0,7,0,10,0,False
deletion_A_keep_s42_f1,deletion_A_keep,K06,5,True,False,6,7,0,19,9,False
deletion_A_keep_s42_f1,deletion_A_keep,K06,10,True,True,7,7,0,26,16,False
deletion_A_keep_s42_f1,deletion_A_keep,K07,1,False,True,0,8,0,10,0,False
deletion_A_keep_s42_f1,deletion_A_keep,K07,5,False,True,4,8,0,15,5,False
deletion_A_keep_s42_f1,deletion_A_keep,K07,10,False,True,8,8,0,23,13,False
deletion_A_keep_s42_f1,deletion_A_keep,K08,1,True,False,0,7,0,10,0,False
deletion_A_keep_s42_f1,deletion_A_keep,K08,5,True,True,4,7,0,17,7,False
deletion_A_keep_s42_f1,deletion_A_keep,K08,10,True,True,7,7,0,25,15,False
deletion_A_keep_s42_f1,deletion_A_keep,K09,1,True,False,0,7,0,10,0,False
deletion_A_keep_s42_f1,deletion_A_keep,K09,5,True,True,4,7,0,19,9,False
deletion_A_keep_s42_f1,deletion_A_keep,K09,10,True,True,7,7,0,25,15,False
deletion_A_half_s42_f1,deletion_A_half,K01,1,True,False,0,7,0,10,0,False
deletion_A_half_s42_f1,deletion_A_half,K01,5,True,True,4,7,0,17,7,False
deletion_A_half_s42_f1,deletion_A_half,K01,10,True,True,7,7,0,25,15,False
deletion_A_half_s42_f1,deletion_A_half,K02,1,True,False,0,7,0,10,0,False
deletion_A_half_s42_f1,deletion_A_half,K02,5,True,True,4,7,0,17,7,False
deletion_A_half_s42_f1,deletion_A_half,K02,10,True,True,7,7,0,25,15,False
deletion_A_half_s42_f1,deletion_A_half,K03,1,True,False,0,7,0,11,1,False
deletion_A_half_s42_f1,deletion_A_half,K03,5,True,False,6,7,0,19,9,False
deletion_A_half_s42_f1,deletion_A_half,K03,10,True,True,7,7,0,26,16,False
deletion_A_half_s42_f1,deletion_A_half,K04,1,True,False,0,7,0,11,1,False
deletion_A_half_s42_f1,deletion_A_half,K04,5,True,True,5,7,0,19,9,False
deletion_A_half_s42_f1,deletion_A_half,K04,10,True,True,7,7,0,26,16,False
deletion_A_half_s42_f1,deletion_A_half,K05,1,True,False,0,7,0,10,0,False
deletion_A_half_s42_f1,deletion_A_half,K05,5,True,True,4,7,0,17,7,False
deletion_A_half_s42_f1,deletion_A_half,K05,10,True,True,7,7,0,24,14,False
deletion_A_half_s42_f1,deletion_A_half,K06,1,True,False,0,7,0,11,1,False
deletion_A_half_s42_f1,deletion_A_half,K06,5,True,False,6,7,0,19,9,False
deletion_A_half_s42_f1,deletion_A_half,K06,10,True,True,7,7,0,26,16,False
deletion_A_half_s42_f1,deletion_A_half,K07,1,False,True,0,8,0,10,0,False
deletion_A_half_s42_f1,deletion_A_half,K07,5,False,True,4,8,0,15,5,False
deletion_A_half_s42_f1,deletion_A_half,K07,10,False,True,8,8,0,22,12,False
deletion_A_half_s42_f1,deletion_A_half,K08,1,True,False,0,7,0,10,0,False
deletion_A_half_s42_f1,deletion_A_half,K08,5,True,True,4,7,0,17,7,False
deletion_A_half_s42_f1,deletion_A_half,K08,10,True,True,7,7,0,24,14,False
deletion_A_half_s42_f1,deletion_A_half,K09,1,True,False,0,7,0,10,0,False
deletion_A_half_s42_f1,deletion_A_half,K09,5,True,True,4,7,0,18,8,False
deletion_A_half_s42_f1,deletion_A_half,K09,10,True,True,7,7,0,25,15,False
deletion_A_target_delete_s42_f1,deletion_A_target_delete,K01,1,True,False,1,7,0,11,1,False
deletion_A_target_delete_s42_f1,deletion_A_target_delete,K01,5,True,True,4,7,0,18,8,False
deletion_A_target_delete_s42_f1,deletion_A_target_delete,K01,10,True,True,7,7,0,26,16,False
deletion_A_target_delete_s42_f1,deletion_A_target_delete,K02,1,True,False,1,7,0,11,1,False
deletion_A_target_delete_s42_f1,deletion_A_target_delete,K02,5,True,True,4,7,0,18,8,False
deletion_A_target_delete_s42_f1,deletion_A_target_delete,K02,10,True,True,7,7,0,26,16,False
deletion_A_target_delete_s42_f1,deletion_A_target_delete,K03,1,True,False,1,7,0,11,1,False
deletion_A_target_delete_s42_f1,deletion_A_target_delete,K03,5,True,True,6,7,0,19,9,False
deletion_A_target_delete_s42_f1,deletion_A_target_delete,K03,10,True,True,7,7,0,26,16,False
deletion_A_target_delete_s42_f1,deletion_A_target_delete,K04,1,True,False,1,7,0,11,1,False
deletion_A_target_delete_s42_f1,deletion_A_target_delete,K04,5,True,True,5,7,0,19,9,False
deletion_A_target_delete_s42_f1,deletion_A_target_delete,K04,10,True,True,7,7,0,26,16,False
deletion_A_target_delete_s42_f1,deletion_A_target_delete,K05,1,True,True,0,7,0,11,1,False
deletion_A_target_delete_s42_f1,deletion_A_target_delete,K05,5,True,True,4,7,0,18,8,False
deletion_A_target_delete_s42_f1,deletion_A_target_delete,K05,10,True,True,7,7,0,25,15,False
deletion_A_target_delete_s42_f1,deletion_A_target_delete,K06,1,True,False,1,7,0,11,1,False
deletion_A_target_delete_s42_f1,deletion_A_target_delete,K06,5,True,True,6,7,0,19,9,False
deletion_A_target_delete_s42_f1,deletion_A_target_delete,K06,10,True,True,7,7,0,26,16,False
deletion_A_target_delete_s42_f1,deletion_A_target_delete,K07,1,False,True,0,8,0,11,1,False
deletion_A_target_delete_s42_f1,deletion_A_target_delete,K07,5,False,True,5,8,0,17,7,False
deletion_A_target_delete_s42_f1,deletion_A_target_delete,K07,10,False,True,8,8,0,24,14,False
deletion_A_target_delete_s42_f1,deletion_A_target_delete,K08,1,True,False,1,7,0,11,1,False
deletion_A_target_delete_s42_f1,deletion_A_target_delete,K08,5,True,True,4,7,0,18,8,False
deletion_A_target_delete_s42_f1,deletion_A_target_delete,K08,10,True,True,7,7,0,26,16,False
deletion_A_target_delete_s42_f1,deletion_A_target_delete,K09,1,True,False,1,7,0,11,1,False
deletion_A_target_delete_s42_f1,deletion_A_target_delete,K09,5,True,True,4,7,0,18,8,False
deletion_A_target_delete_s42_f1,deletion_A_target_delete,K09,10,True,True,7,7,0,26,16,False
deletion_A_matched_delete_s42_f1,deletion_A_matched_delete,K01,1,True,False,1,6,0,14,2,False
deletion_A_matched_delete_s42_f1,deletion_A_matched_delete,K01,5,True,True,5,6,0,23,11,False
deletion_A_matched_delete_s42_f1,deletion_A_matched_delete,K01,10,True,True,6,6,0,28,16,False
deletion_A_matched_delete_s42_f1,deletion_A_matched_delete,K02,1,True,False,1,6,0,14,2,False
deletion_A_matched_delete_s42_f1,deletion_A_matched_delete,K02,5,True,True,5,6,0,23,11,False
deletion_A_matched_delete_s42_f1,deletion_A_matched_delete,K02,10,True,True,6,6,0,28,16,False
deletion_A_matched_delete_s42_f1,deletion_A_matched_delete,K03,1,True,False,1,6,0,14,2,False
deletion_A_matched_delete_s42_f1,deletion_A_matched_delete,K03,5,True,True,6,6,0,23,11,False
deletion_A_matched_delete_s42_f1,deletion_A_matched_delete,K03,10,True,True,6,6,0,29,17,False
deletion_A_matched_delete_s42_f1,deletion_A_matched_delete,K04,1,True,False,1,6,0,14,2,False
deletion_A_matched_delete_s42_f1,deletion_A_matched_delete,K04,5,True,True,6,6,0,23,11,False
deletion_A_matched_delete_s42_f1,deletion_A_matched_delete,K04,10,True,True,6,6,0,28,16,False
deletion_A_matched_delete_s42_f1,deletion_A_matched_delete,K05,1,False,True,1,7,0,14,2,False
deletion_A_matched_delete_s42_f1,deletion_A_matched_delete,K05,5,False,True,6,7,0,22,10,False
deletion_A_matched_delete_s42_f1,deletion_A_matched_delete,K05,10,False,True,7,7,0,28,16,False
deletion_A_matched_delete_s42_f1,deletion_A_matched_delete,K06,1,True,False,1,6,0,14,2,False
deletion_A_matched_delete_s42_f1,deletion_A_matched_delete,K06,5,True,True,6,6,0,24,12,False
deletion_A_matched_delete_s42_f1,deletion_A_matched_delete,K06,10,True,True,6,6,0,29,17,False
deletion_A_matched_delete_s42_f1,deletion_A_matched_delete,K07,1,False,True,1,7,0,14,2,False
deletion_A_matched_delete_s42_f1,deletion_A_matched_delete,K07,5,False,True,4,7,0,20,8,False
deletion_A_matched_delete_s42_f1,deletion_A_matched_delete,K07,10,False,True,7,7,0,26,14,False
deletion_A_matched_delete_s42_f1,deletion_A_matched_delete,K08,1,True,True,0,6,0,14,2,False
deletion_A_matched_delete_s42_f1,deletion_A_matched_delete,K08,5,True,True,5,6,0,23,11,False
deletion_A_matched_delete_s42_f1,deletion_A_matched_delete,K08,10,True,True,6,6,0,28,16,False
deletion_A_matched_delete_s42_f1,deletion_A_matched_delete,K09,1,True,False,1,6,0,14,2,False
deletion_A_matched_delete_s42_f1,deletion_A_matched_delete,K09,5,True,True,6,6,0,23,11,False
deletion_A_matched_delete_s42_f1,deletion_A_matched_delete,K09,10,True,True,6,6,0,28,16,False
deletion_C_keep_s42_f1,deletion_C_keep,K01,1,True,False,1,7,0,13,1,False
deletion_C_keep_s42_f1,deletion_C_keep,K01,5,True,True,6,7,0,23,11,False
deletion_C_keep_s42_f1,deletion_C_keep,K01,10,True,True,7,7,0,29,17,False
deletion_C_keep_s42_f1,deletion_C_keep,K02,1,True,False,1,7,0,13,1,False
deletion_C_keep_s42_f1,deletion_C_keep,K02,5,True,True,6,7,0,23,11,False
deletion_C_keep_s42_f1,deletion_C_keep,K02,10,True,True,7,7,0,29,17,False
deletion_C_keep_s42_f1,deletion_C_keep,K03,1,True,False,2,7,0,14,2,False
deletion_C_keep_s42_f1,deletion_C_keep,K03,5,True,True,7,7,0,23,11,False
deletion_C_keep_s42_f1,deletion_C_keep,K03,10,True,True,7,7,0,30,18,False
deletion_C_keep_s42_f1,deletion_C_keep,K04,1,True,False,2,7,0,14,2,False
deletion_C_keep_s42_f1,deletion_C_keep,K04,5,True,True,7,7,0,23,11,False
deletion_C_keep_s42_f1,deletion_C_keep,K04,10,True,True,7,7,0,30,18,False
deletion_C_keep_s42_f1,deletion_C_keep,K05,1,True,True,0,7,0,13,1,False
deletion_C_keep_s42_f1,deletion_C_keep,K05,5,True,True,6,7,0,23,11,False
deletion_C_keep_s42_f1,deletion_C_keep,K05,10,True,True,7,7,0,29,17,False
deletion_C_keep_s42_f1,deletion_C_keep,K06,1,True,False,2,7,0,14,2,False
deletion_C_keep_s42_f1,deletion_C_keep,K06,5,True,True,7,7,0,23,11,False
deletion_C_keep_s42_f1,deletion_C_keep,K06,10,True,True,7,7,0,30,18,False
deletion_C_keep_s42_f1,deletion_C_keep,K07,1,False,True,1,8,0,13,1,False
deletion_C_keep_s42_f1,deletion_C_keep,K07,5,False,True,5,8,0,21,9,False
deletion_C_keep_s42_f1,deletion_C_keep,K07,10,False,True,8,8,0,29,17,False
deletion_C_keep_s42_f1,deletion_C_keep,K08,1,True,False,1,7,0,13,1,False
deletion_C_keep_s42_f1,deletion_C_keep,K08,5,True,True,6,7,0,23,11,False
deletion_C_keep_s42_f1,deletion_C_keep,K08,10,True,True,7,7,0,29,17,False
deletion_C_keep_s42_f1,deletion_C_keep,K09,1,True,False,1,7,0,14,2,False
deletion_C_keep_s42_f1,deletion_C_keep,K09,5,True,True,6,7,0,23,11,False
deletion_C_keep_s42_f1,deletion_C_keep,K09,10,True,True,7,7,0,30,18,False
deletion_C_half_s42_f1,deletion_C_half,K01,1,True,False,1,7,0,13,2,False
deletion_C_half_s42_f1,deletion_C_half,K01,5,True,True,6,7,0,23,12,False
deletion_C_half_s42_f1,deletion_C_half,K01,10,True,True,7,7,0,29,18,False
deletion_C_half_s42_f1,deletion_C_half,K02,1,True,False,1,7,0,13,2,False
deletion_C_half_s42_f1,deletion_C_half,K02,5,True,True,5,7,0,23,12,False
deletion_C_half_s42_f1,deletion_C_half,K02,10,True,True,7,7,0,29,18,False
deletion_C_half_s42_f1,deletion_C_half,K03,1,True,False,1,7,0,13,2,False
deletion_C_half_s42_f1,deletion_C_half,K03,5,True,True,7,7,0,23,12,False
deletion_C_half_s42_f1,deletion_C_half,K03,10,True,True,7,7,0,30,19,False
deletion_C_half_s42_f1,deletion_C_half,K04,1,True,False,1,7,0,13,2,False
deletion_C_half_s42_f1,deletion_C_half,K04,5,True,True,6,7,0,23,12,False
deletion_C_half_s42_f1,deletion_C_half,K04,10,True,True,7,7,0,30,19,False
deletion_C_half_s42_f1,deletion_C_half,K05,1,True,True,0,7,0,13,2,False
deletion_C_half_s42_f1,deletion_C_half,K05,5,True,True,5,7,0,23,12,False
deletion_C_half_s42_f1,deletion_C_half,K05,10,True,True,7,7,0,29,18,False
deletion_C_half_s42_f1,deletion_C_half,K06,1,True,False,1,7,0,13,2,False
deletion_C_half_s42_f1,deletion_C_half,K06,5,True,True,7,7,0,23,12,False
deletion_C_half_s42_f1,deletion_C_half,K06,10,True,True,7,7,0,30,19,False
deletion_C_half_s42_f1,deletion_C_half,K07,1,False,True,1,8,0,13,2,False
deletion_C_half_s42_f1,deletion_C_half,K07,5,False,True,5,8,0,21,10,False
deletion_C_half_s42_f1,deletion_C_half,K07,10,False,True,8,8,0,28,17,False
deletion_C_half_s42_f1,deletion_C_half,K08,1,True,False,1,7,0,13,2,False
deletion_C_half_s42_f1,deletion_C_half,K08,5,True,True,5,7,0,23,12,False
deletion_C_half_s42_f1,deletion_C_half,K08,10,True,True,7,7,0,29,18,False
deletion_C_half_s42_f1,deletion_C_half,K09,1,True,False,1,7,0,13,2,False
deletion_C_half_s42_f1,deletion_C_half,K09,5,True,True,6,7,0,23,12,False
deletion_C_half_s42_f1,deletion_C_half,K09,10,True,True,7,7,0,30,19,False
deletion_C_target_delete_s42_f1,deletion_C_target_delete,K01,1,True,False,1,7,0,13,1,False
deletion_C_target_delete_s42_f1,deletion_C_target_delete,K01,5,True,True,5,7,0,23,11,False
deletion_C_target_delete_s42_f1,deletion_C_target_delete,K01,10,True,True,7,7,0,28,16,False
deletion_C_target_delete_s42_f1,deletion_C_target_delete,K02,1,True,False,1,7,0,13,1,False
deletion_C_target_delete_s42_f1,deletion_C_target_delete,K02,5,True,True,5,7,0,23,11,False
deletion_C_target_delete_s42_f1,deletion_C_target_delete,K02,10,True,True,7,7,0,28,16,False
deletion_C_target_delete_s42_f1,deletion_C_target_delete,K03,1,True,False,1,7,0,13,1,False
deletion_C_target_delete_s42_f1,deletion_C_target_delete,K03,5,True,True,7,7,0,23,11,False
deletion_C_target_delete_s42_f1,deletion_C_target_delete,K03,10,True,True,7,7,0,29,17,False
deletion_C_target_delete_s42_f1,deletion_C_target_delete,K04,1,True,False,1,7,0,13,1,False
deletion_C_target_delete_s42_f1,deletion_C_target_delete,K04,5,True,True,6,7,0,23,11,False
deletion_C_target_delete_s42_f1,deletion_C_target_delete,K04,10,True,True,7,7,0,29,17,False
deletion_C_target_delete_s42_f1,deletion_C_target_delete,K05,1,True,True,0,7,0,13,1,False
deletion_C_target_delete_s42_f1,deletion_C_target_delete,K05,5,True,True,5,7,0,22,10,False
deletion_C_target_delete_s42_f1,deletion_C_target_delete,K05,10,True,True,7,7,0,28,16,False
deletion_C_target_delete_s42_f1,deletion_C_target_delete,K06,1,True,False,2,7,0,13,1,False
deletion_C_target_delete_s42_f1,deletion_C_target_delete,K06,5,True,True,7,7,0,23,11,False
deletion_C_target_delete_s42_f1,deletion_C_target_delete,K06,10,True,True,7,7,0,29,17,False
deletion_C_target_delete_s42_f1,deletion_C_target_delete,K07,1,False,True,1,8,0,13,1,False
deletion_C_target_delete_s42_f1,deletion_C_target_delete,K07,5,False,True,5,8,0,22,10,False
deletion_C_target_delete_s42_f1,deletion_C_target_delete,K07,10,False,True,8,8,0,27,15,False
deletion_C_target_delete_s42_f1,deletion_C_target_delete,K08,1,True,False,1,7,0,13,1,False
deletion_C_target_delete_s42_f1,deletion_C_target_delete,K08,5,True,True,5,7,0,22,10,False
deletion_C_target_delete_s42_f1,deletion_C_target_delete,K08,10,True,True,7,7,0,28,16,False
deletion_C_target_delete_s42_f1,deletion_C_target_delete,K09,1,True,False,1,7,0,13,1,False
deletion_C_target_delete_s42_f1,deletion_C_target_delete,K09,5,True,True,6,7,0,23,11,False
deletion_C_target_delete_s42_f1,deletion_C_target_delete,K09,10,True,True,7,7,0,29,17,False
deletion_C_matched_delete_s42_f1,deletion_C_matched_delete,K01,1,True,True,1,5,0,21,5,False
deletion_C_matched_delete_s42_f1,deletion_C_matched_delete,K01,5,True,True,5,5,0,28,12,False
deletion_C_matched_delete_s42_f1,deletion_C_matched_delete,K01,10,True,True,5,5,0,30,14,False
deletion_C_matched_delete_s42_f1,deletion_C_matched_delete,K02,1,True,True,1,5,0,21,5,False
deletion_C_matched_delete_s42_f1,deletion_C_matched_delete,K02,5,True,True,5,5,0,28,12,False
deletion_C_matched_delete_s42_f1,deletion_C_matched_delete,K02,10,True,True,5,5,0,30,14,False
deletion_C_matched_delete_s42_f1,deletion_C_matched_delete,K03,1,True,False,2,5,0,21,5,False
deletion_C_matched_delete_s42_f1,deletion_C_matched_delete,K03,5,True,True,5,5,0,29,13,False
deletion_C_matched_delete_s42_f1,deletion_C_matched_delete,K03,10,True,True,5,5,0,33,17,False
deletion_C_matched_delete_s42_f1,deletion_C_matched_delete,K04,1,True,False,2,5,0,21,5,False
deletion_C_matched_delete_s42_f1,deletion_C_matched_delete,K04,5,True,True,5,5,0,29,13,False
deletion_C_matched_delete_s42_f1,deletion_C_matched_delete,K04,10,True,True,5,5,0,32,16,False
deletion_C_matched_delete_s42_f1,deletion_C_matched_delete,K05,1,False,True,2,6,0,20,4,False
deletion_C_matched_delete_s42_f1,deletion_C_matched_delete,K05,5,False,True,6,6,0,27,11,False
deletion_C_matched_delete_s42_f1,deletion_C_matched_delete,K05,10,False,True,6,6,0,30,14,False
deletion_C_matched_delete_s42_f1,deletion_C_matched_delete,K06,1,True,False,2,5,0,21,5,False
deletion_C_matched_delete_s42_f1,deletion_C_matched_delete,K06,5,True,True,5,5,0,29,13,False
deletion_C_matched_delete_s42_f1,deletion_C_matched_delete,K06,10,True,True,5,5,0,35,19,False
deletion_C_matched_delete_s42_f1,deletion_C_matched_delete,K07,1,False,True,2,6,0,20,4,False
deletion_C_matched_delete_s42_f1,deletion_C_matched_delete,K07,5,False,True,6,6,0,24,8,False
deletion_C_matched_delete_s42_f1,deletion_C_matched_delete,K07,10,False,True,6,6,0,30,14,False
deletion_C_matched_delete_s42_f1,deletion_C_matched_delete,K08,1,False,True,2,6,0,20,4,False
deletion_C_matched_delete_s42_f1,deletion_C_matched_delete,K08,5,False,True,6,6,0,28,12,False
deletion_C_matched_delete_s42_f1,deletion_C_matched_delete,K08,10,False,True,6,6,0,30,14,False
deletion_C_matched_delete_s42_f1,deletion_C_matched_delete,K09,1,True,False,2,5,0,21,5,False
deletion_C_matched_delete_s42_f1,deletion_C_matched_delete,K09,5,True,True,5,5,0,28,12,False
deletion_C_matched_delete_s42_f1,deletion_C_matched_delete,K09,10,True,True,5,5,0,30,14,False
deletion_A_keep_s42_f2,deletion_A_keep,K01,1,False,True,1,2,0,17,0,True
deletion_A_keep_s42_f2,deletion_A_keep,K01,5,False,True,2,2,0,23,6,False
deletion_A_keep_s42_f2,deletion_A_keep,K01,10,False,True,2,2,0,33,16,False
deletion_A_keep_s42_f2,deletion_A_keep,K02,1,False,True,1,2,0,17,0,True
deletion_A_keep_s42_f2,deletion_A_keep,K02,5,False,True,2,2,0,23,6,False
deletion_A_keep_s42_f2,deletion_A_keep,K02,10,False,True,2,2,0,33,16,False
deletion_A_keep_s42_f2,deletion_A_keep,K03,1,True,True,0,1,0,17,0,False
deletion_A_keep_s42_f2,deletion_A_keep,K03,5,True,True,1,1,0,24,7,False
deletion_A_keep_s42_f2,deletion_A_keep,K03,10,True,True,1,1,0,40,23,False
deletion_A_keep_s42_f2,deletion_A_keep,K04,1,False,True,1,2,0,17,0,True
deletion_A_keep_s42_f2,deletion_A_keep,K04,5,False,True,2,2,0,24,7,False
deletion_A_keep_s42_f2,deletion_A_keep,K04,10,False,True,2,2,0,38,21,False
deletion_A_keep_s42_f2,deletion_A_keep,K05,1,False,True,1,2,0,17,0,True
deletion_A_keep_s42_f2,deletion_A_keep,K05,5,False,True,2,2,0,22,5,False
deletion_A_keep_s42_f2,deletion_A_keep,K05,10,False,True,2,2,0,31,14,False
deletion_A_keep_s42_f2,deletion_A_keep,K06,1,True,False,1,1,0,17,0,True
deletion_A_keep_s42_f2,deletion_A_keep,K06,5,True,True,1,1,0,25,8,False
deletion_A_keep_s42_f2,deletion_A_keep,K06,10,True,True,1,1,0,41,24,False
deletion_A_keep_s42_f2,deletion_A_keep,K07,1,False,True,1,2,0,17,0,True
deletion_A_keep_s42_f2,deletion_A_keep,K07,5,False,True,2,2,0,22,5,False
deletion_A_keep_s42_f2,deletion_A_keep,K07,10,False,True,2,2,0,31,14,False
deletion_A_keep_s42_f2,deletion_A_keep,K08,1,False,True,1,2,0,17,0,True
deletion_A_keep_s42_f2,deletion_A_keep,K08,5,False,True,2,2,0,23,6,False
deletion_A_keep_s42_f2,deletion_A_keep,K08,10,False,True,2,2,0,33,16,False
deletion_A_keep_s42_f2,deletion_A_keep,K09,1,False,True,1,2,0,17,0,True
deletion_A_keep_s42_f2,deletion_A_keep,K09,5,False,True,2,2,0,23,6,False
deletion_A_keep_s42_f2,deletion_A_keep,K09,10,False,True,2,2,0,37,20,False
deletion_A_half_s42_f2,deletion_A_half,K01,1,False,True,1,2,0,17,0,True
deletion_A_half_s42_f2,deletion_A_half,K01,5,False,True,2,2,0,23,6,False
deletion_A_half_s42_f2,deletion_A_half,K01,10,False,True,2,2,0,34,17,False
deletion_A_half_s42_f2,deletion_A_half,K02,1,False,True,1,2,0,17,0,True
deletion_A_half_s42_f2,deletion_A_half,K02,5,False,True,2,2,0,23,6,False
deletion_A_half_s42_f2,deletion_A_half,K02,10,False,True,2,2,0,34,17,False
deletion_A_half_s42_f2,deletion_A_half,K03,1,True,True,0,1,0,17,0,False
deletion_A_half_s42_f2,deletion_A_half,K03,5,True,True,1,1,0,25,8,False
deletion_A_half_s42_f2,deletion_A_half,K03,10,True,True,1,1,0,41,24,False
deletion_A_half_s42_f2,deletion_A_half,K04,1,False,True,1,2,0,17,0,True
deletion_A_half_s42_f2,deletion_A_half,K04,5,False,True,2,2,0,24,7,False
deletion_A_half_s42_f2,deletion_A_half,K04,10,False,True,2,2,0,38,21,False
deletion_A_half_s42_f2,deletion_A_half,K05,1,False,True,1,2,0,17,0,True
deletion_A_half_s42_f2,deletion_A_half,K05,5,False,True,2,2,0,23,6,False
deletion_A_half_s42_f2,deletion_A_half,K05,10,False,True,2,2,0,33,16,False
deletion_A_half_s42_f2,deletion_A_half,K06,1,True,False,1,1,0,17,0,True
deletion_A_half_s42_f2,deletion_A_half,K06,5,True,True,1,1,0,28,11,False
deletion_A_half_s42_f2,deletion_A_half,K06,10,True,True,1,1,0,42,25,False
deletion_A_half_s42_f2,deletion_A_half,K07,1,False,True,1,2,0,17,0,True
deletion_A_half_s42_f2,deletion_A_half,K07,5,False,True,2,2,0,22,5,False
deletion_A_half_s42_f2,deletion_A_half,K07,10,False,True,2,2,0,31,14,False
deletion_A_half_s42_f2,deletion_A_half,K08,1,False,True,1,2,0,17,0,True
deletion_A_half_s42_f2,deletion_A_half,K08,5,False,True,2,2,0,23,6,False
deletion_A_half_s42_f2,deletion_A_half,K08,10,False,True,2,2,0,33,16,False
deletion_A_half_s42_f2,deletion_A_half,K09,1,False,True,1,2,0,17,0,True
deletion_A_half_s42_f2,deletion_A_half,K09,5,False,True,2,2,0,24,7,False
deletion_A_half_s42_f2,deletion_A_half,K09,10,False,True,2,2,0,38,21,False
deletion_A_target_delete_s42_f2,deletion_A_target_delete,K01,1,False,True,0,1,0,18,1,False
deletion_A_target_delete_s42_f2,deletion_A_target_delete,K01,5,False,True,1,1,0,25,8,False
deletion_A_target_delete_s42_f2,deletion_A_target_delete,K01,10,False,True,1,1,0,37,20,False
deletion_A_target_delete_s42_f2,deletion_A_target_delete,K02,1,False,True,0,1,0,18,1,False
deletion_A_target_delete_s42_f2,deletion_A_target_delete,K02,5,False,True,1,1,0,24,7,False
deletion_A_target_delete_s42_f2,deletion_A_target_delete,K02,10,False,True,1,1,0,34,17,False
deletion_A_target_delete_s42_f2,deletion_A_target_delete,K03,1,False,True,0,1,0,18,1,False
deletion_A_target_delete_s42_f2,deletion_A_target_delete,K03,5,False,True,1,1,0,29,12,False
deletion_A_target_delete_s42_f2,deletion_A_target_delete,K03,10,False,True,1,1,0,42,25,False
deletion_A_target_delete_s42_f2,deletion_A_target_delete,K04,1,False,True,0,1,0,18,1,False
deletion_A_target_delete_s42_f2,deletion_A_target_delete,K04,5,False,True,1,1,0,27,10,False
deletion_A_target_delete_s42_f2,deletion_A_target_delete,K04,10,False,True,1,1,0,40,23,False
deletion_A_target_delete_s42_f2,deletion_A_target_delete,K05,1,False,True,0,1,0,17,0,False
deletion_A_target_delete_s42_f2,deletion_A_target_delete,K05,5,False,True,1,1,0,23,6,False
deletion_A_target_delete_s42_f2,deletion_A_target_delete,K05,10,False,True,1,1,0,34,17,False
deletion_A_target_delete_s42_f2,deletion_A_target_delete,K06,1,True,True,0,0,0,18,1,False
deletion_A_target_delete_s42_f2,deletion_A_target_delete,K06,5,True,True,0,0,0,30,13,False
deletion_A_target_delete_s42_f2,deletion_A_target_delete,K06,10,True,True,0,0,0,44,27,False
deletion_A_target_delete_s42_f2,deletion_A_target_delete,K07,1,False,True,0,1,0,17,0,False
deletion_A_target_delete_s42_f2,deletion_A_target_delete,K07,5,False,True,1,1,0,23,6,False
deletion_A_target_delete_s42_f2,deletion_A_target_delete,K07,10,False,True,1,1,0,33,16,False
deletion_A_target_delete_s42_f2,deletion_A_target_delete,K08,1,False,True,0,1,0,18,1,False
deletion_A_target_delete_s42_f2,deletion_A_target_delete,K08,5,False,True,1,1,0,24,7,False
deletion_A_target_delete_s42_f2,deletion_A_target_delete,K08,10,False,True,1,1,0,34,17,False
deletion_A_target_delete_s42_f2,deletion_A_target_delete,K09,1,False,True,0,1,0,18,1,False
deletion_A_target_delete_s42_f2,deletion_A_target_delete,K09,5,False,True,1,1,0,27,10,False
deletion_A_target_delete_s42_f2,deletion_A_target_delete,K09,10,False,True,1,1,0,41,24,False
deletion_A_matched_delete_s42_f2,deletion_A_matched_delete,K01,1,False,True,0,0,0,27,2,False
deletion_A_matched_delete_s42_f2,deletion_A_matched_delete,K01,5,False,True,0,0,0,40,15,False
deletion_A_matched_delete_s42_f2,deletion_A_matched_delete,K01,10,False,True,0,0,0,56,31,False
deletion_A_matched_delete_s42_f2,deletion_A_matched_delete,K02,1,False,True,0,0,0,26,1,False
deletion_A_matched_delete_s42_f2,deletion_A_matched_delete,K02,5,False,True,0,0,0,40,15,False
deletion_A_matched_delete_s42_f2,deletion_A_matched_delete,K02,10,False,True,0,0,0,56,31,False
deletion_A_matched_delete_s42_f2,deletion_A_matched_delete,K03,1,False,True,0,0,0,27,2,False
deletion_A_matched_delete_s42_f2,deletion_A_matched_delete,K03,5,False,True,0,0,0,42,17,False
deletion_A_matched_delete_s42_f2,deletion_A_matched_delete,K03,10,False,True,0,0,0,60,35,False
deletion_A_matched_delete_s42_f2,deletion_A_matched_delete,K04,1,False,True,0,0,0,27,2,False
deletion_A_matched_delete_s42_f2,deletion_A_matched_delete,K04,5,False,True,0,0,0,41,16,False
deletion_A_matched_delete_s42_f2,deletion_A_matched_delete,K04,10,False,True,0,0,0,57,32,False
deletion_A_matched_delete_s42_f2,deletion_A_matched_delete,K05,1,False,True,0,0,0,26,1,False
deletion_A_matched_delete_s42_f2,deletion_A_matched_delete,K05,5,False,True,0,0,0,38,13,False
deletion_A_matched_delete_s42_f2,deletion_A_matched_delete,K05,10,False,True,0,0,0,52,27,False
deletion_A_matched_delete_s42_f2,deletion_A_matched_delete,K06,1,False,True,0,0,0,28,3,False
deletion_A_matched_delete_s42_f2,deletion_A_matched_delete,K06,5,False,True,0,0,0,43,18,False
deletion_A_matched_delete_s42_f2,deletion_A_matched_delete,K06,10,False,True,0,0,0,63,38,False
deletion_A_matched_delete_s42_f2,deletion_A_matched_delete,K07,1,False,True,0,0,0,26,1,False
deletion_A_matched_delete_s42_f2,deletion_A_matched_delete,K07,5,False,True,0,0,0,36,11,False
deletion_A_matched_delete_s42_f2,deletion_A_matched_delete,K07,10,False,True,0,0,0,48,23,False
deletion_A_matched_delete_s42_f2,deletion_A_matched_delete,K08,1,False,True,0,0,0,27,2,False
deletion_A_matched_delete_s42_f2,deletion_A_matched_delete,K08,5,False,True,0,0,0,40,15,False
deletion_A_matched_delete_s42_f2,deletion_A_matched_delete,K08,10,False,True,0,0,0,56,31,False
deletion_A_matched_delete_s42_f2,deletion_A_matched_delete,K09,1,False,True,0,0,0,27,2,False
deletion_A_matched_delete_s42_f2,deletion_A_matched_delete,K09,5,False,True,0,0,0,41,16,False
deletion_A_matched_delete_s42_f2,deletion_A_matched_delete,K09,10,False,True,0,0,0,57,32,False
deletion_C_keep_s42_f2,deletion_C_keep,K01,1,False,True,1,2,0,19,2,False
deletion_C_keep_s42_f2,deletion_C_keep,K01,5,False,True,2,2,0,25,8,False
deletion_C_keep_s42_f2,deletion_C_keep,K01,10,False,True,2,2,0,38,21,False
deletion_C_keep_s42_f2,deletion_C_keep,K02,1,False,True,1,2,0,19,2,False
deletion_C_keep_s42_f2,deletion_C_keep,K02,5,False,True,2,2,0,24,7,False
deletion_C_keep_s42_f2,deletion_C_keep,K02,10,False,True,2,2,0,38,21,False
deletion_C_keep_s42_f2,deletion_C_keep,K03,1,True,True,0,1,0,20,3,False
deletion_C_keep_s42_f2,deletion_C_keep,K03,5,True,True,1,1,0,28,11,False
deletion_C_keep_s42_f2,deletion_C_keep,K03,10,True,True,1,1,0,41,24,False
deletion_C_keep_s42_f2,deletion_C_keep,K04,1,False,True,1,2,0,20,3,False
deletion_C_keep_s42_f2,deletion_C_keep,K04,5,False,True,2,2,0,28,11,False
deletion_C_keep_s42_f2,deletion_C_keep,K04,10,False,True,2,2,0,41,24,False
deletion_C_keep_s42_f2,deletion_C_keep,K05,1,False,True,1,2,0,19,2,False
deletion_C_keep_s42_f2,deletion_C_keep,K05,5,False,True,2,2,0,24,7,False
deletion_C_keep_s42_f2,deletion_C_keep,K05,10,False,True,2,2,0,35,18,False
deletion_C_keep_s42_f2,deletion_C_keep,K06,1,True,False,1,1,0,20,3,False
deletion_C_keep_s42_f2,deletion_C_keep,K06,5,True,True,1,1,0,30,13,False
deletion_C_keep_s42_f2,deletion_C_keep,K06,10,True,True,1,1,0,44,27,False
deletion_C_keep_s42_f2,deletion_C_keep,K07,1,False,True,1,2,0,19,2,False
deletion_C_keep_s42_f2,deletion_C_keep,K07,5,False,True,2,2,0,24,7,False
deletion_C_keep_s42_f2,deletion_C_keep,K07,10,False,True,2,2,0,34,17,False
deletion_C_keep_s42_f2,deletion_C_keep,K08,1,False,True,1,2,0,19,2,False
deletion_C_keep_s42_f2,deletion_C_keep,K08,5,False,True,2,2,0,24,7,False
deletion_C_keep_s42_f2,deletion_C_keep,K08,10,False,True,2,2,0,38,21,False
deletion_C_keep_s42_f2,deletion_C_keep,K09,1,False,True,1,2,0,20,3,False
deletion_C_keep_s42_f2,deletion_C_keep,K09,5,False,True,2,2,0,28,11,False
deletion_C_keep_s42_f2,deletion_C_keep,K09,10,False,True,2,2,0,41,24,False
deletion_C_half_s42_f2,deletion_C_half,K01,1,False,True,1,2,0,19,2,False
deletion_C_half_s42_f2,deletion_C_half,K01,5,False,True,2,2,0,25,8,False
deletion_C_half_s42_f2,deletion_C_half,K01,10,False,True,2,2,0,38,21,False
deletion_C_half_s42_f2,deletion_C_half,K02,1,False,True,1,2,0,19,2,False
deletion_C_half_s42_f2,deletion_C_half,K02,5,False,True,2,2,0,24,7,False
deletion_C_half_s42_f2,deletion_C_half,K02,10,False,True,2,2,0,38,21,False
deletion_C_half_s42_f2,deletion_C_half,K03,1,True,True,0,1,0,20,3,False
deletion_C_half_s42_f2,deletion_C_half,K03,5,True,True,1,1,0,29,12,False
deletion_C_half_s42_f2,deletion_C_half,K03,10,True,True,1,1,0,41,24,False
deletion_C_half_s42_f2,deletion_C_half,K04,1,False,True,1,2,0,20,3,False
deletion_C_half_s42_f2,deletion_C_half,K04,5,False,True,2,2,0,28,11,False
deletion_C_half_s42_f2,deletion_C_half,K04,10,False,True,2,2,0,41,24,False
deletion_C_half_s42_f2,deletion_C_half,K05,1,False,True,1,2,0,19,2,False
deletion_C_half_s42_f2,deletion_C_half,K05,5,False,True,2,2,0,24,7,False
deletion_C_half_s42_f2,deletion_C_half,K05,10,False,True,2,2,0,34,17,False
deletion_C_half_s42_f2,deletion_C_half,K06,1,True,False,1,1,0,20,3,False
deletion_C_half_s42_f2,deletion_C_half,K06,5,True,True,1,1,0,31,14,False
deletion_C_half_s42_f2,deletion_C_half,K06,10,True,True,1,1,0,44,27,False
deletion_C_half_s42_f2,deletion_C_half,K07,1,False,True,1,2,0,19,2,False
deletion_C_half_s42_f2,deletion_C_half,K07,5,False,True,2,2,0,24,7,False
deletion_C_half_s42_f2,deletion_C_half,K07,10,False,True,2,2,0,34,17,False
deletion_C_half_s42_f2,deletion_C_half,K08,1,False,True,1,2,0,19,2,False
deletion_C_half_s42_f2,deletion_C_half,K08,5,False,True,2,2,0,24,7,False
deletion_C_half_s42_f2,deletion_C_half,K08,10,False,True,2,2,0,37,20,False
deletion_C_half_s42_f2,deletion_C_half,K09,1,False,True,1,2,0,20,3,False
deletion_C_half_s42_f2,deletion_C_half,K09,5,False,True,2,2,0,28,11,False
deletion_C_half_s42_f2,deletion_C_half,K09,10,False,True,2,2,0,41,24,False
deletion_C_target_delete_s42_f2,deletion_C_target_delete,K01,1,False,True,0,1,0,20,4,False
deletion_C_target_delete_s42_f2,deletion_C_target_delete,K01,5,False,True,1,1,0,26,10,False
deletion_C_target_delete_s42_f2,deletion_C_target_delete,K01,10,False,True,1,1,0,41,25,False
deletion_C_target_delete_s42_f2,deletion_C_target_delete,K02,1,False,True,0,1,0,20,4,False
deletion_C_target_delete_s42_f2,deletion_C_target_delete,K02,5,False,True,1,1,0,25,9,False
deletion_C_target_delete_s42_f2,deletion_C_target_delete,K02,10,False,True,1,1,0,36,20,False
deletion_C_target_delete_s42_f2,deletion_C_target_delete,K03,1,False,True,0,1,0,20,4,False
deletion_C_target_delete_s42_f2,deletion_C_target_delete,K03,5,False,True,1,1,0,29,13,False
deletion_C_target_delete_s42_f2,deletion_C_target_delete,K03,10,False,True,1,1,0,41,25,False
deletion_C_target_delete_s42_f2,deletion_C_target_delete,K04,1,False,True,0,1,0,20,4,False
deletion_C_target_delete_s42_f2,deletion_C_target_delete,K04,5,False,True,1,1,0,28,12,False
deletion_C_target_delete_s42_f2,deletion_C_target_delete,K04,10,False,True,1,1,0,41,25,False
deletion_C_target_delete_s42_f2,deletion_C_target_delete,K05,1,False,True,0,1,0,19,3,False
deletion_C_target_delete_s42_f2,deletion_C_target_delete,K05,5,False,True,1,1,0,25,9,False
deletion_C_target_delete_s42_f2,deletion_C_target_delete,K05,10,False,True,1,1,0,34,18,False
deletion_C_target_delete_s42_f2,deletion_C_target_delete,K06,1,True,False,0,0,0,20,4,False
deletion_C_target_delete_s42_f2,deletion_C_target_delete,K06,5,True,True,0,0,0,31,15,False
deletion_C_target_delete_s42_f2,deletion_C_target_delete,K06,10,True,True,0,0,0,44,28,False
deletion_C_target_delete_s42_f2,deletion_C_target_delete,K07,1,False,True,0,1,0,19,3,False
deletion_C_target_delete_s42_f2,deletion_C_target_delete,K07,5,False,True,1,1,0,24,8,False
deletion_C_target_delete_s42_f2,deletion_C_target_delete,K07,10,False,True,1,1,0,33,17,False
deletion_C_target_delete_s42_f2,deletion_C_target_delete,K08,1,False,True,0,1,0,20,4,False
deletion_C_target_delete_s42_f2,deletion_C_target_delete,K08,5,False,True,1,1,0,25,9,False
deletion_C_target_delete_s42_f2,deletion_C_target_delete,K08,10,False,True,1,1,0,36,20,False
deletion_C_target_delete_s42_f2,deletion_C_target_delete,K09,1,False,True,0,1,0,20,4,False
deletion_C_target_delete_s42_f2,deletion_C_target_delete,K09,5,False,True,1,1,0,28,12,False
deletion_C_target_delete_s42_f2,deletion_C_target_delete,K09,10,False,True,1,1,0,41,25,False
deletion_C_matched_delete_s42_f2,deletion_C_matched_delete,K01,1,False,True,0,1,0,19,2,False
deletion_C_matched_delete_s42_f2,deletion_C_matched_delete,K01,5,False,True,1,1,0,30,13,False
deletion_C_matched_delete_s42_f2,deletion_C_matched_delete,K01,10,False,True,1,1,0,41,24,False
deletion_C_matched_delete_s42_f2,deletion_C_matched_delete,K02,1,False,True,0,1,0,19,2,False
deletion_C_matched_delete_s42_f2,deletion_C_matched_delete,K02,5,False,True,1,1,0,30,13,False
deletion_C_matched_delete_s42_f2,deletion_C_matched_delete,K02,10,False,True,1,1,0,41,24,False
deletion_C_matched_delete_s42_f2,deletion_C_matched_delete,K03,1,False,True,0,1,0,20,3,False
deletion_C_matched_delete_s42_f2,deletion_C_matched_delete,K03,5,False,True,1,1,0,31,14,False
deletion_C_matched_delete_s42_f2,deletion_C_matched_delete,K03,10,False,True,1,1,0,44,27,False
deletion_C_matched_delete_s42_f2,deletion_C_matched_delete,K04,1,False,True,0,1,0,20,3,False
deletion_C_matched_delete_s42_f2,deletion_C_matched_delete,K04,5,False,True,1,1,0,31,14,False
deletion_C_matched_delete_s42_f2,deletion_C_matched_delete,K04,10,False,True,1,1,0,42,25,False
deletion_C_matched_delete_s42_f2,deletion_C_matched_delete,K05,1,False,True,0,1,0,19,2,False
deletion_C_matched_delete_s42_f2,deletion_C_matched_delete,K05,5,False,True,1,1,0,28,11,False
deletion_C_matched_delete_s42_f2,deletion_C_matched_delete,K05,10,False,True,1,1,0,37,20,False
deletion_C_matched_delete_s42_f2,deletion_C_matched_delete,K06,1,True,False,0,0,0,21,4,False
deletion_C_matched_delete_s42_f2,deletion_C_matched_delete,K06,5,True,True,0,0,0,32,15,False
deletion_C_matched_delete_s42_f2,deletion_C_matched_delete,K06,10,True,True,0,0,0,47,30,False
deletion_C_matched_delete_s42_f2,deletion_C_matched_delete,K07,1,False,True,0,1,0,19,2,False
deletion_C_matched_delete_s42_f2,deletion_C_matched_delete,K07,5,False,True,1,1,0,27,10,False
deletion_C_matched_delete_s42_f2,deletion_C_matched_delete,K07,10,False,True,1,1,0,33,16,False
deletion_C_matched_delete_s42_f2,deletion_C_matched_delete,K08,1,False,True,0,1,0,19,2,False
deletion_C_matched_delete_s42_f2,deletion_C_matched_delete,K08,5,False,True,1,1,0,30,13,False
deletion_C_matched_delete_s42_f2,deletion_C_matched_delete,K08,10,False,True,1,1,0,41,24,False
deletion_C_matched_delete_s42_f2,deletion_C_matched_delete,K09,1,False,True,0,1,0,20,3,False
deletion_C_matched_delete_s42_f2,deletion_C_matched_delete,K09,5,False,True,1,1,0,31,14,False
deletion_C_matched_delete_s42_f2,deletion_C_matched_delete,K09,10,False,True,1,1,0,42,25,False
deletion_A_keep_s101_f0,deletion_A_keep,K01,1,False,True,1,1,0,34,6,False
deletion_A_keep_s101_f0,deletion_A_keep,K01,5,False,True,1,1,0,45,17,False
deletion_A_keep_s101_f0,deletion_A_keep,K01,10,False,True,1,1,0,57,29,False
deletion_A_keep_s101_f0,deletion_A_keep,K02,1,False,True,1,1,0,34,6,False
deletion_A_keep_s101_f0,deletion_A_keep,K02,5,False,True,1,1,0,44,16,False
deletion_A_keep_s101_f0,deletion_A_keep,K02,10,False,True,1,1,0,57,29,False
deletion_A_keep_s101_f0,deletion_A_keep,K03,1,False,True,1,1,0,35,7,False
deletion_A_keep_s101_f0,deletion_A_keep,K03,5,False,True,1,1,0,48,20,False
deletion_A_keep_s101_f0,deletion_A_keep,K03,10,False,True,1,1,0,66,38,False
deletion_A_keep_s101_f0,deletion_A_keep,K04,1,False,True,1,1,0,34,6,False
deletion_A_keep_s101_f0,deletion_A_keep,K04,5,False,True,1,1,0,47,19,False
deletion_A_keep_s101_f0,deletion_A_keep,K04,10,False,True,1,1,0,63,35,False
deletion_A_keep_s101_f0,deletion_A_keep,K05,1,False,True,1,1,0,33,5,False
deletion_A_keep_s101_f0,deletion_A_keep,K05,5,False,True,1,1,0,43,15,False
deletion_A_keep_s101_f0,deletion_A_keep,K05,10,False,True,1,1,0,56,28,False
deletion_A_keep_s101_f0,deletion_A_keep,K06,1,True,True,0,0,0,35,7,False
deletion_A_keep_s101_f0,deletion_A_keep,K06,5,True,True,0,0,0,49,21,False
deletion_A_keep_s101_f0,deletion_A_keep,K06,10,True,True,0,0,0,68,40,False
deletion_A_keep_s101_f0,deletion_A_keep,K07,1,False,True,0,1,0,33,5,False
deletion_A_keep_s101_f0,deletion_A_keep,K07,5,False,True,1,1,0,42,14,False
deletion_A_keep_s101_f0,deletion_A_keep,K07,10,False,True,1,1,0,55,27,False
deletion_A_keep_s101_f0,deletion_A_keep,K08,1,False,True,1,1,0,33,5,False
deletion_A_keep_s101_f0,deletion_A_keep,K08,5,False,True,1,1,0,44,16,False
deletion_A_keep_s101_f0,deletion_A_keep,K08,10,False,True,1,1,0,56,28,False
deletion_A_keep_s101_f0,deletion_A_keep,K09,1,False,True,1,1,0,34,6,False
deletion_A_keep_s101_f0,deletion_A_keep,K09,5,False,True,1,1,0,47,19,False
deletion_A_keep_s101_f0,deletion_A_keep,K09,10,False,True,1,1,0,63,35,False
deletion_A_half_s101_f0,deletion_A_half,K01,1,False,True,1,1,0,33,5,False
deletion_A_half_s101_f0,deletion_A_half,K01,5,False,True,1,1,0,44,16,False
deletion_A_half_s101_f0,deletion_A_half,K01,10,False,True,1,1,0,57,29,False
deletion_A_half_s101_f0,deletion_A_half,K02,1,False,True,1,1,0,33,5,False
deletion_A_half_s101_f0,deletion_A_half,K02,5,False,True,1,1,0,44,16,False
deletion_A_half_s101_f0,deletion_A_half,K02,10,False,True,1,1,0,57,29,False
deletion_A_half_s101_f0,deletion_A_half,K03,1,False,True,1,1,0,35,7,False
deletion_A_half_s101_f0,deletion_A_half,K03,5,False,True,1,1,0,48,20,False
deletion_A_half_s101_f0,deletion_A_half,K03,10,False,True,1,1,0,65,37,False
deletion_A_half_s101_f0,deletion_A_half,K04,1,False,True,1,1,0,35,7,False
deletion_A_half_s101_f0,deletion_A_half,K04,5,False,True,1,1,0,47,19,False
deletion_A_half_s101_f0,deletion_A_half,K04,10,False,True,1,1,0,63,35,False
deletion_A_half_s101_f0,deletion_A_half,K05,1,False,True,1,1,0,33,5,False
deletion_A_half_s101_f0,deletion_A_half,K05,5,False,True,1,1,0,43,15,False
deletion_A_half_s101_f0,deletion_A_half,K05,10,False,True,1,1,0,56,28,False
deletion_A_half_s101_f0,deletion_A_half,K06,1,True,True,0,0,0,35,7,False
deletion_A_half_s101_f0,deletion_A_half,K06,5,True,True,0,0,0,48,20,False
deletion_A_half_s101_f0,deletion_A_half,K06,10,True,True,0,0,0,68,40,False
deletion_A_half_s101_f0,deletion_A_half,K07,1,False,True,0,1,0,33,5,False
deletion_A_half_s101_f0,deletion_A_half,K07,5,False,True,1,1,0,42,14,False
deletion_A_half_s101_f0,deletion_A_half,K07,10,False,True,1,1,0,55,27,False
deletion_A_half_s101_f0,deletion_A_half,K08,1,False,True,1,1,0,33,5,False
deletion_A_half_s101_f0,deletion_A_half,K08,5,False,True,1,1,0,43,15,False
deletion_A_half_s101_f0,deletion_A_half,K08,10,False,True,1,1,0,56,28,False
deletion_A_half_s101_f0,deletion_A_half,K09,1,False,True,1,1,0,34,6,False
deletion_A_half_s101_f0,deletion_A_half,K09,5,False,True,1,1,0,47,19,False
deletion_A_half_s101_f0,deletion_A_half,K09,10,False,True,1,1,0,63,35,False
deletion_A_target_delete_s101_f0,deletion_A_target_delete,K01,1,False,True,1,1,0,34,5,False
deletion_A_target_delete_s101_f0,deletion_A_target_delete,K01,5,False,True,1,1,0,45,16,False
deletion_A_target_delete_s101_f0,deletion_A_target_delete,K01,10,False,True,1,1,0,57,28,False
deletion_A_target_delete_s101_f0,deletion_A_target_delete,K02,1,False,True,1,1,0,34,5,False
deletion_A_target_delete_s101_f0,deletion_A_target_delete,K02,5,False,True,1,1,0,45,16,False
deletion_A_target_delete_s101_f0,deletion_A_target_delete,K02,10,False,True,1,1,0,57,28,False
deletion_A_target_delete_s101_f0,deletion_A_target_delete,K03,1,False,True,1,1,0,36,7,False
deletion_A_target_delete_s101_f0,deletion_A_target_delete,K03,5,False,True,1,1,0,48,19,False
deletion_A_target_delete_s101_f0,deletion_A_target_delete,K03,10,False,True,1,1,0,66,37,False
deletion_A_target_delete_s101_f0,deletion_A_target_delete,K04,1,False,True,1,1,0,36,7,False
deletion_A_target_delete_s101_f0,deletion_A_target_delete,K04,5,False,True,1,1,0,48,19,False
deletion_A_target_delete_s101_f0,deletion_A_target_delete,K04,10,False,True,1,1,0,64,35,False
deletion_A_target_delete_s101_f0,deletion_A_target_delete,K05,1,False,True,1,1,0,34,5,False
deletion_A_target_delete_s101_f0,deletion_A_target_delete,K05,5,False,True,1,1,0,44,15,False
deletion_A_target_delete_s101_f0,deletion_A_target_delete,K05,10,False,True,1,1,0,56,27,False
deletion_A_target_delete_s101_f0,deletion_A_target_delete,K06,1,True,True,0,0,0,36,7,False
deletion_A_target_delete_s101_f0,deletion_A_target_delete,K06,5,True,True,0,0,0,50,21,False
deletion_A_target_delete_s101_f0,deletion_A_target_delete,K06,10,True,True,0,0,0,68,39,False
deletion_A_target_delete_s101_f0,deletion_A_target_delete,K07,1,False,True,1,1,0,33,4,False
deletion_A_target_delete_s101_f0,deletion_A_target_delete,K07,5,False,True,1,1,0,43,14,False
deletion_A_target_delete_s101_f0,deletion_A_target_delete,K07,10,False,True,1,1,0,55,26,False
deletion_A_target_delete_s101_f0,deletion_A_target_delete,K08,1,False,True,1,1,0,34,5,False
deletion_A_target_delete_s101_f0,deletion_A_target_delete,K08,5,False,True,1,1,0,44,15,False
deletion_A_target_delete_s101_f0,deletion_A_target_delete,K08,10,False,True,1,1,0,56,27,False
deletion_A_target_delete_s101_f0,deletion_A_target_delete,K09,1,False,True,1,1,0,36,7,False
deletion_A_target_delete_s101_f0,deletion_A_target_delete,K09,5,False,True,1,1,0,47,18,False
deletion_A_target_delete_s101_f0,deletion_A_target_delete,K09,10,False,True,1,1,0,61,32,False
deletion_A_matched_delete_s101_f0,deletion_A_matched_delete,K01,1,False,True,1,1,0,37,8,False
deletion_A_matched_delete_s101_f0,deletion_A_matched_delete,K01,5,False,True,1,1,0,46,17,False
deletion_A_matched_delete_s101_f0,deletion_A_matched_delete,K01,10,False,True,1,1,0,61,32,False
deletion_A_matched_delete_s101_f0,deletion_A_matched_delete,K02,1,False,True,1,1,0,37,8,False
deletion_A_matched_delete_s101_f0,deletion_A_matched_delete,K02,5,False,True,1,1,0,46,17,False
deletion_A_matched_delete_s101_f0,deletion_A_matched_delete,K02,10,False,True,1,1,0,60,31,False
deletion_A_matched_delete_s101_f0,deletion_A_matched_delete,K03,1,False,True,1,1,0,38,9,False
deletion_A_matched_delete_s101_f0,deletion_A_matched_delete,K03,5,False,True,1,1,0,50,21,False
deletion_A_matched_delete_s101_f0,deletion_A_matched_delete,K03,10,False,True,1,1,0,70,41,False
deletion_A_matched_delete_s101_f0,deletion_A_matched_delete,K04,1,False,True,1,1,0,38,9,False
deletion_A_matched_delete_s101_f0,deletion_A_matched_delete,K04,5,False,True,1,1,0,49,20,False
deletion_A_matched_delete_s101_f0,deletion_A_matched_delete,K04,10,False,True,1,1,0,66,37,False
deletion_A_matched_delete_s101_f0,deletion_A_matched_delete,K05,1,False,True,1,1,0,36,7,False
deletion_A_matched_delete_s101_f0,deletion_A_matched_delete,K05,5,False,True,1,1,0,44,15,False
deletion_A_matched_delete_s101_f0,deletion_A_matched_delete,K05,10,False,True,1,1,0,57,28,False
deletion_A_matched_delete_s101_f0,deletion_A_matched_delete,K06,1,True,True,0,0,0,38,9,False
deletion_A_matched_delete_s101_f0,deletion_A_matched_delete,K06,5,True,True,0,0,0,51,22,False
deletion_A_matched_delete_s101_f0,deletion_A_matched_delete,K06,10,True,True,0,0,0,71,42,False
deletion_A_matched_delete_s101_f0,deletion_A_matched_delete,K07,1,False,True,1,1,0,36,7,False
deletion_A_matched_delete_s101_f0,deletion_A_matched_delete,K07,5,False,True,1,1,0,44,15,False
deletion_A_matched_delete_s101_f0,deletion_A_matched_delete,K07,10,False,True,1,1,0,56,27,False
deletion_A_matched_delete_s101_f0,deletion_A_matched_delete,K08,1,False,True,1,1,0,36,7,False
deletion_A_matched_delete_s101_f0,deletion_A_matched_delete,K08,5,False,True,1,1,0,45,16,False
deletion_A_matched_delete_s101_f0,deletion_A_matched_delete,K08,10,False,True,1,1,0,57,28,False
deletion_A_matched_delete_s101_f0,deletion_A_matched_delete,K09,1,False,True,1,1,0,38,9,False
deletion_A_matched_delete_s101_f0,deletion_A_matched_delete,K09,5,False,True,1,1,0,48,19,False
deletion_A_matched_delete_s101_f0,deletion_A_matched_delete,K09,10,False,True,1,1,0,63,34,False
deletion_C_keep_s101_f0,deletion_C_keep,K01,1,False,True,1,2,0,34,7,False
deletion_C_keep_s101_f0,deletion_C_keep,K01,5,False,True,2,2,0,45,18,False
deletion_C_keep_s101_f0,deletion_C_keep,K01,10,False,True,2,2,0,59,32,False
deletion_C_keep_s101_f0,deletion_C_keep,K02,1,False,True,1,2,0,34,7,False
deletion_C_keep_s101_f0,deletion_C_keep,K02,5,False,True,2,2,0,45,18,False
deletion_C_keep_s101_f0,deletion_C_keep,K02,10,False,True,2,2,0,59,32,False
deletion_C_keep_s101_f0,deletion_C_keep,K03,1,True,True,0,1,0,34,7,False
deletion_C_keep_s101_f0,deletion_C_keep,K03,5,True,True,1,1,0,46,19,False
deletion_C_keep_s101_f0,deletion_C_keep,K03,10,True,True,1,1,0,66,39,False
deletion_C_keep_s101_f0,deletion_C_keep,K04,1,False,True,1,2,0,34,7,False
deletion_C_keep_s101_f0,deletion_C_keep,K04,5,False,True,2,2,0,45,18,False
deletion_C_keep_s101_f0,deletion_C_keep,K04,10,False,True,2,2,0,62,35,False
deletion_C_keep_s101_f0,deletion_C_keep,K05,1,False,True,1,2,0,34,7,False
deletion_C_keep_s101_f0,deletion_C_keep,K05,5,False,True,2,2,0,45,18,False
deletion_C_keep_s101_f0,deletion_C_keep,K05,10,False,True,2,2,0,58,31,False
deletion_C_keep_s101_f0,deletion_C_keep,K06,1,True,False,1,1,0,34,7,False
deletion_C_keep_s101_f0,deletion_C_keep,K06,5,True,True,1,1,0,46,19,False
deletion_C_keep_s101_f0,deletion_C_keep,K06,10,True,True,1,1,0,70,43,False
deletion_C_keep_s101_f0,deletion_C_keep,K07,1,False,True,1,2,0,34,7,False
deletion_C_keep_s101_f0,deletion_C_keep,K07,5,False,True,2,2,0,45,18,False
deletion_C_keep_s101_f0,deletion_C_keep,K07,10,False,True,2,2,0,56,29,False
deletion_C_keep_s101_f0,deletion_C_keep,K08,1,False,True,1,2,0,34,7,False
deletion_C_keep_s101_f0,deletion_C_keep,K08,5,False,True,2,2,0,45,18,False
deletion_C_keep_s101_f0,deletion_C_keep,K08,10,False,True,2,2,0,59,32,False
deletion_C_keep_s101_f0,deletion_C_keep,K09,1,False,True,1,2,0,34,7,False
deletion_C_keep_s101_f0,deletion_C_keep,K09,5,False,True,2,2,0,45,18,False
deletion_C_keep_s101_f0,deletion_C_keep,K09,10,False,True,2,2,0,62,35,False
deletion_C_half_s101_f0,deletion_C_half,K01,1,False,True,1,2,0,28,2,False
deletion_C_half_s101_f0,deletion_C_half,K01,5,False,True,2,2,0,44,18,False
deletion_C_half_s101_f0,deletion_C_half,K01,10,False,True,2,2,0,58,32,False
deletion_C_half_s101_f0,deletion_C_half,K02,1,False,True,1,2,0,28,2,False
deletion_C_half_s101_f0,deletion_C_half,K02,5,False,True,2,2,0,43,17,False
deletion_C_half_s101_f0,deletion_C_half,K02,10,False,True,2,2,0,57,31,False
deletion_C_half_s101_f0,deletion_C_half,K03,1,True,True,0,1,0,30,4,False
deletion_C_half_s101_f0,deletion_C_half,K03,5,True,True,1,1,0,45,19,False
deletion_C_half_s101_f0,deletion_C_half,K03,10,True,True,1,1,0,62,36,False
deletion_C_half_s101_f0,deletion_C_half,K04,1,False,True,1,2,0,29,3,False
deletion_C_half_s101_f0,deletion_C_half,K04,5,False,True,2,2,0,45,19,False
deletion_C_half_s101_f0,deletion_C_half,K04,10,False,True,2,2,0,59,33,False
deletion_C_half_s101_f0,deletion_C_half,K05,1,False,True,1,2,0,28,2,False
deletion_C_half_s101_f0,deletion_C_half,K05,5,False,True,2,2,0,43,17,False
deletion_C_half_s101_f0,deletion_C_half,K05,10,False,True,2,2,0,55,29,False
deletion_C_half_s101_f0,deletion_C_half,K06,1,True,False,1,1,0,30,4,False
deletion_C_half_s101_f0,deletion_C_half,K06,5,True,True,1,1,0,45,19,False
deletion_C_half_s101_f0,deletion_C_half,K06,10,True,True,1,1,0,63,37,False
deletion_C_half_s101_f0,deletion_C_half,K07,1,False,True,0,2,0,28,2,False
deletion_C_half_s101_f0,deletion_C_half,K07,5,False,True,2,2,0,40,14,False
deletion_C_half_s101_f0,deletion_C_half,K07,10,False,True,2,2,0,52,26,False
deletion_C_half_s101_f0,deletion_C_half,K08,1,False,True,1,2,0,28,2,False
deletion_C_half_s101_f0,deletion_C_half,K08,5,False,True,2,2,0,43,17,False
deletion_C_half_s101_f0,deletion_C_half,K08,10,False,True,2,2,0,56,30,False
deletion_C_half_s101_f0,deletion_C_half,K09,1,False,True,1,2,0,29,3,False
deletion_C_half_s101_f0,deletion_C_half,K09,5,False,True,2,2,0,45,19,False
deletion_C_half_s101_f0,deletion_C_half,K09,10,False,True,2,2,0,59,33,False
deletion_C_target_delete_s101_f0,deletion_C_target_delete,K01,1,False,True,1,2,0,30,4,False
deletion_C_target_delete_s101_f0,deletion_C_target_delete,K01,5,False,True,2,2,0,44,18,False
deletion_C_target_delete_s101_f0,deletion_C_target_delete,K01,10,False,True,2,2,0,57,31,False
deletion_C_target_delete_s101_f0,deletion_C_target_delete,K02,1,False,True,1,2,0,30,4,False
deletion_C_target_delete_s101_f0,deletion_C_target_delete,K02,5,False,True,2,2,0,44,18,False
deletion_C_target_delete_s101_f0,deletion_C_target_delete,K02,10,False,True,2,2,0,56,30,False
deletion_C_target_delete_s101_f0,deletion_C_target_delete,K03,1,True,True,0,1,0,31,5,False
deletion_C_target_delete_s101_f0,deletion_C_target_delete,K03,5,True,True,1,1,0,44,18,False
deletion_C_target_delete_s101_f0,deletion_C_target_delete,K03,10,True,True,1,1,0,60,34,False
deletion_C_target_delete_s101_f0,deletion_C_target_delete,K04,1,False,True,1,2,0,30,4,False
deletion_C_target_delete_s101_f0,deletion_C_target_delete,K04,5,False,True,2,2,0,44,18,False
deletion_C_target_delete_s101_f0,deletion_C_target_delete,K04,10,False,True,2,2,0,59,33,False
deletion_C_target_delete_s101_f0,deletion_C_target_delete,K05,1,False,True,1,2,0,30,4,False
deletion_C_target_delete_s101_f0,deletion_C_target_delete,K05,5,False,True,2,2,0,44,18,False
deletion_C_target_delete_s101_f0,deletion_C_target_delete,K05,10,False,True,2,2,0,53,27,False
deletion_C_target_delete_s101_f0,deletion_C_target_delete,K06,1,True,False,1,1,0,31,5,False
deletion_C_target_delete_s101_f0,deletion_C_target_delete,K06,5,True,True,1,1,0,44,18,False
deletion_C_target_delete_s101_f0,deletion_C_target_delete,K06,10,True,True,1,1,0,65,39,False
deletion_C_target_delete_s101_f0,deletion_C_target_delete,K07,1,False,True,1,2,0,30,4,False
deletion_C_target_delete_s101_f0,deletion_C_target_delete,K07,5,False,True,2,2,0,43,17,False
deletion_C_target_delete_s101_f0,deletion_C_target_delete,K07,10,False,True,2,2,0,53,27,False
deletion_C_target_delete_s101_f0,deletion_C_target_delete,K08,1,False,True,1,2,0,30,4,False
deletion_C_target_delete_s101_f0,deletion_C_target_delete,K08,5,False,True,2,2,0,44,18,False
deletion_C_target_delete_s101_f0,deletion_C_target_delete,K08,10,False,True,2,2,0,54,28,False
deletion_C_target_delete_s101_f0,deletion_C_target_delete,K09,1,False,True,1,2,0,30,4,False
deletion_C_target_delete_s101_f0,deletion_C_target_delete,K09,5,False,True,2,2,0,44,18,False
deletion_C_target_delete_s101_f0,deletion_C_target_delete,K09,10,False,True,2,2,0,59,33,False
deletion_C_matched_delete_s101_f0,deletion_C_matched_delete,K01,1,False,True,1,2,0,34,7,False
deletion_C_matched_delete_s101_f0,deletion_C_matched_delete,K01,5,False,True,2,2,0,45,18,False
deletion_C_matched_delete_s101_f0,deletion_C_matched_delete,K01,10,False,True,2,2,0,60,33,False
deletion_C_matched_delete_s101_f0,deletion_C_matched_delete,K02,1,False,True,1,2,0,34,7,False
deletion_C_matched_delete_s101_f0,deletion_C_matched_delete,K02,5,False,True,2,2,0,45,18,False
deletion_C_matched_delete_s101_f0,deletion_C_matched_delete,K02,10,False,True,2,2,0,60,33,False
deletion_C_matched_delete_s101_f0,deletion_C_matched_delete,K03,1,True,True,0,1,0,34,7,False
deletion_C_matched_delete_s101_f0,deletion_C_matched_delete,K03,5,True,True,1,1,0,45,18,False
deletion_C_matched_delete_s101_f0,deletion_C_matched_delete,K03,10,True,True,1,1,0,64,37,False
deletion_C_matched_delete_s101_f0,deletion_C_matched_delete,K04,1,False,True,1,2,0,34,7,False
deletion_C_matched_delete_s101_f0,deletion_C_matched_delete,K04,5,False,True,2,2,0,45,18,False
deletion_C_matched_delete_s101_f0,deletion_C_matched_delete,K04,10,False,True,2,2,0,61,34,False
deletion_C_matched_delete_s101_f0,deletion_C_matched_delete,K05,1,False,True,1,2,0,34,7,False
deletion_C_matched_delete_s101_f0,deletion_C_matched_delete,K05,5,False,True,2,2,0,44,17,False
deletion_C_matched_delete_s101_f0,deletion_C_matched_delete,K05,10,False,True,2,2,0,56,29,False
deletion_C_matched_delete_s101_f0,deletion_C_matched_delete,K06,1,True,False,1,1,0,34,7,False
deletion_C_matched_delete_s101_f0,deletion_C_matched_delete,K06,5,True,True,1,1,0,45,18,False
deletion_C_matched_delete_s101_f0,deletion_C_matched_delete,K06,10,True,True,1,1,0,69,42,False
deletion_C_matched_delete_s101_f0,deletion_C_matched_delete,K07,1,False,True,1,2,0,33,6,False
deletion_C_matched_delete_s101_f0,deletion_C_matched_delete,K07,5,False,True,2,2,0,44,17,False
deletion_C_matched_delete_s101_f0,deletion_C_matched_delete,K07,10,False,True,2,2,0,55,28,False
deletion_C_matched_delete_s101_f0,deletion_C_matched_delete,K08,1,False,True,1,2,0,34,7,False
deletion_C_matched_delete_s101_f0,deletion_C_matched_delete,K08,5,False,True,2,2,0,44,17,False
deletion_C_matched_delete_s101_f0,deletion_C_matched_delete,K08,10,False,True,2,2,0,57,30,False
deletion_C_matched_delete_s101_f0,deletion_C_matched_delete,K09,1,False,True,1,2,0,34,7,False
deletion_C_matched_delete_s101_f0,deletion_C_matched_delete,K09,5,False,True,2,2,0,45,18,False
deletion_C_matched_delete_s101_f0,deletion_C_matched_delete,K09,10,False,True,2,2,0,61,34,False
deletion_A_keep_s101_f1,deletion_A_keep,K01,1,True,True,0,4,0,15,1,False
deletion_A_keep_s101_f1,deletion_A_keep,K01,5,True,True,4,4,0,27,13,False
deletion_A_keep_s101_f1,deletion_A_keep,K01,10,True,True,4,4,0,36,22,False
deletion_A_keep_s101_f1,deletion_A_keep,K02,1,False,True,1,5,0,15,1,False
deletion_A_keep_s101_f1,deletion_A_keep,K02,5,False,True,5,5,0,27,13,False
deletion_A_keep_s101_f1,deletion_A_keep,K02,10,False,True,5,5,0,35,21,False
deletion_A_keep_s101_f1,deletion_A_keep,K03,1,True,False,1,4,0,15,1,False
deletion_A_keep_s101_f1,deletion_A_keep,K03,5,True,True,4,4,0,28,14,False
deletion_A_keep_s101_f1,deletion_A_keep,K03,10,True,True,4,4,0,38,24,False
deletion_A_keep_s101_f1,deletion_A_keep,K04,1,True,False,1,4,0,15,1,False
deletion_A_keep_s101_f1,deletion_A_keep,K04,5,True,True,4,4,0,28,14,False
deletion_A_keep_s101_f1,deletion_A_keep,K04,10,True,True,4,4,0,37,23,False
deletion_A_keep_s101_f1,deletion_A_keep,K05,1,False,True,1,5,0,15,1,False
deletion_A_keep_s101_f1,deletion_A_keep,K05,5,False,True,4,5,0,25,11,False
deletion_A_keep_s101_f1,deletion_A_keep,K05,10,False,True,5,5,0,33,19,False
deletion_A_keep_s101_f1,deletion_A_keep,K06,1,True,False,1,4,0,15,1,False
deletion_A_keep_s101_f1,deletion_A_keep,K06,5,True,True,4,4,0,28,14,False
deletion_A_keep_s101_f1,deletion_A_keep,K06,10,True,True,4,4,0,38,24,False
deletion_A_keep_s101_f1,deletion_A_keep,K07,1,False,True,1,5,0,15,1,False
deletion_A_keep_s101_f1,deletion_A_keep,K07,5,False,True,4,5,0,25,11,False
deletion_A_keep_s101_f1,deletion_A_keep,K07,10,False,True,5,5,0,32,18,False
deletion_A_keep_s101_f1,deletion_A_keep,K08,1,False,True,1,5,0,15,1,False
deletion_A_keep_s101_f1,deletion_A_keep,K08,5,False,True,5,5,0,25,11,False
deletion_A_keep_s101_f1,deletion_A_keep,K08,10,False,True,5,5,0,34,20,False
deletion_A_keep_s101_f1,deletion_A_keep,K09,1,True,False,1,4,0,15,1,False
deletion_A_keep_s101_f1,deletion_A_keep,K09,5,True,True,4,4,0,28,14,False
deletion_A_keep_s101_f1,deletion_A_keep,K09,10,True,True,4,4,0,36,22,False
deletion_A_half_s101_f1,deletion_A_half,K01,1,True,True,0,4,0,16,1,False
deletion_A_half_s101_f1,deletion_A_half,K01,5,True,True,4,4,0,28,13,False
deletion_A_half_s101_f1,deletion_A_half,K01,10,True,True,4,4,0,37,22,False
deletion_A_half_s101_f1,deletion_A_half,K02,1,False,True,1,5,0,16,1,False
deletion_A_half_s101_f1,deletion_A_half,K02,5,False,True,5,5,0,28,13,False
deletion_A_half_s101_f1,deletion_A_half,K02,10,False,True,5,5,0,36,21,False
deletion_A_half_s101_f1,deletion_A_half,K03,1,True,False,1,4,0,16,1,False
deletion_A_half_s101_f1,deletion_A_half,K03,5,True,True,4,4,0,29,14,False
deletion_A_half_s101_f1,deletion_A_half,K03,10,True,True,4,4,0,38,23,False
deletion_A_half_s101_f1,deletion_A_half,K04,1,True,False,1,4,0,16,1,False
deletion_A_half_s101_f1,deletion_A_half,K04,5,True,True,4,4,0,28,13,False
deletion_A_half_s101_f1,deletion_A_half,K04,10,True,True,4,4,0,38,23,False
deletion_A_half_s101_f1,deletion_A_half,K05,1,False,True,1,5,0,16,1,False
deletion_A_half_s101_f1,deletion_A_half,K05,5,False,True,5,5,0,27,12,False
deletion_A_half_s101_f1,deletion_A_half,K05,10,False,True,5,5,0,35,20,False
deletion_A_half_s101_f1,deletion_A_half,K06,1,True,False,1,4,0,17,2,False
deletion_A_half_s101_f1,deletion_A_half,K06,5,True,True,4,4,0,30,15,False
deletion_A_half_s101_f1,deletion_A_half,K06,10,True,True,4,4,0,42,27,False
deletion_A_half_s101_f1,deletion_A_half,K07,1,False,True,1,5,0,16,1,False
deletion_A_half_s101_f1,deletion_A_half,K07,5,False,True,4,5,0,27,12,False
deletion_A_half_s101_f1,deletion_A_half,K07,10,False,True,5,5,0,34,19,False
deletion_A_half_s101_f1,deletion_A_half,K08,1,False,True,1,5,0,16,1,False
deletion_A_half_s101_f1,deletion_A_half,K08,5,False,True,5,5,0,28,13,False
deletion_A_half_s101_f1,deletion_A_half,K08,10,False,True,5,5,0,36,21,False
deletion_A_half_s101_f1,deletion_A_half,K09,1,True,False,1,4,0,16,1,False
deletion_A_half_s101_f1,deletion_A_half,K09,5,True,True,4,4,0,28,13,False
deletion_A_half_s101_f1,deletion_A_half,K09,10,True,True,4,4,0,38,23,False
deletion_A_target_delete_s101_f1,deletion_A_target_delete,K01,1,False,True,1,4,0,18,2,False
deletion_A_target_delete_s101_f1,deletion_A_target_delete,K01,5,False,True,4,4,0,31,15,False
deletion_A_target_delete_s101_f1,deletion_A_target_delete,K01,10,False,True,4,4,0,39,23,False
deletion_A_target_delete_s101_f1,deletion_A_target_delete,K02,1,False,True,1,4,0,18,2,False
deletion_A_target_delete_s101_f1,deletion_A_target_delete,K02,5,False,True,4,4,0,31,15,False
deletion_A_target_delete_s101_f1,deletion_A_target_delete,K02,10,False,True,4,4,0,38,22,False
deletion_A_target_delete_s101_f1,deletion_A_target_delete,K03,1,True,False,2,3,0,20,4,False
deletion_A_target_delete_s101_f1,deletion_A_target_delete,K03,5,True,True,3,3,0,31,15,False
deletion_A_target_delete_s101_f1,deletion_A_target_delete,K03,10,True,True,3,3,0,44,28,False
deletion_A_target_delete_s101_f1,deletion_A_target_delete,K04,1,True,True,1,3,0,19,3,False
deletion_A_target_delete_s101_f1,deletion_A_target_delete,K04,5,True,True,3,3,0,31,15,False
deletion_A_target_delete_s101_f1,deletion_A_target_delete,K04,10,True,True,3,3,0,41,25,False
deletion_A_target_delete_s101_f1,deletion_A_target_delete,K05,1,False,True,1,4,0,18,2,False
deletion_A_target_delete_s101_f1,deletion_A_target_delete,K05,5,False,True,4,4,0,28,12,False
deletion_A_target_delete_s101_f1,deletion_A_target_delete,K05,10,False,True,4,4,0,38,22,False
deletion_A_target_delete_s101_f1,deletion_A_target_delete,K06,1,True,False,2,3,0,20,4,False
deletion_A_target_delete_s101_f1,deletion_A_target_delete,K06,5,True,True,3,3,0,32,16,False
deletion_A_target_delete_s101_f1,deletion_A_target_delete,K06,10,True,True,3,3,0,45,29,False
deletion_A_target_delete_s101_f1,deletion_A_target_delete,K07,1,False,True,1,4,0,18,2,False
deletion_A_target_delete_s101_f1,deletion_A_target_delete,K07,5,False,True,4,4,0,28,12,False
deletion_A_target_delete_s101_f1,deletion_A_target_delete,K07,10,False,True,4,4,0,36,20,False
deletion_A_target_delete_s101_f1,deletion_A_target_delete,K08,1,False,True,1,4,0,18,2,False
deletion_A_target_delete_s101_f1,deletion_A_target_delete,K08,5,False,True,4,4,0,29,13,False
deletion_A_target_delete_s101_f1,deletion_A_target_delete,K08,10,False,True,4,4,0,38,22,False
deletion_A_target_delete_s101_f1,deletion_A_target_delete,K09,1,True,True,0,3,0,19,3,False
deletion_A_target_delete_s101_f1,deletion_A_target_delete,K09,5,True,True,3,3,0,31,15,False
deletion_A_target_delete_s101_f1,deletion_A_target_delete,K09,10,True,True,3,3,0,41,25,False
deletion_A_matched_delete_s101_f1,deletion_A_matched_delete,K01,1,True,True,0,4,0,17,3,False
deletion_A_matched_delete_s101_f1,deletion_A_matched_delete,K01,5,True,True,4,4,0,28,14,False
deletion_A_matched_delete_s101_f1,deletion_A_matched_delete,K01,10,True,True,4,4,0,35,21,False
deletion_A_matched_delete_s101_f1,deletion_A_matched_delete,K02,1,False,True,1,5,0,17,3,False
deletion_A_matched_delete_s101_f1,deletion_A_matched_delete,K02,5,False,True,5,5,0,26,12,False
deletion_A_matched_delete_s101_f1,deletion_A_matched_delete,K02,10,False,True,5,5,0,35,21,False
deletion_A_matched_delete_s101_f1,deletion_A_matched_delete,K03,1,True,False,1,4,0,17,3,False
deletion_A_matched_delete_s101_f1,deletion_A_matched_delete,K03,5,True,True,4,4,0,29,15,False
deletion_A_matched_delete_s101_f1,deletion_A_matched_delete,K03,10,True,True,4,4,0,39,25,False
deletion_A_matched_delete_s101_f1,deletion_A_matched_delete,K04,1,True,False,1,4,0,17,3,False
deletion_A_matched_delete_s101_f1,deletion_A_matched_delete,K04,5,True,True,4,4,0,28,14,False
deletion_A_matched_delete_s101_f1,deletion_A_matched_delete,K04,10,True,True,4,4,0,38,24,False
deletion_A_matched_delete_s101_f1,deletion_A_matched_delete,K05,1,False,True,1,5,0,17,3,False
deletion_A_matched_delete_s101_f1,deletion_A_matched_delete,K05,5,False,True,5,5,0,25,11,False
deletion_A_matched_delete_s101_f1,deletion_A_matched_delete,K05,10,False,True,5,5,0,35,21,False
deletion_A_matched_delete_s101_f1,deletion_A_matched_delete,K06,1,True,False,1,4,0,17,3,False
deletion_A_matched_delete_s101_f1,deletion_A_matched_delete,K06,5,True,True,4,4,0,31,17,False
deletion_A_matched_delete_s101_f1,deletion_A_matched_delete,K06,10,True,True,4,4,0,40,26,False
deletion_A_matched_delete_s101_f1,deletion_A_matched_delete,K07,1,False,True,1,5,0,17,3,False
deletion_A_matched_delete_s101_f1,deletion_A_matched_delete,K07,5,False,True,4,5,0,25,11,False
deletion_A_matched_delete_s101_f1,deletion_A_matched_delete,K07,10,False,True,5,5,0,33,19,False
deletion_A_matched_delete_s101_f1,deletion_A_matched_delete,K08,1,False,True,1,5,0,17,3,False
deletion_A_matched_delete_s101_f1,deletion_A_matched_delete,K08,5,False,True,5,5,0,26,12,False
deletion_A_matched_delete_s101_f1,deletion_A_matched_delete,K08,10,False,True,5,5,0,35,21,False
deletion_A_matched_delete_s101_f1,deletion_A_matched_delete,K09,1,True,False,1,4,0,17,3,False
deletion_A_matched_delete_s101_f1,deletion_A_matched_delete,K09,5,True,True,4,4,0,28,14,False
deletion_A_matched_delete_s101_f1,deletion_A_matched_delete,K09,10,True,True,4,4,0,37,23,False
deletion_C_keep_s101_f1,deletion_C_keep,K01,1,True,False,1,6,0,14,3,False
deletion_C_keep_s101_f1,deletion_C_keep,K01,5,True,True,5,6,0,22,11,False
deletion_C_keep_s101_f1,deletion_C_keep,K01,10,True,True,6,6,0,34,23,False
deletion_C_keep_s101_f1,deletion_C_keep,K02,1,True,False,1,6,0,14,3,False
deletion_C_keep_s101_f1,deletion_C_keep,K02,5,True,True,5,6,0,22,11,False
deletion_C_keep_s101_f1,deletion_C_keep,K02,10,True,True,6,6,0,34,23,False
deletion_C_keep_s101_f1,deletion_C_keep,K03,1,True,False,1,6,0,14,3,False
deletion_C_keep_s101_f1,deletion_C_keep,K03,5,True,True,5,6,0,22,11,False
deletion_C_keep_s101_f1,deletion_C_keep,K03,10,True,True,6,6,0,36,25,False
deletion_C_keep_s101_f1,deletion_C_keep,K04,1,True,False,1,6,0,14,3,False
deletion_C_keep_s101_f1,deletion_C_keep,K04,5,True,True,5,6,0,22,11,False
deletion_C_keep_s101_f1,deletion_C_keep,K04,10,True,True,6,6,0,35,24,False
deletion_C_keep_s101_f1,deletion_C_keep,K05,1,False,True,1,7,0,13,2,False
deletion_C_keep_s101_f1,deletion_C_keep,K05,5,False,True,6,7,0,22,11,False
deletion_C_keep_s101_f1,deletion_C_keep,K05,10,False,True,7,7,0,30,19,False
deletion_C_keep_s101_f1,deletion_C_keep,K06,1,True,False,1,6,0,14,3,False
deletion_C_keep_s101_f1,deletion_C_keep,K06,5,True,True,6,6,0,23,12,False
deletion_C_keep_s101_f1,deletion_C_keep,K06,10,True,True,6,6,0,37,26,False
deletion_C_keep_s101_f1,deletion_C_keep,K07,1,False,True,1,7,0,13,2,False
deletion_C_keep_s101_f1,deletion_C_keep,K07,5,False,True,5,7,0,21,10,False
deletion_C_keep_s101_f1,deletion_C_keep,K07,10,False,True,7,7,0,30,19,False
deletion_C_keep_s101_f1,deletion_C_keep,K08,1,True,True,0,6,0,14,3,False
deletion_C_keep_s101_f1,deletion_C_keep,K08,5,True,True,5,6,0,22,11,False
deletion_C_keep_s101_f1,deletion_C_keep,K08,10,True,True,6,6,0,32,21,False
deletion_C_keep_s101_f1,deletion_C_keep,K09,1,True,False,1,6,0,14,3,False
deletion_C_keep_s101_f1,deletion_C_keep,K09,5,True,True,5,6,0,22,11,False
deletion_C_keep_s101_f1,deletion_C_keep,K09,10,True,True,6,6,0,35,24,False
deletion_C_half_s101_f1,deletion_C_half,K01,1,True,False,2,7,0,12,2,False
deletion_C_half_s101_f1,deletion_C_half,K01,5,True,True,6,7,0,21,11,False
deletion_C_half_s101_f1,deletion_C_half,K01,10,True,True,7,7,0,31,21,False
deletion_C_half_s101_f1,deletion_C_half,K02,1,True,False,2,7,0,11,1,False
deletion_C_half_s101_f1,deletion_C_half,K02,5,True,True,6,7,0,21,11,False
deletion_C_half_s101_f1,deletion_C_half,K02,10,True,True,7,7,0,30,20,False
deletion_C_half_s101_f1,deletion_C_half,K03,1,True,False,2,7,0,12,2,False
deletion_C_half_s101_f1,deletion_C_half,K03,5,True,True,6,7,0,22,12,False
deletion_C_half_s101_f1,deletion_C_half,K03,10,True,True,7,7,0,34,24,False
deletion_C_half_s101_f1,deletion_C_half,K04,1,True,False,2,7,0,12,2,False
deletion_C_half_s101_f1,deletion_C_half,K04,5,True,True,6,7,0,21,11,False
deletion_C_half_s101_f1,deletion_C_half,K04,10,True,True,7,7,0,34,24,False
deletion_C_half_s101_f1,deletion_C_half,K05,1,True,True,1,7,0,11,1,False
deletion_C_half_s101_f1,deletion_C_half,K05,5,True,True,6,7,0,21,11,False
deletion_C_half_s101_f1,deletion_C_half,K05,10,True,True,7,7,0,30,20,False
deletion_C_half_s101_f1,deletion_C_half,K06,1,True,False,2,7,0,12,2,False
deletion_C_half_s101_f1,deletion_C_half,K06,5,True,True,7,7,0,22,12,False
deletion_C_half_s101_f1,deletion_C_half,K06,10,True,True,7,7,0,35,25,False
deletion_C_half_s101_f1,deletion_C_half,K07,1,False,True,2,8,0,11,1,False
deletion_C_half_s101_f1,deletion_C_half,K07,5,False,True,6,8,0,21,11,False
deletion_C_half_s101_f1,deletion_C_half,K07,10,False,True,8,8,0,30,20,False
deletion_C_half_s101_f1,deletion_C_half,K08,1,True,True,1,7,0,11,1,False
deletion_C_half_s101_f1,deletion_C_half,K08,5,True,True,6,7,0,21,11,False
deletion_C_half_s101_f1,deletion_C_half,K08,10,True,True,7,7,0,30,20,False
deletion_C_half_s101_f1,deletion_C_half,K09,1,True,False,2,7,0,12,2,False
deletion_C_half_s101_f1,deletion_C_half,K09,5,True,True,6,7,0,21,11,False
deletion_C_half_s101_f1,deletion_C_half,K09,10,True,True,7,7,0,33,23,False
deletion_C_target_delete_s101_f1,deletion_C_target_delete,K01,1,True,True,1,5,0,20,6,False
deletion_C_target_delete_s101_f1,deletion_C_target_delete,K01,5,True,True,5,5,0,30,16,False
deletion_C_target_delete_s101_f1,deletion_C_target_delete,K01,10,True,True,5,5,0,38,24,False
deletion_C_target_delete_s101_f1,deletion_C_target_delete,K02,1,True,True,1,5,0,20,6,False
deletion_C_target_delete_s101_f1,deletion_C_target_delete,K02,5,True,True,5,5,0,30,16,False
deletion_C_target_delete_s101_f1,deletion_C_target_delete,K02,10,True,True,5,5,0,38,24,False
deletion_C_target_delete_s101_f1,deletion_C_target_delete,K03,1,True,False,2,5,0,20,6,False
deletion_C_target_delete_s101_f1,deletion_C_target_delete,K03,5,True,True,5,5,0,30,16,False
deletion_C_target_delete_s101_f1,deletion_C_target_delete,K03,10,True,True,5,5,0,40,26,False
deletion_C_target_delete_s101_f1,deletion_C_target_delete,K04,1,True,False,2,5,0,20,6,False
deletion_C_target_delete_s101_f1,deletion_C_target_delete,K04,5,True,True,5,5,0,30,16,False
deletion_C_target_delete_s101_f1,deletion_C_target_delete,K04,10,True,True,5,5,0,40,26,False
deletion_C_target_delete_s101_f1,deletion_C_target_delete,K05,1,False,True,2,6,0,20,6,False
deletion_C_target_delete_s101_f1,deletion_C_target_delete,K05,5,False,True,5,6,0,26,12,False
deletion_C_target_delete_s101_f1,deletion_C_target_delete,K05,10,False,True,6,6,0,37,23,False
deletion_C_target_delete_s101_f1,deletion_C_target_delete,K06,1,True,False,2,5,0,21,7,False
deletion_C_target_delete_s101_f1,deletion_C_target_delete,K06,5,True,True,5,5,0,30,16,False
deletion_C_target_delete_s101_f1,deletion_C_target_delete,K06,10,True,True,5,5,0,43,29,False
deletion_C_target_delete_s101_f1,deletion_C_target_delete,K07,1,False,True,2,6,0,20,6,False
deletion_C_target_delete_s101_f1,deletion_C_target_delete,K07,5,False,True,5,6,0,25,11,False
deletion_C_target_delete_s101_f1,deletion_C_target_delete,K07,10,False,True,6,6,0,35,21,False
deletion_C_target_delete_s101_f1,deletion_C_target_delete,K08,1,False,True,2,6,0,20,6,False
deletion_C_target_delete_s101_f1,deletion_C_target_delete,K08,5,False,True,6,6,0,29,15,False
deletion_C_target_delete_s101_f1,deletion_C_target_delete,K08,10,False,True,6,6,0,38,24,False
deletion_C_target_delete_s101_f1,deletion_C_target_delete,K09,1,True,False,2,5,0,20,6,False
deletion_C_target_delete_s101_f1,deletion_C_target_delete,K09,5,True,True,5,5,0,30,16,False
deletion_C_target_delete_s101_f1,deletion_C_target_delete,K09,10,True,True,5,5,0,40,26,False
deletion_C_matched_delete_s101_f1,deletion_C_matched_delete,K01,1,True,False,2,6,0,16,4,False
deletion_C_matched_delete_s101_f1,deletion_C_matched_delete,K01,5,True,True,5,6,0,22,10,False
deletion_C_matched_delete_s101_f1,deletion_C_matched_delete,K01,10,True,True,6,6,0,35,23,False
deletion_C_matched_delete_s101_f1,deletion_C_matched_delete,K02,1,True,True,1,6,0,16,4,False
deletion_C_matched_delete_s101_f1,deletion_C_matched_delete,K02,5,True,True,5,6,0,22,10,False
deletion_C_matched_delete_s101_f1,deletion_C_matched_delete,K02,10,True,True,6,6,0,34,22,False
deletion_C_matched_delete_s101_f1,deletion_C_matched_delete,K03,1,True,False,2,6,0,17,5,False
deletion_C_matched_delete_s101_f1,deletion_C_matched_delete,K03,5,True,True,5,6,0,23,11,False
deletion_C_matched_delete_s101_f1,deletion_C_matched_delete,K03,10,True,True,6,6,0,36,24,False
deletion_C_matched_delete_s101_f1,deletion_C_matched_delete,K04,1,True,False,2,6,0,17,5,False
deletion_C_matched_delete_s101_f1,deletion_C_matched_delete,K04,5,True,True,5,6,0,22,10,False
deletion_C_matched_delete_s101_f1,deletion_C_matched_delete,K04,10,True,True,6,6,0,35,23,False
deletion_C_matched_delete_s101_f1,deletion_C_matched_delete,K05,1,False,True,1,7,0,15,3,False
deletion_C_matched_delete_s101_f1,deletion_C_matched_delete,K05,5,False,True,6,7,0,21,9,False
deletion_C_matched_delete_s101_f1,deletion_C_matched_delete,K05,10,False,True,7,7,0,33,21,False
deletion_C_matched_delete_s101_f1,deletion_C_matched_delete,K06,1,True,False,2,6,0,17,5,False
deletion_C_matched_delete_s101_f1,deletion_C_matched_delete,K06,5,True,True,6,6,0,24,12,False
deletion_C_matched_delete_s101_f1,deletion_C_matched_delete,K06,10,True,True,6,6,0,37,25,False
deletion_C_matched_delete_s101_f1,deletion_C_matched_delete,K07,1,False,True,1,7,0,15,3,False
deletion_C_matched_delete_s101_f1,deletion_C_matched_delete,K07,5,False,True,5,7,0,20,8,False
deletion_C_matched_delete_s101_f1,deletion_C_matched_delete,K07,10,False,True,7,7,0,32,20,False
deletion_C_matched_delete_s101_f1,deletion_C_matched_delete,K08,1,True,True,0,6,0,15,3,False
deletion_C_matched_delete_s101_f1,deletion_C_matched_delete,K08,5,True,True,5,6,0,22,10,False
deletion_C_matched_delete_s101_f1,deletion_C_matched_delete,K08,10,True,True,6,6,0,34,22,False
deletion_C_matched_delete_s101_f1,deletion_C_matched_delete,K09,1,True,False,1,6,0,16,4,False
deletion_C_matched_delete_s101_f1,deletion_C_matched_delete,K09,5,True,True,5,6,0,22,10,False
deletion_C_matched_delete_s101_f1,deletion_C_matched_delete,K09,10,True,True,6,6,0,35,23,False
deletion_A_keep_s101_f2,deletion_A_keep,K01,1,False,True,0,0,0,30,2,False
deletion_A_keep_s101_f2,deletion_A_keep,K01,5,False,True,0,0,0,33,5,False
deletion_A_keep_s101_f2,deletion_A_keep,K01,10,False,True,0,0,0,45,17,False
deletion_A_keep_s101_f2,deletion_A_keep,K02,1,False,True,0,0,0,30,2,False
deletion_A_keep_s101_f2,deletion_A_keep,K02,5,False,True,0,0,0,32,4,False
deletion_A_keep_s101_f2,deletion_A_keep,K02,10,False,True,0,0,0,43,15,False
deletion_A_keep_s101_f2,deletion_A_keep,K03,1,False,True,0,0,0,30,2,False
deletion_A_keep_s101_f2,deletion_A_keep,K03,5,False,True,0,0,0,36,8,False
deletion_A_keep_s101_f2,deletion_A_keep,K03,10,False,True,0,0,0,49,21,False
deletion_A_keep_s101_f2,deletion_A_keep,K04,1,False,True,0,0,0,30,2,False
deletion_A_keep_s101_f2,deletion_A_keep,K04,5,False,True,0,0,0,35,7,False
deletion_A_keep_s101_f2,deletion_A_keep,K04,10,False,True,0,0,0,49,21,False
deletion_A_keep_s101_f2,deletion_A_keep,K05,1,False,True,0,0,0,30,2,False
deletion_A_keep_s101_f2,deletion_A_keep,K05,5,False,True,0,0,0,32,4,False
deletion_A_keep_s101_f2,deletion_A_keep,K05,10,False,True,0,0,0,43,15,False
deletion_A_keep_s101_f2,deletion_A_keep,K06,1,False,True,0,0,0,30,2,False
deletion_A_keep_s101_f2,deletion_A_keep,K06,5,False,True,0,0,0,37,9,False
deletion_A_keep_s101_f2,deletion_A_keep,K06,10,False,True,0,0,0,51,23,False
deletion_A_keep_s101_f2,deletion_A_keep,K07,1,False,True,0,0,0,30,2,False
deletion_A_keep_s101_f2,deletion_A_keep,K07,5,False,True,0,0,0,32,4,False
deletion_A_keep_s101_f2,deletion_A_keep,K07,10,False,True,0,0,0,42,14,False
deletion_A_keep_s101_f2,deletion_A_keep,K08,1,False,True,0,0,0,30,2,False
deletion_A_keep_s101_f2,deletion_A_keep,K08,5,False,True,0,0,0,32,4,False
deletion_A_keep_s101_f2,deletion_A_keep,K08,10,False,True,0,0,0,44,16,False
deletion_A_keep_s101_f2,deletion_A_keep,K09,1,False,True,0,0,0,30,2,False
deletion_A_keep_s101_f2,deletion_A_keep,K09,5,False,True,0,0,0,35,7,False
deletion_A_keep_s101_f2,deletion_A_keep,K09,10,False,True,0,0,0,48,20,False
deletion_A_half_s101_f2,deletion_A_half,K01,1,False,True,0,0,0,30,1,False
deletion_A_half_s101_f2,deletion_A_half,K01,5,False,True,0,0,0,35,6,False
deletion_A_half_s101_f2,deletion_A_half,K01,10,False,True,0,0,0,47,18,False
deletion_A_half_s101_f2,deletion_A_half,K02,1,False,True,0,0,0,30,1,False
deletion_A_half_s101_f2,deletion_A_half,K02,5,False,True,0,0,0,35,6,False
deletion_A_half_s101_f2,deletion_A_half,K02,10,False,True,0,0,0,45,16,False
deletion_A_half_s101_f2,deletion_A_half,K03,1,False,True,0,0,0,31,2,False
deletion_A_half_s101_f2,deletion_A_half,K03,5,False,True,0,0,0,38,9,False
deletion_A_half_s101_f2,deletion_A_half,K03,10,False,True,0,0,0,51,22,False
deletion_A_half_s101_f2,deletion_A_half,K04,1,False,True,0,0,0,31,2,False
deletion_A_half_s101_f2,deletion_A_half,K04,5,False,True,0,0,0,36,7,False
deletion_A_half_s101_f2,deletion_A_half,K04,10,False,True,0,0,0,49,20,False
deletion_A_half_s101_f2,deletion_A_half,K05,1,False,True,0,0,0,30,1,False
deletion_A_half_s101_f2,deletion_A_half,K05,5,False,True,0,0,0,34,5,False
deletion_A_half_s101_f2,deletion_A_half,K05,10,False,True,0,0,0,44,15,False
deletion_A_half_s101_f2,deletion_A_half,K06,1,False,True,0,0,0,31,2,False
deletion_A_half_s101_f2,deletion_A_half,K06,5,False,True,0,0,0,38,9,False
deletion_A_half_s101_f2,deletion_A_half,K06,10,False,True,0,0,0,52,23,False
deletion_A_half_s101_f2,deletion_A_half,K07,1,False,True,0,0,0,30,1,False
deletion_A_half_s101_f2,deletion_A_half,K07,5,False,True,0,0,0,32,3,False
deletion_A_half_s101_f2,deletion_A_half,K07,10,False,True,0,0,0,43,14,False
deletion_A_half_s101_f2,deletion_A_half,K08,1,False,True,0,0,0,30,1,False
deletion_A_half_s101_f2,deletion_A_half,K08,5,False,True,0,0,0,35,6,False
deletion_A_half_s101_f2,deletion_A_half,K08,10,False,True,0,0,0,47,18,False
deletion_A_half_s101_f2,deletion_A_half,K09,1,False,True,0,0,0,31,2,False
deletion_A_half_s101_f2,deletion_A_half,K09,5,False,True,0,0,0,36,7,False
deletion_A_half_s101_f2,deletion_A_half,K09,10,False,True,0,0,0,49,20,False
deletion_A_target_delete_s101_f2,deletion_A_target_delete,K01,1,False,True,0,0,0,30,5,False
deletion_A_target_delete_s101_f2,deletion_A_target_delete,K01,5,False,True,0,0,0,32,7,False
deletion_A_target_delete_s101_f2,deletion_A_target_delete,K01,10,False,True,0,0,0,45,20,False
deletion_A_target_delete_s101_f2,deletion_A_target_delete,K02,1,False,True,0,0,0,30,5,False
deletion_A_target_delete_s101_f2,deletion_A_target_delete,K02,5,False,True,0,0,0,32,7,False
deletion_A_target_delete_s101_f2,deletion_A_target_delete,K02,10,False,True,0,0,0,44,19,False
deletion_A_target_delete_s101_f2,deletion_A_target_delete,K03,1,False,True,0,0,0,30,5,False
deletion_A_target_delete_s101_f2,deletion_A_target_delete,K03,5,False,True,0,0,0,34,9,False
deletion_A_target_delete_s101_f2,deletion_A_target_delete,K03,10,False,True,0,0,0,50,25,False
deletion_A_target_delete_s101_f2,deletion_A_target_delete,K04,1,False,True,0,0,0,30,5,False
deletion_A_target_delete_s101_f2,deletion_A_target_delete,K04,5,False,True,0,0,0,34,9,False
deletion_A_target_delete_s101_f2,deletion_A_target_delete,K04,10,False,True,0,0,0,49,24,False
deletion_A_target_delete_s101_f2,deletion_A_target_delete,K05,1,False,True,0,0,0,30,5,False
deletion_A_target_delete_s101_f2,deletion_A_target_delete,K05,5,False,True,0,0,0,32,7,False
deletion_A_target_delete_s101_f2,deletion_A_target_delete,K05,10,False,True,0,0,0,44,19,False
deletion_A_target_delete_s101_f2,deletion_A_target_delete,K06,1,False,True,0,0,0,30,5,False
deletion_A_target_delete_s101_f2,deletion_A_target_delete,K06,5,False,True,0,0,0,35,10,False
deletion_A_target_delete_s101_f2,deletion_A_target_delete,K06,10,False,True,0,0,0,50,25,False
deletion_A_target_delete_s101_f2,deletion_A_target_delete,K07,1,False,True,0,0,0,29,4,False
deletion_A_target_delete_s101_f2,deletion_A_target_delete,K07,5,False,True,0,0,0,32,7,False
deletion_A_target_delete_s101_f2,deletion_A_target_delete,K07,10,False,True,0,0,0,41,16,False
deletion_A_target_delete_s101_f2,deletion_A_target_delete,K08,1,False,True,0,0,0,30,5,False
deletion_A_target_delete_s101_f2,deletion_A_target_delete,K08,5,False,True,0,0,0,32,7,False
deletion_A_target_delete_s101_f2,deletion_A_target_delete,K08,10,False,True,0,0,0,44,19,False
deletion_A_target_delete_s101_f2,deletion_A_target_delete,K09,1,False,True,0,0,0,30,5,False
deletion_A_target_delete_s101_f2,deletion_A_target_delete,K09,5,False,True,0,0,0,34,9,False
deletion_A_target_delete_s101_f2,deletion_A_target_delete,K09,10,False,True,0,0,0,49,24,False
deletion_A_matched_delete_s101_f2,deletion_A_matched_delete,K01,1,False,True,0,0,0,25,5,False
deletion_A_matched_delete_s101_f2,deletion_A_matched_delete,K01,5,False,True,0,0,0,31,11,False
deletion_A_matched_delete_s101_f2,deletion_A_matched_delete,K01,10,False,True,0,0,0,38,18,False
deletion_A_matched_delete_s101_f2,deletion_A_matched_delete,K02,1,False,True,0,0,0,25,5,False
deletion_A_matched_delete_s101_f2,deletion_A_matched_delete,K02,5,False,True,0,0,0,31,11,False
deletion_A_matched_delete_s101_f2,deletion_A_matched_delete,K02,10,False,True,0,0,0,38,18,False
deletion_A_matched_delete_s101_f2,deletion_A_matched_delete,K03,1,False,True,0,0,0,25,5,False
deletion_A_matched_delete_s101_f2,deletion_A_matched_delete,K03,5,False,True,0,0,0,31,11,False
deletion_A_matched_delete_s101_f2,deletion_A_matched_delete,K03,10,False,True,0,0,0,44,24,False
deletion_A_matched_delete_s101_f2,deletion_A_matched_delete,K04,1,False,True,0,0,0,25,5,False
deletion_A_matched_delete_s101_f2,deletion_A_matched_delete,K04,5,False,True,0,0,0,31,11,False
deletion_A_matched_delete_s101_f2,deletion_A_matched_delete,K04,10,False,True,0,0,0,43,23,False
deletion_A_matched_delete_s101_f2,deletion_A_matched_delete,K05,1,False,True,0,0,0,25,5,False
deletion_A_matched_delete_s101_f2,deletion_A_matched_delete,K05,5,False,True,0,0,0,31,11,False
deletion_A_matched_delete_s101_f2,deletion_A_matched_delete,K05,10,False,True,0,0,0,35,15,False
deletion_A_matched_delete_s101_f2,deletion_A_matched_delete,K06,1,False,True,0,0,0,25,5,False
deletion_A_matched_delete_s101_f2,deletion_A_matched_delete,K06,5,False,True,0,0,0,31,11,False
deletion_A_matched_delete_s101_f2,deletion_A_matched_delete,K06,10,False,True,0,0,0,45,25,False
deletion_A_matched_delete_s101_f2,deletion_A_matched_delete,K07,1,False,True,0,0,0,25,5,False
deletion_A_matched_delete_s101_f2,deletion_A_matched_delete,K07,5,False,True,0,0,0,31,11,False
deletion_A_matched_delete_s101_f2,deletion_A_matched_delete,K07,10,False,True,0,0,0,35,15,False
deletion_A_matched_delete_s101_f2,deletion_A_matched_delete,K08,1,False,True,0,0,0,25,5,False
deletion_A_matched_delete_s101_f2,deletion_A_matched_delete,K08,5,False,True,0,0,0,31,11,False
deletion_A_matched_delete_s101_f2,deletion_A_matched_delete,K08,10,False,True,0,0,0,38,18,False
deletion_A_matched_delete_s101_f2,deletion_A_matched_delete,K09,1,False,True,0,0,0,25,5,False
deletion_A_matched_delete_s101_f2,deletion_A_matched_delete,K09,5,False,True,0,0,0,31,11,False
deletion_A_matched_delete_s101_f2,deletion_A_matched_delete,K09,10,False,True,0,0,0,42,22,False
deletion_C_keep_s101_f2,deletion_C_keep,K01,1,False,True,0,0,0,27,4,False
deletion_C_keep_s101_f2,deletion_C_keep,K01,5,False,True,0,0,0,31,8,False
deletion_C_keep_s101_f2,deletion_C_keep,K01,10,False,True,0,0,0,44,21,False
deletion_C_keep_s101_f2,deletion_C_keep,K02,1,False,True,0,0,0,27,4,False
deletion_C_keep_s101_f2,deletion_C_keep,K02,5,False,True,0,0,0,31,8,False
deletion_C_keep_s101_f2,deletion_C_keep,K02,10,False,True,0,0,0,44,21,False
deletion_C_keep_s101_f2,deletion_C_keep,K03,1,False,True,0,0,0,28,5,False
deletion_C_keep_s101_f2,deletion_C_keep,K03,5,False,True,0,0,0,32,9,False
deletion_C_keep_s101_f2,deletion_C_keep,K03,10,False,True,0,0,0,47,24,False
deletion_C_keep_s101_f2,deletion_C_keep,K04,1,False,True,0,0,0,28,5,False
deletion_C_keep_s101_f2,deletion_C_keep,K04,5,False,True,0,0,0,31,8,False
deletion_C_keep_s101_f2,deletion_C_keep,K04,10,False,True,0,0,0,46,23,False
deletion_C_keep_s101_f2,deletion_C_keep,K05,1,False,True,0,0,0,27,4,False
deletion_C_keep_s101_f2,deletion_C_keep,K05,5,False,True,0,0,0,31,8,False
deletion_C_keep_s101_f2,deletion_C_keep,K05,10,False,True,0,0,0,42,19,False
deletion_C_keep_s101_f2,deletion_C_keep,K06,1,False,True,0,0,0,28,5,False
deletion_C_keep_s101_f2,deletion_C_keep,K06,5,False,True,0,0,0,32,9,False
deletion_C_keep_s101_f2,deletion_C_keep,K06,10,False,True,0,0,0,48,25,False
deletion_C_keep_s101_f2,deletion_C_keep,K07,1,False,True,0,0,0,27,4,False
deletion_C_keep_s101_f2,deletion_C_keep,K07,5,False,True,0,0,0,31,8,False
deletion_C_keep_s101_f2,deletion_C_keep,K07,10,False,True,0,0,0,38,15,False
deletion_C_keep_s101_f2,deletion_C_keep,K08,1,False,True,0,0,0,27,4,False
deletion_C_keep_s101_f2,deletion_C_keep,K08,5,False,True,0,0,0,31,8,False
deletion_C_keep_s101_f2,deletion_C_keep,K08,10,False,True,0,0,0,43,20,False
deletion_C_keep_s101_f2,deletion_C_keep,K09,1,False,True,0,0,0,28,5,False
deletion_C_keep_s101_f2,deletion_C_keep,K09,5,False,True,0,0,0,32,9,False
deletion_C_keep_s101_f2,deletion_C_keep,K09,10,False,True,0,0,0,46,23,False
deletion_C_half_s101_f2,deletion_C_half,K01,1,False,True,0,0,0,30,3,False
deletion_C_half_s101_f2,deletion_C_half,K01,5,False,True,0,0,0,32,5,False
deletion_C_half_s101_f2,deletion_C_half,K01,10,False,True,0,0,0,44,17,False
deletion_C_half_s101_f2,deletion_C_half,K02,1,False,True,0,0,0,30,3,False
deletion_C_half_s101_f2,deletion_C_half,K02,5,False,True,0,0,0,32,5,False
deletion_C_half_s101_f2,deletion_C_half,K02,10,False,True,0,0,0,44,17,False
deletion_C_half_s101_f2,deletion_C_half,K03,1,False,True,0,0,0,30,3,False
deletion_C_half_s101_f2,deletion_C_half,K03,5,False,True,0,0,0,33,6,False
deletion_C_half_s101_f2,deletion_C_half,K03,10,False,True,0,0,0,50,23,False
deletion_C_half_s101_f2,deletion_C_half,K04,1,False,True,0,0,0,30,3,False
deletion_C_half_s101_f2,deletion_C_half,K04,5,False,True,0,0,0,32,5,False
deletion_C_half_s101_f2,deletion_C_half,K04,10,False,True,0,0,0,47,20,False
deletion_C_half_s101_f2,deletion_C_half,K05,1,False,True,0,0,0,30,3,False
deletion_C_half_s101_f2,deletion_C_half,K05,5,False,True,0,0,0,31,4,False
deletion_C_half_s101_f2,deletion_C_half,K05,10,False,True,0,0,0,44,17,False
deletion_C_half_s101_f2,deletion_C_half,K06,1,False,True,0,0,0,30,3,False
deletion_C_half_s101_f2,deletion_C_half,K06,5,False,True,0,0,0,33,6,False
deletion_C_half_s101_f2,deletion_C_half,K06,10,False,True,0,0,0,50,23,False
deletion_C_half_s101_f2,deletion_C_half,K07,1,False,True,0,0,0,30,3,False
deletion_C_half_s101_f2,deletion_C_half,K07,5,False,True,0,0,0,31,4,False
deletion_C_half_s101_f2,deletion_C_half,K07,10,False,True,0,0,0,43,16,False
deletion_C_half_s101_f2,deletion_C_half,K08,1,False,True,0,0,0,30,3,False
deletion_C_half_s101_f2,deletion_C_half,K08,5,False,True,0,0,0,32,5,False
deletion_C_half_s101_f2,deletion_C_half,K08,10,False,True,0,0,0,44,17,False
deletion_C_half_s101_f2,deletion_C_half,K09,1,False,True,0,0,0,30,3,False
deletion_C_half_s101_f2,deletion_C_half,K09,5,False,True,0,0,0,32,5,False
deletion_C_half_s101_f2,deletion_C_half,K09,10,False,True,0,0,0,47,20,False
deletion_C_target_delete_s101_f2,deletion_C_target_delete,K01,1,False,True,0,0,0,25,4,False
deletion_C_target_delete_s101_f2,deletion_C_target_delete,K01,5,False,True,0,0,0,31,10,False
deletion_C_target_delete_s101_f2,deletion_C_target_delete,K01,10,False,True,0,0,0,39,18,False
deletion_C_target_delete_s101_f2,deletion_C_target_delete,K02,1,False,True,0,0,0,25,4,False
deletion_C_target_delete_s101_f2,deletion_C_target_delete,K02,5,False,True,0,0,0,31,10,False
deletion_C_target_delete_s101_f2,deletion_C_target_delete,K02,10,False,True,0,0,0,38,17,False
deletion_C_target_delete_s101_f2,deletion_C_target_delete,K03,1,False,True,0,0,0,25,4,False
deletion_C_target_delete_s101_f2,deletion_C_target_delete,K03,5,False,True,0,0,0,31,10,False
deletion_C_target_delete_s101_f2,deletion_C_target_delete,K03,10,False,True,0,0,0,44,23,False
deletion_C_target_delete_s101_f2,deletion_C_target_delete,K04,1,False,True,0,0,0,25,4,False
deletion_C_target_delete_s101_f2,deletion_C_target_delete,K04,5,False,True,0,0,0,31,10,False
deletion_C_target_delete_s101_f2,deletion_C_target_delete,K04,10,False,True,0,0,0,42,21,False
deletion_C_target_delete_s101_f2,deletion_C_target_delete,K05,1,False,True,0,0,0,25,4,False
deletion_C_target_delete_s101_f2,deletion_C_target_delete,K05,5,False,True,0,0,0,31,10,False
deletion_C_target_delete_s101_f2,deletion_C_target_delete,K05,10,False,True,0,0,0,36,15,False
deletion_C_target_delete_s101_f2,deletion_C_target_delete,K06,1,False,True,0,0,0,26,5,False
deletion_C_target_delete_s101_f2,deletion_C_target_delete,K06,5,False,True,0,0,0,32,11,False
deletion_C_target_delete_s101_f2,deletion_C_target_delete,K06,10,False,True,0,0,0,45,24,False
deletion_C_target_delete_s101_f2,deletion_C_target_delete,K07,1,False,True,0,0,0,25,4,False
deletion_C_target_delete_s101_f2,deletion_C_target_delete,K07,5,False,True,0,0,0,31,10,False
deletion_C_target_delete_s101_f2,deletion_C_target_delete,K07,10,False,True,0,0,0,33,12,False
deletion_C_target_delete_s101_f2,deletion_C_target_delete,K08,1,False,True,0,0,0,25,4,False
deletion_C_target_delete_s101_f2,deletion_C_target_delete,K08,5,False,True,0,0,0,31,10,False
deletion_C_target_delete_s101_f2,deletion_C_target_delete,K08,10,False,True,0,0,0,37,16,False
deletion_C_target_delete_s101_f2,deletion_C_target_delete,K09,1,False,True,0,0,0,25,4,False
deletion_C_target_delete_s101_f2,deletion_C_target_delete,K09,5,False,True,0,0,0,31,10,False
deletion_C_target_delete_s101_f2,deletion_C_target_delete,K09,10,False,True,0,0,0,42,21,False
deletion_C_matched_delete_s101_f2,deletion_C_matched_delete,K01,1,False,True,0,0,0,29,3,False
deletion_C_matched_delete_s101_f2,deletion_C_matched_delete,K01,5,False,True,0,0,0,31,5,False
deletion_C_matched_delete_s101_f2,deletion_C_matched_delete,K01,10,False,True,0,0,0,47,21,False
deletion_C_matched_delete_s101_f2,deletion_C_matched_delete,K02,1,False,True,0,0,0,29,3,False
deletion_C_matched_delete_s101_f2,deletion_C_matched_delete,K02,5,False,True,0,0,0,31,5,False
deletion_C_matched_delete_s101_f2,deletion_C_matched_delete,K02,10,False,True,0,0,0,46,20,False
deletion_C_matched_delete_s101_f2,deletion_C_matched_delete,K03,1,False,True,0,0,0,31,5,False
deletion_C_matched_delete_s101_f2,deletion_C_matched_delete,K03,5,False,True,0,0,0,32,6,False
deletion_C_matched_delete_s101_f2,deletion_C_matched_delete,K03,10,False,True,0,0,0,49,23,False
deletion_C_matched_delete_s101_f2,deletion_C_matched_delete,K04,1,False,True,0,0,0,29,3,False
deletion_C_matched_delete_s101_f2,deletion_C_matched_delete,K04,5,False,True,0,0,0,32,6,False
deletion_C_matched_delete_s101_f2,deletion_C_matched_delete,K04,10,False,True,0,0,0,49,23,False
deletion_C_matched_delete_s101_f2,deletion_C_matched_delete,K05,1,False,True,0,0,0,29,3,False
deletion_C_matched_delete_s101_f2,deletion_C_matched_delete,K05,5,False,True,0,0,0,31,5,False
deletion_C_matched_delete_s101_f2,deletion_C_matched_delete,K05,10,False,True,0,0,0,43,17,False
deletion_C_matched_delete_s101_f2,deletion_C_matched_delete,K06,1,False,True,0,0,0,31,5,False
deletion_C_matched_delete_s101_f2,deletion_C_matched_delete,K06,5,False,True,0,0,0,32,6,False
deletion_C_matched_delete_s101_f2,deletion_C_matched_delete,K06,10,False,True,0,0,0,49,23,False
deletion_C_matched_delete_s101_f2,deletion_C_matched_delete,K07,1,False,True,0,0,0,29,3,False
deletion_C_matched_delete_s101_f2,deletion_C_matched_delete,K07,5,False,True,0,0,0,31,5,False
deletion_C_matched_delete_s101_f2,deletion_C_matched_delete,K07,10,False,True,0,0,0,42,16,False
deletion_C_matched_delete_s101_f2,deletion_C_matched_delete,K08,1,False,True,0,0,0,29,3,False
deletion_C_matched_delete_s101_f2,deletion_C_matched_delete,K08,5,False,True,0,0,0,31,5,False
deletion_C_matched_delete_s101_f2,deletion_C_matched_delete,K08,10,False,True,0,0,0,46,20,False
deletion_C_matched_delete_s101_f2,deletion_C_matched_delete,K09,1,False,True,0,0,0,29,3,False
deletion_C_matched_delete_s101_f2,deletion_C_matched_delete,K09,5,False,True,0,0,0,32,6,False
deletion_C_matched_delete_s101_f2,deletion_C_matched_delete,K09,10,False,True,0,0,0,49,23,False
deletion_A_keep_s202_f0,deletion_A_keep,K01,1,False,True,0,0,0,26,0,False
deletion_A_keep_s202_f0,deletion_A_keep,K01,5,False,True,0,0,0,35,9,False
deletion_A_keep_s202_f0,deletion_A_keep,K01,10,False,True,0,0,0,43,17,False
deletion_A_keep_s202_f0,deletion_A_keep,K02,1,False,True,0,0,0,26,0,False
deletion_A_keep_s202_f0,deletion_A_keep,K02,5,False,True,0,0,0,33,7,False
deletion_A_keep_s202_f0,deletion_A_keep,K02,10,False,True,0,0,0,41,15,False
deletion_A_keep_s202_f0,deletion_A_keep,K03,1,False,True,0,0,0,26,0,False
deletion_A_keep_s202_f0,deletion_A_keep,K03,5,False,True,0,0,0,35,9,False
deletion_A_keep_s202_f0,deletion_A_keep,K03,10,False,True,0,0,0,52,26,False
deletion_A_keep_s202_f0,deletion_A_keep,K04,1,False,True,0,0,0,26,0,False
deletion_A_keep_s202_f0,deletion_A_keep,K04,5,False,True,0,0,0,35,9,False
deletion_A_keep_s202_f0,deletion_A_keep,K04,10,False,True,0,0,0,51,25,False
deletion_A_keep_s202_f0,deletion_A_keep,K05,1,False,True,0,0,0,26,0,False
deletion_A_keep_s202_f0,deletion_A_keep,K05,5,False,True,0,0,0,33,7,False
deletion_A_keep_s202_f0,deletion_A_keep,K05,10,False,True,0,0,0,39,13,False
deletion_A_keep_s202_f0,deletion_A_keep,K06,1,False,True,0,0,0,26,0,False
deletion_A_keep_s202_f0,deletion_A_keep,K06,5,False,True,0,0,0,35,9,False
deletion_A_keep_s202_f0,deletion_A_keep,K06,10,False,True,0,0,0,53,27,False
deletion_A_keep_s202_f0,deletion_A_keep,K07,1,False,True,0,0,0,26,0,False
deletion_A_keep_s202_f0,deletion_A_keep,K07,5,False,True,0,0,0,33,7,False
deletion_A_keep_s202_f0,deletion_A_keep,K07,10,False,True,0,0,0,39,13,False
deletion_A_keep_s202_f0,deletion_A_keep,K08,1,False,True,0,0,0,26,0,False
deletion_A_keep_s202_f0,deletion_A_keep,K08,5,False,True,0,0,0,33,7,False
deletion_A_keep_s202_f0,deletion_A_keep,K08,10,False,True,0,0,0,43,17,False
deletion_A_keep_s202_f0,deletion_A_keep,K09,1,False,True,0,0,0,26,0,False
deletion_A_keep_s202_f0,deletion_A_keep,K09,5,False,True,0,0,0,35,9,False
deletion_A_keep_s202_f0,deletion_A_keep,K09,10,False,True,0,0,0,49,23,False
deletion_A_half_s202_f0,deletion_A_half,K01,1,False,True,0,0,0,26,0,False
deletion_A_half_s202_f0,deletion_A_half,K01,5,False,True,0,0,0,34,8,False
deletion_A_half_s202_f0,deletion_A_half,K01,10,False,True,0,0,0,43,17,False
deletion_A_half_s202_f0,deletion_A_half,K02,1,False,True,0,0,0,26,0,False
deletion_A_half_s202_f0,deletion_A_half,K02,5,False,True,0,0,0,33,7,False
deletion_A_half_s202_f0,deletion_A_half,K02,10,False,True,0,0,0,41,15,False
deletion_A_half_s202_f0,deletion_A_half,K03,1,False,True,0,0,0,26,0,False
deletion_A_half_s202_f0,deletion_A_half,K03,5,False,True,0,0,0,35,9,False
deletion_A_half_s202_f0,deletion_A_half,K03,10,False,True,0,0,0,52,26,False
deletion_A_half_s202_f0,deletion_A_half,K04,1,False,True,0,0,0,26,0,False
deletion_A_half_s202_f0,deletion_A_half,K04,5,False,True,0,0,0,35,9,False
deletion_A_half_s202_f0,deletion_A_half,K04,10,False,True,0,0,0,50,24,False
deletion_A_half_s202_f0,deletion_A_half,K05,1,False,True,0,0,0,26,0,False
deletion_A_half_s202_f0,deletion_A_half,K05,5,False,True,0,0,0,33,7,False
deletion_A_half_s202_f0,deletion_A_half,K05,10,False,True,0,0,0,39,13,False
deletion_A_half_s202_f0,deletion_A_half,K06,1,False,True,0,0,0,26,0,False
deletion_A_half_s202_f0,deletion_A_half,K06,5,False,True,0,0,0,35,9,False
deletion_A_half_s202_f0,deletion_A_half,K06,10,False,True,0,0,0,53,27,False
deletion_A_half_s202_f0,deletion_A_half,K07,1,False,True,0,0,0,26,0,False
deletion_A_half_s202_f0,deletion_A_half,K07,5,False,True,0,0,0,33,7,False
deletion_A_half_s202_f0,deletion_A_half,K07,10,False,True,0,0,0,39,13,False
deletion_A_half_s202_f0,deletion_A_half,K08,1,False,True,0,0,0,26,0,False
deletion_A_half_s202_f0,deletion_A_half,K08,5,False,True,0,0,0,33,7,False
deletion_A_half_s202_f0,deletion_A_half,K08,10,False,True,0,0,0,44,18,False
deletion_A_half_s202_f0,deletion_A_half,K09,1,False,True,0,0,0,26,0,False
deletion_A_half_s202_f0,deletion_A_half,K09,5,False,True,0,0,0,35,9,False
deletion_A_half_s202_f0,deletion_A_half,K09,10,False,True,0,0,0,48,22,False
deletion_A_target_delete_s202_f0,deletion_A_target_delete,K01,1,False,True,0,0,0,26,0,False
deletion_A_target_delete_s202_f0,deletion_A_target_delete,K01,5,False,True,0,0,0,33,7,False
deletion_A_target_delete_s202_f0,deletion_A_target_delete,K01,10,False,True,0,0,0,42,16,False
deletion_A_target_delete_s202_f0,deletion_A_target_delete,K02,1,False,True,0,0,0,26,0,False
deletion_A_target_delete_s202_f0,deletion_A_target_delete,K02,5,False,True,0,0,0,33,7,False
deletion_A_target_delete_s202_f0,deletion_A_target_delete,K02,10,False,True,0,0,0,41,15,False
deletion_A_target_delete_s202_f0,deletion_A_target_delete,K03,1,False,True,0,0,0,26,0,False
deletion_A_target_delete_s202_f0,deletion_A_target_delete,K03,5,False,True,0,0,0,36,10,False
deletion_A_target_delete_s202_f0,deletion_A_target_delete,K03,10,False,True,0,0,0,50,24,False
deletion_A_target_delete_s202_f0,deletion_A_target_delete,K04,1,False,True,0,0,0,26,0,False
deletion_A_target_delete_s202_f0,deletion_A_target_delete,K04,5,False,True,0,0,0,35,9,False
deletion_A_target_delete_s202_f0,deletion_A_target_delete,K04,10,False,True,0,0,0,50,24,False
deletion_A_target_delete_s202_f0,deletion_A_target_delete,K05,1,False,True,0,0,0,26,0,False
deletion_A_target_delete_s202_f0,deletion_A_target_delete,K05,5,False,True,0,0,0,33,7,False
deletion_A_target_delete_s202_f0,deletion_A_target_delete,K05,10,False,True,0,0,0,39,13,False
deletion_A_target_delete_s202_f0,deletion_A_target_delete,K06,1,False,True,0,0,0,26,0,False
deletion_A_target_delete_s202_f0,deletion_A_target_delete,K06,5,False,True,0,0,0,36,10,False
deletion_A_target_delete_s202_f0,deletion_A_target_delete,K06,10,False,True,0,0,0,52,26,False
deletion_A_target_delete_s202_f0,deletion_A_target_delete,K07,1,False,True,0,0,0,26,0,False
deletion_A_target_delete_s202_f0,deletion_A_target_delete,K07,5,False,True,0,0,0,33,7,False
deletion_A_target_delete_s202_f0,deletion_A_target_delete,K07,10,False,True,0,0,0,39,13,False
deletion_A_target_delete_s202_f0,deletion_A_target_delete,K08,1,False,True,0,0,0,26,0,False
deletion_A_target_delete_s202_f0,deletion_A_target_delete,K08,5,False,True,0,0,0,33,7,False
deletion_A_target_delete_s202_f0,deletion_A_target_delete,K08,10,False,True,0,0,0,43,17,False
deletion_A_target_delete_s202_f0,deletion_A_target_delete,K09,1,False,True,0,0,0,26,0,False
deletion_A_target_delete_s202_f0,deletion_A_target_delete,K09,5,False,True,0,0,0,35,9,False
deletion_A_target_delete_s202_f0,deletion_A_target_delete,K09,10,False,True,0,0,0,48,22,False
deletion_A_matched_delete_s202_f0,deletion_A_matched_delete,K01,1,False,True,0,0,0,27,2,False
deletion_A_matched_delete_s202_f0,deletion_A_matched_delete,K01,5,False,True,0,0,0,34,9,False
deletion_A_matched_delete_s202_f0,deletion_A_matched_delete,K01,10,False,True,0,0,0,42,17,False
deletion_A_matched_delete_s202_f0,deletion_A_matched_delete,K02,1,False,True,0,0,0,27,2,False
deletion_A_matched_delete_s202_f0,deletion_A_matched_delete,K02,5,False,True,0,0,0,34,9,False
deletion_A_matched_delete_s202_f0,deletion_A_matched_delete,K02,10,False,True,0,0,0,41,16,False
deletion_A_matched_delete_s202_f0,deletion_A_matched_delete,K03,1,False,True,0,0,0,28,3,False
deletion_A_matched_delete_s202_f0,deletion_A_matched_delete,K03,5,False,True,0,0,0,34,9,False
deletion_A_matched_delete_s202_f0,deletion_A_matched_delete,K03,10,False,True,0,0,0,52,27,False
deletion_A_matched_delete_s202_f0,deletion_A_matched_delete,K04,1,False,True,0,0,0,27,2,False
deletion_A_matched_delete_s202_f0,deletion_A_matched_delete,K04,5,False,True,0,0,0,34,9,False
deletion_A_matched_delete_s202_f0,deletion_A_matched_delete,K04,10,False,True,0,0,0,51,26,False
deletion_A_matched_delete_s202_f0,deletion_A_matched_delete,K05,1,False,True,0,0,0,27,2,False
deletion_A_matched_delete_s202_f0,deletion_A_matched_delete,K05,5,False,True,0,0,0,33,8,False
deletion_A_matched_delete_s202_f0,deletion_A_matched_delete,K05,10,False,True,0,0,0,39,14,False
deletion_A_matched_delete_s202_f0,deletion_A_matched_delete,K06,1,False,True,0,0,0,28,3,False
deletion_A_matched_delete_s202_f0,deletion_A_matched_delete,K06,5,False,True,0,0,0,34,9,False
deletion_A_matched_delete_s202_f0,deletion_A_matched_delete,K06,10,False,True,0,0,0,54,29,False
deletion_A_matched_delete_s202_f0,deletion_A_matched_delete,K07,1,False,True,0,0,0,27,2,False
deletion_A_matched_delete_s202_f0,deletion_A_matched_delete,K07,5,False,True,0,0,0,34,9,False
deletion_A_matched_delete_s202_f0,deletion_A_matched_delete,K07,10,False,True,0,0,0,41,16,False
deletion_A_matched_delete_s202_f0,deletion_A_matched_delete,K08,1,False,True,0,0,0,27,2,False
deletion_A_matched_delete_s202_f0,deletion_A_matched_delete,K08,5,False,True,0,0,0,34,9,False
deletion_A_matched_delete_s202_f0,deletion_A_matched_delete,K08,10,False,True,0,0,0,42,17,False
deletion_A_matched_delete_s202_f0,deletion_A_matched_delete,K09,1,False,True,0,0,0,27,2,False
deletion_A_matched_delete_s202_f0,deletion_A_matched_delete,K09,5,False,True,0,0,0,34,9,False
deletion_A_matched_delete_s202_f0,deletion_A_matched_delete,K09,10,False,True,0,0,0,49,24,False
deletion_C_keep_s202_f0,deletion_C_keep,K01,1,False,True,0,0,0,32,4,False
deletion_C_keep_s202_f0,deletion_C_keep,K01,5,False,True,0,0,0,39,11,False
deletion_C_keep_s202_f0,deletion_C_keep,K01,10,False,True,0,0,0,56,28,False
deletion_C_keep_s202_f0,deletion_C_keep,K02,1,False,True,0,0,0,32,4,False
deletion_C_keep_s202_f0,deletion_C_keep,K02,5,False,True,0,0,0,39,11,False
deletion_C_keep_s202_f0,deletion_C_keep,K02,10,False,True,0,0,0,54,26,False
deletion_C_keep_s202_f0,deletion_C_keep,K03,1,False,True,0,0,0,32,4,False
deletion_C_keep_s202_f0,deletion_C_keep,K03,5,False,True,0,0,0,42,14,False
deletion_C_keep_s202_f0,deletion_C_keep,K03,10,False,True,0,0,0,57,29,False
deletion_C_keep_s202_f0,deletion_C_keep,K04,1,False,True,0,0,0,32,4,False
deletion_C_keep_s202_f0,deletion_C_keep,K04,5,False,True,0,0,0,40,12,False
deletion_C_keep_s202_f0,deletion_C_keep,K04,10,False,True,0,0,0,57,29,False
deletion_C_keep_s202_f0,deletion_C_keep,K05,1,False,True,0,0,0,32,4,False
deletion_C_keep_s202_f0,deletion_C_keep,K05,5,False,True,0,0,0,38,10,False
deletion_C_keep_s202_f0,deletion_C_keep,K05,10,False,True,0,0,0,53,25,False
deletion_C_keep_s202_f0,deletion_C_keep,K06,1,False,True,0,0,0,32,4,False
deletion_C_keep_s202_f0,deletion_C_keep,K06,5,False,True,0,0,0,45,17,False
deletion_C_keep_s202_f0,deletion_C_keep,K06,10,False,True,0,0,0,59,31,False
deletion_C_keep_s202_f0,deletion_C_keep,K07,1,False,True,0,0,0,32,4,False
deletion_C_keep_s202_f0,deletion_C_keep,K07,5,False,True,0,0,0,39,11,False
deletion_C_keep_s202_f0,deletion_C_keep,K07,10,False,True,0,0,0,54,26,False
deletion_C_keep_s202_f0,deletion_C_keep,K08,1,False,True,0,0,0,32,4,False
deletion_C_keep_s202_f0,deletion_C_keep,K08,5,False,True,0,0,0,39,11,False
deletion_C_keep_s202_f0,deletion_C_keep,K08,10,False,True,0,0,0,55,27,False
deletion_C_keep_s202_f0,deletion_C_keep,K09,1,False,True,0,0,0,32,4,False
deletion_C_keep_s202_f0,deletion_C_keep,K09,5,False,True,0,0,0,40,12,False
deletion_C_keep_s202_f0,deletion_C_keep,K09,10,False,True,0,0,0,56,28,False
deletion_C_half_s202_f0,deletion_C_half,K01,1,False,True,0,0,0,32,4,False
deletion_C_half_s202_f0,deletion_C_half,K01,5,False,True,0,0,0,38,10,False
deletion_C_half_s202_f0,deletion_C_half,K01,10,False,True,0,0,0,53,25,False
deletion_C_half_s202_f0,deletion_C_half,K02,1,False,True,0,0,0,32,4,False
deletion_C_half_s202_f0,deletion_C_half,K02,5,False,True,0,0,0,38,10,False
deletion_C_half_s202_f0,deletion_C_half,K02,10,False,True,0,0,0,53,25,False
deletion_C_half_s202_f0,deletion_C_half,K03,1,False,True,0,0,0,32,4,False
deletion_C_half_s202_f0,deletion_C_half,K03,5,False,True,0,0,0,40,12,False
deletion_C_half_s202_f0,deletion_C_half,K03,10,False,True,0,0,0,57,29,False
deletion_C_half_s202_f0,deletion_C_half,K04,1,False,True,0,0,0,32,4,False
deletion_C_half_s202_f0,deletion_C_half,K04,5,False,True,0,0,0,40,12,False
deletion_C_half_s202_f0,deletion_C_half,K04,10,False,True,0,0,0,56,28,False
deletion_C_half_s202_f0,deletion_C_half,K05,1,False,True,0,0,0,32,4,False
deletion_C_half_s202_f0,deletion_C_half,K05,5,False,True,0,0,0,38,10,False
deletion_C_half_s202_f0,deletion_C_half,K05,10,False,True,0,0,0,53,25,False
deletion_C_half_s202_f0,deletion_C_half,K06,1,False,True,0,0,0,32,4,False
deletion_C_half_s202_f0,deletion_C_half,K06,5,False,True,0,0,0,41,13,False
deletion_C_half_s202_f0,deletion_C_half,K06,10,False,True,0,0,0,58,30,False
deletion_C_half_s202_f0,deletion_C_half,K07,1,False,True,0,0,0,32,4,False
deletion_C_half_s202_f0,deletion_C_half,K07,5,False,True,0,0,0,38,10,False
deletion_C_half_s202_f0,deletion_C_half,K07,10,False,True,0,0,0,53,25,False
deletion_C_half_s202_f0,deletion_C_half,K08,1,False,True,0,0,0,32,4,False
deletion_C_half_s202_f0,deletion_C_half,K08,5,False,True,0,0,0,38,10,False
deletion_C_half_s202_f0,deletion_C_half,K08,10,False,True,0,0,0,53,25,False
deletion_C_half_s202_f0,deletion_C_half,K09,1,False,True,0,0,0,32,4,False
deletion_C_half_s202_f0,deletion_C_half,K09,5,False,True,0,0,0,39,11,False
deletion_C_half_s202_f0,deletion_C_half,K09,10,False,True,0,0,0,55,27,False
deletion_C_target_delete_s202_f0,deletion_C_target_delete,K01,1,False,True,0,0,0,31,3,False
deletion_C_target_delete_s202_f0,deletion_C_target_delete,K01,5,False,True,0,0,0,38,10,False
deletion_C_target_delete_s202_f0,deletion_C_target_delete,K01,10,False,True,0,0,0,53,25,False
deletion_C_target_delete_s202_f0,deletion_C_target_delete,K02,1,False,True,0,0,0,31,3,False
deletion_C_target_delete_s202_f0,deletion_C_target_delete,K02,5,False,True,0,0,0,38,10,False
deletion_C_target_delete_s202_f0,deletion_C_target_delete,K02,10,False,True,0,0,0,53,25,False
deletion_C_target_delete_s202_f0,deletion_C_target_delete,K03,1,False,True,0,0,0,31,3,False
deletion_C_target_delete_s202_f0,deletion_C_target_delete,K03,5,False,True,0,0,0,39,11,False
deletion_C_target_delete_s202_f0,deletion_C_target_delete,K03,10,False,True,0,0,0,56,28,False
deletion_C_target_delete_s202_f0,deletion_C_target_delete,K04,1,False,True,0,0,0,31,3,False
deletion_C_target_delete_s202_f0,deletion_C_target_delete,K04,5,False,True,0,0,0,38,10,False
deletion_C_target_delete_s202_f0,deletion_C_target_delete,K04,10,False,True,0,0,0,55,27,False
deletion_C_target_delete_s202_f0,deletion_C_target_delete,K05,1,False,True,0,0,0,31,3,False
deletion_C_target_delete_s202_f0,deletion_C_target_delete,K05,5,False,True,0,0,0,38,10,False
deletion_C_target_delete_s202_f0,deletion_C_target_delete,K05,10,False,True,0,0,0,53,25,False
deletion_C_target_delete_s202_f0,deletion_C_target_delete,K06,1,False,True,0,0,0,31,3,False
deletion_C_target_delete_s202_f0,deletion_C_target_delete,K06,5,False,True,0,0,0,40,12,False
deletion_C_target_delete_s202_f0,deletion_C_target_delete,K06,10,False,True,0,0,0,57,29,False
deletion_C_target_delete_s202_f0,deletion_C_target_delete,K07,1,False,True,0,0,0,31,3,False
deletion_C_target_delete_s202_f0,deletion_C_target_delete,K07,5,False,True,0,0,0,38,10,False
deletion_C_target_delete_s202_f0,deletion_C_target_delete,K07,10,False,True,0,0,0,53,25,False
deletion_C_target_delete_s202_f0,deletion_C_target_delete,K08,1,False,True,0,0,0,31,3,False
deletion_C_target_delete_s202_f0,deletion_C_target_delete,K08,5,False,True,0,0,0,38,10,False
deletion_C_target_delete_s202_f0,deletion_C_target_delete,K08,10,False,True,0,0,0,53,25,False
deletion_C_target_delete_s202_f0,deletion_C_target_delete,K09,1,False,True,0,0,0,31,3,False
deletion_C_target_delete_s202_f0,deletion_C_target_delete,K09,5,False,True,0,0,0,38,10,False
deletion_C_target_delete_s202_f0,deletion_C_target_delete,K09,10,False,True,0,0,0,55,27,False
deletion_C_matched_delete_s202_f0,deletion_C_matched_delete,K01,1,False,True,0,0,0,26,2,False
deletion_C_matched_delete_s202_f0,deletion_C_matched_delete,K01,5,False,True,0,0,0,35,11,False
deletion_C_matched_delete_s202_f0,deletion_C_matched_delete,K01,10,False,True,0,0,0,49,25,False
deletion_C_matched_delete_s202_f0,deletion_C_matched_delete,K02,1,False,True,0,0,0,26,2,False
deletion_C_matched_delete_s202_f0,deletion_C_matched_delete,K02,5,False,True,0,0,0,35,11,False
deletion_C_matched_delete_s202_f0,deletion_C_matched_delete,K02,10,False,True,0,0,0,49,25,False
deletion_C_matched_delete_s202_f0,deletion_C_matched_delete,K03,1,False,True,0,0,0,26,2,False
deletion_C_matched_delete_s202_f0,deletion_C_matched_delete,K03,5,False,True,0,0,0,36,12,False
deletion_C_matched_delete_s202_f0,deletion_C_matched_delete,K03,10,False,True,0,0,0,54,30,False
deletion_C_matched_delete_s202_f0,deletion_C_matched_delete,K04,1,False,True,0,0,0,26,2,False
deletion_C_matched_delete_s202_f0,deletion_C_matched_delete,K04,5,False,True,0,0,0,36,12,False
deletion_C_matched_delete_s202_f0,deletion_C_matched_delete,K04,10,False,True,0,0,0,52,28,False
deletion_C_matched_delete_s202_f0,deletion_C_matched_delete,K05,1,False,True,0,0,0,26,2,False
deletion_C_matched_delete_s202_f0,deletion_C_matched_delete,K05,5,False,True,0,0,0,32,8,False
deletion_C_matched_delete_s202_f0,deletion_C_matched_delete,K05,10,False,True,0,0,0,46,22,False
deletion_C_matched_delete_s202_f0,deletion_C_matched_delete,K06,1,False,True,0,0,0,27,3,False
deletion_C_matched_delete_s202_f0,deletion_C_matched_delete,K06,5,False,True,0,0,0,37,13,False
deletion_C_matched_delete_s202_f0,deletion_C_matched_delete,K06,10,False,True,0,0,0,55,31,False
deletion_C_matched_delete_s202_f0,deletion_C_matched_delete,K07,1,False,True,0,0,0,26,2,False
deletion_C_matched_delete_s202_f0,deletion_C_matched_delete,K07,5,False,True,0,0,0,33,9,False
deletion_C_matched_delete_s202_f0,deletion_C_matched_delete,K07,10,False,True,0,0,0,49,25,False
deletion_C_matched_delete_s202_f0,deletion_C_matched_delete,K08,1,False,True,0,0,0,26,2,False
deletion_C_matched_delete_s202_f0,deletion_C_matched_delete,K08,5,False,True,0,0,0,35,11,False
deletion_C_matched_delete_s202_f0,deletion_C_matched_delete,K08,10,False,True,0,0,0,49,25,False
deletion_C_matched_delete_s202_f0,deletion_C_matched_delete,K09,1,False,True,0,0,0,26,2,False
deletion_C_matched_delete_s202_f0,deletion_C_matched_delete,K09,5,False,True,0,0,0,36,12,False
deletion_C_matched_delete_s202_f0,deletion_C_matched_delete,K09,10,False,True,0,0,0,51,27,False
deletion_A_keep_s202_f1,deletion_A_keep,K01,1,False,True,0,0,0,36,5,False
deletion_A_keep_s202_f1,deletion_A_keep,K01,5,False,True,0,0,0,62,31,False
deletion_A_keep_s202_f1,deletion_A_keep,K01,10,False,True,0,0,0,78,47,False
deletion_A_keep_s202_f1,deletion_A_keep,K02,1,False,True,0,0,0,36,5,False
deletion_A_keep_s202_f1,deletion_A_keep,K02,5,False,True,0,0,0,61,30,False
deletion_A_keep_s202_f1,deletion_A_keep,K02,10,False,True,0,0,0,77,46,False
deletion_A_keep_s202_f1,deletion_A_keep,K03,1,False,True,0,0,0,37,6,False
deletion_A_keep_s202_f1,deletion_A_keep,K03,5,False,True,0,0,0,68,37,False
deletion_A_keep_s202_f1,deletion_A_keep,K03,10,False,True,0,0,0,88,57,False
deletion_A_keep_s202_f1,deletion_A_keep,K04,1,False,True,0,0,0,36,5,False
deletion_A_keep_s202_f1,deletion_A_keep,K04,5,False,True,0,0,0,65,34,False
deletion_A_keep_s202_f1,deletion_A_keep,K04,10,False,True,0,0,0,85,54,False
deletion_A_keep_s202_f1,deletion_A_keep,K05,1,False,True,0,0,0,36,5,False
deletion_A_keep_s202_f1,deletion_A_keep,K05,5,False,True,0,0,0,57,26,False
deletion_A_keep_s202_f1,deletion_A_keep,K05,10,False,True,0,0,0,76,45,False
deletion_A_keep_s202_f1,deletion_A_keep,K06,1,False,True,0,0,0,37,6,False
deletion_A_keep_s202_f1,deletion_A_keep,K06,5,False,True,0,0,0,68,37,False
deletion_A_keep_s202_f1,deletion_A_keep,K06,10,False,True,0,0,0,89,58,False
deletion_A_keep_s202_f1,deletion_A_keep,K07,1,False,True,0,0,0,36,5,False
deletion_A_keep_s202_f1,deletion_A_keep,K07,5,False,True,0,0,0,56,25,False
deletion_A_keep_s202_f1,deletion_A_keep,K07,10,False,True,0,0,0,72,41,False
deletion_A_keep_s202_f1,deletion_A_keep,K08,1,False,True,0,0,0,36,5,False
deletion_A_keep_s202_f1,deletion_A_keep,K08,5,False,True,0,0,0,61,30,False
deletion_A_keep_s202_f1,deletion_A_keep,K08,10,False,True,0,0,0,77,46,False
deletion_A_keep_s202_f1,deletion_A_keep,K09,1,False,True,0,0,0,36,5,False
deletion_A_keep_s202_f1,deletion_A_keep,K09,5,False,True,0,0,0,64,33,False
deletion_A_keep_s202_f1,deletion_A_keep,K09,10,False,True,0,0,0,83,52,False
deletion_A_half_s202_f1,deletion_A_half,K01,1,False,True,0,0,0,37,5,False
deletion_A_half_s202_f1,deletion_A_half,K01,5,False,True,0,0,0,62,30,False
deletion_A_half_s202_f1,deletion_A_half,K01,10,False,True,0,0,0,78,46,False
deletion_A_half_s202_f1,deletion_A_half,K02,1,False,True,0,0,0,37,5,False
deletion_A_half_s202_f1,deletion_A_half,K02,5,False,True,0,0,0,60,28,False
deletion_A_half_s202_f1,deletion_A_half,K02,10,False,True,0,0,0,77,45,False
deletion_A_half_s202_f1,deletion_A_half,K03,1,False,True,0,0,0,38,6,False
deletion_A_half_s202_f1,deletion_A_half,K03,5,False,True,0,0,0,68,36,False
deletion_A_half_s202_f1,deletion_A_half,K03,10,False,True,0,0,0,89,57,False
deletion_A_half_s202_f1,deletion_A_half,K04,1,False,True,0,0,0,38,6,False
deletion_A_half_s202_f1,deletion_A_half,K04,5,False,True,0,0,0,66,34,False
deletion_A_half_s202_f1,deletion_A_half,K04,10,False,True,0,0,0,85,53,False
deletion_A_half_s202_f1,deletion_A_half,K05,1,False,True,0,0,0,36,4,False
deletion_A_half_s202_f1,deletion_A_half,K05,5,False,True,0,0,0,59,27,False
deletion_A_half_s202_f1,deletion_A_half,K05,10,False,True,0,0,0,77,45,False
deletion_A_half_s202_f1,deletion_A_half,K06,1,False,True,0,0,0,38,6,False
deletion_A_half_s202_f1,deletion_A_half,K06,5,False,True,0,0,0,68,36,False
deletion_A_half_s202_f1,deletion_A_half,K06,10,False,True,0,0,0,89,57,False
deletion_A_half_s202_f1,deletion_A_half,K07,1,False,True,0,0,0,36,4,False
deletion_A_half_s202_f1,deletion_A_half,K07,5,False,True,0,0,0,56,24,False
deletion_A_half_s202_f1,deletion_A_half,K07,10,False,True,0,0,0,73,41,False
deletion_A_half_s202_f1,deletion_A_half,K08,1,False,True,0,0,0,37,5,False
deletion_A_half_s202_f1,deletion_A_half,K08,5,False,True,0,0,0,60,28,False
deletion_A_half_s202_f1,deletion_A_half,K08,10,False,True,0,0,0,77,45,False
deletion_A_half_s202_f1,deletion_A_half,K09,1,False,True,0,0,0,38,6,False
deletion_A_half_s202_f1,deletion_A_half,K09,5,False,True,0,0,0,65,33,False
deletion_A_half_s202_f1,deletion_A_half,K09,10,False,True,0,0,0,83,51,False
deletion_A_target_delete_s202_f1,deletion_A_target_delete,K01,1,False,True,0,0,0,39,5,False
deletion_A_target_delete_s202_f1,deletion_A_target_delete,K01,5,False,True,0,0,0,63,29,False
deletion_A_target_delete_s202_f1,deletion_A_target_delete,K01,10,False,True,0,0,0,80,46,False
deletion_A_target_delete_s202_f1,deletion_A_target_delete,K02,1,False,True,0,0,0,38,4,False
deletion_A_target_delete_s202_f1,deletion_A_target_delete,K02,5,False,True,0,0,0,62,28,False
deletion_A_target_delete_s202_f1,deletion_A_target_delete,K02,10,False,True,0,0,0,79,45,False
deletion_A_target_delete_s202_f1,deletion_A_target_delete,K03,1,False,True,0,0,0,39,5,False
deletion_A_target_delete_s202_f1,deletion_A_target_delete,K03,5,False,True,0,0,0,68,34,False
deletion_A_target_delete_s202_f1,deletion_A_target_delete,K03,10,False,True,0,0,0,92,58,False
deletion_A_target_delete_s202_f1,deletion_A_target_delete,K04,1,False,True,0,0,0,39,5,False
deletion_A_target_delete_s202_f1,deletion_A_target_delete,K04,5,False,True,0,0,0,66,32,False
deletion_A_target_delete_s202_f1,deletion_A_target_delete,K04,10,False,True,0,0,0,86,52,False
deletion_A_target_delete_s202_f1,deletion_A_target_delete,K05,1,False,True,0,0,0,38,4,False
deletion_A_target_delete_s202_f1,deletion_A_target_delete,K05,5,False,True,0,0,0,61,27,False
deletion_A_target_delete_s202_f1,deletion_A_target_delete,K05,10,False,True,0,0,0,77,43,False
deletion_A_target_delete_s202_f1,deletion_A_target_delete,K06,1,False,True,0,0,0,39,5,False
deletion_A_target_delete_s202_f1,deletion_A_target_delete,K06,5,False,True,0,0,0,68,34,False
deletion_A_target_delete_s202_f1,deletion_A_target_delete,K06,10,False,True,0,0,0,92,58,False
deletion_A_target_delete_s202_f1,deletion_A_target_delete,K07,1,False,True,0,0,0,37,3,False
deletion_A_target_delete_s202_f1,deletion_A_target_delete,K07,5,False,True,0,0,0,58,24,False
deletion_A_target_delete_s202_f1,deletion_A_target_delete,K07,10,False,True,0,0,0,73,39,False
deletion_A_target_delete_s202_f1,deletion_A_target_delete,K08,1,False,True,0,0,0,39,5,False
deletion_A_target_delete_s202_f1,deletion_A_target_delete,K08,5,False,True,0,0,0,62,28,False
deletion_A_target_delete_s202_f1,deletion_A_target_delete,K08,10,False,True,0,0,0,79,45,False
deletion_A_target_delete_s202_f1,deletion_A_target_delete,K09,1,False,True,0,0,0,39,5,False
deletion_A_target_delete_s202_f1,deletion_A_target_delete,K09,5,False,True,0,0,0,65,31,False
deletion_A_target_delete_s202_f1,deletion_A_target_delete,K09,10,False,True,0,0,0,84,50,False
deletion_A_matched_delete_s202_f1,deletion_A_matched_delete,K01,1,False,True,2,2,0,35,5,False
deletion_A_matched_delete_s202_f1,deletion_A_matched_delete,K01,5,False,True,2,2,0,59,29,False
deletion_A_matched_delete_s202_f1,deletion_A_matched_delete,K01,10,False,True,2,2,0,76,46,False
deletion_A_matched_delete_s202_f1,deletion_A_matched_delete,K02,1,False,True,2,2,0,35,5,False
deletion_A_matched_delete_s202_f1,deletion_A_matched_delete,K02,5,False,True,2,2,0,58,28,False
deletion_A_matched_delete_s202_f1,deletion_A_matched_delete,K02,10,False,True,2,2,0,75,45,False
deletion_A_matched_delete_s202_f1,deletion_A_matched_delete,K03,1,True,True,1,1,0,36,6,False
deletion_A_matched_delete_s202_f1,deletion_A_matched_delete,K03,5,True,True,1,1,0,62,32,False
deletion_A_matched_delete_s202_f1,deletion_A_matched_delete,K03,10,True,True,1,1,0,86,56,False
deletion_A_matched_delete_s202_f1,deletion_A_matched_delete,K04,1,False,True,2,2,0,35,5,False
deletion_A_matched_delete_s202_f1,deletion_A_matched_delete,K04,5,False,True,2,2,0,62,32,False
deletion_A_matched_delete_s202_f1,deletion_A_matched_delete,K04,10,False,True,2,2,0,82,52,False
deletion_A_matched_delete_s202_f1,deletion_A_matched_delete,K05,1,False,True,2,2,0,35,5,False
deletion_A_matched_delete_s202_f1,deletion_A_matched_delete,K05,5,False,True,2,2,0,56,26,False
deletion_A_matched_delete_s202_f1,deletion_A_matched_delete,K05,10,False,True,2,2,0,73,43,False
deletion_A_matched_delete_s202_f1,deletion_A_matched_delete,K06,1,True,True,1,1,0,36,6,False
deletion_A_matched_delete_s202_f1,deletion_A_matched_delete,K06,5,True,True,1,1,0,62,32,False
deletion_A_matched_delete_s202_f1,deletion_A_matched_delete,K06,10,True,True,1,1,0,88,58,False
deletion_A_matched_delete_s202_f1,deletion_A_matched_delete,K07,1,False,True,2,2,0,34,4,False
deletion_A_matched_delete_s202_f1,deletion_A_matched_delete,K07,5,False,True,2,2,0,54,24,False
deletion_A_matched_delete_s202_f1,deletion_A_matched_delete,K07,10,False,True,2,2,0,71,41,False
deletion_A_matched_delete_s202_f1,deletion_A_matched_delete,K08,1,False,True,2,2,0,35,5,False
deletion_A_matched_delete_s202_f1,deletion_A_matched_delete,K08,5,False,True,2,2,0,58,28,False
deletion_A_matched_delete_s202_f1,deletion_A_matched_delete,K08,10,False,True,2,2,0,76,46,False
deletion_A_matched_delete_s202_f1,deletion_A_matched_delete,K09,1,False,True,2,2,0,35,5,False
deletion_A_matched_delete_s202_f1,deletion_A_matched_delete,K09,5,False,True,2,2,0,62,32,False
deletion_A_matched_delete_s202_f1,deletion_A_matched_delete,K09,10,False,True,2,2,0,81,51,False
deletion_C_keep_s202_f1,deletion_C_keep,K01,1,False,True,1,1,0,40,11,False
deletion_C_keep_s202_f1,deletion_C_keep,K01,5,False,True,1,1,0,62,33,False
deletion_C_keep_s202_f1,deletion_C_keep,K01,10,False,True,1,1,0,84,55,False
deletion_C_keep_s202_f1,deletion_C_keep,K02,1,False,True,1,1,0,40,11,False
deletion_C_keep_s202_f1,deletion_C_keep,K02,5,False,True,1,1,0,61,32,False
deletion_C_keep_s202_f1,deletion_C_keep,K02,10,False,True,1,1,0,80,51,False
deletion_C_keep_s202_f1,deletion_C_keep,K03,1,False,True,1,1,0,41,12,False
deletion_C_keep_s202_f1,deletion_C_keep,K03,5,False,True,1,1,0,68,39,False
deletion_C_keep_s202_f1,deletion_C_keep,K03,10,False,True,1,1,0,93,64,False
deletion_C_keep_s202_f1,deletion_C_keep,K04,1,False,True,1,1,0,40,11,False
deletion_C_keep_s202_f1,deletion_C_keep,K04,5,False,True,1,1,0,66,37,False
deletion_C_keep_s202_f1,deletion_C_keep,K04,10,False,True,1,1,0,90,61,False
deletion_C_keep_s202_f1,deletion_C_keep,K05,1,False,True,1,1,0,39,10,False
deletion_C_keep_s202_f1,deletion_C_keep,K05,5,False,True,1,1,0,60,31,False
deletion_C_keep_s202_f1,deletion_C_keep,K05,10,False,True,1,1,0,79,50,False
deletion_C_keep_s202_f1,deletion_C_keep,K06,1,True,True,0,0,0,42,13,False
deletion_C_keep_s202_f1,deletion_C_keep,K06,5,True,True,0,0,0,69,40,False
deletion_C_keep_s202_f1,deletion_C_keep,K06,10,True,True,0,0,0,96,67,False
deletion_C_keep_s202_f1,deletion_C_keep,K07,1,False,True,1,1,0,37,8,False
deletion_C_keep_s202_f1,deletion_C_keep,K07,5,False,True,1,1,0,57,28,False
deletion_C_keep_s202_f1,deletion_C_keep,K07,10,False,True,1,1,0,75,46,False
deletion_C_keep_s202_f1,deletion_C_keep,K08,1,False,True,1,1,0,39,10,False
deletion_C_keep_s202_f1,deletion_C_keep,K08,5,False,True,1,1,0,61,32,False
deletion_C_keep_s202_f1,deletion_C_keep,K08,10,False,True,1,1,0,81,52,False
deletion_C_keep_s202_f1,deletion_C_keep,K09,1,False,True,1,1,0,40,11,False
deletion_C_keep_s202_f1,deletion_C_keep,K09,5,False,True,1,1,0,65,36,False
deletion_C_keep_s202_f1,deletion_C_keep,K09,10,False,True,1,1,0,89,60,False
deletion_C_half_s202_f1,deletion_C_half,K01,1,False,True,1,1,0,38,10,False
deletion_C_half_s202_f1,deletion_C_half,K01,5,False,True,1,1,0,62,34,False
deletion_C_half_s202_f1,deletion_C_half,K01,10,False,True,1,1,0,83,55,False
deletion_C_half_s202_f1,deletion_C_half,K02,1,False,True,1,1,0,38,10,False
deletion_C_half_s202_f1,deletion_C_half,K02,5,False,True,1,1,0,62,34,False
deletion_C_half_s202_f1,deletion_C_half,K02,10,False,True,1,1,0,80,52,False
deletion_C_half_s202_f1,deletion_C_half,K03,1,False,True,1,1,0,39,11,False
deletion_C_half_s202_f1,deletion_C_half,K03,5,False,True,1,1,0,68,40,False
deletion_C_half_s202_f1,deletion_C_half,K03,10,False,True,1,1,0,91,63,False
deletion_C_half_s202_f1,deletion_C_half,K04,1,False,True,1,1,0,39,11,False
deletion_C_half_s202_f1,deletion_C_half,K04,5,False,True,1,1,0,66,38,False
deletion_C_half_s202_f1,deletion_C_half,K04,10,False,True,1,1,0,89,61,False
deletion_C_half_s202_f1,deletion_C_half,K05,1,False,True,1,1,0,36,8,False
deletion_C_half_s202_f1,deletion_C_half,K05,5,False,True,1,1,0,59,31,False
deletion_C_half_s202_f1,deletion_C_half,K05,10,False,True,1,1,0,79,51,False
deletion_C_half_s202_f1,deletion_C_half,K06,1,True,True,0,0,0,40,12,False
deletion_C_half_s202_f1,deletion_C_half,K06,5,True,True,0,0,0,69,41,False
deletion_C_half_s202_f1,deletion_C_half,K06,10,True,True,0,0,0,94,66,False
deletion_C_half_s202_f1,deletion_C_half,K07,1,False,True,1,1,0,36,8,False
deletion_C_half_s202_f1,deletion_C_half,K07,5,False,True,1,1,0,56,28,False
deletion_C_half_s202_f1,deletion_C_half,K07,10,False,True,1,1,0,74,46,False
deletion_C_half_s202_f1,deletion_C_half,K08,1,False,True,1,1,0,37,9,False
deletion_C_half_s202_f1,deletion_C_half,K08,5,False,True,1,1,0,62,34,False
deletion_C_half_s202_f1,deletion_C_half,K08,10,False,True,1,1,0,81,53,False
deletion_C_half_s202_f1,deletion_C_half,K09,1,False,True,1,1,0,39,11,False
deletion_C_half_s202_f1,deletion_C_half,K09,5,False,True,1,1,0,65,37,False
deletion_C_half_s202_f1,deletion_C_half,K09,10,False,True,1,1,0,89,61,False
deletion_C_target_delete_s202_f1,deletion_C_target_delete,K01,1,False,True,2,2,0,40,10,False
deletion_C_target_delete_s202_f1,deletion_C_target_delete,K01,5,False,True,2,2,0,62,32,False
deletion_C_target_delete_s202_f1,deletion_C_target_delete,K01,10,False,True,2,2,0,84,54,False
deletion_C_target_delete_s202_f1,deletion_C_target_delete,K02,1,False,True,2,2,0,40,10,False
deletion_C_target_delete_s202_f1,deletion_C_target_delete,K02,5,False,True,2,2,0,61,31,False
deletion_C_target_delete_s202_f1,deletion_C_target_delete,K02,10,False,True,2,2,0,82,52,False
deletion_C_target_delete_s202_f1,deletion_C_target_delete,K03,1,True,True,1,1,0,41,11,False
deletion_C_target_delete_s202_f1,deletion_C_target_delete,K03,5,True,True,1,1,0,67,37,False
deletion_C_target_delete_s202_f1,deletion_C_target_delete,K03,10,True,True,1,1,0,95,65,False
deletion_C_target_delete_s202_f1,deletion_C_target_delete,K04,1,False,True,2,2,0,41,11,False
deletion_C_target_delete_s202_f1,deletion_C_target_delete,K04,5,False,True,2,2,0,65,35,False
deletion_C_target_delete_s202_f1,deletion_C_target_delete,K04,10,False,True,2,2,0,87,57,False
deletion_C_target_delete_s202_f1,deletion_C_target_delete,K05,1,False,True,2,2,0,39,9,False
deletion_C_target_delete_s202_f1,deletion_C_target_delete,K05,5,False,True,2,2,0,59,29,False
deletion_C_target_delete_s202_f1,deletion_C_target_delete,K05,10,False,True,2,2,0,80,50,False
deletion_C_target_delete_s202_f1,deletion_C_target_delete,K06,1,True,True,1,1,0,41,11,False
deletion_C_target_delete_s202_f1,deletion_C_target_delete,K06,5,True,True,1,1,0,68,38,False
deletion_C_target_delete_s202_f1,deletion_C_target_delete,K06,10,True,True,1,1,0,95,65,False
deletion_C_target_delete_s202_f1,deletion_C_target_delete,K07,1,False,True,2,2,0,39,9,False
deletion_C_target_delete_s202_f1,deletion_C_target_delete,K07,5,False,True,2,2,0,55,25,False
deletion_C_target_delete_s202_f1,deletion_C_target_delete,K07,10,False,True,2,2,0,74,44,False
deletion_C_target_delete_s202_f1,deletion_C_target_delete,K08,1,False,True,2,2,0,40,10,False
deletion_C_target_delete_s202_f1,deletion_C_target_delete,K08,5,False,True,2,2,0,61,31,False
deletion_C_target_delete_s202_f1,deletion_C_target_delete,K08,10,False,True,2,2,0,82,52,False
deletion_C_target_delete_s202_f1,deletion_C_target_delete,K09,1,False,True,2,2,0,41,11,False
deletion_C_target_delete_s202_f1,deletion_C_target_delete,K09,5,False,True,2,2,0,64,34,False
deletion_C_target_delete_s202_f1,deletion_C_target_delete,K09,10,False,True,2,2,0,87,57,False
deletion_C_matched_delete_s202_f1,deletion_C_matched_delete,K01,1,False,True,2,2,0,39,9,False
deletion_C_matched_delete_s202_f1,deletion_C_matched_delete,K01,5,False,True,2,2,0,62,32,False
deletion_C_matched_delete_s202_f1,deletion_C_matched_delete,K01,10,False,True,2,2,0,84,54,False
deletion_C_matched_delete_s202_f1,deletion_C_matched_delete,K02,1,False,True,2,2,0,39,9,False
deletion_C_matched_delete_s202_f1,deletion_C_matched_delete,K02,5,False,True,2,2,0,60,30,False
deletion_C_matched_delete_s202_f1,deletion_C_matched_delete,K02,10,False,True,2,2,0,83,53,False
deletion_C_matched_delete_s202_f1,deletion_C_matched_delete,K03,1,True,True,1,1,0,39,9,False
deletion_C_matched_delete_s202_f1,deletion_C_matched_delete,K03,5,True,True,1,1,0,64,34,False
deletion_C_matched_delete_s202_f1,deletion_C_matched_delete,K03,10,True,True,1,1,0,93,63,False
deletion_C_matched_delete_s202_f1,deletion_C_matched_delete,K04,1,False,True,2,2,0,39,9,False
deletion_C_matched_delete_s202_f1,deletion_C_matched_delete,K04,5,False,True,2,2,0,62,32,False
deletion_C_matched_delete_s202_f1,deletion_C_matched_delete,K04,10,False,True,2,2,0,89,59,False
deletion_C_matched_delete_s202_f1,deletion_C_matched_delete,K05,1,False,True,2,2,0,39,9,False
deletion_C_matched_delete_s202_f1,deletion_C_matched_delete,K05,5,False,True,2,2,0,59,29,False
deletion_C_matched_delete_s202_f1,deletion_C_matched_delete,K05,10,False,True,2,2,0,76,46,False
deletion_C_matched_delete_s202_f1,deletion_C_matched_delete,K06,1,True,True,1,1,0,39,9,False
deletion_C_matched_delete_s202_f1,deletion_C_matched_delete,K06,5,True,True,1,1,0,65,35,False
deletion_C_matched_delete_s202_f1,deletion_C_matched_delete,K06,10,True,True,1,1,0,98,68,False
deletion_C_matched_delete_s202_f1,deletion_C_matched_delete,K07,1,False,True,2,2,0,36,6,False
deletion_C_matched_delete_s202_f1,deletion_C_matched_delete,K07,5,False,True,2,2,0,56,26,False
deletion_C_matched_delete_s202_f1,deletion_C_matched_delete,K07,10,False,True,2,2,0,73,43,False
deletion_C_matched_delete_s202_f1,deletion_C_matched_delete,K08,1,False,True,2,2,0,39,9,False
deletion_C_matched_delete_s202_f1,deletion_C_matched_delete,K08,5,False,True,2,2,0,60,30,False
deletion_C_matched_delete_s202_f1,deletion_C_matched_delete,K08,10,False,True,2,2,0,81,51,False
deletion_C_matched_delete_s202_f1,deletion_C_matched_delete,K09,1,False,True,2,2,0,39,9,False
deletion_C_matched_delete_s202_f1,deletion_C_matched_delete,K09,5,False,True,2,2,0,62,32,False
deletion_C_matched_delete_s202_f1,deletion_C_matched_delete,K09,10,False,True,2,2,0,89,59,False
deletion_A_keep_s202_f2,deletion_A_keep,K01,1,False,True,2,3,0,19,1,False
deletion_A_keep_s202_f2,deletion_A_keep,K01,5,False,True,3,3,0,26,8,False
deletion_A_keep_s202_f2,deletion_A_keep,K01,10,False,True,3,3,0,38,20,False
deletion_A_keep_s202_f2,deletion_A_keep,K02,1,False,True,1,3,0,19,1,False
deletion_A_keep_s202_f2,deletion_A_keep,K02,5,False,True,3,3,0,25,7,False
deletion_A_keep_s202_f2,deletion_A_keep,K02,10,False,True,3,3,0,36,18,False
deletion_A_keep_s202_f2,deletion_A_keep,K03,1,True,True,1,2,0,19,1,False
deletion_A_keep_s202_f2,deletion_A_keep,K03,5,True,True,2,2,0,27,9,False
deletion_A_keep_s202_f2,deletion_A_keep,K03,10,True,True,2,2,0,41,23,False
deletion_A_keep_s202_f2,deletion_A_keep,K04,1,True,True,1,2,0,19,1,False
deletion_A_keep_s202_f2,deletion_A_keep,K04,5,True,True,2,2,0,27,9,False
deletion_A_keep_s202_f2,deletion_A_keep,K04,10,True,True,2,2,0,40,22,False
deletion_A_keep_s202_f2,deletion_A_keep,K05,1,False,True,1,3,0,19,1,False
deletion_A_keep_s202_f2,deletion_A_keep,K05,5,False,True,3,3,0,24,6,False
deletion_A_keep_s202_f2,deletion_A_keep,K05,10,False,True,3,3,0,34,16,False
deletion_A_keep_s202_f2,deletion_A_keep,K06,1,True,False,2,2,0,19,1,False
deletion_A_keep_s202_f2,deletion_A_keep,K06,5,True,True,2,2,0,27,9,False
deletion_A_keep_s202_f2,deletion_A_keep,K06,10,True,True,2,2,0,42,24,False
deletion_A_keep_s202_f2,deletion_A_keep,K07,1,False,True,1,3,0,19,1,False
deletion_A_keep_s202_f2,deletion_A_keep,K07,5,False,True,3,3,0,24,6,False
deletion_A_keep_s202_f2,deletion_A_keep,K07,10,False,True,3,3,0,32,14,False
deletion_A_keep_s202_f2,deletion_A_keep,K08,1,False,True,1,3,0,19,1,False
deletion_A_keep_s202_f2,deletion_A_keep,K08,5,False,True,3,3,0,24,6,False
deletion_A_keep_s202_f2,deletion_A_keep,K08,10,False,True,3,3,0,34,16,False
deletion_A_keep_s202_f2,deletion_A_keep,K09,1,False,True,2,3,0,19,1,False
deletion_A_keep_s202_f2,deletion_A_keep,K09,5,False,True,3,3,0,27,9,False
deletion_A_keep_s202_f2,deletion_A_keep,K09,10,False,True,3,3,0,40,22,False
deletion_A_half_s202_f2,deletion_A_half,K01,1,False,True,1,3,0,19,1,False
deletion_A_half_s202_f2,deletion_A_half,K01,5,False,True,3,3,0,25,7,False
deletion_A_half_s202_f2,deletion_A_half,K01,10,False,True,3,3,0,36,18,False
deletion_A_half_s202_f2,deletion_A_half,K02,1,False,True,1,3,0,19,1,False
deletion_A_half_s202_f2,deletion_A_half,K02,5,False,True,3,3,0,24,6,False
deletion_A_half_s202_f2,deletion_A_half,K02,10,False,True,3,3,0,36,18,False
deletion_A_half_s202_f2,deletion_A_half,K03,1,True,True,1,2,0,19,1,False
deletion_A_half_s202_f2,deletion_A_half,K03,5,True,True,2,2,0,27,9,False
deletion_A_half_s202_f2,deletion_A_half,K03,10,True,True,2,2,0,41,23,False
deletion_A_half_s202_f2,deletion_A_half,K04,1,True,True,1,2,0,19,1,False
deletion_A_half_s202_f2,deletion_A_half,K04,5,True,True,2,2,0,27,9,False
deletion_A_half_s202_f2,deletion_A_half,K04,10,True,True,2,2,0,39,21,False
deletion_A_half_s202_f2,deletion_A_half,K05,1,False,True,1,3,0,18,0,True
deletion_A_half_s202_f2,deletion_A_half,K05,5,False,True,3,3,0,24,6,False
deletion_A_half_s202_f2,deletion_A_half,K05,10,False,True,3,3,0,33,15,False
deletion_A_half_s202_f2,deletion_A_half,K06,1,True,False,2,2,0,19,1,False
deletion_A_half_s202_f2,deletion_A_half,K06,5,True,True,2,2,0,27,9,False
deletion_A_half_s202_f2,deletion_A_half,K06,10,True,True,2,2,0,41,23,False
deletion_A_half_s202_f2,deletion_A_half,K07,1,False,True,1,3,0,18,0,True
deletion_A_half_s202_f2,deletion_A_half,K07,5,False,True,3,3,0,23,5,False
deletion_A_half_s202_f2,deletion_A_half,K07,10,False,True,3,3,0,31,13,False
deletion_A_half_s202_f2,deletion_A_half,K08,1,False,True,1,3,0,18,0,True
deletion_A_half_s202_f2,deletion_A_half,K08,5,False,True,3,3,0,24,6,False
deletion_A_half_s202_f2,deletion_A_half,K08,10,False,True,3,3,0,33,15,False
deletion_A_half_s202_f2,deletion_A_half,K09,1,False,True,2,3,0,19,1,False
deletion_A_half_s202_f2,deletion_A_half,K09,5,False,True,3,3,0,27,9,False
deletion_A_half_s202_f2,deletion_A_half,K09,10,False,True,3,3,0,40,22,False
deletion_A_target_delete_s202_f2,deletion_A_target_delete,K01,1,False,True,2,3,0,18,0,True
deletion_A_target_delete_s202_f2,deletion_A_target_delete,K01,5,False,True,3,3,0,25,7,False
deletion_A_target_delete_s202_f2,deletion_A_target_delete,K01,10,False,True,3,3,0,33,15,False
deletion_A_target_delete_s202_f2,deletion_A_target_delete,K02,1,False,True,1,3,0,18,0,True
deletion_A_target_delete_s202_f2,deletion_A_target_delete,K02,5,False,True,3,3,0,25,7,False
deletion_A_target_delete_s202_f2,deletion_A_target_delete,K02,10,False,True,3,3,0,32,14,False
deletion_A_target_delete_s202_f2,deletion_A_target_delete,K03,1,True,True,1,2,0,18,0,True
deletion_A_target_delete_s202_f2,deletion_A_target_delete,K03,5,True,True,2,2,0,27,9,False
deletion_A_target_delete_s202_f2,deletion_A_target_delete,K03,10,True,True,2,2,0,40,22,False
deletion_A_target_delete_s202_f2,deletion_A_target_delete,K04,1,True,True,1,2,0,18,0,True
deletion_A_target_delete_s202_f2,deletion_A_target_delete,K04,5,True,True,2,2,0,26,8,False
deletion_A_target_delete_s202_f2,deletion_A_target_delete,K04,10,True,True,2,2,0,37,19,False
deletion_A_target_delete_s202_f2,deletion_A_target_delete,K05,1,False,True,1,3,0,18,0,True
deletion_A_target_delete_s202_f2,deletion_A_target_delete,K05,5,False,True,3,3,0,23,5,False
deletion_A_target_delete_s202_f2,deletion_A_target_delete,K05,10,False,True,3,3,0,31,13,False
deletion_A_target_delete_s202_f2,deletion_A_target_delete,K06,1,True,False,2,2,0,18,0,True
deletion_A_target_delete_s202_f2,deletion_A_target_delete,K06,5,True,True,2,2,0,27,9,False
deletion_A_target_delete_s202_f2,deletion_A_target_delete,K06,10,True,True,2,2,0,40,22,False
deletion_A_target_delete_s202_f2,deletion_A_target_delete,K07,1,False,True,1,3,0,18,0,True
deletion_A_target_delete_s202_f2,deletion_A_target_delete,K07,5,False,True,3,3,0,23,5,False
deletion_A_target_delete_s202_f2,deletion_A_target_delete,K07,10,False,True,3,3,0,29,11,False
deletion_A_target_delete_s202_f2,deletion_A_target_delete,K08,1,False,True,1,3,0,18,0,True
deletion_A_target_delete_s202_f2,deletion_A_target_delete,K08,5,False,True,3,3,0,24,6,False
deletion_A_target_delete_s202_f2,deletion_A_target_delete,K08,10,False,True,3,3,0,31,13,False
deletion_A_target_delete_s202_f2,deletion_A_target_delete,K09,1,False,True,2,3,0,18,0,True
deletion_A_target_delete_s202_f2,deletion_A_target_delete,K09,5,False,True,3,3,0,26,8,False
deletion_A_target_delete_s202_f2,deletion_A_target_delete,K09,10,False,True,3,3,0,37,19,False
deletion_A_matched_delete_s202_f2,deletion_A_matched_delete,K01,1,False,True,1,2,0,18,0,True
deletion_A_matched_delete_s202_f2,deletion_A_matched_delete,K01,5,False,True,2,2,0,27,9,False
deletion_A_matched_delete_s202_f2,deletion_A_matched_delete,K01,10,False,True,2,2,0,38,20,False
deletion_A_matched_delete_s202_f2,deletion_A_matched_delete,K02,1,False,True,1,2,0,18,0,True
deletion_A_matched_delete_s202_f2,deletion_A_matched_delete,K02,5,False,True,2,2,0,27,9,False
deletion_A_matched_delete_s202_f2,deletion_A_matched_delete,K02,10,False,True,2,2,0,38,20,False
deletion_A_matched_delete_s202_f2,deletion_A_matched_delete,K03,1,True,True,0,1,0,19,1,False
deletion_A_matched_delete_s202_f2,deletion_A_matched_delete,K03,5,True,True,1,1,0,27,9,False
deletion_A_matched_delete_s202_f2,deletion_A_matched_delete,K03,10,True,True,1,1,0,41,23,False
deletion_A_matched_delete_s202_f2,deletion_A_matched_delete,K04,1,False,True,1,2,0,18,0,True
deletion_A_matched_delete_s202_f2,deletion_A_matched_delete,K04,5,False,True,2,2,0,27,9,False
deletion_A_matched_delete_s202_f2,deletion_A_matched_delete,K04,10,False,True,2,2,0,39,21,False
deletion_A_matched_delete_s202_f2,deletion_A_matched_delete,K05,1,False,True,1,2,0,18,0,True
deletion_A_matched_delete_s202_f2,deletion_A_matched_delete,K05,5,False,True,2,2,0,27,9,False
deletion_A_matched_delete_s202_f2,deletion_A_matched_delete,K05,10,False,True,2,2,0,35,17,False
deletion_A_matched_delete_s202_f2,deletion_A_matched_delete,K06,1,True,False,1,1,0,19,1,False
deletion_A_matched_delete_s202_f2,deletion_A_matched_delete,K06,5,True,True,1,1,0,27,9,False
deletion_A_matched_delete_s202_f2,deletion_A_matched_delete,K06,10,True,True,1,1,0,42,24,False
deletion_A_matched_delete_s202_f2,deletion_A_matched_delete,K07,1,False,True,1,2,0,18,0,True
deletion_A_matched_delete_s202_f2,deletion_A_matched_delete,K07,5,False,True,2,2,0,24,6,False
deletion_A_matched_delete_s202_f2,deletion_A_matched_delete,K07,10,False,True,2,2,0,34,16,False
deletion_A_matched_delete_s202_f2,deletion_A_matched_delete,K08,1,False,True,1,2,0,18,0,True
deletion_A_matched_delete_s202_f2,deletion_A_matched_delete,K08,5,False,True,2,2,0,27,9,False
deletion_A_matched_delete_s202_f2,deletion_A_matched_delete,K08,10,False,True,2,2,0,36,18,False
deletion_A_matched_delete_s202_f2,deletion_A_matched_delete,K09,1,False,True,1,2,0,18,0,True
deletion_A_matched_delete_s202_f2,deletion_A_matched_delete,K09,5,False,True,2,2,0,27,9,False
deletion_A_matched_delete_s202_f2,deletion_A_matched_delete,K09,10,False,True,2,2,0,39,21,False
deletion_C_keep_s202_f2,deletion_C_keep,K01,1,False,True,3,4,0,19,1,False
deletion_C_keep_s202_f2,deletion_C_keep,K01,5,False,True,4,4,0,28,10,False
deletion_C_keep_s202_f2,deletion_C_keep,K01,10,False,True,4,4,0,43,25,False
deletion_C_keep_s202_f2,deletion_C_keep,K02,1,False,True,2,4,0,19,1,False
deletion_C_keep_s202_f2,deletion_C_keep,K02,5,False,True,4,4,0,28,10,False
deletion_C_keep_s202_f2,deletion_C_keep,K02,10,False,True,4,4,0,43,25,False
deletion_C_keep_s202_f2,deletion_C_keep,K03,1,True,True,2,3,0,19,1,False
deletion_C_keep_s202_f2,deletion_C_keep,K03,5,True,True,3,3,0,31,13,False
deletion_C_keep_s202_f2,deletion_C_keep,K03,10,True,True,3,3,0,45,27,False
deletion_C_keep_s202_f2,deletion_C_keep,K04,1,True,True,2,3,0,19,1,False
deletion_C_keep_s202_f2,deletion_C_keep,K04,5,True,True,3,3,0,29,11,False
deletion_C_keep_s202_f2,deletion_C_keep,K04,10,True,True,3,3,0,44,26,False
deletion_C_keep_s202_f2,deletion_C_keep,K05,1,False,True,2,4,0,19,1,False
deletion_C_keep_s202_f2,deletion_C_keep,K05,5,False,True,4,4,0,27,9,False
deletion_C_keep_s202_f2,deletion_C_keep,K05,10,False,True,4,4,0,41,23,False
deletion_C_keep_s202_f2,deletion_C_keep,K06,1,True,False,3,3,0,19,1,False
deletion_C_keep_s202_f2,deletion_C_keep,K06,5,True,True,3,3,0,32,14,False
deletion_C_keep_s202_f2,deletion_C_keep,K06,10,True,True,3,3,0,47,29,False
deletion_C_keep_s202_f2,deletion_C_keep,K07,1,False,True,2,4,0,19,1,False
deletion_C_keep_s202_f2,deletion_C_keep,K07,5,False,True,4,4,0,27,9,False
deletion_C_keep_s202_f2,deletion_C_keep,K07,10,False,True,4,4,0,39,21,False
deletion_C_keep_s202_f2,deletion_C_keep,K08,1,False,True,2,4,0,19,1,False
deletion_C_keep_s202_f2,deletion_C_keep,K08,5,False,True,4,4,0,27,9,False
deletion_C_keep_s202_f2,deletion_C_keep,K08,10,False,True,4,4,0,41,23,False
deletion_C_keep_s202_f2,deletion_C_keep,K09,1,True,True,2,3,0,19,1,False
deletion_C_keep_s202_f2,deletion_C_keep,K09,5,True,True,3,3,0,30,12,False
deletion_C_keep_s202_f2,deletion_C_keep,K09,10,True,True,3,3,0,45,27,False
deletion_C_half_s202_f2,deletion_C_half,K01,1,False,True,3,4,0,19,1,False
deletion_C_half_s202_f2,deletion_C_half,K01,5,False,True,4,4,0,28,10,False
deletion_C_half_s202_f2,deletion_C_half,K01,10,False,True,4,4,0,42,24,False
deletion_C_half_s202_f2,deletion_C_half,K02,1,False,True,2,4,0,19,1,False
deletion_C_half_s202_f2,deletion_C_half,K02,5,False,True,4,4,0,28,10,False
deletion_C_half_s202_f2,deletion_C_half,K02,10,False,True,4,4,0,42,24,False
deletion_C_half_s202_f2,deletion_C_half,K03,1,True,True,2,3,0,19,1,False
deletion_C_half_s202_f2,deletion_C_half,K03,5,True,True,3,3,0,30,12,False
deletion_C_half_s202_f2,deletion_C_half,K03,10,True,True,3,3,0,44,26,False
deletion_C_half_s202_f2,deletion_C_half,K04,1,True,True,2,3,0,19,1,False
deletion_C_half_s202_f2,deletion_C_half,K04,5,True,True,3,3,0,29,11,False
deletion_C_half_s202_f2,deletion_C_half,K04,10,True,True,3,3,0,43,25,False
deletion_C_half_s202_f2,deletion_C_half,K05,1,False,True,2,4,0,19,1,False
deletion_C_half_s202_f2,deletion_C_half,K05,5,False,True,4,4,0,27,9,False
deletion_C_half_s202_f2,deletion_C_half,K05,10,False,True,4,4,0,40,22,False
deletion_C_half_s202_f2,deletion_C_half,K06,1,True,False,3,3,0,19,1,False
deletion_C_half_s202_f2,deletion_C_half,K06,5,True,True,3,3,0,32,14,False
deletion_C_half_s202_f2,deletion_C_half,K06,10,True,True,3,3,0,46,28,False
deletion_C_half_s202_f2,deletion_C_half,K07,1,False,True,2,4,0,19,1,False
deletion_C_half_s202_f2,deletion_C_half,K07,5,False,True,4,4,0,27,9,False
deletion_C_half_s202_f2,deletion_C_half,K07,10,False,True,4,4,0,38,20,False
deletion_C_half_s202_f2,deletion_C_half,K08,1,False,True,2,4,0,19,1,False
deletion_C_half_s202_f2,deletion_C_half,K08,5,False,True,4,4,0,27,9,False
deletion_C_half_s202_f2,deletion_C_half,K08,10,False,True,4,4,0,40,22,False
deletion_C_half_s202_f2,deletion_C_half,K09,1,True,True,2,3,0,19,1,False
deletion_C_half_s202_f2,deletion_C_half,K09,5,True,True,3,3,0,29,11,False
deletion_C_half_s202_f2,deletion_C_half,K09,10,True,True,3,3,0,43,25,False
deletion_C_target_delete_s202_f2,deletion_C_target_delete,K01,1,False,True,2,4,0,19,1,False
deletion_C_target_delete_s202_f2,deletion_C_target_delete,K01,5,False,True,4,4,0,28,10,False
deletion_C_target_delete_s202_f2,deletion_C_target_delete,K01,10,False,True,4,4,0,41,23,False
deletion_C_target_delete_s202_f2,deletion_C_target_delete,K02,1,False,True,2,4,0,19,1,False
deletion_C_target_delete_s202_f2,deletion_C_target_delete,K02,5,False,True,4,4,0,28,10,False
deletion_C_target_delete_s202_f2,deletion_C_target_delete,K02,10,False,True,4,4,0,39,21,False
deletion_C_target_delete_s202_f2,deletion_C_target_delete,K03,1,True,True,2,3,0,19,1,False
deletion_C_target_delete_s202_f2,deletion_C_target_delete,K03,5,True,True,3,3,0,30,12,False
deletion_C_target_delete_s202_f2,deletion_C_target_delete,K03,10,True,True,3,3,0,42,24,False
deletion_C_target_delete_s202_f2,deletion_C_target_delete,K04,1,True,True,2,3,0,19,1,False
deletion_C_target_delete_s202_f2,deletion_C_target_delete,K04,5,True,True,3,3,0,29,11,False
deletion_C_target_delete_s202_f2,deletion_C_target_delete,K04,10,True,True,3,3,0,42,24,False
deletion_C_target_delete_s202_f2,deletion_C_target_delete,K05,1,False,True,2,4,0,19,1,False
deletion_C_target_delete_s202_f2,deletion_C_target_delete,K05,5,False,True,4,4,0,28,10,False
deletion_C_target_delete_s202_f2,deletion_C_target_delete,K05,10,False,True,4,4,0,37,19,False
deletion_C_target_delete_s202_f2,deletion_C_target_delete,K06,1,True,False,3,3,0,19,1,False
deletion_C_target_delete_s202_f2,deletion_C_target_delete,K06,5,True,True,3,3,0,30,12,False
deletion_C_target_delete_s202_f2,deletion_C_target_delete,K06,10,True,True,3,3,0,43,25,False
deletion_C_target_delete_s202_f2,deletion_C_target_delete,K07,1,False,True,2,4,0,19,1,False
deletion_C_target_delete_s202_f2,deletion_C_target_delete,K07,5,False,True,4,4,0,27,9,False
deletion_C_target_delete_s202_f2,deletion_C_target_delete,K07,10,False,True,4,4,0,35,17,False
deletion_C_target_delete_s202_f2,deletion_C_target_delete,K08,1,False,True,2,4,0,19,1,False
deletion_C_target_delete_s202_f2,deletion_C_target_delete,K08,5,False,True,4,4,0,28,10,False
deletion_C_target_delete_s202_f2,deletion_C_target_delete,K08,10,False,True,4,4,0,37,19,False
deletion_C_target_delete_s202_f2,deletion_C_target_delete,K09,1,True,True,2,3,0,19,1,False
deletion_C_target_delete_s202_f2,deletion_C_target_delete,K09,5,True,True,3,3,0,30,12,False
deletion_C_target_delete_s202_f2,deletion_C_target_delete,K09,10,True,True,3,3,0,42,24,False
deletion_C_matched_delete_s202_f2,deletion_C_matched_delete,K01,1,False,True,2,3,0,19,0,True
deletion_C_matched_delete_s202_f2,deletion_C_matched_delete,K01,5,False,True,3,3,0,29,10,False
deletion_C_matched_delete_s202_f2,deletion_C_matched_delete,K01,10,False,True,3,3,0,44,25,False
deletion_C_matched_delete_s202_f2,deletion_C_matched_delete,K02,1,False,True,2,3,0,19,0,True
deletion_C_matched_delete_s202_f2,deletion_C_matched_delete,K02,5,False,True,3,3,0,29,10,False
deletion_C_matched_delete_s202_f2,deletion_C_matched_delete,K02,10,False,True,3,3,0,43,24,False
deletion_C_matched_delete_s202_f2,deletion_C_matched_delete,K03,1,True,True,1,2,0,19,0,True
deletion_C_matched_delete_s202_f2,deletion_C_matched_delete,K03,5,True,True,2,2,0,31,12,False
deletion_C_matched_delete_s202_f2,deletion_C_matched_delete,K03,10,True,True,2,2,0,47,28,False
deletion_C_matched_delete_s202_f2,deletion_C_matched_delete,K04,1,False,True,2,3,0,19,0,True
deletion_C_matched_delete_s202_f2,deletion_C_matched_delete,K04,5,False,True,3,3,0,29,10,False
deletion_C_matched_delete_s202_f2,deletion_C_matched_delete,K04,10,False,True,3,3,0,46,27,False
deletion_C_matched_delete_s202_f2,deletion_C_matched_delete,K05,1,False,True,2,3,0,19,0,True
deletion_C_matched_delete_s202_f2,deletion_C_matched_delete,K05,5,False,True,3,3,0,29,10,False
deletion_C_matched_delete_s202_f2,deletion_C_matched_delete,K05,10,False,True,3,3,0,41,22,False
deletion_C_matched_delete_s202_f2,deletion_C_matched_delete,K06,1,True,False,2,2,0,19,0,True
deletion_C_matched_delete_s202_f2,deletion_C_matched_delete,K06,5,True,True,2,2,0,32,13,False
deletion_C_matched_delete_s202_f2,deletion_C_matched_delete,K06,10,True,True,2,2,0,49,30,False
deletion_C_matched_delete_s202_f2,deletion_C_matched_delete,K07,1,False,True,2,3,0,19,0,True
deletion_C_matched_delete_s202_f2,deletion_C_matched_delete,K07,5,False,True,3,3,0,28,9,False
deletion_C_matched_delete_s202_f2,deletion_C_matched_delete,K07,10,False,True,3,3,0,39,20,False
deletion_C_matched_delete_s202_f2,deletion_C_matched_delete,K08,1,False,True,2,3,0,19,0,True
deletion_C_matched_delete_s202_f2,deletion_C_matched_delete,K08,5,False,True,3,3,0,29,10,False
deletion_C_matched_delete_s202_f2,deletion_C_matched_delete,K08,10,False,True,3,3,0,41,22,False
deletion_C_matched_delete_s202_f2,deletion_C_matched_delete,K09,1,True,True,1,2,0,19,0,True
deletion_C_matched_delete_s202_f2,deletion_C_matched_delete,K09,5,True,True,2,2,0,30,11,False
deletion_C_matched_delete_s202_f2,deletion_C_matched_delete,K09,10,True,True,2,2,0,46,27,False
deletion_A_keep_s303_f0,deletion_A_keep,K01,1,True,True,2,6,0,12,1,False
deletion_A_keep_s303_f0,deletion_A_keep,K01,5,True,True,4,6,0,15,4,False
deletion_A_keep_s303_f0,deletion_A_keep,K01,10,True,True,6,6,0,21,10,False
deletion_A_keep_s303_f0,deletion_A_keep,K02,1,True,True,0,6,0,12,1,False
deletion_A_keep_s303_f0,deletion_A_keep,K02,5,True,True,4,6,0,15,4,False
deletion_A_keep_s303_f0,deletion_A_keep,K02,10,True,True,6,6,0,20,9,False
deletion_A_keep_s303_f0,deletion_A_keep,K03,1,True,False,3,6,0,12,1,False
deletion_A_keep_s303_f0,deletion_A_keep,K03,5,True,True,5,6,0,16,5,False
deletion_A_keep_s303_f0,deletion_A_keep,K03,10,True,True,6,6,0,31,20,False
deletion_A_keep_s303_f0,deletion_A_keep,K04,1,True,False,3,6,0,12,1,False
deletion_A_keep_s303_f0,deletion_A_keep,K04,5,True,True,4,6,0,15,4,False
deletion_A_keep_s303_f0,deletion_A_keep,K04,10,True,True,6,6,0,28,17,False
deletion_A_keep_s303_f0,deletion_A_keep,K05,1,False,True,1,7,0,12,1,False
deletion_A_keep_s303_f0,deletion_A_keep,K05,5,False,True,5,7,0,15,4,False
deletion_A_keep_s303_f0,deletion_A_keep,K05,10,False,True,7,7,0,20,9,False
deletion_A_keep_s303_f0,deletion_A_keep,K06,1,True,False,3,6,0,12,1,False
deletion_A_keep_s303_f0,deletion_A_keep,K06,5,True,True,5,6,0,15,4,False
deletion_A_keep_s303_f0,deletion_A_keep,K06,10,True,True,6,6,0,32,21,False
deletion_A_keep_s303_f0,deletion_A_keep,K07,1,False,True,1,7,0,12,1,False
deletion_A_keep_s303_f0,deletion_A_keep,K07,5,False,True,4,7,0,15,4,False
deletion_A_keep_s303_f0,deletion_A_keep,K07,10,False,True,7,7,0,19,8,False
deletion_A_keep_s303_f0,deletion_A_keep,K08,1,True,True,1,6,0,12,1,False
deletion_A_keep_s303_f0,deletion_A_keep,K08,5,True,True,4,6,0,15,4,False
deletion_A_keep_s303_f0,deletion_A_keep,K08,10,True,True,6,6,0,21,10,False
deletion_A_keep_s303_f0,deletion_A_keep,K09,1,True,False,3,6,0,12,1,False
deletion_A_keep_s303_f0,deletion_A_keep,K09,5,True,True,4,6,0,15,4,False
deletion_A_keep_s303_f0,deletion_A_keep,K09,10,True,True,6,6,0,26,15,False
deletion_A_half_s303_f0,deletion_A_half,K01,1,True,True,2,6,0,12,1,False
deletion_A_half_s303_f0,deletion_A_half,K01,5,True,True,4,6,0,15,4,False
deletion_A_half_s303_f0,deletion_A_half,K01,10,True,True,6,6,0,23,12,False
deletion_A_half_s303_f0,deletion_A_half,K02,1,True,True,2,6,0,12,1,False
deletion_A_half_s303_f0,deletion_A_half,K02,5,True,True,4,6,0,15,4,False
deletion_A_half_s303_f0,deletion_A_half,K02,10,True,True,6,6,0,21,10,False
deletion_A_half_s303_f0,deletion_A_half,K03,1,True,False,3,6,0,12,1,False
deletion_A_half_s303_f0,deletion_A_half,K03,5,True,True,5,6,0,16,5,False
deletion_A_half_s303_f0,deletion_A_half,K03,10,True,True,6,6,0,31,20,False
deletion_A_half_s303_f0,deletion_A_half,K04,1,True,False,3,6,0,12,1,False
deletion_A_half_s303_f0,deletion_A_half,K04,5,True,True,4,6,0,15,4,False
deletion_A_half_s303_f0,deletion_A_half,K04,10,True,True,6,6,0,28,17,False
deletion_A_half_s303_f0,deletion_A_half,K05,1,False,True,3,7,0,12,1,False
deletion_A_half_s303_f0,deletion_A_half,K05,5,False,True,5,7,0,15,4,False
deletion_A_half_s303_f0,deletion_A_half,K05,10,False,True,7,7,0,20,9,False
deletion_A_half_s303_f0,deletion_A_half,K06,1,True,False,3,6,0,12,1,False
deletion_A_half_s303_f0,deletion_A_half,K06,5,True,True,5,6,0,16,5,False
deletion_A_half_s303_f0,deletion_A_half,K06,10,True,True,6,6,0,32,21,False
deletion_A_half_s303_f0,deletion_A_half,K07,1,False,True,1,7,0,12,1,False
deletion_A_half_s303_f0,deletion_A_half,K07,5,False,True,4,7,0,15,4,False
deletion_A_half_s303_f0,deletion_A_half,K07,10,False,True,7,7,0,20,9,False
deletion_A_half_s303_f0,deletion_A_half,K08,1,True,True,2,6,0,12,1,False
deletion_A_half_s303_f0,deletion_A_half,K08,5,True,True,4,6,0,15,4,False
deletion_A_half_s303_f0,deletion_A_half,K08,10,True,True,6,6,0,22,11,False
deletion_A_half_s303_f0,deletion_A_half,K09,1,True,False,3,6,0,12,1,False
deletion_A_half_s303_f0,deletion_A_half,K09,5,True,True,4,6,0,15,4,False
deletion_A_half_s303_f0,deletion_A_half,K09,10,True,True,6,6,0,27,16,False
deletion_A_target_delete_s303_f0,deletion_A_target_delete,K01,1,True,True,2,6,0,12,1,False
deletion_A_target_delete_s303_f0,deletion_A_target_delete,K01,5,True,True,4,6,0,16,5,False
deletion_A_target_delete_s303_f0,deletion_A_target_delete,K01,10,True,True,6,6,0,29,18,False
deletion_A_target_delete_s303_f0,deletion_A_target_delete,K02,1,True,True,2,6,0,12,1,False
deletion_A_target_delete_s303_f0,deletion_A_target_delete,K02,5,True,True,4,6,0,16,5,False
deletion_A_target_delete_s303_f0,deletion_A_target_delete,K02,10,True,True,6,6,0,29,18,False
deletion_A_target_delete_s303_f0,deletion_A_target_delete,K03,1,True,False,3,6,0,12,1,False
deletion_A_target_delete_s303_f0,deletion_A_target_delete,K03,5,True,True,6,6,0,18,7,False
deletion_A_target_delete_s303_f0,deletion_A_target_delete,K03,10,True,True,6,6,0,36,25,False
deletion_A_target_delete_s303_f0,deletion_A_target_delete,K04,1,True,False,3,6,0,12,1,False
deletion_A_target_delete_s303_f0,deletion_A_target_delete,K04,5,True,True,6,6,0,17,6,False
deletion_A_target_delete_s303_f0,deletion_A_target_delete,K04,10,True,True,6,6,0,34,23,False
deletion_A_target_delete_s303_f0,deletion_A_target_delete,K05,1,False,True,3,7,0,12,1,False
deletion_A_target_delete_s303_f0,deletion_A_target_delete,K05,5,False,True,5,7,0,16,5,False
deletion_A_target_delete_s303_f0,deletion_A_target_delete,K05,10,False,True,7,7,0,27,16,False
deletion_A_target_delete_s303_f0,deletion_A_target_delete,K06,1,True,False,3,6,0,12,1,False
deletion_A_target_delete_s303_f0,deletion_A_target_delete,K06,5,True,True,6,6,0,18,7,False
deletion_A_target_delete_s303_f0,deletion_A_target_delete,K06,10,True,True,6,6,0,36,25,False
deletion_A_target_delete_s303_f0,deletion_A_target_delete,K07,1,False,True,3,7,0,12,1,False
deletion_A_target_delete_s303_f0,deletion_A_target_delete,K07,5,False,True,4,7,0,15,4,False
deletion_A_target_delete_s303_f0,deletion_A_target_delete,K07,10,False,True,7,7,0,23,12,False
deletion_A_target_delete_s303_f0,deletion_A_target_delete,K08,1,True,True,2,6,0,12,1,False
deletion_A_target_delete_s303_f0,deletion_A_target_delete,K08,5,True,True,4,6,0,16,5,False
deletion_A_target_delete_s303_f0,deletion_A_target_delete,K08,10,True,True,6,6,0,29,18,False
deletion_A_target_delete_s303_f0,deletion_A_target_delete,K09,1,True,False,3,6,0,12,1,False
deletion_A_target_delete_s303_f0,deletion_A_target_delete,K09,5,True,True,4,6,0,16,5,False
deletion_A_target_delete_s303_f0,deletion_A_target_delete,K09,10,True,True,6,6,0,30,19,False
deletion_A_matched_delete_s303_f0,deletion_A_matched_delete,K01,1,True,False,1,6,0,12,1,False
deletion_A_matched_delete_s303_f0,deletion_A_matched_delete,K01,5,True,True,4,6,0,15,4,False
deletion_A_matched_delete_s303_f0,deletion_A_matched_delete,K01,10,True,True,6,6,0,22,11,False
deletion_A_matched_delete_s303_f0,deletion_A_matched_delete,K02,1,True,True,0,6,0,12,1,False
deletion_A_matched_delete_s303_f0,deletion_A_matched_delete,K02,5,True,True,4,6,0,15,4,False
deletion_A_matched_delete_s303_f0,deletion_A_matched_delete,K02,10,True,True,6,6,0,22,11,False
deletion_A_matched_delete_s303_f0,deletion_A_matched_delete,K03,1,True,False,3,6,0,12,1,False
deletion_A_matched_delete_s303_f0,deletion_A_matched_delete,K03,5,True,True,5,6,0,16,5,False
deletion_A_matched_delete_s303_f0,deletion_A_matched_delete,K03,10,True,True,6,6,0,32,21,False
deletion_A_matched_delete_s303_f0,deletion_A_matched_delete,K04,1,True,False,3,6,0,12,1,False
deletion_A_matched_delete_s303_f0,deletion_A_matched_delete,K04,5,True,True,4,6,0,16,5,False
deletion_A_matched_delete_s303_f0,deletion_A_matched_delete,K04,10,True,True,6,6,0,29,18,False
deletion_A_matched_delete_s303_f0,deletion_A_matched_delete,K05,1,False,True,1,7,0,12,1,False
deletion_A_matched_delete_s303_f0,deletion_A_matched_delete,K05,5,False,True,5,7,0,15,4,False
deletion_A_matched_delete_s303_f0,deletion_A_matched_delete,K05,10,False,True,7,7,0,20,9,False
deletion_A_matched_delete_s303_f0,deletion_A_matched_delete,K06,1,True,False,3,6,0,12,1,False
deletion_A_matched_delete_s303_f0,deletion_A_matched_delete,K06,5,True,True,5,6,0,16,5,False
deletion_A_matched_delete_s303_f0,deletion_A_matched_delete,K06,10,True,True,6,6,0,33,22,False
deletion_A_matched_delete_s303_f0,deletion_A_matched_delete,K07,1,False,True,1,7,0,12,1,False
deletion_A_matched_delete_s303_f0,deletion_A_matched_delete,K07,5,False,True,4,7,0,14,3,False
deletion_A_matched_delete_s303_f0,deletion_A_matched_delete,K07,10,False,True,7,7,0,19,8,False
deletion_A_matched_delete_s303_f0,deletion_A_matched_delete,K08,1,True,True,1,6,0,12,1,False
deletion_A_matched_delete_s303_f0,deletion_A_matched_delete,K08,5,True,True,4,6,0,15,4,False
deletion_A_matched_delete_s303_f0,deletion_A_matched_delete,K08,10,True,True,6,6,0,22,11,False
deletion_A_matched_delete_s303_f0,deletion_A_matched_delete,K09,1,True,False,1,6,0,12,1,False
deletion_A_matched_delete_s303_f0,deletion_A_matched_delete,K09,5,True,True,4,6,0,15,4,False
deletion_A_matched_delete_s303_f0,deletion_A_matched_delete,K09,10,True,True,6,6,0,27,16,False
deletion_C_keep_s303_f0,deletion_C_keep,K01,1,False,True,0,4,0,14,2,False
deletion_C_keep_s303_f0,deletion_C_keep,K01,5,False,True,4,4,0,26,14,False
deletion_C_keep_s303_f0,deletion_C_keep,K01,10,False,True,4,4,0,38,26,False
deletion_C_keep_s303_f0,deletion_C_keep,K02,1,False,True,0,4,0,14,2,False
deletion_C_keep_s303_f0,deletion_C_keep,K02,5,False,True,4,4,0,24,12,False
deletion_C_keep_s303_f0,deletion_C_keep,K02,10,False,True,4,4,0,38,26,False
deletion_C_keep_s303_f0,deletion_C_keep,K03,1,True,False,0,3,0,14,2,False
deletion_C_keep_s303_f0,deletion_C_keep,K03,5,True,True,3,3,0,31,19,False
deletion_C_keep_s303_f0,deletion_C_keep,K03,10,True,True,3,3,0,44,32,False
deletion_C_keep_s303_f0,deletion_C_keep,K04,1,True,False,0,3,0,14,2,False
deletion_C_keep_s303_f0,deletion_C_keep,K04,5,True,True,3,3,0,28,16,False
deletion_C_keep_s303_f0,deletion_C_keep,K04,10,True,True,3,3,0,43,31,False
deletion_C_keep_s303_f0,deletion_C_keep,K05,1,False,True,0,4,0,14,2,False
deletion_C_keep_s303_f0,deletion_C_keep,K05,5,False,True,4,4,0,24,12,False
deletion_C_keep_s303_f0,deletion_C_keep,K05,10,False,True,4,4,0,38,26,False
deletion_C_keep_s303_f0,deletion_C_keep,K06,1,True,False,0,3,0,14,2,False
deletion_C_keep_s303_f0,deletion_C_keep,K06,5,True,True,3,3,0,30,18,False
deletion_C_keep_s303_f0,deletion_C_keep,K06,10,True,True,3,3,0,43,31,False
deletion_C_keep_s303_f0,deletion_C_keep,K07,1,False,True,0,4,0,14,2,False
deletion_C_keep_s303_f0,deletion_C_keep,K07,5,False,True,2,4,0,23,11,False
deletion_C_keep_s303_f0,deletion_C_keep,K07,10,False,True,4,4,0,33,21,False
deletion_C_keep_s303_f0,deletion_C_keep,K08,1,False,True,0,4,0,14,2,False
deletion_C_keep_s303_f0,deletion_C_keep,K08,5,False,True,4,4,0,24,12,False
deletion_C_keep_s303_f0,deletion_C_keep,K08,10,False,True,4,4,0,38,26,False
deletion_C_keep_s303_f0,deletion_C_keep,K09,1,True,False,0,3,0,14,2,False
deletion_C_keep_s303_f0,deletion_C_keep,K09,5,True,True,3,3,0,27,15,False
deletion_C_keep_s303_f0,deletion_C_keep,K09,10,True,True,3,3,0,39,27,False
deletion_C_half_s303_f0,deletion_C_half,K01,1,False,True,0,4,0,14,2,False
deletion_C_half_s303_f0,deletion_C_half,K01,5,False,True,4,4,0,26,14,False
deletion_C_half_s303_f0,deletion_C_half,K01,10,False,True,4,4,0,38,26,False
deletion_C_half_s303_f0,deletion_C_half,K02,1,False,True,0,4,0,14,2,False
deletion_C_half_s303_f0,deletion_C_half,K02,5,False,True,4,4,0,26,14,False
deletion_C_half_s303_f0,deletion_C_half,K02,10,False,True,4,4,0,38,26,False
deletion_C_half_s303_f0,deletion_C_half,K03,1,True,False,0,3,0,14,2,False
deletion_C_half_s303_f0,deletion_C_half,K03,5,True,True,3,3,0,31,19,False
deletion_C_half_s303_f0,deletion_C_half,K03,10,True,True,3,3,0,44,32,False
deletion_C_half_s303_f0,deletion_C_half,K04,1,True,False,0,3,0,14,2,False
deletion_C_half_s303_f0,deletion_C_half,K04,5,True,True,3,3,0,29,17,False
deletion_C_half_s303_f0,deletion_C_half,K04,10,True,True,3,3,0,43,31,False
deletion_C_half_s303_f0,deletion_C_half,K05,1,False,True,0,4,0,14,2,False
deletion_C_half_s303_f0,deletion_C_half,K05,5,False,True,4,4,0,24,12,False
deletion_C_half_s303_f0,deletion_C_half,K05,10,False,True,4,4,0,36,24,False
deletion_C_half_s303_f0,deletion_C_half,K06,1,True,False,0,3,0,14,2,False
deletion_C_half_s303_f0,deletion_C_half,K06,5,True,True,3,3,0,32,20,False
deletion_C_half_s303_f0,deletion_C_half,K06,10,True,True,3,3,0,43,31,False
deletion_C_half_s303_f0,deletion_C_half,K07,1,False,True,0,4,0,14,2,False
deletion_C_half_s303_f0,deletion_C_half,K07,5,False,True,2,4,0,23,11,False
deletion_C_half_s303_f0,deletion_C_half,K07,10,False,True,4,4,0,33,21,False
deletion_C_half_s303_f0,deletion_C_half,K08,1,False,True,0,4,0,14,2,False
deletion_C_half_s303_f0,deletion_C_half,K08,5,False,True,4,4,0,25,13,False
deletion_C_half_s303_f0,deletion_C_half,K08,10,False,True,4,4,0,38,26,False
deletion_C_half_s303_f0,deletion_C_half,K09,1,True,False,0,3,0,14,2,False
deletion_C_half_s303_f0,deletion_C_half,K09,5,True,True,3,3,0,27,15,False
deletion_C_half_s303_f0,deletion_C_half,K09,10,True,True,3,3,0,39,27,False
deletion_C_target_delete_s303_f0,deletion_C_target_delete,K01,1,True,True,1,5,0,13,1,False
deletion_C_target_delete_s303_f0,deletion_C_target_delete,K01,5,True,True,5,5,0,26,14,False
deletion_C_target_delete_s303_f0,deletion_C_target_delete,K01,10,True,True,5,5,0,36,24,False
deletion_C_target_delete_s303_f0,deletion_C_target_delete,K02,1,True,True,1,5,0,13,1,False
deletion_C_target_delete_s303_f0,deletion_C_target_delete,K02,5,True,True,3,5,0,25,13,False
deletion_C_target_delete_s303_f0,deletion_C_target_delete,K02,10,True,True,5,5,0,36,24,False
deletion_C_target_delete_s303_f0,deletion_C_target_delete,K03,1,True,False,2,5,0,13,1,False
deletion_C_target_delete_s303_f0,deletion_C_target_delete,K03,5,True,True,5,5,0,30,18,False
deletion_C_target_delete_s303_f0,deletion_C_target_delete,K03,10,True,True,5,5,0,41,29,False
deletion_C_target_delete_s303_f0,deletion_C_target_delete,K04,1,True,False,2,5,0,13,1,False
deletion_C_target_delete_s303_f0,deletion_C_target_delete,K04,5,True,True,5,5,0,28,16,False
deletion_C_target_delete_s303_f0,deletion_C_target_delete,K04,10,True,True,5,5,0,39,27,False
deletion_C_target_delete_s303_f0,deletion_C_target_delete,K05,1,False,True,2,6,0,13,1,False
deletion_C_target_delete_s303_f0,deletion_C_target_delete,K05,5,False,True,4,6,0,24,12,False
deletion_C_target_delete_s303_f0,deletion_C_target_delete,K05,10,False,True,6,6,0,34,22,False
deletion_C_target_delete_s303_f0,deletion_C_target_delete,K06,1,True,False,2,5,0,13,1,False
deletion_C_target_delete_s303_f0,deletion_C_target_delete,K06,5,True,True,5,5,0,29,17,False
deletion_C_target_delete_s303_f0,deletion_C_target_delete,K06,10,True,True,5,5,0,41,29,False
deletion_C_target_delete_s303_f0,deletion_C_target_delete,K07,1,False,True,2,6,0,12,0,True
deletion_C_target_delete_s303_f0,deletion_C_target_delete,K07,5,False,True,4,6,0,21,9,False
deletion_C_target_delete_s303_f0,deletion_C_target_delete,K07,10,False,True,6,6,0,33,21,False
deletion_C_target_delete_s303_f0,deletion_C_target_delete,K08,1,False,True,2,6,0,13,1,False
deletion_C_target_delete_s303_f0,deletion_C_target_delete,K08,5,False,True,5,6,0,25,13,False
deletion_C_target_delete_s303_f0,deletion_C_target_delete,K08,10,False,True,6,6,0,35,23,False
deletion_C_target_delete_s303_f0,deletion_C_target_delete,K09,1,True,False,2,5,0,13,1,False
deletion_C_target_delete_s303_f0,deletion_C_target_delete,K09,5,True,True,5,5,0,28,16,False
deletion_C_target_delete_s303_f0,deletion_C_target_delete,K09,10,True,True,5,5,0,37,25,False
deletion_C_matched_delete_s303_f0,deletion_C_matched_delete,K01,1,False,True,0,4,0,14,2,False
deletion_C_matched_delete_s303_f0,deletion_C_matched_delete,K01,5,False,True,4,4,0,27,15,False
deletion_C_matched_delete_s303_f0,deletion_C_matched_delete,K01,10,False,True,4,4,0,39,27,False
deletion_C_matched_delete_s303_f0,deletion_C_matched_delete,K02,1,False,True,0,4,0,14,2,False
deletion_C_matched_delete_s303_f0,deletion_C_matched_delete,K02,5,False,True,4,4,0,27,15,False
deletion_C_matched_delete_s303_f0,deletion_C_matched_delete,K02,10,False,True,4,4,0,39,27,False
deletion_C_matched_delete_s303_f0,deletion_C_matched_delete,K03,1,True,False,0,3,0,14,2,False
deletion_C_matched_delete_s303_f0,deletion_C_matched_delete,K03,5,True,True,3,3,0,32,20,False
deletion_C_matched_delete_s303_f0,deletion_C_matched_delete,K03,10,True,True,3,3,0,45,33,False
deletion_C_matched_delete_s303_f0,deletion_C_matched_delete,K04,1,True,False,0,3,0,14,2,False
deletion_C_matched_delete_s303_f0,deletion_C_matched_delete,K04,5,True,True,3,3,0,30,18,False
deletion_C_matched_delete_s303_f0,deletion_C_matched_delete,K04,10,True,True,3,3,0,43,31,False
deletion_C_matched_delete_s303_f0,deletion_C_matched_delete,K05,1,False,True,0,4,0,14,2,False
deletion_C_matched_delete_s303_f0,deletion_C_matched_delete,K05,5,False,True,4,4,0,26,14,False
deletion_C_matched_delete_s303_f0,deletion_C_matched_delete,K05,10,False,True,4,4,0,39,27,False
deletion_C_matched_delete_s303_f0,deletion_C_matched_delete,K06,1,True,False,0,3,0,14,2,False
deletion_C_matched_delete_s303_f0,deletion_C_matched_delete,K06,5,True,True,3,3,0,32,20,False
deletion_C_matched_delete_s303_f0,deletion_C_matched_delete,K06,10,True,True,3,3,0,45,33,False
deletion_C_matched_delete_s303_f0,deletion_C_matched_delete,K07,1,False,True,0,4,0,14,2,False
deletion_C_matched_delete_s303_f0,deletion_C_matched_delete,K07,5,False,True,2,4,0,24,12,False
deletion_C_matched_delete_s303_f0,deletion_C_matched_delete,K07,10,False,True,4,4,0,35,23,False
deletion_C_matched_delete_s303_f0,deletion_C_matched_delete,K08,1,False,True,0,4,0,14,2,False
deletion_C_matched_delete_s303_f0,deletion_C_matched_delete,K08,5,False,True,4,4,0,26,14,False
deletion_C_matched_delete_s303_f0,deletion_C_matched_delete,K08,10,False,True,4,4,0,39,27,False
deletion_C_matched_delete_s303_f0,deletion_C_matched_delete,K09,1,True,False,0,3,0,14,2,False
deletion_C_matched_delete_s303_f0,deletion_C_matched_delete,K09,5,True,True,3,3,0,29,17,False
deletion_C_matched_delete_s303_f0,deletion_C_matched_delete,K09,10,True,True,3,3,0,41,29,False
deletion_A_keep_s303_f1,deletion_A_keep,K01,1,False,True,1,3,0,20,3,False
deletion_A_keep_s303_f1,deletion_A_keep,K01,5,False,True,3,3,0,31,14,False
deletion_A_keep_s303_f1,deletion_A_keep,K01,10,False,True,3,3,0,35,18,False
deletion_A_keep_s303_f1,deletion_A_keep,K02,1,False,True,1,3,0,19,2,False
deletion_A_keep_s303_f1,deletion_A_keep,K02,5,False,True,3,3,0,31,14,False
deletion_A_keep_s303_f1,deletion_A_keep,K02,10,False,True,3,3,0,35,18,False
deletion_A_keep_s303_f1,deletion_A_keep,K03,1,True,False,1,2,0,20,3,False
deletion_A_keep_s303_f1,deletion_A_keep,K03,5,True,True,2,2,0,32,15,False
deletion_A_keep_s303_f1,deletion_A_keep,K03,10,True,True,2,2,0,38,21,False
deletion_A_keep_s303_f1,deletion_A_keep,K04,1,True,True,0,2,0,20,3,False
deletion_A_keep_s303_f1,deletion_A_keep,K04,5,True,True,2,2,0,31,14,False
deletion_A_keep_s303_f1,deletion_A_keep,K04,10,True,True,2,2,0,37,20,False
deletion_A_keep_s303_f1,deletion_A_keep,K05,1,False,True,1,3,0,19,2,False
deletion_A_keep_s303_f1,deletion_A_keep,K05,5,False,True,3,3,0,28,11,False
deletion_A_keep_s303_f1,deletion_A_keep,K05,10,False,True,3,3,0,34,17,False
deletion_A_keep_s303_f1,deletion_A_keep,K06,1,True,False,1,2,0,20,3,False
deletion_A_keep_s303_f1,deletion_A_keep,K06,5,True,True,2,2,0,32,15,False
deletion_A_keep_s303_f1,deletion_A_keep,K06,10,True,True,2,2,0,38,21,False
deletion_A_keep_s303_f1,deletion_A_keep,K07,1,False,True,0,3,0,19,2,False
deletion_A_keep_s303_f1,deletion_A_keep,K07,5,False,True,3,3,0,26,9,False
deletion_A_keep_s303_f1,deletion_A_keep,K07,10,False,True,3,3,0,34,17,False
deletion_A_keep_s303_f1,deletion_A_keep,K08,1,False,True,1,3,0,19,2,False
deletion_A_keep_s303_f1,deletion_A_keep,K08,5,False,True,3,3,0,28,11,False
deletion_A_keep_s303_f1,deletion_A_keep,K08,10,False,True,3,3,0,34,17,False
deletion_A_keep_s303_f1,deletion_A_keep,K09,1,False,True,1,3,0,20,3,False
deletion_A_keep_s303_f1,deletion_A_keep,K09,5,False,True,3,3,0,31,14,False
deletion_A_keep_s303_f1,deletion_A_keep,K09,10,False,True,3,3,0,35,18,False
deletion_A_half_s303_f1,deletion_A_half,K01,1,False,True,1,3,0,20,3,False
deletion_A_half_s303_f1,deletion_A_half,K01,5,False,True,3,3,0,31,14,False
deletion_A_half_s303_f1,deletion_A_half,K01,10,False,True,3,3,0,35,18,False
deletion_A_half_s303_f1,deletion_A_half,K02,1,False,True,1,3,0,20,3,False
deletion_A_half_s303_f1,deletion_A_half,K02,5,False,True,3,3,0,31,14,False
deletion_A_half_s303_f1,deletion_A_half,K02,10,False,True,3,3,0,35,18,False
deletion_A_half_s303_f1,deletion_A_half,K03,1,True,False,1,2,0,20,3,False
deletion_A_half_s303_f1,deletion_A_half,K03,5,True,True,2,2,0,32,15,False
deletion_A_half_s303_f1,deletion_A_half,K03,10,True,True,2,2,0,37,20,False
deletion_A_half_s303_f1,deletion_A_half,K04,1,True,True,0,2,0,20,3,False
deletion_A_half_s303_f1,deletion_A_half,K04,5,True,True,2,2,0,31,14,False
deletion_A_half_s303_f1,deletion_A_half,K04,10,True,True,2,2,0,37,20,False
deletion_A_half_s303_f1,deletion_A_half,K05,1,False,True,1,3,0,20,3,False
deletion_A_half_s303_f1,deletion_A_half,K05,5,False,True,3,3,0,28,11,False
deletion_A_half_s303_f1,deletion_A_half,K05,10,False,True,3,3,0,34,17,False
deletion_A_half_s303_f1,deletion_A_half,K06,1,True,False,1,2,0,20,3,False
deletion_A_half_s303_f1,deletion_A_half,K06,5,True,True,2,2,0,32,15,False
deletion_A_half_s303_f1,deletion_A_half,K06,10,True,True,2,2,0,38,21,False
deletion_A_half_s303_f1,deletion_A_half,K07,1,False,True,0,3,0,20,3,False
deletion_A_half_s303_f1,deletion_A_half,K07,5,False,True,3,3,0,26,9,False
deletion_A_half_s303_f1,deletion_A_half,K07,10,False,True,3,3,0,34,17,False
deletion_A_half_s303_f1,deletion_A_half,K08,1,False,True,1,3,0,20,3,False
deletion_A_half_s303_f1,deletion_A_half,K08,5,False,True,3,3,0,28,11,False
deletion_A_half_s303_f1,deletion_A_half,K08,10,False,True,3,3,0,34,17,False
deletion_A_half_s303_f1,deletion_A_half,K09,1,False,True,1,3,0,20,3,False
deletion_A_half_s303_f1,deletion_A_half,K09,5,False,True,3,3,0,31,14,False
deletion_A_half_s303_f1,deletion_A_half,K09,10,False,True,3,3,0,35,18,False
deletion_A_target_delete_s303_f1,deletion_A_target_delete,K01,1,False,True,1,3,0,19,1,False
deletion_A_target_delete_s303_f1,deletion_A_target_delete,K01,5,False,True,3,3,0,30,12,False
deletion_A_target_delete_s303_f1,deletion_A_target_delete,K01,10,False,True,3,3,0,35,17,False
deletion_A_target_delete_s303_f1,deletion_A_target_delete,K02,1,False,True,1,3,0,19,1,False
deletion_A_target_delete_s303_f1,deletion_A_target_delete,K02,5,False,True,3,3,0,29,11,False
deletion_A_target_delete_s303_f1,deletion_A_target_delete,K02,10,False,True,3,3,0,34,16,False
deletion_A_target_delete_s303_f1,deletion_A_target_delete,K03,1,True,False,1,2,0,19,1,False
deletion_A_target_delete_s303_f1,deletion_A_target_delete,K03,5,True,True,2,2,0,32,14,False
deletion_A_target_delete_s303_f1,deletion_A_target_delete,K03,10,True,True,2,2,0,37,19,False
deletion_A_target_delete_s303_f1,deletion_A_target_delete,K04,1,True,True,0,2,0,19,1,False
deletion_A_target_delete_s303_f1,deletion_A_target_delete,K04,5,True,True,2,2,0,31,13,False
deletion_A_target_delete_s303_f1,deletion_A_target_delete,K04,10,True,True,2,2,0,37,19,False
deletion_A_target_delete_s303_f1,deletion_A_target_delete,K05,1,False,True,1,3,0,19,1,False
deletion_A_target_delete_s303_f1,deletion_A_target_delete,K05,5,False,True,3,3,0,28,10,False
deletion_A_target_delete_s303_f1,deletion_A_target_delete,K05,10,False,True,3,3,0,34,16,False
deletion_A_target_delete_s303_f1,deletion_A_target_delete,K06,1,True,False,1,2,0,19,1,False
deletion_A_target_delete_s303_f1,deletion_A_target_delete,K06,5,True,True,2,2,0,33,15,False
deletion_A_target_delete_s303_f1,deletion_A_target_delete,K06,10,True,True,2,2,0,37,19,False
deletion_A_target_delete_s303_f1,deletion_A_target_delete,K07,1,False,True,1,3,0,19,1,False
deletion_A_target_delete_s303_f1,deletion_A_target_delete,K07,5,False,True,3,3,0,26,8,False
deletion_A_target_delete_s303_f1,deletion_A_target_delete,K07,10,False,True,3,3,0,34,16,False
deletion_A_target_delete_s303_f1,deletion_A_target_delete,K08,1,False,True,1,3,0,19,1,False
deletion_A_target_delete_s303_f1,deletion_A_target_delete,K08,5,False,True,3,3,0,29,11,False
deletion_A_target_delete_s303_f1,deletion_A_target_delete,K08,10,False,True,3,3,0,34,16,False
deletion_A_target_delete_s303_f1,deletion_A_target_delete,K09,1,False,True,1,3,0,19,1,False
deletion_A_target_delete_s303_f1,deletion_A_target_delete,K09,5,False,True,3,3,0,31,13,False
deletion_A_target_delete_s303_f1,deletion_A_target_delete,K09,10,False,True,3,3,0,35,17,False
deletion_A_matched_delete_s303_f1,deletion_A_matched_delete,K01,1,False,True,1,3,0,20,2,False
deletion_A_matched_delete_s303_f1,deletion_A_matched_delete,K01,5,False,True,3,3,0,28,10,False
deletion_A_matched_delete_s303_f1,deletion_A_matched_delete,K01,10,False,True,3,3,0,34,16,False
deletion_A_matched_delete_s303_f1,deletion_A_matched_delete,K02,1,False,True,1,3,0,19,1,False
deletion_A_matched_delete_s303_f1,deletion_A_matched_delete,K02,5,False,True,3,3,0,28,10,False
deletion_A_matched_delete_s303_f1,deletion_A_matched_delete,K02,10,False,True,3,3,0,34,16,False
deletion_A_matched_delete_s303_f1,deletion_A_matched_delete,K03,1,True,False,1,2,0,20,2,False
deletion_A_matched_delete_s303_f1,deletion_A_matched_delete,K03,5,True,True,2,2,0,31,13,False
deletion_A_matched_delete_s303_f1,deletion_A_matched_delete,K03,10,True,True,2,2,0,37,19,False
deletion_A_matched_delete_s303_f1,deletion_A_matched_delete,K04,1,True,True,0,2,0,20,2,False
deletion_A_matched_delete_s303_f1,deletion_A_matched_delete,K04,5,True,True,2,2,0,31,13,False
deletion_A_matched_delete_s303_f1,deletion_A_matched_delete,K04,10,True,True,2,2,0,37,19,False
deletion_A_matched_delete_s303_f1,deletion_A_matched_delete,K05,1,False,True,1,3,0,19,1,False
deletion_A_matched_delete_s303_f1,deletion_A_matched_delete,K05,5,False,True,3,3,0,26,8,False
deletion_A_matched_delete_s303_f1,deletion_A_matched_delete,K05,10,False,True,3,3,0,34,16,False
deletion_A_matched_delete_s303_f1,deletion_A_matched_delete,K06,1,True,False,1,2,0,20,2,False
deletion_A_matched_delete_s303_f1,deletion_A_matched_delete,K06,5,True,True,2,2,0,32,14,False
deletion_A_matched_delete_s303_f1,deletion_A_matched_delete,K06,10,True,True,2,2,0,38,20,False
deletion_A_matched_delete_s303_f1,deletion_A_matched_delete,K07,1,False,True,1,3,0,19,1,False
deletion_A_matched_delete_s303_f1,deletion_A_matched_delete,K07,5,False,True,3,3,0,26,8,False
deletion_A_matched_delete_s303_f1,deletion_A_matched_delete,K07,10,False,True,3,3,0,34,16,False
deletion_A_matched_delete_s303_f1,deletion_A_matched_delete,K08,1,False,True,1,3,0,19,1,False
deletion_A_matched_delete_s303_f1,deletion_A_matched_delete,K08,5,False,True,3,3,0,28,10,False
deletion_A_matched_delete_s303_f1,deletion_A_matched_delete,K08,10,False,True,3,3,0,34,16,False
deletion_A_matched_delete_s303_f1,deletion_A_matched_delete,K09,1,False,True,1,3,0,20,2,False
deletion_A_matched_delete_s303_f1,deletion_A_matched_delete,K09,5,False,True,3,3,0,31,13,False
deletion_A_matched_delete_s303_f1,deletion_A_matched_delete,K09,10,False,True,3,3,0,35,17,False
deletion_C_keep_s303_f1,deletion_C_keep,K01,1,False,True,0,4,0,16,2,False
deletion_C_keep_s303_f1,deletion_C_keep,K01,5,False,True,4,4,0,25,11,False
deletion_C_keep_s303_f1,deletion_C_keep,K01,10,False,True,4,4,0,35,21,False
deletion_C_keep_s303_f1,deletion_C_keep,K02,1,False,True,0,4,0,16,2,False
deletion_C_keep_s303_f1,deletion_C_keep,K02,5,False,True,4,4,0,24,10,False
deletion_C_keep_s303_f1,deletion_C_keep,K02,10,False,True,4,4,0,35,21,False
deletion_C_keep_s303_f1,deletion_C_keep,K03,1,True,False,0,3,0,17,3,False
deletion_C_keep_s303_f1,deletion_C_keep,K03,5,True,True,3,3,0,26,12,False
deletion_C_keep_s303_f1,deletion_C_keep,K03,10,True,True,3,3,0,37,23,False
deletion_C_keep_s303_f1,deletion_C_keep,K04,1,True,False,0,3,0,17,3,False
deletion_C_keep_s303_f1,deletion_C_keep,K04,5,True,True,3,3,0,25,11,False
deletion_C_keep_s303_f1,deletion_C_keep,K04,10,True,True,3,3,0,36,22,False
deletion_C_keep_s303_f1,deletion_C_keep,K05,1,False,True,0,4,0,16,2,False
deletion_C_keep_s303_f1,deletion_C_keep,K05,5,False,True,4,4,0,23,9,False
deletion_C_keep_s303_f1,deletion_C_keep,K05,10,False,True,4,4,0,35,21,False
deletion_C_keep_s303_f1,deletion_C_keep,K06,1,True,False,0,3,0,17,3,False
deletion_C_keep_s303_f1,deletion_C_keep,K06,5,True,True,3,3,0,28,14,False
deletion_C_keep_s303_f1,deletion_C_keep,K06,10,True,True,3,3,0,38,24,False
deletion_C_keep_s303_f1,deletion_C_keep,K07,1,False,True,0,4,0,16,2,False
deletion_C_keep_s303_f1,deletion_C_keep,K07,5,False,True,3,4,0,22,8,False
deletion_C_keep_s303_f1,deletion_C_keep,K07,10,False,True,4,4,0,34,20,False
deletion_C_keep_s303_f1,deletion_C_keep,K08,1,False,True,0,4,0,16,2,False
deletion_C_keep_s303_f1,deletion_C_keep,K08,5,False,True,4,4,0,23,9,False
deletion_C_keep_s303_f1,deletion_C_keep,K08,10,False,True,4,4,0,35,21,False
deletion_C_keep_s303_f1,deletion_C_keep,K09,1,True,False,0,3,0,17,3,False
deletion_C_keep_s303_f1,deletion_C_keep,K09,5,True,True,3,3,0,25,11,False
deletion_C_keep_s303_f1,deletion_C_keep,K09,10,True,True,3,3,0,36,22,False
deletion_C_half_s303_f1,deletion_C_half,K01,1,False,True,0,4,0,17,2,False
deletion_C_half_s303_f1,deletion_C_half,K01,5,False,True,4,4,0,24,9,False
deletion_C_half_s303_f1,deletion_C_half,K01,10,False,True,4,4,0,35,20,False
deletion_C_half_s303_f1,deletion_C_half,K02,1,False,True,0,4,0,17,2,False
deletion_C_half_s303_f1,deletion_C_half,K02,5,False,True,4,4,0,24,9,False
deletion_C_half_s303_f1,deletion_C_half,K02,10,False,True,4,4,0,35,20,False
deletion_C_half_s303_f1,deletion_C_half,K03,1,True,False,0,3,0,17,2,False
deletion_C_half_s303_f1,deletion_C_half,K03,5,True,True,3,3,0,26,11,False
deletion_C_half_s303_f1,deletion_C_half,K03,10,True,True,3,3,0,36,21,False
deletion_C_half_s303_f1,deletion_C_half,K04,1,True,False,0,3,0,17,2,False
deletion_C_half_s303_f1,deletion_C_half,K04,5,True,True,3,3,0,25,10,False
deletion_C_half_s303_f1,deletion_C_half,K04,10,True,True,3,3,0,35,20,False
deletion_C_half_s303_f1,deletion_C_half,K05,1,False,True,0,4,0,17,2,False
deletion_C_half_s303_f1,deletion_C_half,K05,5,False,True,4,4,0,23,8,False
deletion_C_half_s303_f1,deletion_C_half,K05,10,False,True,4,4,0,35,20,False
deletion_C_half_s303_f1,deletion_C_half,K06,1,True,False,0,3,0,17,2,False
deletion_C_half_s303_f1,deletion_C_half,K06,5,True,True,3,3,0,28,13,False
deletion_C_half_s303_f1,deletion_C_half,K06,10,True,True,3,3,0,38,23,False
deletion_C_half_s303_f1,deletion_C_half,K07,1,False,True,0,4,0,16,1,False
deletion_C_half_s303_f1,deletion_C_half,K07,5,False,True,3,4,0,22,7,False
deletion_C_half_s303_f1,deletion_C_half,K07,10,False,True,4,4,0,34,19,False
deletion_C_half_s303_f1,deletion_C_half,K08,1,False,True,0,4,0,17,2,False
deletion_C_half_s303_f1,deletion_C_half,K08,5,False,True,4,4,0,23,8,False
deletion_C_half_s303_f1,deletion_C_half,K08,10,False,True,4,4,0,35,20,False
deletion_C_half_s303_f1,deletion_C_half,K09,1,True,False,0,3,0,17,2,False
deletion_C_half_s303_f1,deletion_C_half,K09,5,True,True,3,3,0,25,10,False
deletion_C_half_s303_f1,deletion_C_half,K09,10,True,True,3,3,0,35,20,False
deletion_C_target_delete_s303_f1,deletion_C_target_delete,K01,1,False,True,1,4,0,16,2,False
deletion_C_target_delete_s303_f1,deletion_C_target_delete,K01,5,False,True,4,4,0,25,11,False
deletion_C_target_delete_s303_f1,deletion_C_target_delete,K01,10,False,True,4,4,0,36,22,False
deletion_C_target_delete_s303_f1,deletion_C_target_delete,K02,1,False,True,1,4,0,16,2,False
deletion_C_target_delete_s303_f1,deletion_C_target_delete,K02,5,False,True,4,4,0,24,10,False
deletion_C_target_delete_s303_f1,deletion_C_target_delete,K02,10,False,True,4,4,0,35,21,False
deletion_C_target_delete_s303_f1,deletion_C_target_delete,K03,1,True,False,1,3,0,16,2,False
deletion_C_target_delete_s303_f1,deletion_C_target_delete,K03,5,True,True,3,3,0,29,15,False
deletion_C_target_delete_s303_f1,deletion_C_target_delete,K03,10,True,True,3,3,0,36,22,False
deletion_C_target_delete_s303_f1,deletion_C_target_delete,K04,1,True,False,1,3,0,16,2,False
deletion_C_target_delete_s303_f1,deletion_C_target_delete,K04,5,True,True,3,3,0,26,12,False
deletion_C_target_delete_s303_f1,deletion_C_target_delete,K04,10,True,True,3,3,0,36,22,False
deletion_C_target_delete_s303_f1,deletion_C_target_delete,K05,1,False,True,1,4,0,16,2,False
deletion_C_target_delete_s303_f1,deletion_C_target_delete,K05,5,False,True,4,4,0,24,10,False
deletion_C_target_delete_s303_f1,deletion_C_target_delete,K05,10,False,True,4,4,0,35,21,False
deletion_C_target_delete_s303_f1,deletion_C_target_delete,K06,1,True,False,1,3,0,16,2,False
deletion_C_target_delete_s303_f1,deletion_C_target_delete,K06,5,True,True,3,3,0,29,15,False
deletion_C_target_delete_s303_f1,deletion_C_target_delete,K06,10,True,True,3,3,0,37,23,False
deletion_C_target_delete_s303_f1,deletion_C_target_delete,K07,1,False,True,0,4,0,16,2,False
deletion_C_target_delete_s303_f1,deletion_C_target_delete,K07,5,False,True,4,4,0,23,9,False
deletion_C_target_delete_s303_f1,deletion_C_target_delete,K07,10,False,True,4,4,0,34,20,False
deletion_C_target_delete_s303_f1,deletion_C_target_delete,K08,1,False,True,1,4,0,16,2,False
deletion_C_target_delete_s303_f1,deletion_C_target_delete,K08,5,False,True,4,4,0,24,10,False
deletion_C_target_delete_s303_f1,deletion_C_target_delete,K08,10,False,True,4,4,0,35,21,False
deletion_C_target_delete_s303_f1,deletion_C_target_delete,K09,1,True,True,0,3,0,16,2,False
deletion_C_target_delete_s303_f1,deletion_C_target_delete,K09,5,True,True,3,3,0,26,12,False
deletion_C_target_delete_s303_f1,deletion_C_target_delete,K09,10,True,True,3,3,0,36,22,False
deletion_C_matched_delete_s303_f1,deletion_C_matched_delete,K01,1,False,True,0,4,0,17,2,False
deletion_C_matched_delete_s303_f1,deletion_C_matched_delete,K01,5,False,True,4,4,0,25,10,False
deletion_C_matched_delete_s303_f1,deletion_C_matched_delete,K01,10,False,True,4,4,0,35,20,False
deletion_C_matched_delete_s303_f1,deletion_C_matched_delete,K02,1,False,True,0,4,0,17,2,False
deletion_C_matched_delete_s303_f1,deletion_C_matched_delete,K02,5,False,True,4,4,0,25,10,False
deletion_C_matched_delete_s303_f1,deletion_C_matched_delete,K02,10,False,True,4,4,0,35,20,False
deletion_C_matched_delete_s303_f1,deletion_C_matched_delete,K03,1,True,False,1,3,0,17,2,False
deletion_C_matched_delete_s303_f1,deletion_C_matched_delete,K03,5,True,True,3,3,0,27,12,False
deletion_C_matched_delete_s303_f1,deletion_C_matched_delete,K03,10,True,True,3,3,0,36,21,False
deletion_C_matched_delete_s303_f1,deletion_C_matched_delete,K04,1,True,False,0,3,0,17,2,False
deletion_C_matched_delete_s303_f1,deletion_C_matched_delete,K04,5,True,True,3,3,0,27,12,False
deletion_C_matched_delete_s303_f1,deletion_C_matched_delete,K04,10,True,True,3,3,0,36,21,False
deletion_C_matched_delete_s303_f1,deletion_C_matched_delete,K05,1,False,True,0,4,0,17,2,False
deletion_C_matched_delete_s303_f1,deletion_C_matched_delete,K05,5,False,True,4,4,0,25,10,False
deletion_C_matched_delete_s303_f1,deletion_C_matched_delete,K05,10,False,True,4,4,0,35,20,False
deletion_C_matched_delete_s303_f1,deletion_C_matched_delete,K06,1,True,False,1,3,0,18,3,False
deletion_C_matched_delete_s303_f1,deletion_C_matched_delete,K06,5,True,True,3,3,0,28,13,False
deletion_C_matched_delete_s303_f1,deletion_C_matched_delete,K06,10,True,True,3,3,0,38,23,False
deletion_C_matched_delete_s303_f1,deletion_C_matched_delete,K07,1,False,True,0,4,0,15,0,False
deletion_C_matched_delete_s303_f1,deletion_C_matched_delete,K07,5,False,True,3,4,0,25,10,False
deletion_C_matched_delete_s303_f1,deletion_C_matched_delete,K07,10,False,True,4,4,0,34,19,False
deletion_C_matched_delete_s303_f1,deletion_C_matched_delete,K08,1,False,True,0,4,0,17,2,False
deletion_C_matched_delete_s303_f1,deletion_C_matched_delete,K08,5,False,True,4,4,0,25,10,False
deletion_C_matched_delete_s303_f1,deletion_C_matched_delete,K08,10,False,True,4,4,0,35,20,False
deletion_C_matched_delete_s303_f1,deletion_C_matched_delete,K09,1,True,True,0,3,0,17,2,False
deletion_C_matched_delete_s303_f1,deletion_C_matched_delete,K09,5,True,True,3,3,0,25,10,False
deletion_C_matched_delete_s303_f1,deletion_C_matched_delete,K09,10,True,True,3,3,0,36,21,False
deletion_A_keep_s303_f2,deletion_A_keep,K01,1,False,True,0,0,0,33,4,False
deletion_A_keep_s303_f2,deletion_A_keep,K01,5,False,True,0,0,0,54,25,False
deletion_A_keep_s303_f2,deletion_A_keep,K01,10,False,True,0,0,0,74,45,False
deletion_A_keep_s303_f2,deletion_A_keep,K02,1,False,True,0,0,0,33,4,False
deletion_A_keep_s303_f2,deletion_A_keep,K02,5,False,True,0,0,0,52,23,False
deletion_A_keep_s303_f2,deletion_A_keep,K02,10,False,True,0,0,0,72,43,False
deletion_A_keep_s303_f2,deletion_A_keep,K03,1,False,True,0,0,0,33,4,False
deletion_A_keep_s303_f2,deletion_A_keep,K03,5,False,True,0,0,0,58,29,False
deletion_A_keep_s303_f2,deletion_A_keep,K03,10,False,True,0,0,0,84,55,False
deletion_A_keep_s303_f2,deletion_A_keep,K04,1,False,True,0,0,0,33,4,False
deletion_A_keep_s303_f2,deletion_A_keep,K04,5,False,True,0,0,0,55,26,False
deletion_A_keep_s303_f2,deletion_A_keep,K04,10,False,True,0,0,0,80,51,False
deletion_A_keep_s303_f2,deletion_A_keep,K05,1,False,True,0,0,0,33,4,False
deletion_A_keep_s303_f2,deletion_A_keep,K05,5,False,True,0,0,0,50,21,False
deletion_A_keep_s303_f2,deletion_A_keep,K05,10,False,True,0,0,0,71,42,False
deletion_A_keep_s303_f2,deletion_A_keep,K06,1,False,True,0,0,0,33,4,False
deletion_A_keep_s303_f2,deletion_A_keep,K06,5,False,True,0,0,0,58,29,False
deletion_A_keep_s303_f2,deletion_A_keep,K06,10,False,True,0,0,0,89,60,False
deletion_A_keep_s303_f2,deletion_A_keep,K07,1,False,True,0,0,0,33,4,False
deletion_A_keep_s303_f2,deletion_A_keep,K07,5,False,True,0,0,0,50,21,False
deletion_A_keep_s303_f2,deletion_A_keep,K07,10,False,True,0,0,0,70,41,False
deletion_A_keep_s303_f2,deletion_A_keep,K08,1,False,True,0,0,0,33,4,False
deletion_A_keep_s303_f2,deletion_A_keep,K08,5,False,True,0,0,0,51,22,False
deletion_A_keep_s303_f2,deletion_A_keep,K08,10,False,True,0,0,0,72,43,False
deletion_A_keep_s303_f2,deletion_A_keep,K09,1,False,True,0,0,0,33,4,False
deletion_A_keep_s303_f2,deletion_A_keep,K09,5,False,True,0,0,0,56,27,False
deletion_A_keep_s303_f2,deletion_A_keep,K09,10,False,True,0,0,0,81,52,False
deletion_A_half_s303_f2,deletion_A_half,K01,1,False,True,0,0,0,33,3,False
deletion_A_half_s303_f2,deletion_A_half,K01,5,False,True,0,0,0,56,26,False
deletion_A_half_s303_f2,deletion_A_half,K01,10,False,True,0,0,0,77,47,False
deletion_A_half_s303_f2,deletion_A_half,K02,1,False,True,0,0,0,33,3,False
deletion_A_half_s303_f2,deletion_A_half,K02,5,False,True,0,0,0,54,24,False
deletion_A_half_s303_f2,deletion_A_half,K02,10,False,True,0,0,0,74,44,False
deletion_A_half_s303_f2,deletion_A_half,K03,1,False,True,0,0,0,34,4,False
deletion_A_half_s303_f2,deletion_A_half,K03,5,False,True,0,0,0,58,28,False
deletion_A_half_s303_f2,deletion_A_half,K03,10,False,True,0,0,0,89,59,False
deletion_A_half_s303_f2,deletion_A_half,K04,1,False,True,0,0,0,34,4,False
deletion_A_half_s303_f2,deletion_A_half,K04,5,False,True,0,0,0,58,28,False
deletion_A_half_s303_f2,deletion_A_half,K04,10,False,True,0,0,0,84,54,False
deletion_A_half_s303_f2,deletion_A_half,K05,1,False,True,0,0,0,33,3,False
deletion_A_half_s303_f2,deletion_A_half,K05,5,False,True,0,0,0,52,22,False
deletion_A_half_s303_f2,deletion_A_half,K05,10,False,True,0,0,0,72,42,False
deletion_A_half_s303_f2,deletion_A_half,K06,1,False,True,0,0,0,34,4,False
deletion_A_half_s303_f2,deletion_A_half,K06,5,False,True,0,0,0,59,29,False
deletion_A_half_s303_f2,deletion_A_half,K06,10,False,True,0,0,0,93,63,False
deletion_A_half_s303_f2,deletion_A_half,K07,1,False,True,0,0,0,33,3,False
deletion_A_half_s303_f2,deletion_A_half,K07,5,False,True,0,0,0,51,21,False
deletion_A_half_s303_f2,deletion_A_half,K07,10,False,True,0,0,0,71,41,False
deletion_A_half_s303_f2,deletion_A_half,K08,1,False,True,0,0,0,33,3,False
deletion_A_half_s303_f2,deletion_A_half,K08,5,False,True,0,0,0,54,24,False
deletion_A_half_s303_f2,deletion_A_half,K08,10,False,True,0,0,0,73,43,False
deletion_A_half_s303_f2,deletion_A_half,K09,1,False,True,0,0,0,34,4,False
deletion_A_half_s303_f2,deletion_A_half,K09,5,False,True,0,0,0,58,28,False
deletion_A_half_s303_f2,deletion_A_half,K09,10,False,True,0,0,0,83,53,False
deletion_A_target_delete_s303_f2,deletion_A_target_delete,K01,1,False,True,0,0,0,33,3,False
deletion_A_target_delete_s303_f2,deletion_A_target_delete,K01,5,False,True,0,0,0,55,25,False
deletion_A_target_delete_s303_f2,deletion_A_target_delete,K01,10,False,True,0,0,0,76,46,False
deletion_A_target_delete_s303_f2,deletion_A_target_delete,K02,1,False,True,0,0,0,33,3,False
deletion_A_target_delete_s303_f2,deletion_A_target_delete,K02,5,False,True,0,0,0,54,24,False
deletion_A_target_delete_s303_f2,deletion_A_target_delete,K02,10,False,True,0,0,0,74,44,False
deletion_A_target_delete_s303_f2,deletion_A_target_delete,K03,1,False,True,0,0,0,33,3,False
deletion_A_target_delete_s303_f2,deletion_A_target_delete,K03,5,False,True,0,0,0,60,30,False
deletion_A_target_delete_s303_f2,deletion_A_target_delete,K03,10,False,True,0,0,0,89,59,False
deletion_A_target_delete_s303_f2,deletion_A_target_delete,K04,1,False,True,0,0,0,33,3,False
deletion_A_target_delete_s303_f2,deletion_A_target_delete,K04,5,False,True,0,0,0,57,27,False
deletion_A_target_delete_s303_f2,deletion_A_target_delete,K04,10,False,True,0,0,0,84,54,False
deletion_A_target_delete_s303_f2,deletion_A_target_delete,K05,1,False,True,0,0,0,33,3,False
deletion_A_target_delete_s303_f2,deletion_A_target_delete,K05,5,False,True,0,0,0,53,23,False
deletion_A_target_delete_s303_f2,deletion_A_target_delete,K05,10,False,True,0,0,0,72,42,False
deletion_A_target_delete_s303_f2,deletion_A_target_delete,K06,1,False,True,0,0,0,34,4,False
deletion_A_target_delete_s303_f2,deletion_A_target_delete,K06,5,False,True,0,0,0,62,32,False
deletion_A_target_delete_s303_f2,deletion_A_target_delete,K06,10,False,True,0,0,0,96,66,False
deletion_A_target_delete_s303_f2,deletion_A_target_delete,K07,1,False,True,0,0,0,33,3,False
deletion_A_target_delete_s303_f2,deletion_A_target_delete,K07,5,False,True,0,0,0,52,22,False
deletion_A_target_delete_s303_f2,deletion_A_target_delete,K07,10,False,True,0,0,0,72,42,False
deletion_A_target_delete_s303_f2,deletion_A_target_delete,K08,1,False,True,0,0,0,33,3,False
deletion_A_target_delete_s303_f2,deletion_A_target_delete,K08,5,False,True,0,0,0,53,23,False
deletion_A_target_delete_s303_f2,deletion_A_target_delete,K08,10,False,True,0,0,0,74,44,False
deletion_A_target_delete_s303_f2,deletion_A_target_delete,K09,1,False,True,0,0,0,33,3,False
deletion_A_target_delete_s303_f2,deletion_A_target_delete,K09,5,False,True,0,0,0,58,28,False
deletion_A_target_delete_s303_f2,deletion_A_target_delete,K09,10,False,True,0,0,0,84,54,False
deletion_A_matched_delete_s303_f2,deletion_A_matched_delete,K01,1,False,True,0,0,0,33,4,False
deletion_A_matched_delete_s303_f2,deletion_A_matched_delete,K01,5,False,True,0,0,0,54,25,False
deletion_A_matched_delete_s303_f2,deletion_A_matched_delete,K01,10,False,True,0,0,0,75,46,False
deletion_A_matched_delete_s303_f2,deletion_A_matched_delete,K02,1,False,True,0,0,0,33,4,False
deletion_A_matched_delete_s303_f2,deletion_A_matched_delete,K02,5,False,True,0,0,0,54,25,False
deletion_A_matched_delete_s303_f2,deletion_A_matched_delete,K02,10,False,True,0,0,0,72,43,False
deletion_A_matched_delete_s303_f2,deletion_A_matched_delete,K03,1,False,True,0,0,0,33,4,False
deletion_A_matched_delete_s303_f2,deletion_A_matched_delete,K03,5,False,True,0,0,0,57,28,False
deletion_A_matched_delete_s303_f2,deletion_A_matched_delete,K03,10,False,True,0,0,0,85,56,False
deletion_A_matched_delete_s303_f2,deletion_A_matched_delete,K04,1,False,True,0,0,0,33,4,False
deletion_A_matched_delete_s303_f2,deletion_A_matched_delete,K04,5,False,True,0,0,0,55,26,False
deletion_A_matched_delete_s303_f2,deletion_A_matched_delete,K04,10,False,True,0,0,0,79,50,False
deletion_A_matched_delete_s303_f2,deletion_A_matched_delete,K05,1,False,True,0,0,0,33,4,False
deletion_A_matched_delete_s303_f2,deletion_A_matched_delete,K05,5,False,True,0,0,0,51,22,False
deletion_A_matched_delete_s303_f2,deletion_A_matched_delete,K05,10,False,True,0,0,0,71,42,False
deletion_A_matched_delete_s303_f2,deletion_A_matched_delete,K06,1,False,True,0,0,0,33,4,False
deletion_A_matched_delete_s303_f2,deletion_A_matched_delete,K06,5,False,True,0,0,0,58,29,False
deletion_A_matched_delete_s303_f2,deletion_A_matched_delete,K06,10,False,True,0,0,0,90,61,False
deletion_A_matched_delete_s303_f2,deletion_A_matched_delete,K07,1,False,True,0,0,0,33,4,False
deletion_A_matched_delete_s303_f2,deletion_A_matched_delete,K07,5,False,True,0,0,0,51,22,False
deletion_A_matched_delete_s303_f2,deletion_A_matched_delete,K07,10,False,True,0,0,0,71,42,False
deletion_A_matched_delete_s303_f2,deletion_A_matched_delete,K08,1,False,True,0,0,0,33,4,False
deletion_A_matched_delete_s303_f2,deletion_A_matched_delete,K08,5,False,True,0,0,0,53,24,False
deletion_A_matched_delete_s303_f2,deletion_A_matched_delete,K08,10,False,True,0,0,0,72,43,False
deletion_A_matched_delete_s303_f2,deletion_A_matched_delete,K09,1,False,True,0,0,0,33,4,False
deletion_A_matched_delete_s303_f2,deletion_A_matched_delete,K09,5,False,True,0,0,0,56,27,False
deletion_A_matched_delete_s303_f2,deletion_A_matched_delete,K09,10,False,True,0,0,0,79,50,False
deletion_C_keep_s303_f2,deletion_C_keep,K01,1,False,True,0,0,0,28,3,False
deletion_C_keep_s303_f2,deletion_C_keep,K01,5,False,True,0,0,0,42,17,False
deletion_C_keep_s303_f2,deletion_C_keep,K01,10,False,True,0,0,0,70,45,False
deletion_C_keep_s303_f2,deletion_C_keep,K02,1,False,True,0,0,0,28,3,False
deletion_C_keep_s303_f2,deletion_C_keep,K02,5,False,True,0,0,0,42,17,False
deletion_C_keep_s303_f2,deletion_C_keep,K02,10,False,True,0,0,0,69,44,False
deletion_C_keep_s303_f2,deletion_C_keep,K03,1,False,True,0,0,0,28,3,False
deletion_C_keep_s303_f2,deletion_C_keep,K03,5,False,True,0,0,0,45,20,False
deletion_C_keep_s303_f2,deletion_C_keep,K03,10,False,True,0,0,0,73,48,False
deletion_C_keep_s303_f2,deletion_C_keep,K04,1,False,True,0,0,0,28,3,False
deletion_C_keep_s303_f2,deletion_C_keep,K04,5,False,True,0,0,0,44,19,False
deletion_C_keep_s303_f2,deletion_C_keep,K04,10,False,True,0,0,0,70,45,False
deletion_C_keep_s303_f2,deletion_C_keep,K05,1,False,True,0,0,0,28,3,False
deletion_C_keep_s303_f2,deletion_C_keep,K05,5,False,True,0,0,0,41,16,False
deletion_C_keep_s303_f2,deletion_C_keep,K05,10,False,True,0,0,0,63,38,False
deletion_C_keep_s303_f2,deletion_C_keep,K06,1,False,True,0,0,0,29,4,False
deletion_C_keep_s303_f2,deletion_C_keep,K06,5,False,True,0,0,0,47,22,False
deletion_C_keep_s303_f2,deletion_C_keep,K06,10,False,True,0,0,0,78,53,False
deletion_C_keep_s303_f2,deletion_C_keep,K07,1,False,True,0,0,0,28,3,False
deletion_C_keep_s303_f2,deletion_C_keep,K07,5,False,True,0,0,0,40,15,False
deletion_C_keep_s303_f2,deletion_C_keep,K07,10,False,True,0,0,0,63,38,False
deletion_C_keep_s303_f2,deletion_C_keep,K08,1,False,True,0,0,0,28,3,False
deletion_C_keep_s303_f2,deletion_C_keep,K08,5,False,True,0,0,0,42,17,False
deletion_C_keep_s303_f2,deletion_C_keep,K08,10,False,True,0,0,0,65,40,False
deletion_C_keep_s303_f2,deletion_C_keep,K09,1,False,True,0,0,0,28,3,False
deletion_C_keep_s303_f2,deletion_C_keep,K09,5,False,True,0,0,0,45,20,False
deletion_C_keep_s303_f2,deletion_C_keep,K09,10,False,True,0,0,0,70,45,False
deletion_C_half_s303_f2,deletion_C_half,K01,1,False,True,0,1,0,21,0,False
deletion_C_half_s303_f2,deletion_C_half,K01,5,False,True,1,1,0,31,10,False
deletion_C_half_s303_f2,deletion_C_half,K01,10,False,True,1,1,0,51,30,False
deletion_C_half_s303_f2,deletion_C_half,K02,1,False,True,0,1,0,21,0,False
deletion_C_half_s303_f2,deletion_C_half,K02,5,False,True,1,1,0,31,10,False
deletion_C_half_s303_f2,deletion_C_half,K02,10,False,True,1,1,0,50,29,False
deletion_C_half_s303_f2,deletion_C_half,K03,1,False,True,0,1,0,21,0,False
deletion_C_half_s303_f2,deletion_C_half,K03,5,False,True,1,1,0,34,13,False
deletion_C_half_s303_f2,deletion_C_half,K03,10,False,True,1,1,0,56,35,False
deletion_C_half_s303_f2,deletion_C_half,K04,1,False,True,0,1,0,21,0,False
deletion_C_half_s303_f2,deletion_C_half,K04,5,False,True,1,1,0,33,12,False
deletion_C_half_s303_f2,deletion_C_half,K04,10,False,True,1,1,0,54,33,False
deletion_C_half_s303_f2,deletion_C_half,K05,1,False,True,0,1,0,21,0,False
deletion_C_half_s303_f2,deletion_C_half,K05,5,False,True,1,1,0,30,9,False
deletion_C_half_s303_f2,deletion_C_half,K05,10,False,True,1,1,0,46,25,False
deletion_C_half_s303_f2,deletion_C_half,K06,1,True,True,0,0,0,22,1,False
deletion_C_half_s303_f2,deletion_C_half,K06,5,True,True,0,0,0,37,16,False
deletion_C_half_s303_f2,deletion_C_half,K06,10,True,True,0,0,0,59,38,False
deletion_C_half_s303_f2,deletion_C_half,K07,1,False,True,0,1,0,21,0,False
deletion_C_half_s303_f2,deletion_C_half,K07,5,False,True,1,1,0,30,9,False
deletion_C_half_s303_f2,deletion_C_half,K07,10,False,True,1,1,0,48,27,False
deletion_C_half_s303_f2,deletion_C_half,K08,1,False,True,0,1,0,21,0,False
deletion_C_half_s303_f2,deletion_C_half,K08,5,False,True,1,1,0,31,10,False
deletion_C_half_s303_f2,deletion_C_half,K08,10,False,True,1,1,0,48,27,False
deletion_C_half_s303_f2,deletion_C_half,K09,1,False,True,0,1,0,21,0,False
deletion_C_half_s303_f2,deletion_C_half,K09,5,False,True,1,1,0,33,12,False
deletion_C_half_s303_f2,deletion_C_half,K09,10,False,True,1,1,0,54,33,False
deletion_C_target_delete_s303_f2,deletion_C_target_delete,K01,1,False,True,0,0,0,29,5,False
deletion_C_target_delete_s303_f2,deletion_C_target_delete,K01,5,False,True,0,0,0,43,19,False
deletion_C_target_delete_s303_f2,deletion_C_target_delete,K01,10,False,True,0,0,0,69,45,False
deletion_C_target_delete_s303_f2,deletion_C_target_delete,K02,1,False,True,0,0,0,29,5,False
deletion_C_target_delete_s303_f2,deletion_C_target_delete,K02,5,False,True,0,0,0,43,19,False
deletion_C_target_delete_s303_f2,deletion_C_target_delete,K02,10,False,True,0,0,0,68,44,False
deletion_C_target_delete_s303_f2,deletion_C_target_delete,K03,1,False,True,0,0,0,29,5,False
deletion_C_target_delete_s303_f2,deletion_C_target_delete,K03,5,False,True,0,0,0,49,25,False
deletion_C_target_delete_s303_f2,deletion_C_target_delete,K03,10,False,True,0,0,0,74,50,False
deletion_C_target_delete_s303_f2,deletion_C_target_delete,K04,1,False,True,0,0,0,29,5,False
deletion_C_target_delete_s303_f2,deletion_C_target_delete,K04,5,False,True,0,0,0,44,20,False
deletion_C_target_delete_s303_f2,deletion_C_target_delete,K04,10,False,True,0,0,0,71,47,False
deletion_C_target_delete_s303_f2,deletion_C_target_delete,K05,1,False,True,0,0,0,29,5,False
deletion_C_target_delete_s303_f2,deletion_C_target_delete,K05,5,False,True,0,0,0,41,17,False
deletion_C_target_delete_s303_f2,deletion_C_target_delete,K05,10,False,True,0,0,0,63,39,False
deletion_C_target_delete_s303_f2,deletion_C_target_delete,K06,1,False,True,0,0,0,29,5,False
deletion_C_target_delete_s303_f2,deletion_C_target_delete,K06,5,False,True,0,0,0,50,26,False
deletion_C_target_delete_s303_f2,deletion_C_target_delete,K06,10,False,True,0,0,0,78,54,False
deletion_C_target_delete_s303_f2,deletion_C_target_delete,K07,1,False,True,0,0,0,29,5,False
deletion_C_target_delete_s303_f2,deletion_C_target_delete,K07,5,False,True,0,0,0,41,17,False
deletion_C_target_delete_s303_f2,deletion_C_target_delete,K07,10,False,True,0,0,0,62,38,False
deletion_C_target_delete_s303_f2,deletion_C_target_delete,K08,1,False,True,0,0,0,29,5,False
deletion_C_target_delete_s303_f2,deletion_C_target_delete,K08,5,False,True,0,0,0,42,18,False
deletion_C_target_delete_s303_f2,deletion_C_target_delete,K08,10,False,True,0,0,0,67,43,False
deletion_C_target_delete_s303_f2,deletion_C_target_delete,K09,1,False,True,0,0,0,29,5,False
deletion_C_target_delete_s303_f2,deletion_C_target_delete,K09,5,False,True,0,0,0,46,22,False
deletion_C_target_delete_s303_f2,deletion_C_target_delete,K09,10,False,True,0,0,0,73,49,False
deletion_C_matched_delete_s303_f2,deletion_C_matched_delete,K01,1,False,True,1,1,0,28,4,False
deletion_C_matched_delete_s303_f2,deletion_C_matched_delete,K01,5,False,True,1,1,0,43,19,False
deletion_C_matched_delete_s303_f2,deletion_C_matched_delete,K01,10,False,True,1,1,0,70,46,False
deletion_C_matched_delete_s303_f2,deletion_C_matched_delete,K02,1,False,True,1,1,0,28,4,False
deletion_C_matched_delete_s303_f2,deletion_C_matched_delete,K02,5,False,True,1,1,0,42,18,False
deletion_C_matched_delete_s303_f2,deletion_C_matched_delete,K02,10,False,True,1,1,0,69,45,False
deletion_C_matched_delete_s303_f2,deletion_C_matched_delete,K03,1,False,True,1,1,0,28,4,False
deletion_C_matched_delete_s303_f2,deletion_C_matched_delete,K03,5,False,True,1,1,0,44,20,False
deletion_C_matched_delete_s303_f2,deletion_C_matched_delete,K03,10,False,True,1,1,0,73,49,False
deletion_C_matched_delete_s303_f2,deletion_C_matched_delete,K04,1,False,True,1,1,0,28,4,False
deletion_C_matched_delete_s303_f2,deletion_C_matched_delete,K04,5,False,True,1,1,0,44,20,False
deletion_C_matched_delete_s303_f2,deletion_C_matched_delete,K04,10,False,True,1,1,0,72,48,False
deletion_C_matched_delete_s303_f2,deletion_C_matched_delete,K05,1,False,True,1,1,0,28,4,False
deletion_C_matched_delete_s303_f2,deletion_C_matched_delete,K05,5,False,True,1,1,0,39,15,False
deletion_C_matched_delete_s303_f2,deletion_C_matched_delete,K05,10,False,True,1,1,0,60,36,False
deletion_C_matched_delete_s303_f2,deletion_C_matched_delete,K06,1,True,True,0,0,0,29,5,False
deletion_C_matched_delete_s303_f2,deletion_C_matched_delete,K06,5,True,True,0,0,0,46,22,False
deletion_C_matched_delete_s303_f2,deletion_C_matched_delete,K06,10,True,True,0,0,0,77,53,False
deletion_C_matched_delete_s303_f2,deletion_C_matched_delete,K07,1,False,True,1,1,0,28,4,False
deletion_C_matched_delete_s303_f2,deletion_C_matched_delete,K07,5,False,True,1,1,0,40,16,False
deletion_C_matched_delete_s303_f2,deletion_C_matched_delete,K07,10,False,True,1,1,0,62,38,False
deletion_C_matched_delete_s303_f2,deletion_C_matched_delete,K08,1,False,True,1,1,0,28,4,False
deletion_C_matched_delete_s303_f2,deletion_C_matched_delete,K08,5,False,True,1,1,0,41,17,False
deletion_C_matched_delete_s303_f2,deletion_C_matched_delete,K08,10,False,True,1,1,0,65,41,False
deletion_C_matched_delete_s303_f2,deletion_C_matched_delete,K09,1,False,True,1,1,0,28,4,False
deletion_C_matched_delete_s303_f2,deletion_C_matched_delete,K09,5,False,True,1,1,0,44,20,False
deletion_C_matched_delete_s303_f2,deletion_C_matched_delete,K09,10,False,True,1,1,0,72,48,False
deletion_A_keep_s404_f0,deletion_A_keep,K01,1,False,True,1,1,0,35,3,False
deletion_A_keep_s404_f0,deletion_A_keep,K01,5,False,True,1,1,0,49,17,False
deletion_A_keep_s404_f0,deletion_A_keep,K01,10,False,True,1,1,0,59,27,False
deletion_A_keep_s404_f0,deletion_A_keep,K02,1,False,True,1,1,0,35,3,False
deletion_A_keep_s404_f0,deletion_A_keep,K02,5,False,True,1,1,0,48,16,False
deletion_A_keep_s404_f0,deletion_A_keep,K02,10,False,True,1,1,0,58,26,False
deletion_A_keep_s404_f0,deletion_A_keep,K03,1,False,True,1,1,0,35,3,False
deletion_A_keep_s404_f0,deletion_A_keep,K03,5,False,True,1,1,0,49,17,False
deletion_A_keep_s404_f0,deletion_A_keep,K03,10,False,True,1,1,0,64,32,False
deletion_A_keep_s404_f0,deletion_A_keep,K04,1,False,True,1,1,0,35,3,False
deletion_A_keep_s404_f0,deletion_A_keep,K04,5,False,True,1,1,0,49,17,False
deletion_A_keep_s404_f0,deletion_A_keep,K04,10,False,True,1,1,0,62,30,False
deletion_A_keep_s404_f0,deletion_A_keep,K05,1,False,True,1,1,0,34,2,False
deletion_A_keep_s404_f0,deletion_A_keep,K05,5,False,True,1,1,0,47,15,False
deletion_A_keep_s404_f0,deletion_A_keep,K05,10,False,True,1,1,0,57,25,False
deletion_A_keep_s404_f0,deletion_A_keep,K06,1,True,True,0,0,0,35,3,False
deletion_A_keep_s404_f0,deletion_A_keep,K06,5,True,True,0,0,0,49,17,False
deletion_A_keep_s404_f0,deletion_A_keep,K06,10,True,True,0,0,0,65,33,False
deletion_A_keep_s404_f0,deletion_A_keep,K07,1,False,True,1,1,0,34,2,False
deletion_A_keep_s404_f0,deletion_A_keep,K07,5,False,True,1,1,0,45,13,False
deletion_A_keep_s404_f0,deletion_A_keep,K07,10,False,True,1,1,0,55,23,False
deletion_A_keep_s404_f0,deletion_A_keep,K08,1,False,True,1,1,0,35,3,False
deletion_A_keep_s404_f0,deletion_A_keep,K08,5,False,True,1,1,0,48,16,False
deletion_A_keep_s404_f0,deletion_A_keep,K08,10,False,True,1,1,0,59,27,False
deletion_A_keep_s404_f0,deletion_A_keep,K09,1,False,True,1,1,0,35,3,False
deletion_A_keep_s404_f0,deletion_A_keep,K09,5,False,True,1,1,0,49,17,False
deletion_A_keep_s404_f0,deletion_A_keep,K09,10,False,True,1,1,0,60,28,False
deletion_A_half_s404_f0,deletion_A_half,K01,1,False,True,1,2,0,32,7,False
deletion_A_half_s404_f0,deletion_A_half,K01,5,False,True,2,2,0,44,19,False
deletion_A_half_s404_f0,deletion_A_half,K01,10,False,True,2,2,0,55,30,False
deletion_A_half_s404_f0,deletion_A_half,K02,1,False,True,1,2,0,32,7,False
deletion_A_half_s404_f0,deletion_A_half,K02,5,False,True,2,2,0,43,18,False
deletion_A_half_s404_f0,deletion_A_half,K02,10,False,True,2,2,0,54,29,False
deletion_A_half_s404_f0,deletion_A_half,K03,1,True,True,1,1,0,32,7,False
deletion_A_half_s404_f0,deletion_A_half,K03,5,True,True,1,1,0,45,20,False
deletion_A_half_s404_f0,deletion_A_half,K03,10,True,True,1,1,0,58,33,False
deletion_A_half_s404_f0,deletion_A_half,K04,1,False,True,2,2,0,32,7,False
deletion_A_half_s404_f0,deletion_A_half,K04,5,False,True,2,2,0,45,20,False
deletion_A_half_s404_f0,deletion_A_half,K04,10,False,True,2,2,0,57,32,False
deletion_A_half_s404_f0,deletion_A_half,K05,1,False,True,1,2,0,32,7,False
deletion_A_half_s404_f0,deletion_A_half,K05,5,False,True,2,2,0,42,17,False
deletion_A_half_s404_f0,deletion_A_half,K05,10,False,True,2,2,0,53,28,False
deletion_A_half_s404_f0,deletion_A_half,K06,1,True,True,1,1,0,32,7,False
deletion_A_half_s404_f0,deletion_A_half,K06,5,True,True,1,1,0,46,21,False
deletion_A_half_s404_f0,deletion_A_half,K06,10,True,True,1,1,0,58,33,False
deletion_A_half_s404_f0,deletion_A_half,K07,1,False,True,1,2,0,31,6,False
deletion_A_half_s404_f0,deletion_A_half,K07,5,False,True,2,2,0,42,17,False
deletion_A_half_s404_f0,deletion_A_half,K07,10,False,True,2,2,0,49,24,False
deletion_A_half_s404_f0,deletion_A_half,K08,1,False,True,1,2,0,32,7,False
deletion_A_half_s404_f0,deletion_A_half,K08,5,False,True,2,2,0,44,19,False
deletion_A_half_s404_f0,deletion_A_half,K08,10,False,True,2,2,0,54,29,False
deletion_A_half_s404_f0,deletion_A_half,K09,1,False,True,1,2,0,32,7,False
deletion_A_half_s404_f0,deletion_A_half,K09,5,False,True,2,2,0,44,19,False
deletion_A_half_s404_f0,deletion_A_half,K09,10,False,True,2,2,0,56,31,False
deletion_A_target_delete_s404_f0,deletion_A_target_delete,K01,1,False,True,1,2,0,30,6,False
deletion_A_target_delete_s404_f0,deletion_A_target_delete,K01,5,False,True,2,2,0,44,20,False
deletion_A_target_delete_s404_f0,deletion_A_target_delete,K01,10,False,True,2,2,0,53,29,False
deletion_A_target_delete_s404_f0,deletion_A_target_delete,K02,1,False,True,1,2,0,30,6,False
deletion_A_target_delete_s404_f0,deletion_A_target_delete,K02,5,False,True,2,2,0,43,19,False
deletion_A_target_delete_s404_f0,deletion_A_target_delete,K02,10,False,True,2,2,0,53,29,False
deletion_A_target_delete_s404_f0,deletion_A_target_delete,K03,1,True,True,0,1,0,30,6,False
deletion_A_target_delete_s404_f0,deletion_A_target_delete,K03,5,True,True,1,1,0,45,21,False
deletion_A_target_delete_s404_f0,deletion_A_target_delete,K03,10,True,True,1,1,0,58,34,False
deletion_A_target_delete_s404_f0,deletion_A_target_delete,K04,1,False,True,1,2,0,30,6,False
deletion_A_target_delete_s404_f0,deletion_A_target_delete,K04,5,False,True,2,2,0,45,21,False
deletion_A_target_delete_s404_f0,deletion_A_target_delete,K04,10,False,True,2,2,0,57,33,False
deletion_A_target_delete_s404_f0,deletion_A_target_delete,K05,1,False,True,1,2,0,30,6,False
deletion_A_target_delete_s404_f0,deletion_A_target_delete,K05,5,False,True,2,2,0,42,18,False
deletion_A_target_delete_s404_f0,deletion_A_target_delete,K05,10,False,True,2,2,0,52,28,False
deletion_A_target_delete_s404_f0,deletion_A_target_delete,K06,1,True,True,1,1,0,30,6,False
deletion_A_target_delete_s404_f0,deletion_A_target_delete,K06,5,True,True,1,1,0,46,22,False
deletion_A_target_delete_s404_f0,deletion_A_target_delete,K06,10,True,True,1,1,0,58,34,False
deletion_A_target_delete_s404_f0,deletion_A_target_delete,K07,1,False,True,1,2,0,30,6,False
deletion_A_target_delete_s404_f0,deletion_A_target_delete,K07,5,False,True,2,2,0,40,16,False
deletion_A_target_delete_s404_f0,deletion_A_target_delete,K07,10,False,True,2,2,0,50,26,False
deletion_A_target_delete_s404_f0,deletion_A_target_delete,K08,1,False,True,1,2,0,30,6,False
deletion_A_target_delete_s404_f0,deletion_A_target_delete,K08,5,False,True,2,2,0,44,20,False
deletion_A_target_delete_s404_f0,deletion_A_target_delete,K08,10,False,True,2,2,0,53,29,False
deletion_A_target_delete_s404_f0,deletion_A_target_delete,K09,1,False,True,1,2,0,30,6,False
deletion_A_target_delete_s404_f0,deletion_A_target_delete,K09,5,False,True,2,2,0,44,20,False
deletion_A_target_delete_s404_f0,deletion_A_target_delete,K09,10,False,True,2,2,0,54,30,False
deletion_A_matched_delete_s404_f0,deletion_A_matched_delete,K01,1,False,True,1,1,0,35,3,False
deletion_A_matched_delete_s404_f0,deletion_A_matched_delete,K01,5,False,True,1,1,0,49,17,False
deletion_A_matched_delete_s404_f0,deletion_A_matched_delete,K01,10,False,True,1,1,0,60,28,False
deletion_A_matched_delete_s404_f0,deletion_A_matched_delete,K02,1,False,True,1,1,0,35,3,False
deletion_A_matched_delete_s404_f0,deletion_A_matched_delete,K02,5,False,True,1,1,0,48,16,False
deletion_A_matched_delete_s404_f0,deletion_A_matched_delete,K02,10,False,True,1,1,0,58,26,False
deletion_A_matched_delete_s404_f0,deletion_A_matched_delete,K03,1,False,True,1,1,0,35,3,False
deletion_A_matched_delete_s404_f0,deletion_A_matched_delete,K03,5,False,True,1,1,0,50,18,False
deletion_A_matched_delete_s404_f0,deletion_A_matched_delete,K03,10,False,True,1,1,0,64,32,False
deletion_A_matched_delete_s404_f0,deletion_A_matched_delete,K04,1,False,True,1,1,0,35,3,False
deletion_A_matched_delete_s404_f0,deletion_A_matched_delete,K04,5,False,True,1,1,0,50,18,False
deletion_A_matched_delete_s404_f0,deletion_A_matched_delete,K04,10,False,True,1,1,0,63,31,False
deletion_A_matched_delete_s404_f0,deletion_A_matched_delete,K05,1,False,True,1,1,0,34,2,False
deletion_A_matched_delete_s404_f0,deletion_A_matched_delete,K05,5,False,True,1,1,0,47,15,False
deletion_A_matched_delete_s404_f0,deletion_A_matched_delete,K05,10,False,True,1,1,0,57,25,False
deletion_A_matched_delete_s404_f0,deletion_A_matched_delete,K06,1,True,True,0,0,0,35,3,False
deletion_A_matched_delete_s404_f0,deletion_A_matched_delete,K06,5,True,True,0,0,0,50,18,False
deletion_A_matched_delete_s404_f0,deletion_A_matched_delete,K06,10,True,True,0,0,0,64,32,False
deletion_A_matched_delete_s404_f0,deletion_A_matched_delete,K07,1,False,True,1,1,0,34,2,False
deletion_A_matched_delete_s404_f0,deletion_A_matched_delete,K07,5,False,True,1,1,0,45,13,False
deletion_A_matched_delete_s404_f0,deletion_A_matched_delete,K07,10,False,True,1,1,0,54,22,False
deletion_A_matched_delete_s404_f0,deletion_A_matched_delete,K08,1,False,True,1,1,0,35,3,False
deletion_A_matched_delete_s404_f0,deletion_A_matched_delete,K08,5,False,True,1,1,0,48,16,False
deletion_A_matched_delete_s404_f0,deletion_A_matched_delete,K08,10,False,True,1,1,0,59,27,False
deletion_A_matched_delete_s404_f0,deletion_A_matched_delete,K09,1,False,True,1,1,0,35,3,False
deletion_A_matched_delete_s404_f0,deletion_A_matched_delete,K09,5,False,True,1,1,0,50,18,False
deletion_A_matched_delete_s404_f0,deletion_A_matched_delete,K09,10,False,True,1,1,0,61,29,False
deletion_C_keep_s404_f0,deletion_C_keep,K01,1,False,True,1,2,0,31,5,False
deletion_C_keep_s404_f0,deletion_C_keep,K01,5,False,True,2,2,0,45,19,False
deletion_C_keep_s404_f0,deletion_C_keep,K01,10,False,True,2,2,0,58,32,False
deletion_C_keep_s404_f0,deletion_C_keep,K02,1,False,True,1,2,0,31,5,False
deletion_C_keep_s404_f0,deletion_C_keep,K02,5,False,True,2,2,0,45,19,False
deletion_C_keep_s404_f0,deletion_C_keep,K02,10,False,True,2,2,0,58,32,False
deletion_C_keep_s404_f0,deletion_C_keep,K03,1,True,True,0,1,0,31,5,False
deletion_C_keep_s404_f0,deletion_C_keep,K03,5,True,True,1,1,0,46,20,False
deletion_C_keep_s404_f0,deletion_C_keep,K03,10,True,True,1,1,0,61,35,False
deletion_C_keep_s404_f0,deletion_C_keep,K04,1,False,True,1,2,0,31,5,False
deletion_C_keep_s404_f0,deletion_C_keep,K04,5,False,True,2,2,0,46,20,False
deletion_C_keep_s404_f0,deletion_C_keep,K04,10,False,True,2,2,0,59,33,False
deletion_C_keep_s404_f0,deletion_C_keep,K05,1,False,True,1,2,0,30,4,False
deletion_C_keep_s404_f0,deletion_C_keep,K05,5,False,True,2,2,0,44,18,False
deletion_C_keep_s404_f0,deletion_C_keep,K05,10,False,True,2,2,0,55,29,False
deletion_C_keep_s404_f0,deletion_C_keep,K06,1,True,False,1,1,0,31,5,False
deletion_C_keep_s404_f0,deletion_C_keep,K06,5,True,True,1,1,0,46,20,False
deletion_C_keep_s404_f0,deletion_C_keep,K06,10,True,True,1,1,0,63,37,False
deletion_C_keep_s404_f0,deletion_C_keep,K07,1,False,True,0,2,0,29,3,False
deletion_C_keep_s404_f0,deletion_C_keep,K07,5,False,True,2,2,0,41,15,False
deletion_C_keep_s404_f0,deletion_C_keep,K07,10,False,True,2,2,0,50,24,False
deletion_C_keep_s404_f0,deletion_C_keep,K08,1,False,True,1,2,0,31,5,False
deletion_C_keep_s404_f0,deletion_C_keep,K08,5,False,True,2,2,0,45,19,False
deletion_C_keep_s404_f0,deletion_C_keep,K08,10,False,True,2,2,0,58,32,False
deletion_C_keep_s404_f0,deletion_C_keep,K09,1,False,True,1,2,0,31,5,False
deletion_C_keep_s404_f0,deletion_C_keep,K09,5,False,True,2,2,0,46,20,False
deletion_C_keep_s404_f0,deletion_C_keep,K09,10,False,True,2,2,0,58,32,False
deletion_C_half_s404_f0,deletion_C_half,K01,1,False,True,1,2,0,31,5,False
deletion_C_half_s404_f0,deletion_C_half,K01,5,False,True,2,2,0,46,20,False
deletion_C_half_s404_f0,deletion_C_half,K01,10,False,True,2,2,0,58,32,False
deletion_C_half_s404_f0,deletion_C_half,K02,1,False,True,1,2,0,31,5,False
deletion_C_half_s404_f0,deletion_C_half,K02,5,False,True,2,2,0,45,19,False
deletion_C_half_s404_f0,deletion_C_half,K02,10,False,True,2,2,0,58,32,False
deletion_C_half_s404_f0,deletion_C_half,K03,1,True,True,0,1,0,32,6,False
deletion_C_half_s404_f0,deletion_C_half,K03,5,True,True,1,1,0,46,20,False
deletion_C_half_s404_f0,deletion_C_half,K03,10,True,True,1,1,0,61,35,False
deletion_C_half_s404_f0,deletion_C_half,K04,1,False,True,1,2,0,31,5,False
deletion_C_half_s404_f0,deletion_C_half,K04,5,False,True,2,2,0,46,20,False
deletion_C_half_s404_f0,deletion_C_half,K04,10,False,True,2,2,0,58,32,False
deletion_C_half_s404_f0,deletion_C_half,K05,1,False,True,1,2,0,31,5,False
deletion_C_half_s404_f0,deletion_C_half,K05,5,False,True,2,2,0,45,19,False
deletion_C_half_s404_f0,deletion_C_half,K05,10,False,True,2,2,0,54,28,False
deletion_C_half_s404_f0,deletion_C_half,K06,1,True,False,1,1,0,32,6,False
deletion_C_half_s404_f0,deletion_C_half,K06,5,True,True,1,1,0,47,21,False
deletion_C_half_s404_f0,deletion_C_half,K06,10,True,True,1,1,0,63,37,False
deletion_C_half_s404_f0,deletion_C_half,K07,1,False,True,1,2,0,30,4,False
deletion_C_half_s404_f0,deletion_C_half,K07,5,False,True,2,2,0,42,16,False
deletion_C_half_s404_f0,deletion_C_half,K07,10,False,True,2,2,0,49,23,False
deletion_C_half_s404_f0,deletion_C_half,K08,1,False,True,1,2,0,31,5,False
deletion_C_half_s404_f0,deletion_C_half,K08,5,False,True,2,2,0,45,19,False
deletion_C_half_s404_f0,deletion_C_half,K08,10,False,True,2,2,0,58,32,False
deletion_C_half_s404_f0,deletion_C_half,K09,1,False,True,1,2,0,31,5,False
deletion_C_half_s404_f0,deletion_C_half,K09,5,False,True,2,2,0,46,20,False
deletion_C_half_s404_f0,deletion_C_half,K09,10,False,True,2,2,0,58,32,False
deletion_C_target_delete_s404_f0,deletion_C_target_delete,K01,1,False,True,1,1,0,38,7,False
deletion_C_target_delete_s404_f0,deletion_C_target_delete,K01,5,False,True,1,1,0,49,18,False
deletion_C_target_delete_s404_f0,deletion_C_target_delete,K01,10,False,True,1,1,0,65,34,False
deletion_C_target_delete_s404_f0,deletion_C_target_delete,K02,1,False,True,1,1,0,38,7,False
deletion_C_target_delete_s404_f0,deletion_C_target_delete,K02,5,False,True,1,1,0,47,16,False
deletion_C_target_delete_s404_f0,deletion_C_target_delete,K02,10,False,True,1,1,0,62,31,False
deletion_C_target_delete_s404_f0,deletion_C_target_delete,K03,1,False,True,1,1,0,38,7,False
deletion_C_target_delete_s404_f0,deletion_C_target_delete,K03,5,False,True,1,1,0,50,19,False
deletion_C_target_delete_s404_f0,deletion_C_target_delete,K03,10,False,True,1,1,0,69,38,False
deletion_C_target_delete_s404_f0,deletion_C_target_delete,K04,1,False,True,1,1,0,38,7,False
deletion_C_target_delete_s404_f0,deletion_C_target_delete,K04,5,False,True,1,1,0,50,19,False
deletion_C_target_delete_s404_f0,deletion_C_target_delete,K04,10,False,True,1,1,0,68,37,False
deletion_C_target_delete_s404_f0,deletion_C_target_delete,K05,1,False,True,1,1,0,38,7,False
deletion_C_target_delete_s404_f0,deletion_C_target_delete,K05,5,False,True,1,1,0,47,16,False
deletion_C_target_delete_s404_f0,deletion_C_target_delete,K05,10,False,True,1,1,0,60,29,False
deletion_C_target_delete_s404_f0,deletion_C_target_delete,K06,1,True,True,0,0,0,38,7,False
deletion_C_target_delete_s404_f0,deletion_C_target_delete,K06,5,True,True,0,0,0,50,19,False
deletion_C_target_delete_s404_f0,deletion_C_target_delete,K06,10,True,True,0,0,0,70,39,False
deletion_C_target_delete_s404_f0,deletion_C_target_delete,K07,1,False,True,1,1,0,38,7,False
deletion_C_target_delete_s404_f0,deletion_C_target_delete,K07,5,False,True,1,1,0,46,15,False
deletion_C_target_delete_s404_f0,deletion_C_target_delete,K07,10,False,True,1,1,0,54,23,False
deletion_C_target_delete_s404_f0,deletion_C_target_delete,K08,1,False,True,1,1,0,38,7,False
deletion_C_target_delete_s404_f0,deletion_C_target_delete,K08,5,False,True,1,1,0,47,16,False
deletion_C_target_delete_s404_f0,deletion_C_target_delete,K08,10,False,True,1,1,0,62,31,False
deletion_C_target_delete_s404_f0,deletion_C_target_delete,K09,1,False,True,1,1,0,38,7,False
deletion_C_target_delete_s404_f0,deletion_C_target_delete,K09,5,False,True,1,1,0,49,18,False
deletion_C_target_delete_s404_f0,deletion_C_target_delete,K09,10,False,True,1,1,0,67,36,False
deletion_C_matched_delete_s404_f0,deletion_C_matched_delete,K01,1,False,True,2,2,0,36,4,False
deletion_C_matched_delete_s404_f0,deletion_C_matched_delete,K01,5,False,True,2,2,0,47,15,False
deletion_C_matched_delete_s404_f0,deletion_C_matched_delete,K01,10,False,True,2,2,0,62,30,False
deletion_C_matched_delete_s404_f0,deletion_C_matched_delete,K02,1,False,True,2,2,0,35,3,False
deletion_C_matched_delete_s404_f0,deletion_C_matched_delete,K02,5,False,True,2,2,0,47,15,False
deletion_C_matched_delete_s404_f0,deletion_C_matched_delete,K02,10,False,True,2,2,0,61,29,False
deletion_C_matched_delete_s404_f0,deletion_C_matched_delete,K03,1,True,True,1,1,0,37,5,False
deletion_C_matched_delete_s404_f0,deletion_C_matched_delete,K03,5,True,True,1,1,0,51,19,False
deletion_C_matched_delete_s404_f0,deletion_C_matched_delete,K03,10,True,True,1,1,0,71,39,False
deletion_C_matched_delete_s404_f0,deletion_C_matched_delete,K04,1,False,True,2,2,0,36,4,False
deletion_C_matched_delete_s404_f0,deletion_C_matched_delete,K04,5,False,True,2,2,0,50,18,False
deletion_C_matched_delete_s404_f0,deletion_C_matched_delete,K04,10,False,True,2,2,0,69,37,False
deletion_C_matched_delete_s404_f0,deletion_C_matched_delete,K05,1,False,True,2,2,0,35,3,False
deletion_C_matched_delete_s404_f0,deletion_C_matched_delete,K05,5,False,True,2,2,0,47,15,False
deletion_C_matched_delete_s404_f0,deletion_C_matched_delete,K05,10,False,True,2,2,0,60,28,False
deletion_C_matched_delete_s404_f0,deletion_C_matched_delete,K06,1,True,True,1,1,0,37,5,False
deletion_C_matched_delete_s404_f0,deletion_C_matched_delete,K06,5,True,True,1,1,0,51,19,False
deletion_C_matched_delete_s404_f0,deletion_C_matched_delete,K06,10,True,True,1,1,0,72,40,False
deletion_C_matched_delete_s404_f0,deletion_C_matched_delete,K07,1,False,True,2,2,0,34,2,False
deletion_C_matched_delete_s404_f0,deletion_C_matched_delete,K07,5,False,True,2,2,0,46,14,False
deletion_C_matched_delete_s404_f0,deletion_C_matched_delete,K07,10,False,True,2,2,0,56,24,False
deletion_C_matched_delete_s404_f0,deletion_C_matched_delete,K08,1,False,True,2,2,0,35,3,False
deletion_C_matched_delete_s404_f0,deletion_C_matched_delete,K08,5,False,True,2,2,0,47,15,False
deletion_C_matched_delete_s404_f0,deletion_C_matched_delete,K08,10,False,True,2,2,0,61,29,False
deletion_C_matched_delete_s404_f0,deletion_C_matched_delete,K09,1,False,True,2,2,0,36,4,False
deletion_C_matched_delete_s404_f0,deletion_C_matched_delete,K09,5,False,True,2,2,0,50,18,False
deletion_C_matched_delete_s404_f0,deletion_C_matched_delete,K09,10,False,True,2,2,0,67,35,False
deletion_A_keep_s404_f1,deletion_A_keep,K01,1,True,False,0,8,0,7,0,False
deletion_A_keep_s404_f1,deletion_A_keep,K01,5,True,False,3,8,0,9,2,False
deletion_A_keep_s404_f1,deletion_A_keep,K01,10,True,True,6,8,0,10,3,False
deletion_A_keep_s404_f1,deletion_A_keep,K02,1,True,False,0,8,0,7,0,False
deletion_A_keep_s404_f1,deletion_A_keep,K02,5,True,False,3,8,0,9,2,False
deletion_A_keep_s404_f1,deletion_A_keep,K02,10,True,True,6,8,0,10,3,False
deletion_A_keep_s404_f1,deletion_A_keep,K03,1,True,False,0,8,0,7,0,False
deletion_A_keep_s404_f1,deletion_A_keep,K03,5,True,False,5,8,0,9,2,False
deletion_A_keep_s404_f1,deletion_A_keep,K03,10,True,True,7,8,0,11,4,False
deletion_A_keep_s404_f1,deletion_A_keep,K04,1,True,False,0,8,0,7,0,False
deletion_A_keep_s404_f1,deletion_A_keep,K04,5,True,False,4,8,0,9,2,False
deletion_A_keep_s404_f1,deletion_A_keep,K04,10,True,True,7,8,0,11,4,False
deletion_A_keep_s404_f1,deletion_A_keep,K05,1,True,False,0,8,0,7,0,False
deletion_A_keep_s404_f1,deletion_A_keep,K05,5,True,True,2,8,0,9,2,False
deletion_A_keep_s404_f1,deletion_A_keep,K05,10,True,True,5,8,0,10,3,False
deletion_A_keep_s404_f1,deletion_A_keep,K06,1,True,False,0,8,0,7,0,False
deletion_A_keep_s404_f1,deletion_A_keep,K06,5,True,False,5,8,0,9,2,False
deletion_A_keep_s404_f1,deletion_A_keep,K06,10,True,True,8,8,0,12,5,False
deletion_A_keep_s404_f1,deletion_A_keep,K07,1,True,False,0,8,0,7,0,False
deletion_A_keep_s404_f1,deletion_A_keep,K07,5,True,True,1,8,0,8,1,False
deletion_A_keep_s404_f1,deletion_A_keep,K07,10,True,True,4,8,0,10,3,False
deletion_A_keep_s404_f1,deletion_A_keep,K08,1,True,False,0,8,0,7,0,False
deletion_A_keep_s404_f1,deletion_A_keep,K08,5,True,True,2,8,0,9,2,False
deletion_A_keep_s404_f1,deletion_A_keep,K08,10,True,True,6,8,0,10,3,False
deletion_A_keep_s404_f1,deletion_A_keep,K09,1,True,False,0,8,0,7,0,False
deletion_A_keep_s404_f1,deletion_A_keep,K09,5,True,False,3,8,0,9,2,False
deletion_A_keep_s404_f1,deletion_A_keep,K09,10,True,True,7,8,0,11,4,False
deletion_A_half_s404_f1,deletion_A_half,K01,1,True,False,0,8,0,7,0,False
deletion_A_half_s404_f1,deletion_A_half,K01,5,True,False,3,8,0,9,2,False
deletion_A_half_s404_f1,deletion_A_half,K01,10,True,True,6,8,0,10,3,False
deletion_A_half_s404_f1,deletion_A_half,K02,1,True,False,0,8,0,7,0,False
deletion_A_half_s404_f1,deletion_A_half,K02,5,True,False,3,8,0,9,2,False
deletion_A_half_s404_f1,deletion_A_half,K02,10,True,True,6,8,0,10,3,False
deletion_A_half_s404_f1,deletion_A_half,K03,1,True,False,0,8,0,7,0,False
deletion_A_half_s404_f1,deletion_A_half,K03,5,True,False,5,8,0,9,2,False
deletion_A_half_s404_f1,deletion_A_half,K03,10,True,True,7,8,0,11,4,False
deletion_A_half_s404_f1,deletion_A_half,K04,1,True,False,0,8,0,7,0,False
deletion_A_half_s404_f1,deletion_A_half,K04,5,True,False,4,8,0,9,2,False
deletion_A_half_s404_f1,deletion_A_half,K04,10,True,True,7,8,0,11,4,False
deletion_A_half_s404_f1,deletion_A_half,K05,1,True,False,0,8,0,7,0,False
deletion_A_half_s404_f1,deletion_A_half,K05,5,True,True,2,8,0,9,2,False
deletion_A_half_s404_f1,deletion_A_half,K05,10,True,True,5,8,0,10,3,False
deletion_A_half_s404_f1,deletion_A_half,K06,1,True,False,0,8,0,7,0,False
deletion_A_half_s404_f1,deletion_A_half,K06,5,True,False,5,8,0,9,2,False
deletion_A_half_s404_f1,deletion_A_half,K06,10,True,True,8,8,0,12,5,False
deletion_A_half_s404_f1,deletion_A_half,K07,1,True,False,0,8,0,7,0,False
deletion_A_half_s404_f1,deletion_A_half,K07,5,True,True,1,8,0,8,1,False
deletion_A_half_s404_f1,deletion_A_half,K07,10,True,True,4,8,0,10,3,False
deletion_A_half_s404_f1,deletion_A_half,K08,1,True,False,0,8,0,7,0,False
deletion_A_half_s404_f1,deletion_A_half,K08,5,True,True,2,8,0,9,2,False
deletion_A_half_s404_f1,deletion_A_half,K08,10,True,True,6,8,0,10,3,False
deletion_A_half_s404_f1,deletion_A_half,K09,1,True,False,0,8,0,7,0,False
deletion_A_half_s404_f1,deletion_A_half,K09,5,True,False,3,8,0,9,2,False
deletion_A_half_s404_f1,deletion_A_half,K09,10,True,True,6,8,0,11,4,False
deletion_A_target_delete_s404_f1,deletion_A_target_delete,K01,1,True,False,0,8,0,6,1,False
deletion_A_target_delete_s404_f1,deletion_A_target_delete,K01,5,True,False,3,8,0,7,2,False
deletion_A_target_delete_s404_f1,deletion_A_target_delete,K01,10,True,True,5,8,0,10,5,False
deletion_A_target_delete_s404_f1,deletion_A_target_delete,K02,1,True,False,0,8,0,6,1,False
deletion_A_target_delete_s404_f1,deletion_A_target_delete,K02,5,True,False,2,8,0,7,2,False
deletion_A_target_delete_s404_f1,deletion_A_target_delete,K02,10,True,True,4,8,0,10,5,False
deletion_A_target_delete_s404_f1,deletion_A_target_delete,K03,1,True,False,0,8,0,7,2,False
deletion_A_target_delete_s404_f1,deletion_A_target_delete,K03,5,True,False,3,8,0,8,3,False
deletion_A_target_delete_s404_f1,deletion_A_target_delete,K03,10,True,True,7,8,0,10,5,False
deletion_A_target_delete_s404_f1,deletion_A_target_delete,K04,1,True,False,0,8,0,6,1,False
deletion_A_target_delete_s404_f1,deletion_A_target_delete,K04,5,True,False,3,8,0,8,3,False
deletion_A_target_delete_s404_f1,deletion_A_target_delete,K04,10,True,True,6,8,0,10,5,False
deletion_A_target_delete_s404_f1,deletion_A_target_delete,K05,1,True,False,0,8,0,6,1,False
deletion_A_target_delete_s404_f1,deletion_A_target_delete,K05,5,True,True,1,8,0,7,2,False
deletion_A_target_delete_s404_f1,deletion_A_target_delete,K05,10,True,True,4,8,0,9,4,False
deletion_A_target_delete_s404_f1,deletion_A_target_delete,K06,1,True,False,0,8,0,7,2,False
deletion_A_target_delete_s404_f1,deletion_A_target_delete,K06,5,True,False,3,8,0,9,4,False
deletion_A_target_delete_s404_f1,deletion_A_target_delete,K06,10,True,False,7,8,0,10,5,False
deletion_A_target_delete_s404_f1,deletion_A_target_delete,K07,1,True,False,0,8,0,6,1,False
deletion_A_target_delete_s404_f1,deletion_A_target_delete,K07,5,True,True,0,8,0,7,2,False
deletion_A_target_delete_s404_f1,deletion_A_target_delete,K07,10,True,True,4,8,0,9,4,False
deletion_A_target_delete_s404_f1,deletion_A_target_delete,K08,1,True,False,0,8,0,6,1,False
deletion_A_target_delete_s404_f1,deletion_A_target_delete,K08,5,True,True,2,8,0,7,2,False
deletion_A_target_delete_s404_f1,deletion_A_target_delete,K08,10,True,True,4,8,0,9,4,False
deletion_A_target_delete_s404_f1,deletion_A_target_delete,K09,1,True,False,0,8,0,7,2,False
deletion_A_target_delete_s404_f1,deletion_A_target_delete,K09,5,True,False,3,8,0,8,3,False
deletion_A_target_delete_s404_f1,deletion_A_target_delete,K09,10,True,True,6,8,0,10,5,False
deletion_A_matched_delete_s404_f1,deletion_A_matched_delete,K01,1,True,False,0,8,0,7,0,False
deletion_A_matched_delete_s404_f1,deletion_A_matched_delete,K01,5,True,False,3,8,0,9,2,False
deletion_A_matched_delete_s404_f1,deletion_A_matched_delete,K01,10,True,True,6,8,0,10,3,False
deletion_A_matched_delete_s404_f1,deletion_A_matched_delete,K02,1,True,False,0,8,0,7,0,False
deletion_A_matched_delete_s404_f1,deletion_A_matched_delete,K02,5,True,False,3,8,0,9,2,False
deletion_A_matched_delete_s404_f1,deletion_A_matched_delete,K02,10,True,True,6,8,0,10,3,False
deletion_A_matched_delete_s404_f1,deletion_A_matched_delete,K03,1,True,False,0,8,0,7,0,False
deletion_A_matched_delete_s404_f1,deletion_A_matched_delete,K03,5,True,False,4,8,0,9,2,False
deletion_A_matched_delete_s404_f1,deletion_A_matched_delete,K03,10,True,True,7,8,0,11,4,False
deletion_A_matched_delete_s404_f1,deletion_A_matched_delete,K04,1,True,False,0,8,0,7,0,False
deletion_A_matched_delete_s404_f1,deletion_A_matched_delete,K04,5,True,False,3,8,0,9,2,False
deletion_A_matched_delete_s404_f1,deletion_A_matched_delete,K04,10,True,True,7,8,0,10,3,False
deletion_A_matched_delete_s404_f1,deletion_A_matched_delete,K05,1,True,False,0,8,0,7,0,False
deletion_A_matched_delete_s404_f1,deletion_A_matched_delete,K05,5,True,True,2,8,0,9,2,False
deletion_A_matched_delete_s404_f1,deletion_A_matched_delete,K05,10,True,True,5,8,0,10,3,False
deletion_A_matched_delete_s404_f1,deletion_A_matched_delete,K06,1,True,False,0,8,0,7,0,False
deletion_A_matched_delete_s404_f1,deletion_A_matched_delete,K06,5,True,False,4,8,0,9,2,False
deletion_A_matched_delete_s404_f1,deletion_A_matched_delete,K06,10,True,True,8,8,0,11,4,False
deletion_A_matched_delete_s404_f1,deletion_A_matched_delete,K07,1,True,False,0,8,0,7,0,False
deletion_A_matched_delete_s404_f1,deletion_A_matched_delete,K07,5,True,True,1,8,0,8,1,False
deletion_A_matched_delete_s404_f1,deletion_A_matched_delete,K07,10,True,True,4,8,0,10,3,False
deletion_A_matched_delete_s404_f1,deletion_A_matched_delete,K08,1,True,False,0,8,0,7,0,False
deletion_A_matched_delete_s404_f1,deletion_A_matched_delete,K08,5,True,True,2,8,0,9,2,False
deletion_A_matched_delete_s404_f1,deletion_A_matched_delete,K08,10,True,True,5,8,0,10,3,False
deletion_A_matched_delete_s404_f1,deletion_A_matched_delete,K09,1,True,False,0,8,0,7,0,False
deletion_A_matched_delete_s404_f1,deletion_A_matched_delete,K09,5,True,False,3,8,0,9,2,False
deletion_A_matched_delete_s404_f1,deletion_A_matched_delete,K09,10,True,True,6,8,0,10,3,False
deletion_C_keep_s404_f1,deletion_C_keep,K01,1,True,False,0,8,0,9,0,False
deletion_C_keep_s404_f1,deletion_C_keep,K01,5,True,False,3,8,0,10,1,False
deletion_C_keep_s404_f1,deletion_C_keep,K01,10,True,True,6,8,0,12,3,False
deletion_C_keep_s404_f1,deletion_C_keep,K02,1,True,False,0,8,0,9,0,False
deletion_C_keep_s404_f1,deletion_C_keep,K02,5,True,True,3,8,0,10,1,False
deletion_C_keep_s404_f1,deletion_C_keep,K02,10,True,True,6,8,0,12,3,False
deletion_C_keep_s404_f1,deletion_C_keep,K03,1,True,False,0,8,0,9,0,False
deletion_C_keep_s404_f1,deletion_C_keep,K03,5,True,False,5,8,0,11,2,False
deletion_C_keep_s404_f1,deletion_C_keep,K03,10,True,True,7,8,0,14,5,False
deletion_C_keep_s404_f1,deletion_C_keep,K04,1,True,False,0,8,0,9,0,False
deletion_C_keep_s404_f1,deletion_C_keep,K04,5,True,False,4,8,0,10,1,False
deletion_C_keep_s404_f1,deletion_C_keep,K04,10,True,True,7,8,0,13,4,False
deletion_C_keep_s404_f1,deletion_C_keep,K05,1,True,False,0,8,0,9,0,False
deletion_C_keep_s404_f1,deletion_C_keep,K05,5,True,True,2,8,0,9,0,True
deletion_C_keep_s404_f1,deletion_C_keep,K05,10,True,True,6,8,0,12,3,False
deletion_C_keep_s404_f1,deletion_C_keep,K06,1,True,False,0,8,0,9,0,False
deletion_C_keep_s404_f1,deletion_C_keep,K06,5,True,False,5,8,0,11,2,False
deletion_C_keep_s404_f1,deletion_C_keep,K06,10,True,True,8,8,0,14,5,False
deletion_C_keep_s404_f1,deletion_C_keep,K07,1,True,False,0,8,0,9,0,False
deletion_C_keep_s404_f1,deletion_C_keep,K07,5,True,True,2,8,0,9,0,True
deletion_C_keep_s404_f1,deletion_C_keep,K07,10,True,True,4,8,0,12,3,False
deletion_C_keep_s404_f1,deletion_C_keep,K08,1,True,False,0,8,0,9,0,False
deletion_C_keep_s404_f1,deletion_C_keep,K08,5,True,True,2,8,0,9,0,True
deletion_C_keep_s404_f1,deletion_C_keep,K08,10,True,True,6,8,0,12,3,False
deletion_C_keep_s404_f1,deletion_C_keep,K09,1,True,False,0,8,0,9,0,False
deletion_C_keep_s404_f1,deletion_C_keep,K09,5,True,False,4,8,0,10,1,False
deletion_C_keep_s404_f1,deletion_C_keep,K09,10,True,True,7,8,0,14,5,False
deletion_C_half_s404_f1,deletion_C_half,K01,1,True,False,0,8,0,9,0,False
deletion_C_half_s404_f1,deletion_C_half,K01,5,True,False,3,8,0,10,1,False
deletion_C_half_s404_f1,deletion_C_half,K01,10,True,True,6,8,0,12,3,False
deletion_C_half_s404_f1,deletion_C_half,K02,1,True,False,0,8,0,9,0,False
deletion_C_half_s404_f1,deletion_C_half,K02,5,True,True,3,8,0,10,1,False
deletion_C_half_s404_f1,deletion_C_half,K02,10,True,True,6,8,0,12,3,False
deletion_C_half_s404_f1,deletion_C_half,K03,1,True,False,0,8,0,9,0,False
deletion_C_half_s404_f1,deletion_C_half,K03,5,True,False,5,8,0,11,2,False
deletion_C_half_s404_f1,deletion_C_half,K03,10,True,True,7,8,0,14,5,False
deletion_C_half_s404_f1,deletion_C_half,K04,1,True,False,0,8,0,9,0,False
deletion_C_half_s404_f1,deletion_C_half,K04,5,True,False,4,8,0,10,1,False
deletion_C_half_s404_f1,deletion_C_half,K04,10,True,True,7,8,0,13,4,False
deletion_C_half_s404_f1,deletion_C_half,K05,1,True,False,0,8,0,9,0,False
deletion_C_half_s404_f1,deletion_C_half,K05,5,True,True,2,8,0,9,0,True
deletion_C_half_s404_f1,deletion_C_half,K05,10,True,True,6,8,0,12,3,False
deletion_C_half_s404_f1,deletion_C_half,K06,1,True,False,0,8,0,9,0,False
deletion_C_half_s404_f1,deletion_C_half,K06,5,True,False,5,8,0,11,2,False
deletion_C_half_s404_f1,deletion_C_half,K06,10,True,True,8,8,0,14,5,False
deletion_C_half_s404_f1,deletion_C_half,K07,1,True,False,0,8,0,9,0,False
deletion_C_half_s404_f1,deletion_C_half,K07,5,True,True,2,8,0,9,0,True
deletion_C_half_s404_f1,deletion_C_half,K07,10,True,True,4,8,0,12,3,False
deletion_C_half_s404_f1,deletion_C_half,K08,1,True,False,0,8,0,9,0,False
deletion_C_half_s404_f1,deletion_C_half,K08,5,True,True,2,8,0,9,0,True
deletion_C_half_s404_f1,deletion_C_half,K08,10,True,True,6,8,0,12,3,False
deletion_C_half_s404_f1,deletion_C_half,K09,1,True,False,0,8,0,9,0,False
deletion_C_half_s404_f1,deletion_C_half,K09,5,True,False,4,8,0,10,1,False
deletion_C_half_s404_f1,deletion_C_half,K09,10,True,True,7,8,0,13,4,False
deletion_C_target_delete_s404_f1,deletion_C_target_delete,K01,1,True,False,0,8,0,6,1,False
deletion_C_target_delete_s404_f1,deletion_C_target_delete,K01,5,True,False,3,8,0,9,4,False
deletion_C_target_delete_s404_f1,deletion_C_target_delete,K01,10,True,True,6,8,0,11,6,False
deletion_C_target_delete_s404_f1,deletion_C_target_delete,K02,1,True,False,0,8,0,5,0,False
deletion_C_target_delete_s404_f1,deletion_C_target_delete,K02,5,True,False,3,8,0,9,4,False
deletion_C_target_delete_s404_f1,deletion_C_target_delete,K02,10,True,True,5,8,0,11,6,False
deletion_C_target_delete_s404_f1,deletion_C_target_delete,K03,1,True,False,0,8,0,6,1,False
deletion_C_target_delete_s404_f1,deletion_C_target_delete,K03,5,True,False,3,8,0,10,5,False
deletion_C_target_delete_s404_f1,deletion_C_target_delete,K03,10,True,True,7,8,0,12,7,False
deletion_C_target_delete_s404_f1,deletion_C_target_delete,K04,1,True,False,0,8,0,6,1,False
deletion_C_target_delete_s404_f1,deletion_C_target_delete,K04,5,True,False,3,8,0,9,4,False
deletion_C_target_delete_s404_f1,deletion_C_target_delete,K04,10,True,True,6,8,0,12,7,False
deletion_C_target_delete_s404_f1,deletion_C_target_delete,K05,1,True,False,0,8,0,5,0,False
deletion_C_target_delete_s404_f1,deletion_C_target_delete,K05,5,True,True,1,8,0,9,4,False
deletion_C_target_delete_s404_f1,deletion_C_target_delete,K05,10,True,True,5,8,0,11,6,False
deletion_C_target_delete_s404_f1,deletion_C_target_delete,K06,1,True,False,0,8,0,6,1,False
deletion_C_target_delete_s404_f1,deletion_C_target_delete,K06,5,True,False,3,8,0,10,5,False
deletion_C_target_delete_s404_f1,deletion_C_target_delete,K06,10,True,True,8,8,0,12,7,False
deletion_C_target_delete_s404_f1,deletion_C_target_delete,K07,1,True,False,0,8,0,5,0,False
deletion_C_target_delete_s404_f1,deletion_C_target_delete,K07,5,True,True,0,8,0,9,4,False
deletion_C_target_delete_s404_f1,deletion_C_target_delete,K07,10,True,True,4,8,0,11,6,False
deletion_C_target_delete_s404_f1,deletion_C_target_delete,K08,1,True,False,0,8,0,5,0,False
deletion_C_target_delete_s404_f1,deletion_C_target_delete,K08,5,True,True,2,8,0,9,4,False
deletion_C_target_delete_s404_f1,deletion_C_target_delete,K08,10,True,True,4,8,0,11,6,False
deletion_C_target_delete_s404_f1,deletion_C_target_delete,K09,1,True,False,0,8,0,6,1,False
deletion_C_target_delete_s404_f1,deletion_C_target_delete,K09,5,True,False,3,8,0,9,4,False
deletion_C_target_delete_s404_f1,deletion_C_target_delete,K09,10,True,True,6,8,0,12,7,False
deletion_C_matched_delete_s404_f1,deletion_C_matched_delete,K01,1,True,False,0,8,0,8,3,False
deletion_C_matched_delete_s404_f1,deletion_C_matched_delete,K01,5,True,False,3,8,0,9,4,False
deletion_C_matched_delete_s404_f1,deletion_C_matched_delete,K01,10,True,True,6,8,0,12,7,False
deletion_C_matched_delete_s404_f1,deletion_C_matched_delete,K02,1,True,False,0,8,0,8,3,False
deletion_C_matched_delete_s404_f1,deletion_C_matched_delete,K02,5,True,False,3,8,0,9,4,False
deletion_C_matched_delete_s404_f1,deletion_C_matched_delete,K02,10,True,True,5,8,0,12,7,False
deletion_C_matched_delete_s404_f1,deletion_C_matched_delete,K03,1,True,False,0,8,0,8,3,False
deletion_C_matched_delete_s404_f1,deletion_C_matched_delete,K03,5,True,False,3,8,0,9,4,False
deletion_C_matched_delete_s404_f1,deletion_C_matched_delete,K03,10,True,True,7,8,0,12,7,False
deletion_C_matched_delete_s404_f1,deletion_C_matched_delete,K04,1,True,False,0,8,0,8,3,False
deletion_C_matched_delete_s404_f1,deletion_C_matched_delete,K04,5,True,False,3,8,0,9,4,False
deletion_C_matched_delete_s404_f1,deletion_C_matched_delete,K04,10,True,True,7,8,0,12,7,False
deletion_C_matched_delete_s404_f1,deletion_C_matched_delete,K05,1,True,False,0,8,0,7,2,False
deletion_C_matched_delete_s404_f1,deletion_C_matched_delete,K05,5,True,True,0,8,0,9,4,False
deletion_C_matched_delete_s404_f1,deletion_C_matched_delete,K05,10,True,True,5,8,0,11,6,False
deletion_C_matched_delete_s404_f1,deletion_C_matched_delete,K06,1,True,False,0,8,0,8,3,False
deletion_C_matched_delete_s404_f1,deletion_C_matched_delete,K06,5,True,False,3,8,0,10,5,False
deletion_C_matched_delete_s404_f1,deletion_C_matched_delete,K06,10,True,True,8,8,0,12,7,False
deletion_C_matched_delete_s404_f1,deletion_C_matched_delete,K07,1,True,False,0,8,0,7,2,False
deletion_C_matched_delete_s404_f1,deletion_C_matched_delete,K07,5,True,True,0,8,0,9,4,False
deletion_C_matched_delete_s404_f1,deletion_C_matched_delete,K07,10,True,True,4,8,0,11,6,False
deletion_C_matched_delete_s404_f1,deletion_C_matched_delete,K08,1,True,False,0,8,0,7,2,False
deletion_C_matched_delete_s404_f1,deletion_C_matched_delete,K08,5,True,True,1,8,0,9,4,False
deletion_C_matched_delete_s404_f1,deletion_C_matched_delete,K08,10,True,True,4,8,0,12,7,False
deletion_C_matched_delete_s404_f1,deletion_C_matched_delete,K09,1,True,False,0,8,0,8,3,False
deletion_C_matched_delete_s404_f1,deletion_C_matched_delete,K09,5,True,False,3,8,0,9,4,False
deletion_C_matched_delete_s404_f1,deletion_C_matched_delete,K09,10,True,True,6,8,0,12,7,False
deletion_A_keep_s404_f2,deletion_A_keep,K01,1,False,True,0,4,0,17,3,False
deletion_A_keep_s404_f2,deletion_A_keep,K01,5,False,True,4,4,0,22,8,False
deletion_A_keep_s404_f2,deletion_A_keep,K01,10,False,True,4,4,0,32,18,False
deletion_A_keep_s404_f2,deletion_A_keep,K02,1,False,True,0,4,0,17,3,False
deletion_A_keep_s404_f2,deletion_A_keep,K02,5,False,True,4,4,0,22,8,False
deletion_A_keep_s404_f2,deletion_A_keep,K02,10,False,True,4,4,0,32,18,False
deletion_A_keep_s404_f2,deletion_A_keep,K03,1,True,False,0,3,0,17,3,False
deletion_A_keep_s404_f2,deletion_A_keep,K03,5,True,True,3,3,0,22,8,False
deletion_A_keep_s404_f2,deletion_A_keep,K03,10,True,True,3,3,0,37,23,False
deletion_A_keep_s404_f2,deletion_A_keep,K04,1,True,False,0,3,0,17,3,False
deletion_A_keep_s404_f2,deletion_A_keep,K04,5,True,True,3,3,0,22,8,False
deletion_A_keep_s404_f2,deletion_A_keep,K04,10,True,True,3,3,0,35,21,False
deletion_A_keep_s404_f2,deletion_A_keep,K05,1,False,True,0,4,0,17,3,False
deletion_A_keep_s404_f2,deletion_A_keep,K05,5,False,True,4,4,0,22,8,False
deletion_A_keep_s404_f2,deletion_A_keep,K05,10,False,True,4,4,0,31,17,False
deletion_A_keep_s404_f2,deletion_A_keep,K06,1,True,False,0,3,0,17,3,False
deletion_A_keep_s404_f2,deletion_A_keep,K06,5,True,True,3,3,0,22,8,False
deletion_A_keep_s404_f2,deletion_A_keep,K06,10,True,True,3,3,0,37,23,False
deletion_A_keep_s404_f2,deletion_A_keep,K07,1,False,True,0,4,0,17,3,False
deletion_A_keep_s404_f2,deletion_A_keep,K07,5,False,True,3,4,0,21,7,False
deletion_A_keep_s404_f2,deletion_A_keep,K07,10,False,True,4,4,0,28,14,False
deletion_A_keep_s404_f2,deletion_A_keep,K08,1,False,True,0,4,0,17,3,False
deletion_A_keep_s404_f2,deletion_A_keep,K08,5,False,True,4,4,0,22,8,False
deletion_A_keep_s404_f2,deletion_A_keep,K08,10,False,True,4,4,0,32,18,False
deletion_A_keep_s404_f2,deletion_A_keep,K09,1,True,False,0,3,0,17,3,False
deletion_A_keep_s404_f2,deletion_A_keep,K09,5,True,True,3,3,0,22,8,False
deletion_A_keep_s404_f2,deletion_A_keep,K09,10,True,True,3,3,0,35,21,False
deletion_A_half_s404_f2,deletion_A_half,K01,1,False,True,0,4,0,17,3,False
deletion_A_half_s404_f2,deletion_A_half,K01,5,False,True,4,4,0,22,8,False
deletion_A_half_s404_f2,deletion_A_half,K01,10,False,True,4,4,0,33,19,False
deletion_A_half_s404_f2,deletion_A_half,K02,1,False,True,0,4,0,17,3,False
deletion_A_half_s404_f2,deletion_A_half,K02,5,False,True,4,4,0,22,8,False
deletion_A_half_s404_f2,deletion_A_half,K02,10,False,True,4,4,0,32,18,False
deletion_A_half_s404_f2,deletion_A_half,K03,1,True,False,0,3,0,17,3,False
deletion_A_half_s404_f2,deletion_A_half,K03,5,True,True,3,3,0,22,8,False
deletion_A_half_s404_f2,deletion_A_half,K03,10,True,True,3,3,0,37,23,False
deletion_A_half_s404_f2,deletion_A_half,K04,1,True,False,0,3,0,17,3,False
deletion_A_half_s404_f2,deletion_A_half,K04,5,True,True,3,3,0,22,8,False
deletion_A_half_s404_f2,deletion_A_half,K04,10,True,True,3,3,0,37,23,False
deletion_A_half_s404_f2,deletion_A_half,K05,1,False,True,0,4,0,17,3,False
deletion_A_half_s404_f2,deletion_A_half,K05,5,False,True,4,4,0,22,8,False
deletion_A_half_s404_f2,deletion_A_half,K05,10,False,True,4,4,0,32,18,False
deletion_A_half_s404_f2,deletion_A_half,K06,1,True,False,1,3,0,17,3,False
deletion_A_half_s404_f2,deletion_A_half,K06,5,True,True,3,3,0,22,8,False
deletion_A_half_s404_f2,deletion_A_half,K06,10,True,True,3,3,0,37,23,False
deletion_A_half_s404_f2,deletion_A_half,K07,1,False,True,0,4,0,17,3,False
deletion_A_half_s404_f2,deletion_A_half,K07,5,False,True,3,4,0,21,7,False
deletion_A_half_s404_f2,deletion_A_half,K07,10,False,True,4,4,0,28,14,False
deletion_A_half_s404_f2,deletion_A_half,K08,1,False,True,0,4,0,17,3,False
deletion_A_half_s404_f2,deletion_A_half,K08,5,False,True,4,4,0,22,8,False
deletion_A_half_s404_f2,deletion_A_half,K08,10,False,True,4,4,0,32,18,False
deletion_A_half_s404_f2,deletion_A_half,K09,1,True,False,0,3,0,17,3,False
deletion_A_half_s404_f2,deletion_A_half,K09,5,True,True,3,3,0,22,8,False
deletion_A_half_s404_f2,deletion_A_half,K09,10,True,True,3,3,0,35,21,False
deletion_A_target_delete_s404_f2,deletion_A_target_delete,K01,1,False,True,0,4,0,17,2,False
deletion_A_target_delete_s404_f2,deletion_A_target_delete,K01,5,False,True,4,4,0,22,7,False
deletion_A_target_delete_s404_f2,deletion_A_target_delete,K01,10,False,True,4,4,0,34,19,False
deletion_A_target_delete_s404_f2,deletion_A_target_delete,K02,1,False,True,0,4,0,17,2,False
deletion_A_target_delete_s404_f2,deletion_A_target_delete,K02,5,False,True,4,4,0,22,7,False
deletion_A_target_delete_s404_f2,deletion_A_target_delete,K02,10,False,True,4,4,0,34,19,False
deletion_A_target_delete_s404_f2,deletion_A_target_delete,K03,1,True,False,1,3,0,17,2,False
deletion_A_target_delete_s404_f2,deletion_A_target_delete,K03,5,True,True,3,3,0,23,8,False
deletion_A_target_delete_s404_f2,deletion_A_target_delete,K03,10,True,True,3,3,0,37,22,False
deletion_A_target_delete_s404_f2,deletion_A_target_delete,K04,1,True,False,1,3,0,17,2,False
deletion_A_target_delete_s404_f2,deletion_A_target_delete,K04,5,True,True,3,3,0,23,8,False
deletion_A_target_delete_s404_f2,deletion_A_target_delete,K04,10,True,True,3,3,0,37,22,False
deletion_A_target_delete_s404_f2,deletion_A_target_delete,K05,1,False,True,0,4,0,17,2,False
deletion_A_target_delete_s404_f2,deletion_A_target_delete,K05,5,False,True,4,4,0,22,7,False
deletion_A_target_delete_s404_f2,deletion_A_target_delete,K05,10,False,True,4,4,0,33,18,False
deletion_A_target_delete_s404_f2,deletion_A_target_delete,K06,1,True,False,1,3,0,17,2,False
deletion_A_target_delete_s404_f2,deletion_A_target_delete,K06,5,True,True,3,3,0,23,8,False
deletion_A_target_delete_s404_f2,deletion_A_target_delete,K06,10,True,True,3,3,0,38,23,False
deletion_A_target_delete_s404_f2,deletion_A_target_delete,K07,1,False,True,0,4,0,17,2,False
deletion_A_target_delete_s404_f2,deletion_A_target_delete,K07,5,False,True,3,4,0,21,6,False
deletion_A_target_delete_s404_f2,deletion_A_target_delete,K07,10,False,True,4,4,0,31,16,False
deletion_A_target_delete_s404_f2,deletion_A_target_delete,K08,1,False,True,0,4,0,17,2,False
deletion_A_target_delete_s404_f2,deletion_A_target_delete,K08,5,False,True,4,4,0,22,7,False
deletion_A_target_delete_s404_f2,deletion_A_target_delete,K08,10,False,True,4,4,0,34,19,False
deletion_A_target_delete_s404_f2,deletion_A_target_delete,K09,1,True,True,0,3,0,17,2,False
deletion_A_target_delete_s404_f2,deletion_A_target_delete,K09,5,True,True,3,3,0,22,7,False
deletion_A_target_delete_s404_f2,deletion_A_target_delete,K09,10,True,True,3,3,0,36,21,False
deletion_A_matched_delete_s404_f2,deletion_A_matched_delete,K01,1,False,True,1,4,0,18,1,False
deletion_A_matched_delete_s404_f2,deletion_A_matched_delete,K01,5,False,True,4,4,0,24,7,False
deletion_A_matched_delete_s404_f2,deletion_A_matched_delete,K01,10,False,True,4,4,0,37,20,False
deletion_A_matched_delete_s404_f2,deletion_A_matched_delete,K02,1,False,True,1,4,0,18,1,False
deletion_A_matched_delete_s404_f2,deletion_A_matched_delete,K02,5,False,True,4,4,0,24,7,False
deletion_A_matched_delete_s404_f2,deletion_A_matched_delete,K02,10,False,True,4,4,0,37,20,False
deletion_A_matched_delete_s404_f2,deletion_A_matched_delete,K03,1,True,False,1,3,0,18,1,False
deletion_A_matched_delete_s404_f2,deletion_A_matched_delete,K03,5,True,True,3,3,0,27,10,False
deletion_A_matched_delete_s404_f2,deletion_A_matched_delete,K03,10,True,True,3,3,0,45,28,False
deletion_A_matched_delete_s404_f2,deletion_A_matched_delete,K04,1,True,False,1,3,0,18,1,False
deletion_A_matched_delete_s404_f2,deletion_A_matched_delete,K04,5,True,True,3,3,0,25,8,False
deletion_A_matched_delete_s404_f2,deletion_A_matched_delete,K04,10,True,True,3,3,0,40,23,False
deletion_A_matched_delete_s404_f2,deletion_A_matched_delete,K05,1,False,True,1,4,0,18,1,False
deletion_A_matched_delete_s404_f2,deletion_A_matched_delete,K05,5,False,True,4,4,0,24,7,False
deletion_A_matched_delete_s404_f2,deletion_A_matched_delete,K05,10,False,True,4,4,0,37,20,False
deletion_A_matched_delete_s404_f2,deletion_A_matched_delete,K06,1,True,False,1,3,0,18,1,False
deletion_A_matched_delete_s404_f2,deletion_A_matched_delete,K06,5,True,True,3,3,0,27,10,False
deletion_A_matched_delete_s404_f2,deletion_A_matched_delete,K06,10,True,True,3,3,0,48,31,False
deletion_A_matched_delete_s404_f2,deletion_A_matched_delete,K07,1,False,True,1,4,0,18,1,False
deletion_A_matched_delete_s404_f2,deletion_A_matched_delete,K07,5,False,True,4,4,0,23,6,False
deletion_A_matched_delete_s404_f2,deletion_A_matched_delete,K07,10,False,True,4,4,0,36,19,False
deletion_A_matched_delete_s404_f2,deletion_A_matched_delete,K08,1,False,True,1,4,0,18,1,False
deletion_A_matched_delete_s404_f2,deletion_A_matched_delete,K08,5,False,True,4,4,0,24,7,False
deletion_A_matched_delete_s404_f2,deletion_A_matched_delete,K08,10,False,True,4,4,0,37,20,False
deletion_A_matched_delete_s404_f2,deletion_A_matched_delete,K09,1,True,True,0,3,0,18,1,False
deletion_A_matched_delete_s404_f2,deletion_A_matched_delete,K09,5,True,True,3,3,0,25,8,False
deletion_A_matched_delete_s404_f2,deletion_A_matched_delete,K09,10,True,True,3,3,0,39,22,False
deletion_C_keep_s404_f2,deletion_C_keep,K01,1,True,True,0,4,0,17,1,False
deletion_C_keep_s404_f2,deletion_C_keep,K01,5,True,True,4,4,0,26,10,False
deletion_C_keep_s404_f2,deletion_C_keep,K01,10,True,True,4,4,0,40,24,False
deletion_C_keep_s404_f2,deletion_C_keep,K02,1,False,True,1,5,0,17,1,False
deletion_C_keep_s404_f2,deletion_C_keep,K02,5,False,True,5,5,0,26,10,False
deletion_C_keep_s404_f2,deletion_C_keep,K02,10,False,True,5,5,0,40,24,False
deletion_C_keep_s404_f2,deletion_C_keep,K03,1,True,False,1,4,0,17,1,False
deletion_C_keep_s404_f2,deletion_C_keep,K03,5,True,True,4,4,0,28,12,False
deletion_C_keep_s404_f2,deletion_C_keep,K03,10,True,True,4,4,0,42,26,False
deletion_C_keep_s404_f2,deletion_C_keep,K04,1,True,False,1,4,0,17,1,False
deletion_C_keep_s404_f2,deletion_C_keep,K04,5,True,True,4,4,0,28,12,False
deletion_C_keep_s404_f2,deletion_C_keep,K04,10,True,True,4,4,0,40,24,False
deletion_C_keep_s404_f2,deletion_C_keep,K05,1,False,True,1,5,0,17,1,False
deletion_C_keep_s404_f2,deletion_C_keep,K05,5,False,True,5,5,0,24,8,False
deletion_C_keep_s404_f2,deletion_C_keep,K05,10,False,True,5,5,0,39,23,False
deletion_C_keep_s404_f2,deletion_C_keep,K06,1,True,False,1,4,0,17,1,False
deletion_C_keep_s404_f2,deletion_C_keep,K06,5,True,True,4,4,0,29,13,False
deletion_C_keep_s404_f2,deletion_C_keep,K06,10,True,True,4,4,0,46,30,False
deletion_C_keep_s404_f2,deletion_C_keep,K07,1,False,True,1,5,0,17,1,False
deletion_C_keep_s404_f2,deletion_C_keep,K07,5,False,True,4,5,0,23,7,False
deletion_C_keep_s404_f2,deletion_C_keep,K07,10,False,True,5,5,0,37,21,False
deletion_C_keep_s404_f2,deletion_C_keep,K08,1,False,True,1,5,0,17,1,False
deletion_C_keep_s404_f2,deletion_C_keep,K08,5,False,True,5,5,0,25,9,False
deletion_C_keep_s404_f2,deletion_C_keep,K08,10,False,True,5,5,0,39,23,False
deletion_C_keep_s404_f2,deletion_C_keep,K09,1,True,False,1,4,0,17,1,False
deletion_C_keep_s404_f2,deletion_C_keep,K09,5,True,True,4,4,0,27,11,False
deletion_C_keep_s404_f2,deletion_C_keep,K09,10,True,True,4,4,0,40,24,False
deletion_C_half_s404_f2,deletion_C_half,K01,1,False,True,0,4,0,17,1,False
deletion_C_half_s404_f2,deletion_C_half,K01,5,False,True,4,4,0,27,11,False
deletion_C_half_s404_f2,deletion_C_half,K01,10,False,True,4,4,0,40,24,False
deletion_C_half_s404_f2,deletion_C_half,K02,1,False,True,0,4,0,17,1,False
deletion_C_half_s404_f2,deletion_C_half,K02,5,False,True,4,4,0,27,11,False
deletion_C_half_s404_f2,deletion_C_half,K02,10,False,True,4,4,0,39,23,False
deletion_C_half_s404_f2,deletion_C_half,K03,1,True,False,0,3,0,17,1,False
deletion_C_half_s404_f2,deletion_C_half,K03,5,True,True,3,3,0,29,13,False
deletion_C_half_s404_f2,deletion_C_half,K03,10,True,True,3,3,0,47,31,False
deletion_C_half_s404_f2,deletion_C_half,K04,1,True,False,0,3,0,17,1,False
deletion_C_half_s404_f2,deletion_C_half,K04,5,True,True,3,3,0,29,13,False
deletion_C_half_s404_f2,deletion_C_half,K04,10,True,True,3,3,0,44,28,False
deletion_C_half_s404_f2,deletion_C_half,K05,1,False,True,0,4,0,17,1,False
deletion_C_half_s404_f2,deletion_C_half,K05,5,False,True,4,4,0,26,10,False
deletion_C_half_s404_f2,deletion_C_half,K05,10,False,True,4,4,0,39,23,False
deletion_C_half_s404_f2,deletion_C_half,K06,1,True,False,0,3,0,17,1,False
deletion_C_half_s404_f2,deletion_C_half,K06,5,True,True,3,3,0,29,13,False
deletion_C_half_s404_f2,deletion_C_half,K06,10,True,True,3,3,0,47,31,False
deletion_C_half_s404_f2,deletion_C_half,K07,1,False,True,0,4,0,17,1,False
deletion_C_half_s404_f2,deletion_C_half,K07,5,False,True,3,4,0,26,10,False
deletion_C_half_s404_f2,deletion_C_half,K07,10,False,True,4,4,0,39,23,False
deletion_C_half_s404_f2,deletion_C_half,K08,1,False,True,0,4,0,17,1,False
deletion_C_half_s404_f2,deletion_C_half,K08,5,False,True,4,4,0,26,10,False
deletion_C_half_s404_f2,deletion_C_half,K08,10,False,True,4,4,0,39,23,False
deletion_C_half_s404_f2,deletion_C_half,K09,1,True,False,0,3,0,17,1,False
deletion_C_half_s404_f2,deletion_C_half,K09,5,True,True,3,3,0,29,13,False
deletion_C_half_s404_f2,deletion_C_half,K09,10,True,True,3,3,0,41,25,False
deletion_C_target_delete_s404_f2,deletion_C_target_delete,K01,1,False,True,0,4,0,17,1,False
deletion_C_target_delete_s404_f2,deletion_C_target_delete,K01,5,False,True,4,4,0,26,10,False
deletion_C_target_delete_s404_f2,deletion_C_target_delete,K01,10,False,True,4,4,0,39,23,False
deletion_C_target_delete_s404_f2,deletion_C_target_delete,K02,1,False,True,0,4,0,17,1,False
deletion_C_target_delete_s404_f2,deletion_C_target_delete,K02,5,False,True,4,4,0,26,10,False
deletion_C_target_delete_s404_f2,deletion_C_target_delete,K02,10,False,True,4,4,0,39,23,False
deletion_C_target_delete_s404_f2,deletion_C_target_delete,K03,1,True,False,0,3,0,17,1,False
deletion_C_target_delete_s404_f2,deletion_C_target_delete,K03,5,True,True,3,3,0,28,12,False
deletion_C_target_delete_s404_f2,deletion_C_target_delete,K03,10,True,True,3,3,0,44,28,False
deletion_C_target_delete_s404_f2,deletion_C_target_delete,K04,1,True,False,0,3,0,17,1,False
deletion_C_target_delete_s404_f2,deletion_C_target_delete,K04,5,True,True,3,3,0,28,12,False
deletion_C_target_delete_s404_f2,deletion_C_target_delete,K04,10,True,True,3,3,0,41,25,False
deletion_C_target_delete_s404_f2,deletion_C_target_delete,K05,1,False,True,0,4,0,17,1,False
deletion_C_target_delete_s404_f2,deletion_C_target_delete,K05,5,False,True,4,4,0,25,9,False
deletion_C_target_delete_s404_f2,deletion_C_target_delete,K05,10,False,True,4,4,0,39,23,False
deletion_C_target_delete_s404_f2,deletion_C_target_delete,K06,1,True,False,0,3,0,17,1,False
deletion_C_target_delete_s404_f2,deletion_C_target_delete,K06,5,True,True,3,3,0,28,12,False
deletion_C_target_delete_s404_f2,deletion_C_target_delete,K06,10,True,True,3,3,0,46,30,False
deletion_C_target_delete_s404_f2,deletion_C_target_delete,K07,1,False,True,0,4,0,17,1,False
deletion_C_target_delete_s404_f2,deletion_C_target_delete,K07,5,False,True,3,4,0,25,9,False
deletion_C_target_delete_s404_f2,deletion_C_target_delete,K07,10,False,True,4,4,0,38,22,False
deletion_C_target_delete_s404_f2,deletion_C_target_delete,K08,1,False,True,0,4,0,17,1,False
deletion_C_target_delete_s404_f2,deletion_C_target_delete,K08,5,False,True,4,4,0,26,10,False
deletion_C_target_delete_s404_f2,deletion_C_target_delete,K08,10,False,True,4,4,0,39,23,False
deletion_C_target_delete_s404_f2,deletion_C_target_delete,K09,1,True,False,0,3,0,17,1,False
deletion_C_target_delete_s404_f2,deletion_C_target_delete,K09,5,True,True,3,3,0,28,12,False
deletion_C_target_delete_s404_f2,deletion_C_target_delete,K09,10,True,True,3,3,0,41,25,False
deletion_C_matched_delete_s404_f2,deletion_C_matched_delete,K01,1,False,True,0,4,0,17,1,False
deletion_C_matched_delete_s404_f2,deletion_C_matched_delete,K01,5,False,True,4,4,0,25,9,False
deletion_C_matched_delete_s404_f2,deletion_C_matched_delete,K01,10,False,True,4,4,0,39,23,False
deletion_C_matched_delete_s404_f2,deletion_C_matched_delete,K02,1,False,True,0,4,0,17,1,False
deletion_C_matched_delete_s404_f2,deletion_C_matched_delete,K02,5,False,True,4,4,0,25,9,False
deletion_C_matched_delete_s404_f2,deletion_C_matched_delete,K02,10,False,True,4,4,0,39,23,False
deletion_C_matched_delete_s404_f2,deletion_C_matched_delete,K03,1,True,False,0,3,0,17,1,False
deletion_C_matched_delete_s404_f2,deletion_C_matched_delete,K03,5,True,True,3,3,0,27,11,False
deletion_C_matched_delete_s404_f2,deletion_C_matched_delete,K03,10,True,True,3,3,0,46,30,False
deletion_C_matched_delete_s404_f2,deletion_C_matched_delete,K04,1,True,False,0,3,0,17,1,False
deletion_C_matched_delete_s404_f2,deletion_C_matched_delete,K04,5,True,True,3,3,0,27,11,False
deletion_C_matched_delete_s404_f2,deletion_C_matched_delete,K04,10,True,True,3,3,0,42,26,False
deletion_C_matched_delete_s404_f2,deletion_C_matched_delete,K05,1,False,True,0,4,0,17,1,False
deletion_C_matched_delete_s404_f2,deletion_C_matched_delete,K05,5,False,True,4,4,0,25,9,False
deletion_C_matched_delete_s404_f2,deletion_C_matched_delete,K05,10,False,True,4,4,0,38,22,False
deletion_C_matched_delete_s404_f2,deletion_C_matched_delete,K06,1,True,False,0,3,0,17,1,False
deletion_C_matched_delete_s404_f2,deletion_C_matched_delete,K06,5,True,True,3,3,0,29,13,False
deletion_C_matched_delete_s404_f2,deletion_C_matched_delete,K06,10,True,True,3,3,0,48,32,False
deletion_C_matched_delete_s404_f2,deletion_C_matched_delete,K07,1,False,True,0,4,0,17,1,False
deletion_C_matched_delete_s404_f2,deletion_C_matched_delete,K07,5,False,True,3,4,0,25,9,False
deletion_C_matched_delete_s404_f2,deletion_C_matched_delete,K07,10,False,True,4,4,0,36,20,False
deletion_C_matched_delete_s404_f2,deletion_C_matched_delete,K08,1,False,True,0,4,0,17,1,False
deletion_C_matched_delete_s404_f2,deletion_C_matched_delete,K08,5,False,True,4,4,0,25,9,False
deletion_C_matched_delete_s404_f2,deletion_C_matched_delete,K08,10,False,True,4,4,0,38,22,False
deletion_C_matched_delete_s404_f2,deletion_C_matched_delete,K09,1,True,False,0,3,0,17,1,False
deletion_C_matched_delete_s404_f2,deletion_C_matched_delete,K09,5,True,True,3,3,0,25,9,False
deletion_C_matched_delete_s404_f2,deletion_C_matched_delete,K09,10,True,True,3,3,0,39,23,False
word_expert_s42,word_expert,K01,1,False,True,1,7,0,8,0,True
word_expert_s42,word_expert,K01,5,False,True,4,7,0,9,1,False
word_expert_s42,word_expert,K01,10,False,True,5,7,0,10,2,False
word_expert_s42,word_expert,K02,1,True,True,0,6,0,8,0,False
word_expert_s42,word_expert,K02,5,True,True,3,6,0,9,1,False
word_expert_s42,word_expert,K02,10,True,True,4,6,0,10,2,False
word_expert_s42,word_expert,K03,1,True,False,2,6,0,8,0,True
word_expert_s42,word_expert,K03,5,True,False,4,6,0,9,1,False
word_expert_s42,word_expert,K03,10,True,True,4,6,0,10,2,False
word_expert_s42,word_expert,K04,1,True,True,1,6,0,8,0,True
word_expert_s42,word_expert,K04,5,True,True,3,6,0,9,1,False
word_expert_s42,word_expert,K04,10,True,True,4,6,0,10,2,False
word_expert_s42,word_expert,K05,1,False,True,1,7,0,8,0,True
word_expert_s42,word_expert,K05,5,False,True,3,7,0,9,1,False
word_expert_s42,word_expert,K05,10,False,True,5,7,0,10,2,False
word_expert_s42,word_expert,K06,1,True,False,2,6,0,8,0,True
word_expert_s42,word_expert,K06,5,True,False,5,6,0,9,1,False
word_expert_s42,word_expert,K06,10,True,True,6,6,0,11,3,False
word_expert_s42,word_expert,K07,1,False,True,1,7,0,8,0,True
word_expert_s42,word_expert,K07,5,False,True,3,7,0,9,1,False
word_expert_s42,word_expert,K07,10,False,True,4,7,0,9,1,False
word_expert_s42,word_expert,K08,1,False,True,1,7,0,8,0,True
word_expert_s42,word_expert,K08,5,False,True,4,7,0,9,1,False
word_expert_s42,word_expert,K08,10,False,True,5,7,0,10,2,False
word_expert_s42,word_expert,K09,1,True,False,2,6,0,8,0,True
word_expert_s42,word_expert,K09,5,True,True,3,6,0,9,1,False
word_expert_s42,word_expert,K09,10,True,True,4,6,0,10,2,False
stacking_s42,stacking,K01,1,True,False,0,8,0,17,2,False
stacking_s42,stacking,K01,5,True,True,4,8,0,24,9,False
stacking_s42,stacking,K01,10,True,True,8,8,0,46,31,False
stacking_s42,stacking,K02,1,True,False,0,8,0,17,2,False
stacking_s42,stacking,K02,5,True,True,4,8,0,24,9,False
stacking_s42,stacking,K02,10,True,True,8,8,0,46,31,False
stacking_s42,stacking,K03,1,True,False,0,8,0,17,2,False
stacking_s42,stacking,K03,5,True,False,5,8,0,24,9,False
stacking_s42,stacking,K03,10,True,True,8,8,0,47,32,False
stacking_s42,stacking,K04,1,True,False,0,8,0,17,2,False
stacking_s42,stacking,K04,5,True,False,5,8,0,24,9,False
stacking_s42,stacking,K04,10,True,True,8,8,0,47,32,False
stacking_s42,stacking,K05,1,True,False,0,8,0,17,2,False
stacking_s42,stacking,K05,5,True,True,4,8,0,24,9,False
stacking_s42,stacking,K05,10,True,True,8,8,0,46,31,False
stacking_s42,stacking,K06,1,True,False,0,8,0,16,1,False
stacking_s42,stacking,K06,5,True,False,5,8,0,24,9,False
stacking_s42,stacking,K06,10,True,True,8,8,0,48,33,False
stacking_s42,stacking,K07,1,True,False,0,8,0,17,2,False
stacking_s42,stacking,K07,5,True,True,4,8,0,24,9,False
stacking_s42,stacking,K07,10,True,True,8,8,0,46,31,False
stacking_s42,stacking,K08,1,True,False,0,8,0,17,2,False
stacking_s42,stacking,K08,5,True,True,4,8,0,24,9,False
stacking_s42,stacking,K08,10,True,True,8,8,0,46,31,False
stacking_s42,stacking,K09,1,True,False,0,8,0,17,2,False
stacking_s42,stacking,K09,5,True,False,5,8,0,24,9,False
stacking_s42,stacking,K09,10,True,True,8,8,0,47,32,False
fage_s42,fage,K01,1,True,False,2,8,0,16,2,False
fage_s42,fage,K01,5,True,True,7,8,0,29,15,False
fage_s42,fage,K01,10,True,True,8,8,0,59,45,False
fage_s42,fage,K02,1,True,False,2,8,0,16,2,False
fage_s42,fage,K02,5,True,True,7,8,0,28,14,False
fage_s42,fage,K02,10,True,True,8,8,0,58,44,False
fage_s42,fage,K03,1,True,False,2,8,0,16,2,False
fage_s42,fage,K03,5,True,True,7,8,0,29,15,False
fage_s42,fage,K03,10,True,True,8,8,0,61,47,False
fage_s42,fage,K04,1,True,False,2,8,0,16,2,False
fage_s42,fage,K04,5,True,True,7,8,0,29,15,False
fage_s42,fage,K04,10,True,True,8,8,0,61,47,False
fage_s42,fage,K05,1,True,True,1,8,0,16,2,False
fage_s42,fage,K05,5,True,True,7,8,0,28,14,False
fage_s42,fage,K05,10,True,True,8,8,0,58,44,False
fage_s42,fage,K06,1,True,False,2,8,0,16,2,False
fage_s42,fage,K06,5,True,False,8,8,0,29,15,False
fage_s42,fage,K06,10,True,True,8,8,0,61,47,False
fage_s42,fage,K07,1,True,True,1,8,0,16,2,False
fage_s42,fage,K07,5,True,True,7,8,0,29,15,False
fage_s42,fage,K07,10,True,True,8,8,0,57,43,False
fage_s42,fage,K08,1,True,False,2,8,0,16,2,False
fage_s42,fage,K08,5,True,True,7,8,0,29,15,False
fage_s42,fage,K08,10,True,True,8,8,0,58,44,False
fage_s42,fage,K09,1,True,False,2,8,0,16,2,False
fage_s42,fage,K09,5,True,True,7,8,0,29,15,False
fage_s42,fage,K09,10,True,True,8,8,0,61,47,False
fage_no_has_url_s42,fage_no_has_url,K01,1,True,False,2,8,0,16,2,False
fage_no_has_url_s42,fage_no_has_url,K01,5,True,True,7,8,0,27,13,False
fage_no_has_url_s42,fage_no_has_url,K01,10,True,True,8,8,0,54,40,False
fage_no_has_url_s42,fage_no_has_url,K02,1,True,False,2,8,0,16,2,False
fage_no_has_url_s42,fage_no_has_url,K02,5,True,True,7,8,0,27,13,False
fage_no_has_url_s42,fage_no_has_url,K02,10,True,True,8,8,0,54,40,False
fage_no_has_url_s42,fage_no_has_url,K03,1,True,False,2,8,0,16,2,False
fage_no_has_url_s42,fage_no_has_url,K03,5,True,True,7,8,0,27,13,False
fage_no_has_url_s42,fage_no_has_url,K03,10,True,True,8,8,0,56,42,False
fage_no_has_url_s42,fage_no_has_url,K04,1,True,False,2,8,0,16,2,False
fage_no_has_url_s42,fage_no_has_url,K04,5,True,True,7,8,0,27,13,False
fage_no_has_url_s42,fage_no_has_url,K04,10,True,True,8,8,0,55,41,False
fage_no_has_url_s42,fage_no_has_url,K05,1,True,True,1,8,0,16,2,False
fage_no_has_url_s42,fage_no_has_url,K05,5,True,True,7,8,0,27,13,False
fage_no_has_url_s42,fage_no_has_url,K05,10,True,True,8,8,0,54,40,False
fage_no_has_url_s42,fage_no_has_url,K06,1,True,False,2,8,0,16,2,False
fage_no_has_url_s42,fage_no_has_url,K06,5,True,False,8,8,0,27,13,False
fage_no_has_url_s42,fage_no_has_url,K06,10,True,True,8,8,0,58,44,False
fage_no_has_url_s42,fage_no_has_url,K07,1,True,True,1,8,0,16,2,False
fage_no_has_url_s42,fage_no_has_url,K07,5,True,True,7,8,0,27,13,False
fage_no_has_url_s42,fage_no_has_url,K07,10,True,True,8,8,0,54,40,False
fage_no_has_url_s42,fage_no_has_url,K08,1,True,False,2,8,0,16,2,False
fage_no_has_url_s42,fage_no_has_url,K08,5,True,True,7,8,0,27,13,False
fage_no_has_url_s42,fage_no_has_url,K08,10,True,True,8,8,0,54,40,False
fage_no_has_url_s42,fage_no_has_url,K09,1,True,False,2,8,0,16,2,False
fage_no_has_url_s42,fage_no_has_url,K09,5,True,True,7,8,0,27,13,False
fage_no_has_url_s42,fage_no_has_url,K09,10,True,True,8,8,0,56,42,False
fage_no_similarity_s42,fage_no_similarity,K01,1,True,False,1,8,0,17,2,False
fage_no_similarity_s42,fage_no_similarity,K01,5,True,True,7,8,0,30,15,False
fage_no_similarity_s42,fage_no_similarity,K01,10,True,True,8,8,0,60,45,False
fage_no_similarity_s42,fage_no_similarity,K02,1,True,False,1,8,0,17,2,False
fage_no_similarity_s42,fage_no_similarity,K02,5,True,True,7,8,0,30,15,False
fage_no_similarity_s42,fage_no_similarity,K02,10,True,True,8,8,0,60,45,False
fage_no_similarity_s42,fage_no_similarity,K03,1,True,False,1,8,0,17,2,False
fage_no_similarity_s42,fage_no_similarity,K03,5,True,True,7,8,0,30,15,False
fage_no_similarity_s42,fage_no_similarity,K03,10,True,True,8,8,0,65,50,False
fage_no_similarity_s42,fage_no_similarity,K04,1,True,False,1,8,0,17,2,False
fage_no_similarity_s42,fage_no_similarity,K04,5,True,True,7,8,0,30,15,False
fage_no_similarity_s42,fage_no_similarity,K04,10,True,True,8,8,0,63,48,False
fage_no_similarity_s42,fage_no_similarity,K05,1,True,False,1,8,0,17,2,False
fage_no_similarity_s42,fage_no_similarity,K05,5,True,True,7,8,0,30,15,False
fage_no_similarity_s42,fage_no_similarity,K05,10,True,True,8,8,0,58,43,False
fage_no_similarity_s42,fage_no_similarity,K06,1,True,False,1,8,0,17,2,False
fage_no_similarity_s42,fage_no_similarity,K06,5,True,False,8,8,0,30,15,False
fage_no_similarity_s42,fage_no_similarity,K06,10,True,True,8,8,0,65,50,False
fage_no_similarity_s42,fage_no_similarity,K07,1,True,True,0,8,0,17,2,False
fage_no_similarity_s42,fage_no_similarity,K07,5,True,True,7,8,0,30,15,False
fage_no_similarity_s42,fage_no_similarity,K07,10,True,True,8,8,0,58,43,False
fage_no_similarity_s42,fage_no_similarity,K08,1,True,False,1,8,0,17,2,False
fage_no_similarity_s42,fage_no_similarity,K08,5,True,True,7,8,0,30,15,False
fage_no_similarity_s42,fage_no_similarity,K08,10,True,True,8,8,0,59,44,False
fage_no_similarity_s42,fage_no_similarity,K09,1,True,False,1,8,0,17,2,False
fage_no_similarity_s42,fage_no_similarity,K09,5,True,True,7,8,0,30,15,False
fage_no_similarity_s42,fage_no_similarity,K09,10,True,True,8,8,0,64,49,False
fage_no_lr_c_s42,fage_no_lr_c,K01,1,True,True,2,6,0,18,2,False
fage_no_lr_c_s42,fage_no_lr_c,K01,5,True,True,6,6,0,33,17,False
fage_no_lr_c_s42,fage_no_lr_c,K01,10,True,True,6,6,0,79,63,False
fage_no_lr_c_s42,fage_no_lr_c,K02,1,True,True,2,6,0,18,2,False
fage_no_lr_c_s42,fage_no_lr_c,K02,5,True,True,6,6,0,33,17,False
fage_no_lr_c_s42,fage_no_lr_c,K02,10,True,True,6,6,0,78,62,False
fage_no_lr_c_s42,fage_no_lr_c,K03,1,True,False,3,6,0,18,2,False
fage_no_lr_c_s42,fage_no_lr_c,K03,5,True,True,6,6,0,33,17,False
fage_no_lr_c_s42,fage_no_lr_c,K03,10,True,True,6,6,0,87,71,False
fage_no_lr_c_s42,fage_no_lr_c,K04,1,True,False,3,6,0,18,2,False
fage_no_lr_c_s42,fage_no_lr_c,K04,5,True,True,6,6,0,33,17,False
fage_no_lr_c_s42,fage_no_lr_c,K04,10,True,True,6,6,0,81,65,False
fage_no_lr_c_s42,fage_no_lr_c,K05,1,False,True,3,7,0,18,2,False
fage_no_lr_c_s42,fage_no_lr_c,K05,5,False,True,7,7,0,33,17,False
fage_no_lr_c_s42,fage_no_lr_c,K05,10,False,True,7,7,0,74,58,False
fage_no_lr_c_s42,fage_no_lr_c,K06,1,True,False,3,6,0,18,2,False
fage_no_lr_c_s42,fage_no_lr_c,K06,5,True,True,6,6,0,33,17,False
fage_no_lr_c_s42,fage_no_lr_c,K06,10,True,True,6,6,0,87,71,False
fage_no_lr_c_s42,fage_no_lr_c,K07,1,False,True,3,7,0,18,2,False
fage_no_lr_c_s42,fage_no_lr_c,K07,5,False,True,7,7,0,33,17,False
fage_no_lr_c_s42,fage_no_lr_c,K07,10,False,True,7,7,0,71,55,False
fage_no_lr_c_s42,fage_no_lr_c,K08,1,True,True,2,6,0,18,2,False
fage_no_lr_c_s42,fage_no_lr_c,K08,5,True,True,6,6,0,33,17,False
fage_no_lr_c_s42,fage_no_lr_c,K08,10,True,True,6,6,0,78,62,False
fage_no_lr_c_s42,fage_no_lr_c,K09,1,True,False,3,6,0,18,2,False
fage_no_lr_c_s42,fage_no_lr_c,K09,5,True,True,6,6,0,33,17,False
fage_no_lr_c_s42,fage_no_lr_c,K09,10,True,True,6,6,0,82,66,False
fage_no_kcbert_s42,fage_no_kcbert,K01,1,True,False,1,8,0,10,0,True
fage_no_kcbert_s42,fage_no_kcbert,K01,5,True,True,4,8,0,12,2,False
fage_no_kcbert_s42,fage_no_kcbert,K01,10,True,True,6,8,0,17,7,False
fage_no_kcbert_s42,fage_no_kcbert,K02,1,True,False,1,8,0,10,0,True
fage_no_kcbert_s42,fage_no_kcbert,K02,5,True,True,4,8,0,12,2,False
fage_no_kcbert_s42,fage_no_kcbert,K02,10,True,True,4,8,0,17,7,False
fage_no_kcbert_s42,fage_no_kcbert,K03,1,True,False,2,8,0,10,0,True
fage_no_kcbert_s42,fage_no_kcbert,K03,5,True,False,5,8,0,17,7,False
fage_no_kcbert_s42,fage_no_kcbert,K03,10,True,True,7,8,0,23,13,False
fage_no_kcbert_s42,fage_no_kcbert,K04,1,True,False,1,8,0,10,0,True
fage_no_kcbert_s42,fage_no_kcbert,K04,5,True,False,5,8,0,15,5,False
fage_no_kcbert_s42,fage_no_kcbert,K04,10,True,True,6,8,0,19,9,False
fage_no_kcbert_s42,fage_no_kcbert,K05,1,True,False,1,8,0,10,0,True
fage_no_kcbert_s42,fage_no_kcbert,K05,5,True,True,3,8,0,12,2,False
fage_no_kcbert_s42,fage_no_kcbert,K05,10,True,True,4,8,0,15,5,False
fage_no_kcbert_s42,fage_no_kcbert,K06,1,True,False,1,8,0,10,0,True
fage_no_kcbert_s42,fage_no_kcbert,K06,5,True,False,7,8,0,17,7,False
fage_no_kcbert_s42,fage_no_kcbert,K06,10,True,True,8,8,0,25,15,False
fage_no_kcbert_s42,fage_no_kcbert,K07,1,True,True,0,8,0,10,0,False
fage_no_kcbert_s42,fage_no_kcbert,K07,5,True,True,3,8,0,12,2,False
fage_no_kcbert_s42,fage_no_kcbert,K07,10,True,True,4,8,0,15,5,False
fage_no_kcbert_s42,fage_no_kcbert,K08,1,True,False,1,8,0,10,0,True
fage_no_kcbert_s42,fage_no_kcbert,K08,5,True,True,4,8,0,12,2,False
fage_no_kcbert_s42,fage_no_kcbert,K08,10,True,True,4,8,0,17,7,False
fage_no_kcbert_s42,fage_no_kcbert,K09,1,True,False,1,8,0,10,0,True
fage_no_kcbert_s42,fage_no_kcbert,K09,5,True,False,5,8,0,15,5,False
fage_no_kcbert_s42,fage_no_kcbert,K09,10,True,True,6,8,0,19,9,False
fage_no_url_s42,fage_no_url,K01,1,True,False,0,8,0,14,0,False
fage_no_url_s42,fage_no_url,K01,5,True,True,4,8,0,20,6,False
fage_no_url_s42,fage_no_url,K01,10,True,True,7,8,0,32,18,False
fage_no_url_s42,fage_no_url,K02,1,True,False,0,8,0,14,0,False
fage_no_url_s42,fage_no_url,K02,5,True,True,4,8,0,20,6,False
fage_no_url_s42,fage_no_url,K02,10,True,True,7,8,0,31,17,False
fage_no_url_s42,fage_no_url,K03,1,True,False,0,8,0,14,0,False
fage_no_url_s42,fage_no_url,K03,5,True,False,5,8,0,20,6,False
fage_no_url_s42,fage_no_url,K03,10,True,True,7,8,0,32,18,False
fage_no_url_s42,fage_no_url,K04,1,True,False,0,8,0,14,0,False
fage_no_url_s42,fage_no_url,K04,5,True,False,5,8,0,20,6,False
fage_no_url_s42,fage_no_url,K04,10,True,True,7,8,0,32,18,False
fage_no_url_s42,fage_no_url,K05,1,True,False,0,8,0,14,0,False
fage_no_url_s42,fage_no_url,K05,5,True,True,4,8,0,20,6,False
fage_no_url_s42,fage_no_url,K05,10,True,True,7,8,0,29,15,False
fage_no_url_s42,fage_no_url,K06,1,True,False,0,8,0,14,0,False
fage_no_url_s42,fage_no_url,K06,5,True,False,5,8,0,20,6,False
fage_no_url_s42,fage_no_url,K06,10,True,False,8,8,0,32,18,False
fage_no_url_s42,fage_no_url,K07,1,True,False,0,8,0,14,0,False
fage_no_url_s42,fage_no_url,K07,5,True,True,4,8,0,20,6,False
fage_no_url_s42,fage_no_url,K07,10,True,True,7,8,0,29,15,False
fage_no_url_s42,fage_no_url,K08,1,True,False,0,8,0,14,0,False
fage_no_url_s42,fage_no_url,K08,5,True,True,4,8,0,20,6,False
fage_no_url_s42,fage_no_url,K08,10,True,True,7,8,0,31,17,False
fage_no_url_s42,fage_no_url,K09,1,True,False,0,8,0,14,0,False
fage_no_url_s42,fage_no_url,K09,5,True,False,5,8,0,20,6,False
fage_no_url_s42,fage_no_url,K09,10,True,True,7,8,0,32,18,False
fage_no_disagreement_s42,fage_no_disagreement,K01,1,True,False,1,8,0,15,1,False
fage_no_disagreement_s42,fage_no_disagreement,K01,5,True,True,7,8,0,27,13,False
fage_no_disagreement_s42,fage_no_disagreement,K01,10,True,True,8,8,0,54,40,False
fage_no_disagreement_s42,fage_no_disagreement,K02,1,True,False,1,8,0,15,1,False
fage_no_disagreement_s42,fage_no_disagreement,K02,5,True,True,7,8,0,27,13,False
fage_no_disagreement_s42,fage_no_disagreement,K02,10,True,True,8,8,0,54,40,False
fage_no_disagreement_s42,fage_no_disagreement,K03,1,True,False,1,8,0,15,1,False
fage_no_disagreement_s42,fage_no_disagreement,K03,5,True,True,7,8,0,27,13,False
fage_no_disagreement_s42,fage_no_disagreement,K03,10,True,True,8,8,0,57,43,False
fage_no_disagreement_s42,fage_no_disagreement,K04,1,True,False,1,8,0,15,1,False
fage_no_disagreement_s42,fage_no_disagreement,K04,5,True,True,7,8,0,27,13,False
fage_no_disagreement_s42,fage_no_disagreement,K04,10,True,True,8,8,0,55,41,False
fage_no_disagreement_s42,fage_no_disagreement,K05,1,True,False,1,8,0,15,1,False
fage_no_disagreement_s42,fage_no_disagreement,K05,5,True,True,7,8,0,27,13,False
fage_no_disagreement_s42,fage_no_disagreement,K05,10,True,True,8,8,0,52,38,False
fage_no_disagreement_s42,fage_no_disagreement,K06,1,True,False,1,8,0,16,2,False
fage_no_disagreement_s42,fage_no_disagreement,K06,5,True,False,8,8,0,27,13,False
fage_no_disagreement_s42,fage_no_disagreement,K06,10,True,True,8,8,0,57,43,False
fage_no_disagreement_s42,fage_no_disagreement,K07,1,True,True,0,8,0,15,1,False
fage_no_disagreement_s42,fage_no_disagreement,K07,5,True,True,7,8,0,27,13,False
fage_no_disagreement_s42,fage_no_disagreement,K07,10,True,True,8,8,0,51,37,False
fage_no_disagreement_s42,fage_no_disagreement,K08,1,True,False,1,8,0,15,1,False
fage_no_disagreement_s42,fage_no_disagreement,K08,5,True,True,7,8,0,27,13,False
fage_no_disagreement_s42,fage_no_disagreement,K08,10,True,True,8,8,0,54,40,False
fage_no_disagreement_s42,fage_no_disagreement,K09,1,True,False,1,8,0,15,1,False
fage_no_disagreement_s42,fage_no_disagreement,K09,5,True,True,7,8,0,27,13,False
fage_no_disagreement_s42,fage_no_disagreement,K09,10,True,True,8,8,0,55,41,False
fage_no_url_free_weight_s42,fage_no_url_free_weight,K01,1,True,True,3,7,0,18,2,False
fage_no_url_free_weight_s42,fage_no_url_free_weight,K01,5,True,True,7,7,0,33,17,False
fage_no_url_free_weight_s42,fage_no_url_free_weight,K01,10,True,True,7,7,0,71,55,False
fage_no_url_free_weight_s42,fage_no_url_free_weight,K02,1,True,True,3,7,0,18,2,False
fage_no_url_free_weight_s42,fage_no_url_free_weight,K02,5,True,True,7,7,0,33,17,False
fage_no_url_free_weight_s42,fage_no_url_free_weight,K02,10,True,True,7,7,0,71,55,False
fage_no_url_free_weight_s42,fage_no_url_free_weight,K03,1,True,False,4,7,0,18,2,False
fage_no_url_free_weight_s42,fage_no_url_free_weight,K03,5,True,True,7,7,0,33,17,False
fage_no_url_free_weight_s42,fage_no_url_free_weight,K03,10,True,True,7,7,0,75,59,False
fage_no_url_free_weight_s42,fage_no_url_free_weight,K04,1,True,False,4,7,0,18,2,False
fage_no_url_free_weight_s42,fage_no_url_free_weight,K04,5,True,True,7,7,0,33,17,False
fage_no_url_free_weight_s42,fage_no_url_free_weight,K04,10,True,True,7,7,0,74,58,False
fage_no_url_free_weight_s42,fage_no_url_free_weight,K05,1,True,True,3,7,0,18,2,False
fage_no_url_free_weight_s42,fage_no_url_free_weight,K05,5,True,True,7,7,0,33,17,False
fage_no_url_free_weight_s42,fage_no_url_free_weight,K05,10,True,True,7,7,0,70,54,False
fage_no_url_free_weight_s42,fage_no_url_free_weight,K06,1,True,False,4,7,0,18,2,False
fage_no_url_free_weight_s42,fage_no_url_free_weight,K06,5,True,True,7,7,0,33,17,False
fage_no_url_free_weight_s42,fage_no_url_free_weight,K06,10,True,True,7,7,0,76,60,False
fage_no_url_free_weight_s42,fage_no_url_free_weight,K07,1,False,True,4,8,0,18,2,False
fage_no_url_free_weight_s42,fage_no_url_free_weight,K07,5,False,True,8,8,0,33,17,False
fage_no_url_free_weight_s42,fage_no_url_free_weight,K07,10,False,True,8,8,0,69,53,False
fage_no_url_free_weight_s42,fage_no_url_free_weight,K08,1,True,True,3,7,0,18,2,False
fage_no_url_free_weight_s42,fage_no_url_free_weight,K08,5,True,True,7,7,0,33,17,False
fage_no_url_free_weight_s42,fage_no_url_free_weight,K08,10,True,True,7,7,0,71,55,False
fage_no_url_free_weight_s42,fage_no_url_free_weight,K09,1,True,False,4,7,0,18,2,False
fage_no_url_free_weight_s42,fage_no_url_free_weight,K09,5,True,True,7,7,0,33,17,False
fage_no_url_free_weight_s42,fage_no_url_free_weight,K09,10,True,True,7,7,0,74,58,False
equal_weight_s42,equal_weight,K01,1,False,True,4,4,0,27,12,False
equal_weight_s42,equal_weight,K01,5,False,True,4,4,0,162,147,False
equal_weight_s42,equal_weight,K01,10,False,True,4,4,0,175,160,False
equal_weight_s42,equal_weight,K02,1,False,True,4,4,0,27,12,False
equal_weight_s42,equal_weight,K02,5,False,True,4,4,0,161,146,False
equal_weight_s42,equal_weight,K02,10,False,True,4,4,0,175,160,False
equal_weight_s42,equal_weight,K03,1,True,True,3,3,0,30,15,False
equal_weight_s42,equal_weight,K03,5,True,True,3,3,0,165,150,False
equal_weight_s42,equal_weight,K03,10,True,True,3,3,0,181,166,False
equal_weight_s42,equal_weight,K04,1,True,True,3,3,0,30,15,False
equal_weight_s42,equal_weight,K04,5,True,True,3,3,0,162,147,False
equal_weight_s42,equal_weight,K04,10,True,True,3,3,0,178,163,False
equal_weight_s42,equal_weight,K05,1,False,True,4,4,0,31,16,False
equal_weight_s42,equal_weight,K05,5,False,True,4,4,0,152,137,False
equal_weight_s42,equal_weight,K05,10,False,True,4,4,0,173,158,False
equal_weight_s42,equal_weight,K06,1,True,True,3,3,0,33,18,False
equal_weight_s42,equal_weight,K06,5,True,True,3,3,0,167,152,False
equal_weight_s42,equal_weight,K06,10,True,True,3,3,0,183,168,False
equal_weight_s42,equal_weight,K07,1,False,True,4,4,0,26,11,False
equal_weight_s42,equal_weight,K07,5,False,True,4,4,0,157,142,False
equal_weight_s42,equal_weight,K07,10,False,True,4,4,0,172,157,False
equal_weight_s42,equal_weight,K08,1,False,True,4,4,0,30,15,False
equal_weight_s42,equal_weight,K08,5,False,True,4,4,0,160,145,False
equal_weight_s42,equal_weight,K08,10,False,True,4,4,0,175,160,False
equal_weight_s42,equal_weight,K09,1,True,True,3,3,0,26,11,False
equal_weight_s42,equal_weight,K09,5,True,True,3,3,0,163,148,False
equal_weight_s42,equal_weight,K09,10,True,True,3,3,0,178,163,False
fixed_weight_s42,fixed_weight,K01,1,False,True,4,4,0,26,12,False
fixed_weight_s42,fixed_weight,K01,5,False,True,4,4,0,156,142,False
fixed_weight_s42,fixed_weight,K01,10,False,True,4,4,0,166,152,False
fixed_weight_s42,fixed_weight,K02,1,False,True,4,4,0,26,12,False
fixed_weight_s42,fixed_weight,K02,5,False,True,4,4,0,155,141,False
fixed_weight_s42,fixed_weight,K02,10,False,True,4,4,0,166,152,False
fixed_weight_s42,fixed_weight,K03,1,True,True,3,3,0,28,14,False
fixed_weight_s42,fixed_weight,K03,5,True,True,3,3,0,158,144,False
fixed_weight_s42,fixed_weight,K03,10,True,True,3,3,0,168,154,False
fixed_weight_s42,fixed_weight,K04,1,True,True,3,3,0,28,14,False
fixed_weight_s42,fixed_weight,K04,5,True,True,3,3,0,156,142,False
fixed_weight_s42,fixed_weight,K04,10,True,True,3,3,0,167,153,False
fixed_weight_s42,fixed_weight,K05,1,False,True,4,4,0,29,15,False
fixed_weight_s42,fixed_weight,K05,5,False,True,4,4,0,147,133,False
fixed_weight_s42,fixed_weight,K05,10,False,True,4,4,0,165,151,False
fixed_weight_s42,fixed_weight,K06,1,True,True,3,3,0,31,17,False
fixed_weight_s42,fixed_weight,K06,5,True,True,3,3,0,159,145,False
fixed_weight_s42,fixed_weight,K06,10,True,True,3,3,0,169,155,False
fixed_weight_s42,fixed_weight,K07,1,False,True,4,4,0,25,11,False
fixed_weight_s42,fixed_weight,K07,5,False,True,4,4,0,152,138,False
fixed_weight_s42,fixed_weight,K07,10,False,True,4,4,0,163,149,False
fixed_weight_s42,fixed_weight,K08,1,False,True,4,4,0,28,14,False
fixed_weight_s42,fixed_weight,K08,5,False,True,4,4,0,153,139,False
fixed_weight_s42,fixed_weight,K08,10,False,True,4,4,0,166,152,False
fixed_weight_s42,fixed_weight,K09,1,True,True,3,3,0,25,11,False
fixed_weight_s42,fixed_weight,K09,5,True,True,3,3,0,156,142,False
fixed_weight_s42,fixed_weight,K09,10,True,True,3,3,0,167,153,False
word_expert_s101,word_expert,K01,1,False,True,0,2,0,9,1,False
word_expert_s101,word_expert,K01,5,False,True,0,2,0,12,4,False
word_expert_s101,word_expert,K01,10,False,True,1,2,0,17,9,False
word_expert_s101,word_expert,K02,1,False,True,0,2,0,9,1,False
word_expert_s101,word_expert,K02,5,False,True,1,2,0,14,6,False
word_expert_s101,word_expert,K02,10,False,True,2,2,0,21,13,False
word_expert_s101,word_expert,K03,1,True,False,0,1,0,9,1,False
word_expert_s101,word_expert,K03,5,True,True,0,1,0,15,7,False
word_expert_s101,word_expert,K03,10,True,True,1,1,0,25,17,False
word_expert_s101,word_expert,K04,1,False,True,0,2,0,9,1,False
word_expert_s101,word_expert,K04,5,False,True,1,2,0,15,7,False
word_expert_s101,word_expert,K04,10,False,True,2,2,0,21,13,False
word_expert_s101,word_expert,K05,1,False,True,0,2,0,9,1,False
word_expert_s101,word_expert,K05,5,False,True,0,2,0,11,3,False
word_expert_s101,word_expert,K05,10,False,True,1,2,0,17,9,False
word_expert_s101,word_expert,K06,1,True,False,0,1,0,9,1,False
word_expert_s101,word_expert,K06,5,True,False,1,1,0,16,8,False
word_expert_s101,word_expert,K06,10,True,True,1,1,0,28,20,False
word_expert_s101,word_expert,K07,1,False,True,0,2,0,9,1,False
word_expert_s101,word_expert,K07,5,False,True,0,2,0,10,2,False
word_expert_s101,word_expert,K07,10,False,True,1,2,0,15,7,False
word_expert_s101,word_expert,K08,1,False,True,0,2,0,9,1,False
word_expert_s101,word_expert,K08,5,False,True,0,2,0,12,4,False
word_expert_s101,word_expert,K08,10,False,True,2,2,0,18,10,False
word_expert_s101,word_expert,K09,1,False,True,0,2,0,9,1,False
word_expert_s101,word_expert,K09,5,False,True,1,2,0,15,7,False
word_expert_s101,word_expert,K09,10,False,True,2,2,0,21,13,False
stacking_s101,stacking,K01,1,True,False,0,8,0,14,0,False
stacking_s101,stacking,K01,5,True,False,2,8,0,16,2,False
stacking_s101,stacking,K01,10,True,True,6,8,0,26,12,False
stacking_s101,stacking,K02,1,True,False,0,8,0,14,0,False
stacking_s101,stacking,K02,5,True,False,2,8,0,16,2,False
stacking_s101,stacking,K02,10,True,True,6,8,0,26,12,False
stacking_s101,stacking,K03,1,True,False,0,8,0,14,0,False
stacking_s101,stacking,K03,5,True,False,2,8,0,16,2,False
stacking_s101,stacking,K03,10,True,True,7,8,0,27,13,False
stacking_s101,stacking,K04,1,True,False,0,8,0,14,0,False
stacking_s101,stacking,K04,5,True,False,2,8,0,16,2,False
stacking_s101,stacking,K04,10,True,True,6,8,0,27,13,False
stacking_s101,stacking,K05,1,True,False,0,8,0,14,0,False
stacking_s101,stacking,K05,5,True,True,1,8,0,16,2,False
stacking_s101,stacking,K05,10,True,True,6,8,0,24,10,False
stacking_s101,stacking,K06,1,True,False,0,8,0,14,0,False
stacking_s101,stacking,K06,5,True,False,2,8,0,16,2,False
stacking_s101,stacking,K06,10,True,False,8,8,0,27,13,False
stacking_s101,stacking,K07,1,True,False,0,8,0,14,0,False
stacking_s101,stacking,K07,5,True,True,1,8,0,16,2,False
stacking_s101,stacking,K07,10,True,True,6,8,0,24,10,False
stacking_s101,stacking,K08,1,True,False,0,8,0,14,0,False
stacking_s101,stacking,K08,5,True,False,2,8,0,16,2,False
stacking_s101,stacking,K08,10,True,True,6,8,0,26,12,False
stacking_s101,stacking,K09,1,True,False,0,8,0,14,0,False
stacking_s101,stacking,K09,5,True,False,2,8,0,16,2,False
stacking_s101,stacking,K09,10,True,True,6,8,0,27,13,False
fage_s101,fage,K01,1,True,False,0,8,0,13,0,False
fage_s101,fage,K01,5,True,False,2,8,0,15,2,False
fage_s101,fage,K01,10,True,True,7,8,0,27,14,False
fage_s101,fage,K02,1,True,False,0,8,0,13,0,False
fage_s101,fage,K02,5,True,False,2,8,0,15,2,False
fage_s101,fage,K02,10,True,True,7,8,0,27,14,False
fage_s101,fage,K03,1,True,False,0,8,0,13,0,False
fage_s101,fage,K03,5,True,False,2,8,0,15,2,False
fage_s101,fage,K03,10,True,True,7,8,0,31,18,False
fage_s101,fage,K04,1,True,False,0,8,0,13,0,False
fage_s101,fage,K04,5,True,False,2,8,0,15,2,False
fage_s101,fage,K04,10,True,True,7,8,0,31,18,False
fage_s101,fage,K05,1,True,False,0,8,0,13,0,False
fage_s101,fage,K05,5,True,True,1,8,0,15,2,False
fage_s101,fage,K05,10,True,True,7,8,0,26,13,False
fage_s101,fage,K06,1,True,False,0,8,0,13,0,False
fage_s101,fage,K06,5,True,False,2,8,0,15,2,False
fage_s101,fage,K06,10,True,False,8,8,0,31,18,False
fage_s101,fage,K07,1,True,False,0,8,0,13,0,False
fage_s101,fage,K07,5,True,True,1,8,0,15,2,False
fage_s101,fage,K07,10,True,True,6,8,0,25,12,False
fage_s101,fage,K08,1,True,False,0,8,0,13,0,False
fage_s101,fage,K08,5,True,False,2,8,0,15,2,False
fage_s101,fage,K08,10,True,True,7,8,0,27,14,False
fage_s101,fage,K09,1,True,False,0,8,0,13,0,False
fage_s101,fage,K09,5,True,False,2,8,0,15,2,False
fage_s101,fage,K09,10,True,True,7,8,0,31,18,False
fage_no_has_url_s101,fage_no_has_url,K01,1,True,False,0,8,0,13,0,False
fage_no_has_url_s101,fage_no_has_url,K01,5,True,False,1,8,0,15,2,False
fage_no_has_url_s101,fage_no_has_url,K01,10,True,True,6,8,0,25,12,False
fage_no_has_url_s101,fage_no_has_url,K02,1,True,False,0,8,0,13,0,False
fage_no_has_url_s101,fage_no_has_url,K02,5,True,False,1,8,0,15,2,False
fage_no_has_url_s101,fage_no_has_url,K02,10,True,True,6,8,0,25,12,False
fage_no_has_url_s101,fage_no_has_url,K03,1,True,False,0,8,0,13,0,False
fage_no_has_url_s101,fage_no_has_url,K03,5,True,False,1,8,0,15,2,False
fage_no_has_url_s101,fage_no_has_url,K03,10,True,True,7,8,0,27,14,False
fage_no_has_url_s101,fage_no_has_url,K04,1,True,False,0,8,0,13,0,False
fage_no_has_url_s101,fage_no_has_url,K04,5,True,False,1,8,0,15,2,False
fage_no_has_url_s101,fage_no_has_url,K04,10,True,True,7,8,0,27,14,False
fage_no_has_url_s101,fage_no_has_url,K05,1,True,False,0,8,0,13,0,False
fage_no_has_url_s101,fage_no_has_url,K05,5,True,False,1,8,0,15,2,False
fage_no_has_url_s101,fage_no_has_url,K05,10,True,True,6,8,0,24,11,False
fage_no_has_url_s101,fage_no_has_url,K06,1,True,False,0,8,0,13,0,False
fage_no_has_url_s101,fage_no_has_url,K06,5,True,False,1,8,0,15,2,False
fage_no_has_url_s101,fage_no_has_url,K06,10,True,False,8,8,0,27,14,False
fage_no_has_url_s101,fage_no_has_url,K07,1,True,False,0,8,0,13,0,False
fage_no_has_url_s101,fage_no_has_url,K07,5,True,True,0,8,0,15,2,False
fage_no_has_url_s101,fage_no_has_url,K07,10,True,True,6,8,0,22,9,False
fage_no_has_url_s101,fage_no_has_url,K08,1,True,False,0,8,0,13,0,False
fage_no_has_url_s101,fage_no_has_url,K08,5,True,False,1,8,0,15,2,False
fage_no_has_url_s101,fage_no_has_url,K08,10,True,True,6,8,0,25,12,False
fage_no_has_url_s101,fage_no_has_url,K09,1,True,False,0,8,0,13,0,False
fage_no_has_url_s101,fage_no_has_url,K09,5,True,False,1,8,0,15,2,False
fage_no_has_url_s101,fage_no_has_url,K09,10,True,True,7,8,0,27,14,False
fage_no_similarity_s101,fage_no_similarity,K01,1,True,False,0,8,0,13,0,False
fage_no_similarity_s101,fage_no_similarity,K01,5,True,False,1,8,0,16,3,False
fage_no_similarity_s101,fage_no_similarity,K01,10,True,True,7,8,0,31,18,False
fage_no_similarity_s101,fage_no_similarity,K02,1,True,False,0,8,0,13,0,False
fage_no_similarity_s101,fage_no_similarity,K02,5,True,False,1,8,0,16,3,False
fage_no_similarity_s101,fage_no_similarity,K02,10,True,True,7,8,0,31,18,False
fage_no_similarity_s101,fage_no_similarity,K03,1,True,False,0,8,0,13,0,False
fage_no_similarity_s101,fage_no_similarity,K03,5,True,False,1,8,0,16,3,False
fage_no_similarity_s101,fage_no_similarity,K03,10,True,True,7,8,0,34,21,False
fage_no_similarity_s101,fage_no_similarity,K04,1,True,False,0,8,0,13,0,False
fage_no_similarity_s101,fage_no_similarity,K04,5,True,False,1,8,0,16,3,False
fage_no_similarity_s101,fage_no_similarity,K04,10,True,True,7,8,0,34,21,False
fage_no_similarity_s101,fage_no_similarity,K05,1,True,False,0,8,0,13,0,False
fage_no_similarity_s101,fage_no_similarity,K05,5,True,False,1,8,0,16,3,False
fage_no_similarity_s101,fage_no_similarity,K05,10,True,True,7,8,0,27,14,False
fage_no_similarity_s101,fage_no_similarity,K06,1,True,False,0,8,0,13,0,False
fage_no_similarity_s101,fage_no_similarity,K06,5,True,False,1,8,0,16,3,False
fage_no_similarity_s101,fage_no_similarity,K06,10,True,False,8,8,0,34,21,False
fage_no_similarity_s101,fage_no_similarity,K07,1,True,False,0,8,0,13,0,False
fage_no_similarity_s101,fage_no_similarity,K07,5,True,True,0,8,0,16,3,False
fage_no_similarity_s101,fage_no_similarity,K07,10,True,True,6,8,0,26,13,False
fage_no_similarity_s101,fage_no_similarity,K08,1,True,False,0,8,0,13,0,False
fage_no_similarity_s101,fage_no_similarity,K08,5,True,False,1,8,0,16,3,False
fage_no_similarity_s101,fage_no_similarity,K08,10,True,True,7,8,0,29,16,False
fage_no_similarity_s101,fage_no_similarity,K09,1,True,False,0,8,0,13,0,False
fage_no_similarity_s101,fage_no_similarity,K09,5,True,False,1,8,0,16,3,False
fage_no_similarity_s101,fage_no_similarity,K09,10,True,True,7,8,0,33,20,False
fage_no_lr_c_s101,fage_no_lr_c,K01,1,True,False,0,8,0,12,0,False
fage_no_lr_c_s101,fage_no_lr_c,K01,5,True,False,0,8,0,13,1,False
fage_no_lr_c_s101,fage_no_lr_c,K01,10,True,True,6,8,0,20,8,False
fage_no_lr_c_s101,fage_no_lr_c,K02,1,True,False,0,8,0,12,0,False
fage_no_lr_c_s101,fage_no_lr_c,K02,5,True,False,0,8,0,13,1,False
fage_no_lr_c_s101,fage_no_lr_c,K02,10,True,True,6,8,0,20,8,False
fage_no_lr_c_s101,fage_no_lr_c,K03,1,True,False,0,8,0,12,0,False
fage_no_lr_c_s101,fage_no_lr_c,K03,5,True,False,0,8,0,13,1,False
fage_no_lr_c_s101,fage_no_lr_c,K03,10,True,False,7,8,0,22,10,False
fage_no_lr_c_s101,fage_no_lr_c,K04,1,True,False,0,8,0,12,0,False
fage_no_lr_c_s101,fage_no_lr_c,K04,5,True,False,0,8,0,13,1,False
fage_no_lr_c_s101,fage_no_lr_c,K04,10,True,True,6,8,0,22,10,False
fage_no_lr_c_s101,fage_no_lr_c,K05,1,True,False,0,8,0,12,0,False
fage_no_lr_c_s101,fage_no_lr_c,K05,5,True,False,0,8,0,13,1,False
fage_no_lr_c_s101,fage_no_lr_c,K05,10,True,True,6,8,0,19,7,False
fage_no_lr_c_s101,fage_no_lr_c,K06,1,True,False,0,8,0,12,0,False
fage_no_lr_c_s101,fage_no_lr_c,K06,5,True,False,0,8,0,13,1,False
fage_no_lr_c_s101,fage_no_lr_c,K06,10,True,False,7,8,0,22,10,False
fage_no_lr_c_s101,fage_no_lr_c,K07,1,True,False,0,8,0,12,0,False
fage_no_lr_c_s101,fage_no_lr_c,K07,5,True,False,0,8,0,13,1,False
fage_no_lr_c_s101,fage_no_lr_c,K07,10,True,True,4,8,0,19,7,False
fage_no_lr_c_s101,fage_no_lr_c,K08,1,True,False,0,8,0,12,0,False
fage_no_lr_c_s101,fage_no_lr_c,K08,5,True,False,0,8,0,13,1,False
fage_no_lr_c_s101,fage_no_lr_c,K08,10,True,True,6,8,0,20,8,False
fage_no_lr_c_s101,fage_no_lr_c,K09,1,True,False,0,8,0,12,0,False
fage_no_lr_c_s101,fage_no_lr_c,K09,5,True,False,0,8,0,13,1,False
fage_no_lr_c_s101,fage_no_lr_c,K09,10,True,True,6,8,0,22,10,False
fage_no_kcbert_s101,fage_no_kcbert,K01,1,False,True,0,2,0,18,1,False
fage_no_kcbert_s101,fage_no_kcbert,K01,5,False,True,1,2,0,24,7,False
fage_no_kcbert_s101,fage_no_kcbert,K01,10,False,True,2,2,0,27,10,False
fage_no_kcbert_s101,fage_no_kcbert,K02,1,False,True,0,2,0,18,1,False
fage_no_kcbert_s101,fage_no_kcbert,K02,5,False,True,1,2,0,26,9,False
fage_no_kcbert_s101,fage_no_kcbert,K02,10,False,True,2,2,0,27,10,False
fage_no_kcbert_s101,fage_no_kcbert,K03,1,True,False,0,1,0,18,1,False
fage_no_kcbert_s101,fage_no_kcbert,K03,5,True,True,1,1,0,28,11,False
fage_no_kcbert_s101,fage_no_kcbert,K03,10,True,True,1,1,0,45,28,False
fage_no_kcbert_s101,fage_no_kcbert,K04,1,False,True,0,2,0,18,1,False
fage_no_kcbert_s101,fage_no_kcbert,K04,5,False,True,2,2,0,27,10,False
fage_no_kcbert_s101,fage_no_kcbert,K04,10,False,True,2,2,0,39,22,False
fage_no_kcbert_s101,fage_no_kcbert,K05,1,False,True,0,2,0,17,0,False
fage_no_kcbert_s101,fage_no_kcbert,K05,5,False,True,1,2,0,20,3,False
fage_no_kcbert_s101,fage_no_kcbert,K05,10,False,True,1,2,0,26,9,False
fage_no_kcbert_s101,fage_no_kcbert,K06,1,True,False,0,1,0,18,1,False
fage_no_kcbert_s101,fage_no_kcbert,K06,5,True,True,1,1,0,32,15,False
fage_no_kcbert_s101,fage_no_kcbert,K06,10,True,True,1,1,0,49,32,False
fage_no_kcbert_s101,fage_no_kcbert,K07,1,False,True,0,2,0,17,0,False
fage_no_kcbert_s101,fage_no_kcbert,K07,5,False,True,1,2,0,18,1,False
fage_no_kcbert_s101,fage_no_kcbert,K07,10,False,True,1,2,0,26,9,False
fage_no_kcbert_s101,fage_no_kcbert,K08,1,False,True,0,2,0,18,1,False
fage_no_kcbert_s101,fage_no_kcbert,K08,5,False,True,1,2,0,24,7,False
fage_no_kcbert_s101,fage_no_kcbert,K08,10,False,True,2,2,0,27,10,False
fage_no_kcbert_s101,fage_no_kcbert,K09,1,False,True,0,2,0,18,1,False
fage_no_kcbert_s101,fage_no_kcbert,K09,5,False,True,2,2,0,27,10,False
fage_no_kcbert_s101,fage_no_kcbert,K09,10,False,True,2,2,0,35,18,False
fage_no_url_s101,fage_no_url,K01,1,True,False,0,8,0,13,0,False
fage_no_url_s101,fage_no_url,K01,5,True,False,0,8,0,15,2,False
fage_no_url_s101,fage_no_url,K01,10,True,True,4,8,0,20,7,False
fage_no_url_s101,fage_no_url,K02,1,True,False,0,8,0,13,0,False
fage_no_url_s101,fage_no_url,K02,5,True,False,0,8,0,15,2,False
fage_no_url_s101,fage_no_url,K02,10,True,True,4,8,0,20,7,False
fage_no_url_s101,fage_no_url,K03,1,True,False,0,8,0,13,0,False
fage_no_url_s101,fage_no_url,K03,5,True,False,0,8,0,15,2,False
fage_no_url_s101,fage_no_url,K03,10,True,False,5,8,0,20,7,False
fage_no_url_s101,fage_no_url,K04,1,True,False,0,8,0,13,0,False
fage_no_url_s101,fage_no_url,K04,5,True,False,0,8,0,15,2,False
fage_no_url_s101,fage_no_url,K04,10,True,False,5,8,0,20,7,False
fage_no_url_s101,fage_no_url,K05,1,True,False,0,8,0,13,0,False
fage_no_url_s101,fage_no_url,K05,5,True,False,0,8,0,15,2,False
fage_no_url_s101,fage_no_url,K05,10,True,True,4,8,0,19,6,False
fage_no_url_s101,fage_no_url,K06,1,True,False,0,8,0,13,0,False
fage_no_url_s101,fage_no_url,K06,5,True,False,0,8,0,15,2,False
fage_no_url_s101,fage_no_url,K06,10,True,False,5,8,0,20,7,False
fage_no_url_s101,fage_no_url,K07,1,True,False,0,8,0,13,0,False
fage_no_url_s101,fage_no_url,K07,5,True,False,0,8,0,15,2,False
fage_no_url_s101,fage_no_url,K07,10,True,True,4,8,0,18,5,False
fage_no_url_s101,fage_no_url,K08,1,True,False,0,8,0,13,0,False
fage_no_url_s101,fage_no_url,K08,5,True,False,0,8,0,15,2,False
fage_no_url_s101,fage_no_url,K08,10,True,True,4,8,0,19,6,False
fage_no_url_s101,fage_no_url,K09,1,True,False,0,8,0,13,0,False
fage_no_url_s101,fage_no_url,K09,5,True,False,0,8,0,15,2,False
fage_no_url_s101,fage_no_url,K09,10,True,False,5,8,0,20,7,False
fage_no_disagreement_s101,fage_no_disagreement,K01,1,True,False,0,8,0,13,0,False
fage_no_disagreement_s101,fage_no_disagreement,K01,5,True,False,1,8,0,15,2,False
fage_no_disagreement_s101,fage_no_disagreement,K01,10,True,True,6,8,0,24,11,False
fage_no_disagreement_s101,fage_no_disagreement,K02,1,True,False,0,8,0,13,0,False
fage_no_disagreement_s101,fage_no_disagreement,K02,5,True,False,1,8,0,15,2,False
fage_no_disagreement_s101,fage_no_disagreement,K02,10,True,True,6,8,0,24,11,False
fage_no_disagreement_s101,fage_no_disagreement,K03,1,True,False,0,8,0,13,0,False
fage_no_disagreement_s101,fage_no_disagreement,K03,5,True,False,1,8,0,15,2,False
fage_no_disagreement_s101,fage_no_disagreement,K03,10,True,True,7,8,0,27,14,False
fage_no_disagreement_s101,fage_no_disagreement,K04,1,True,False,0,8,0,13,0,False
fage_no_disagreement_s101,fage_no_disagreement,K04,5,True,False,1,8,0,15,2,False
fage_no_disagreement_s101,fage_no_disagreement,K04,10,True,True,7,8,0,25,12,False
fage_no_disagreement_s101,fage_no_disagreement,K05,1,True,False,0,8,0,13,0,False
fage_no_disagreement_s101,fage_no_disagreement,K05,5,True,False,1,8,0,15,2,False
fage_no_disagreement_s101,fage_no_disagreement,K05,10,True,True,6,8,0,24,11,False
fage_no_disagreement_s101,fage_no_disagreement,K06,1,True,False,0,8,0,13,0,False
fage_no_disagreement_s101,fage_no_disagreement,K06,5,True,False,1,8,0,15,2,False
fage_no_disagreement_s101,fage_no_disagreement,K06,10,True,False,8,8,0,26,13,False
fage_no_disagreement_s101,fage_no_disagreement,K07,1,True,False,0,8,0,13,0,False
fage_no_disagreement_s101,fage_no_disagreement,K07,5,True,True,0,8,0,15,2,False
fage_no_disagreement_s101,fage_no_disagreement,K07,10,True,True,6,8,0,22,9,False
fage_no_disagreement_s101,fage_no_disagreement,K08,1,True,False,0,8,0,13,0,False
fage_no_disagreement_s101,fage_no_disagreement,K08,5,True,False,1,8,0,15,2,False
fage_no_disagreement_s101,fage_no_disagreement,K08,10,True,True,6,8,0,24,11,False
fage_no_disagreement_s101,fage_no_disagreement,K09,1,True,False,0,8,0,13,0,False
fage_no_disagreement_s101,fage_no_disagreement,K09,5,True,False,1,8,0,15,2,False
fage_no_disagreement_s101,fage_no_disagreement,K09,10,True,True,6,8,0,25,12,False
fage_no_url_free_weight_s101,fage_no_url_free_weight,K01,1,True,False,0,8,0,15,0,False
fage_no_url_free_weight_s101,fage_no_url_free_weight,K01,5,True,True,5,8,0,22,7,False
fage_no_url_free_weight_s101,fage_no_url_free_weight,K01,10,True,True,8,8,0,45,30,False
fage_no_url_free_weight_s101,fage_no_url_free_weight,K02,1,True,False,0,8,0,15,0,False
fage_no_url_free_weight_s101,fage_no_url_free_weight,K02,5,True,True,5,8,0,22,7,False
fage_no_url_free_weight_s101,fage_no_url_free_weight,K02,10,True,True,8,8,0,47,32,False
fage_no_url_free_weight_s101,fage_no_url_free_weight,K03,1,True,False,0,8,0,15,0,False
fage_no_url_free_weight_s101,fage_no_url_free_weight,K03,5,True,False,6,8,0,22,7,False
fage_no_url_free_weight_s101,fage_no_url_free_weight,K03,10,True,True,8,8,0,50,35,False
fage_no_url_free_weight_s101,fage_no_url_free_weight,K04,1,True,False,0,8,0,15,0,False
fage_no_url_free_weight_s101,fage_no_url_free_weight,K04,5,True,False,6,8,0,22,7,False
fage_no_url_free_weight_s101,fage_no_url_free_weight,K04,10,True,True,8,8,0,49,34,False
fage_no_url_free_weight_s101,fage_no_url_free_weight,K05,1,True,False,0,8,0,15,0,False
fage_no_url_free_weight_s101,fage_no_url_free_weight,K05,5,True,True,5,8,0,22,7,False
fage_no_url_free_weight_s101,fage_no_url_free_weight,K05,10,True,True,8,8,0,42,27,False
fage_no_url_free_weight_s101,fage_no_url_free_weight,K06,1,True,False,0,8,0,15,0,False
fage_no_url_free_weight_s101,fage_no_url_free_weight,K06,5,True,False,6,8,0,22,7,False
fage_no_url_free_weight_s101,fage_no_url_free_weight,K06,10,True,True,8,8,0,50,35,False
fage_no_url_free_weight_s101,fage_no_url_free_weight,K07,1,True,False,0,8,0,15,0,False
fage_no_url_free_weight_s101,fage_no_url_free_weight,K07,5,True,True,5,8,0,22,7,False
fage_no_url_free_weight_s101,fage_no_url_free_weight,K07,10,True,True,8,8,0,38,23,False
fage_no_url_free_weight_s101,fage_no_url_free_weight,K08,1,True,False,0,8,0,15,0,False
fage_no_url_free_weight_s101,fage_no_url_free_weight,K08,5,True,True,5,8,0,22,7,False
fage_no_url_free_weight_s101,fage_no_url_free_weight,K08,10,True,True,8,8,0,44,29,False
fage_no_url_free_weight_s101,fage_no_url_free_weight,K09,1,True,False,0,8,0,15,0,False
fage_no_url_free_weight_s101,fage_no_url_free_weight,K09,5,True,True,5,8,0,22,7,False
fage_no_url_free_weight_s101,fage_no_url_free_weight,K09,10,True,True,8,8,0,49,34,False
equal_weight_s101,equal_weight,K01,1,False,True,2,2,0,44,22,False
equal_weight_s101,equal_weight,K01,5,False,True,2,2,0,179,157,False
equal_weight_s101,equal_weight,K01,10,False,True,2,2,0,194,172,False
equal_weight_s101,equal_weight,K02,1,False,True,2,2,0,48,26,False
equal_weight_s101,equal_weight,K02,5,False,True,2,2,0,179,157,False
equal_weight_s101,equal_weight,K02,10,False,True,2,2,0,196,174,False
equal_weight_s101,equal_weight,K03,1,True,True,1,1,0,51,29,False
equal_weight_s101,equal_weight,K03,5,True,True,1,1,0,185,163,False
equal_weight_s101,equal_weight,K03,10,True,True,1,1,0,203,181,False
equal_weight_s101,equal_weight,K04,1,False,True,2,2,0,50,28,False
equal_weight_s101,equal_weight,K04,5,False,True,2,2,0,182,160,False
equal_weight_s101,equal_weight,K04,10,False,True,2,2,0,199,177,False
equal_weight_s101,equal_weight,K05,1,False,True,2,2,0,50,28,False
equal_weight_s101,equal_weight,K05,5,False,True,2,2,0,179,157,False
equal_weight_s101,equal_weight,K05,10,False,True,2,2,0,192,170,False
equal_weight_s101,equal_weight,K06,1,True,True,1,1,0,52,30,False
equal_weight_s101,equal_weight,K06,5,True,True,1,1,0,179,157,False
equal_weight_s101,equal_weight,K06,10,True,True,1,1,0,204,182,False
equal_weight_s101,equal_weight,K07,1,False,True,2,2,0,49,27,False
equal_weight_s101,equal_weight,K07,5,False,True,2,2,0,175,153,False
equal_weight_s101,equal_weight,K07,10,False,True,2,2,0,190,168,False
equal_weight_s101,equal_weight,K08,1,False,True,2,2,0,51,29,False
equal_weight_s101,equal_weight,K08,5,False,True,2,2,0,179,157,False
equal_weight_s101,equal_weight,K08,10,False,True,2,2,0,192,170,False
equal_weight_s101,equal_weight,K09,1,False,True,2,2,0,45,23,False
equal_weight_s101,equal_weight,K09,5,False,True,2,2,0,180,158,False
equal_weight_s101,equal_weight,K09,10,False,True,2,2,0,199,177,False
fixed_weight_s101,fixed_weight,K01,1,False,True,2,2,0,48,25,False
fixed_weight_s101,fixed_weight,K01,5,False,True,2,2,0,169,146,False
fixed_weight_s101,fixed_weight,K01,10,False,True,2,2,0,174,151,False
fixed_weight_s101,fixed_weight,K02,1,False,True,2,2,0,50,27,False
fixed_weight_s101,fixed_weight,K02,5,False,True,2,2,0,169,146,False
fixed_weight_s101,fixed_weight,K02,10,False,True,2,2,0,175,152,False
fixed_weight_s101,fixed_weight,K03,1,True,True,1,1,0,52,29,False
fixed_weight_s101,fixed_weight,K03,5,True,True,1,1,0,170,147,False
fixed_weight_s101,fixed_weight,K03,10,True,True,1,1,0,182,159,False
fixed_weight_s101,fixed_weight,K04,1,False,True,2,2,0,51,28,False
fixed_weight_s101,fixed_weight,K04,5,False,True,2,2,0,169,146,False
fixed_weight_s101,fixed_weight,K04,10,False,True,2,2,0,177,154,False
fixed_weight_s101,fixed_weight,K05,1,False,True,2,2,0,52,29,False
fixed_weight_s101,fixed_weight,K05,5,False,True,2,2,0,168,145,False
fixed_weight_s101,fixed_weight,K05,10,False,True,2,2,0,174,151,False
fixed_weight_s101,fixed_weight,K06,1,True,True,1,1,0,53,30,False
fixed_weight_s101,fixed_weight,K06,5,True,True,1,1,0,167,144,False
fixed_weight_s101,fixed_weight,K06,10,True,True,1,1,0,184,161,False
fixed_weight_s101,fixed_weight,K07,1,False,True,2,2,0,49,26,False
fixed_weight_s101,fixed_weight,K07,5,False,True,2,2,0,168,145,False
fixed_weight_s101,fixed_weight,K07,10,False,True,2,2,0,174,151,False
fixed_weight_s101,fixed_weight,K08,1,False,True,2,2,0,52,29,False
fixed_weight_s101,fixed_weight,K08,5,False,True,2,2,0,169,146,False
fixed_weight_s101,fixed_weight,K08,10,False,True,2,2,0,174,151,False
fixed_weight_s101,fixed_weight,K09,1,False,True,2,2,0,48,25,False
fixed_weight_s101,fixed_weight,K09,5,False,True,2,2,0,168,145,False
fixed_weight_s101,fixed_weight,K09,10,False,True,2,2,0,177,154,False
word_expert_s202,word_expert,K01,1,False,True,0,0,0,16,0,False
word_expert_s202,word_expert,K01,5,False,True,0,0,0,19,3,False
word_expert_s202,word_expert,K01,10,False,True,0,0,0,28,12,False
word_expert_s202,word_expert,K02,1,False,True,0,0,0,16,0,False
word_expert_s202,word_expert,K02,5,False,True,0,0,0,21,5,False
word_expert_s202,word_expert,K02,10,False,True,0,0,0,33,17,False
word_expert_s202,word_expert,K03,1,False,True,0,0,0,16,0,False
word_expert_s202,word_expert,K03,5,False,True,0,0,0,21,5,False
word_expert_s202,word_expert,K03,10,False,True,0,0,0,36,20,False
word_expert_s202,word_expert,K04,1,False,True,0,0,0,16,0,False
word_expert_s202,word_expert,K04,5,False,True,0,0,0,21,5,False
word_expert_s202,word_expert,K04,10,False,True,0,0,0,32,16,False
word_expert_s202,word_expert,K05,1,False,True,0,0,0,16,0,False
word_expert_s202,word_expert,K05,5,False,True,0,0,0,18,2,False
word_expert_s202,word_expert,K05,10,False,True,0,0,0,24,8,False
word_expert_s202,word_expert,K06,1,False,True,0,0,0,16,0,False
word_expert_s202,word_expert,K06,5,False,True,0,0,0,23,7,False
word_expert_s202,word_expert,K06,10,False,True,0,0,0,41,25,False
word_expert_s202,word_expert,K07,1,False,True,0,0,0,16,0,False
word_expert_s202,word_expert,K07,5,False,True,0,0,0,18,2,False
word_expert_s202,word_expert,K07,10,False,True,0,0,0,21,5,False
word_expert_s202,word_expert,K08,1,False,True,0,0,0,16,0,False
word_expert_s202,word_expert,K08,5,False,True,0,0,0,19,3,False
word_expert_s202,word_expert,K08,10,False,True,0,0,0,28,12,False
word_expert_s202,word_expert,K09,1,False,True,0,0,0,16,0,False
word_expert_s202,word_expert,K09,5,False,True,0,0,0,21,5,False
word_expert_s202,word_expert,K09,10,False,True,0,0,0,33,17,False
stacking_s202,stacking,K01,1,False,True,1,4,0,15,1,False
stacking_s202,stacking,K01,5,False,True,3,4,0,24,10,False
stacking_s202,stacking,K01,10,False,True,4,4,0,28,14,False
stacking_s202,stacking,K02,1,False,True,1,4,0,15,1,False
stacking_s202,stacking,K02,5,False,True,3,4,0,24,10,False
stacking_s202,stacking,K02,10,False,True,4,4,0,28,14,False
stacking_s202,stacking,K03,1,True,False,2,3,0,15,1,False
stacking_s202,stacking,K03,5,True,True,3,3,0,25,11,False
stacking_s202,stacking,K03,10,True,True,3,3,0,33,19,False
stacking_s202,stacking,K04,1,True,True,0,3,0,15,1,False
stacking_s202,stacking,K04,5,True,True,2,3,0,25,11,False
stacking_s202,stacking,K04,10,True,True,3,3,0,30,16,False
stacking_s202,stacking,K05,1,False,True,0,4,0,15,1,False
stacking_s202,stacking,K05,5,False,True,3,4,0,23,9,False
stacking_s202,stacking,K05,10,False,True,4,4,0,25,11,False
stacking_s202,stacking,K06,1,True,False,2,3,0,15,1,False
stacking_s202,stacking,K06,5,True,True,3,3,0,25,11,False
stacking_s202,stacking,K06,10,True,True,3,3,0,34,20,False
stacking_s202,stacking,K07,1,False,True,0,4,0,15,1,False
stacking_s202,stacking,K07,5,False,True,3,4,0,23,9,False
stacking_s202,stacking,K07,10,False,True,4,4,0,25,11,False
stacking_s202,stacking,K08,1,False,True,0,4,0,15,1,False
stacking_s202,stacking,K08,5,False,True,3,4,0,24,10,False
stacking_s202,stacking,K08,10,False,True,4,4,0,26,12,False
stacking_s202,stacking,K09,1,True,False,1,3,0,15,1,False
stacking_s202,stacking,K09,5,True,True,2,3,0,25,11,False
stacking_s202,stacking,K09,10,True,True,3,3,0,30,16,False
fage_s202,fage,K01,1,False,True,1,1,0,22,1,False
fage_s202,fage,K01,5,False,True,1,1,0,28,7,False
fage_s202,fage,K01,10,False,True,1,1,0,37,16,False
fage_s202,fage,K02,1,False,True,1,1,0,22,1,False
fage_s202,fage,K02,5,False,True,1,1,0,28,7,False
fage_s202,fage,K02,10,False,True,1,1,0,37,16,False
fage_s202,fage,K03,1,False,True,1,1,0,23,2,False
fage_s202,fage,K03,5,False,True,1,1,0,31,10,False
fage_s202,fage,K03,10,False,True,1,1,0,42,21,False
fage_s202,fage,K04,1,False,True,1,1,0,23,2,False
fage_s202,fage,K04,5,False,True,1,1,0,28,7,False
fage_s202,fage,K04,10,False,True,1,1,0,39,18,False
fage_s202,fage,K05,1,False,True,1,1,0,22,1,False
fage_s202,fage,K05,5,False,True,1,1,0,28,7,False
fage_s202,fage,K05,10,False,True,1,1,0,31,10,False
fage_s202,fage,K06,1,True,True,0,0,0,23,2,False
fage_s202,fage,K06,5,True,True,0,0,0,35,14,False
fage_s202,fage,K06,10,True,True,0,0,0,49,28,False
fage_s202,fage,K07,1,False,True,1,1,0,22,1,False
fage_s202,fage,K07,5,False,True,1,1,0,28,7,False
fage_s202,fage,K07,10,False,True,1,1,0,32,11,False
fage_s202,fage,K08,1,False,True,1,1,0,22,1,False
fage_s202,fage,K08,5,False,True,1,1,0,28,7,False
fage_s202,fage,K08,10,False,True,1,1,0,35,14,False
fage_s202,fage,K09,1,False,True,1,1,0,23,2,False
fage_s202,fage,K09,5,False,True,1,1,0,28,7,False
fage_s202,fage,K09,10,False,True,1,1,0,40,19,False
fage_no_has_url_s202,fage_no_has_url,K01,1,False,True,0,0,0,22,2,False
fage_no_has_url_s202,fage_no_has_url,K01,5,False,True,0,0,0,28,8,False
fage_no_has_url_s202,fage_no_has_url,K01,10,False,True,0,0,0,35,15,False
fage_no_has_url_s202,fage_no_has_url,K02,1,False,True,0,0,0,22,2,False
fage_no_has_url_s202,fage_no_has_url,K02,5,False,True,0,0,0,28,8,False
fage_no_has_url_s202,fage_no_has_url,K02,10,False,True,0,0,0,35,15,False
fage_no_has_url_s202,fage_no_has_url,K03,1,False,True,0,0,0,24,4,False
fage_no_has_url_s202,fage_no_has_url,K03,5,False,True,0,0,0,29,9,False
fage_no_has_url_s202,fage_no_has_url,K03,10,False,True,0,0,0,40,20,False
fage_no_has_url_s202,fage_no_has_url,K04,1,False,True,0,0,0,22,2,False
fage_no_has_url_s202,fage_no_has_url,K04,5,False,True,0,0,0,28,8,False
fage_no_has_url_s202,fage_no_has_url,K04,10,False,True,0,0,0,37,17,False
fage_no_has_url_s202,fage_no_has_url,K05,1,False,True,0,0,0,22,2,False
fage_no_has_url_s202,fage_no_has_url,K05,5,False,True,0,0,0,27,7,False
fage_no_has_url_s202,fage_no_has_url,K05,10,False,True,0,0,0,30,10,False
fage_no_has_url_s202,fage_no_has_url,K06,1,False,True,0,0,0,24,4,False
fage_no_has_url_s202,fage_no_has_url,K06,5,False,True,0,0,0,34,14,False
fage_no_has_url_s202,fage_no_has_url,K06,10,False,True,0,0,0,46,26,False
fage_no_has_url_s202,fage_no_has_url,K07,1,False,True,0,0,0,22,2,False
fage_no_has_url_s202,fage_no_has_url,K07,5,False,True,0,0,0,28,8,False
fage_no_has_url_s202,fage_no_has_url,K07,10,False,True,0,0,0,31,11,False
fage_no_has_url_s202,fage_no_has_url,K08,1,False,True,0,0,0,22,2,False
fage_no_has_url_s202,fage_no_has_url,K08,5,False,True,0,0,0,28,8,False
fage_no_has_url_s202,fage_no_has_url,K08,10,False,True,0,0,0,35,15,False
fage_no_has_url_s202,fage_no_has_url,K09,1,False,True,0,0,0,22,2,False
fage_no_has_url_s202,fage_no_has_url,K09,5,False,True,0,0,0,28,8,False
fage_no_has_url_s202,fage_no_has_url,K09,10,False,True,0,0,0,37,17,False
fage_no_similarity_s202,fage_no_similarity,K01,1,False,True,2,4,0,18,3,False
fage_no_similarity_s202,fage_no_similarity,K01,5,False,True,4,4,0,28,13,False
fage_no_similarity_s202,fage_no_similarity,K01,10,False,True,4,4,0,37,22,False
fage_no_similarity_s202,fage_no_similarity,K02,1,False,True,2,4,0,18,3,False
fage_no_similarity_s202,fage_no_similarity,K02,5,False,True,4,4,0,28,13,False
fage_no_similarity_s202,fage_no_similarity,K02,10,False,True,4,4,0,37,22,False
fage_no_similarity_s202,fage_no_similarity,K03,1,True,False,2,3,0,18,3,False
fage_no_similarity_s202,fage_no_similarity,K03,5,True,True,3,3,0,31,16,False
fage_no_similarity_s202,fage_no_similarity,K03,10,True,True,3,3,0,39,24,False
fage_no_similarity_s202,fage_no_similarity,K04,1,True,True,1,3,0,18,3,False
fage_no_similarity_s202,fage_no_similarity,K04,5,True,True,3,3,0,29,14,False
fage_no_similarity_s202,fage_no_similarity,K04,10,True,True,3,3,0,38,23,False
fage_no_similarity_s202,fage_no_similarity,K05,1,False,True,2,4,0,18,3,False
fage_no_similarity_s202,fage_no_similarity,K05,5,False,True,4,4,0,26,11,False
fage_no_similarity_s202,fage_no_similarity,K05,10,False,True,4,4,0,33,18,False
fage_no_similarity_s202,fage_no_similarity,K06,1,True,False,2,3,0,18,3,False
fage_no_similarity_s202,fage_no_similarity,K06,5,True,True,3,3,0,32,17,False
fage_no_similarity_s202,fage_no_similarity,K06,10,True,True,3,3,0,45,30,False
fage_no_similarity_s202,fage_no_similarity,K07,1,False,True,2,4,0,18,3,False
fage_no_similarity_s202,fage_no_similarity,K07,5,False,True,4,4,0,26,11,False
fage_no_similarity_s202,fage_no_similarity,K07,10,False,True,4,4,0,33,18,False
fage_no_similarity_s202,fage_no_similarity,K08,1,False,True,2,4,0,18,3,False
fage_no_similarity_s202,fage_no_similarity,K08,5,False,True,4,4,0,26,11,False
fage_no_similarity_s202,fage_no_similarity,K08,10,False,True,4,4,0,33,18,False
fage_no_similarity_s202,fage_no_similarity,K09,1,True,True,1,3,0,18,3,False
fage_no_similarity_s202,fage_no_similarity,K09,5,True,True,3,3,0,29,14,False
fage_no_similarity_s202,fage_no_similarity,K09,10,True,True,3,3,0,38,23,False
fage_no_lr_c_s202,fage_no_lr_c,K01,1,False,True,2,4,0,14,1,False
fage_no_lr_c_s202,fage_no_lr_c,K01,5,False,True,4,4,0,19,6,False
fage_no_lr_c_s202,fage_no_lr_c,K01,10,False,True,4,4,0,23,10,False
fage_no_lr_c_s202,fage_no_lr_c,K02,1,False,True,2,4,0,14,1,False
fage_no_lr_c_s202,fage_no_lr_c,K02,5,False,True,4,4,0,19,6,False
fage_no_lr_c_s202,fage_no_lr_c,K02,10,False,True,4,4,0,24,11,False
fage_no_lr_c_s202,fage_no_lr_c,K03,1,True,False,2,3,0,14,1,False
fage_no_lr_c_s202,fage_no_lr_c,K03,5,True,True,3,3,0,20,7,False
fage_no_lr_c_s202,fage_no_lr_c,K03,10,True,True,3,3,0,25,12,False
fage_no_lr_c_s202,fage_no_lr_c,K04,1,True,True,1,3,0,14,1,False
fage_no_lr_c_s202,fage_no_lr_c,K04,5,True,True,3,3,0,20,7,False
fage_no_lr_c_s202,fage_no_lr_c,K04,10,True,True,3,3,0,24,11,False
fage_no_lr_c_s202,fage_no_lr_c,K05,1,False,True,2,4,0,14,1,False
fage_no_lr_c_s202,fage_no_lr_c,K05,5,False,True,3,4,0,19,6,False
fage_no_lr_c_s202,fage_no_lr_c,K05,10,False,True,4,4,0,21,8,False
fage_no_lr_c_s202,fage_no_lr_c,K06,1,True,False,2,3,0,14,1,False
fage_no_lr_c_s202,fage_no_lr_c,K06,5,True,True,3,3,0,21,8,False
fage_no_lr_c_s202,fage_no_lr_c,K06,10,True,True,3,3,0,30,17,False
fage_no_lr_c_s202,fage_no_lr_c,K07,1,False,True,2,4,0,14,1,False
fage_no_lr_c_s202,fage_no_lr_c,K07,5,False,True,3,4,0,19,6,False
fage_no_lr_c_s202,fage_no_lr_c,K07,10,False,True,4,4,0,21,8,False
fage_no_lr_c_s202,fage_no_lr_c,K08,1,False,True,2,4,0,14,1,False
fage_no_lr_c_s202,fage_no_lr_c,K08,5,False,True,3,4,0,19,6,False
fage_no_lr_c_s202,fage_no_lr_c,K08,10,False,True,4,4,0,21,8,False
fage_no_lr_c_s202,fage_no_lr_c,K09,1,True,True,1,3,0,14,1,False
fage_no_lr_c_s202,fage_no_lr_c,K09,5,True,True,3,3,0,20,7,False
fage_no_lr_c_s202,fage_no_lr_c,K09,10,True,True,3,3,0,24,11,False
fage_no_kcbert_s202,fage_no_kcbert,K01,1,False,True,0,0,0,22,1,False
fage_no_kcbert_s202,fage_no_kcbert,K01,5,False,True,0,0,0,22,1,False
fage_no_kcbert_s202,fage_no_kcbert,K01,10,False,True,0,0,0,26,5,False
fage_no_kcbert_s202,fage_no_kcbert,K02,1,False,True,0,0,0,22,1,False
fage_no_kcbert_s202,fage_no_kcbert,K02,5,False,True,0,0,0,22,1,False
fage_no_kcbert_s202,fage_no_kcbert,K02,10,False,True,0,0,0,26,5,False
fage_no_kcbert_s202,fage_no_kcbert,K03,1,False,True,0,0,0,22,1,False
fage_no_kcbert_s202,fage_no_kcbert,K03,5,False,True,0,0,0,26,5,False
fage_no_kcbert_s202,fage_no_kcbert,K03,10,False,True,0,0,0,31,10,False
fage_no_kcbert_s202,fage_no_kcbert,K04,1,False,True,0,0,0,22,1,False
fage_no_kcbert_s202,fage_no_kcbert,K04,5,False,True,0,0,0,24,3,False
fage_no_kcbert_s202,fage_no_kcbert,K04,10,False,True,0,0,0,26,5,False
fage_no_kcbert_s202,fage_no_kcbert,K05,1,False,True,0,0,0,22,1,False
fage_no_kcbert_s202,fage_no_kcbert,K05,5,False,True,0,0,0,22,1,False
fage_no_kcbert_s202,fage_no_kcbert,K05,10,False,True,0,0,0,22,1,False
fage_no_kcbert_s202,fage_no_kcbert,K06,1,False,True,0,0,0,22,1,False
fage_no_kcbert_s202,fage_no_kcbert,K06,5,False,True,0,0,0,27,6,False
fage_no_kcbert_s202,fage_no_kcbert,K06,10,False,True,0,0,0,38,17,False
fage_no_kcbert_s202,fage_no_kcbert,K07,1,False,True,0,0,0,22,1,False
fage_no_kcbert_s202,fage_no_kcbert,K07,5,False,True,0,0,0,22,1,False
fage_no_kcbert_s202,fage_no_kcbert,K07,10,False,True,0,0,0,23,2,False
fage_no_kcbert_s202,fage_no_kcbert,K08,1,False,True,0,0,0,22,1,False
fage_no_kcbert_s202,fage_no_kcbert,K08,5,False,True,0,0,0,22,1,False
fage_no_kcbert_s202,fage_no_kcbert,K08,10,False,True,0,0,0,26,5,False
fage_no_kcbert_s202,fage_no_kcbert,K09,1,False,True,0,0,0,22,1,False
fage_no_kcbert_s202,fage_no_kcbert,K09,5,False,True,0,0,0,23,2,False
fage_no_kcbert_s202,fage_no_kcbert,K09,10,False,True,0,0,0,26,5,False
fage_no_url_s202,fage_no_url,K01,1,False,True,0,1,0,22,3,False
fage_no_url_s202,fage_no_url,K01,5,False,True,1,1,0,25,6,False
fage_no_url_s202,fage_no_url,K01,10,False,True,1,1,0,28,9,False
fage_no_url_s202,fage_no_url,K02,1,False,True,0,1,0,22,3,False
fage_no_url_s202,fage_no_url,K02,5,False,True,1,1,0,25,6,False
fage_no_url_s202,fage_no_url,K02,10,False,True,1,1,0,28,9,False
fage_no_url_s202,fage_no_url,K03,1,False,True,0,1,0,23,4,False
fage_no_url_s202,fage_no_url,K03,5,False,True,1,1,0,26,7,False
fage_no_url_s202,fage_no_url,K03,10,False,True,1,1,0,31,12,False
fage_no_url_s202,fage_no_url,K04,1,False,True,0,1,0,22,3,False
fage_no_url_s202,fage_no_url,K04,5,False,True,1,1,0,25,6,False
fage_no_url_s202,fage_no_url,K04,10,False,True,1,1,0,29,10,False
fage_no_url_s202,fage_no_url,K05,1,False,True,0,1,0,22,3,False
fage_no_url_s202,fage_no_url,K05,5,False,True,1,1,0,24,5,False
fage_no_url_s202,fage_no_url,K05,10,False,True,1,1,0,25,6,False
fage_no_url_s202,fage_no_url,K06,1,True,False,0,0,0,23,4,False
fage_no_url_s202,fage_no_url,K06,5,True,True,0,0,0,28,9,False
fage_no_url_s202,fage_no_url,K06,10,True,True,0,0,0,36,17,False
fage_no_url_s202,fage_no_url,K07,1,False,True,0,1,0,22,3,False
fage_no_url_s202,fage_no_url,K07,5,False,True,1,1,0,24,5,False
fage_no_url_s202,fage_no_url,K07,10,False,True,1,1,0,26,7,False
fage_no_url_s202,fage_no_url,K08,1,False,True,0,1,0,22,3,False
fage_no_url_s202,fage_no_url,K08,5,False,True,1,1,0,24,5,False
fage_no_url_s202,fage_no_url,K08,10,False,True,1,1,0,26,7,False
fage_no_url_s202,fage_no_url,K09,1,False,True,0,1,0,22,3,False
fage_no_url_s202,fage_no_url,K09,5,False,True,1,1,0,25,6,False
fage_no_url_s202,fage_no_url,K09,10,False,True,1,1,0,29,10,False
fage_no_disagreement_s202,fage_no_disagreement,K01,1,False,True,1,1,0,22,1,False
fage_no_disagreement_s202,fage_no_disagreement,K01,5,False,True,1,1,0,28,7,False
fage_no_disagreement_s202,fage_no_disagreement,K01,10,False,True,1,1,0,34,13,False
fage_no_disagreement_s202,fage_no_disagreement,K02,1,False,True,1,1,0,22,1,False
fage_no_disagreement_s202,fage_no_disagreement,K02,5,False,True,1,1,0,28,7,False
fage_no_disagreement_s202,fage_no_disagreement,K02,10,False,True,1,1,0,32,11,False
fage_no_disagreement_s202,fage_no_disagreement,K03,1,False,True,1,1,0,22,1,False
fage_no_disagreement_s202,fage_no_disagreement,K03,5,False,True,1,1,0,28,7,False
fage_no_disagreement_s202,fage_no_disagreement,K03,10,False,True,1,1,0,39,18,False
fage_no_disagreement_s202,fage_no_disagreement,K04,1,False,True,1,1,0,22,1,False
fage_no_disagreement_s202,fage_no_disagreement,K04,5,False,True,1,1,0,28,7,False
fage_no_disagreement_s202,fage_no_disagreement,K04,10,False,True,1,1,0,35,14,False
fage_no_disagreement_s202,fage_no_disagreement,K05,1,False,True,1,1,0,22,1,False
fage_no_disagreement_s202,fage_no_disagreement,K05,5,False,True,1,1,0,26,5,False
fage_no_disagreement_s202,fage_no_disagreement,K05,10,False,True,1,1,0,28,7,False
fage_no_disagreement_s202,fage_no_disagreement,K06,1,True,True,0,0,0,22,1,False
fage_no_disagreement_s202,fage_no_disagreement,K06,5,True,True,0,0,0,31,10,False
fage_no_disagreement_s202,fage_no_disagreement,K06,10,True,True,0,0,0,43,22,False
fage_no_disagreement_s202,fage_no_disagreement,K07,1,False,True,1,1,0,22,1,False
fage_no_disagreement_s202,fage_no_disagreement,K07,5,False,True,1,1,0,28,7,False
fage_no_disagreement_s202,fage_no_disagreement,K07,10,False,True,1,1,0,31,10,False
fage_no_disagreement_s202,fage_no_disagreement,K08,1,False,True,1,1,0,22,1,False
fage_no_disagreement_s202,fage_no_disagreement,K08,5,False,True,1,1,0,28,7,False
fage_no_disagreement_s202,fage_no_disagreement,K08,10,False,True,1,1,0,32,11,False
fage_no_disagreement_s202,fage_no_disagreement,K09,1,False,True,1,1,0,22,1,False
fage_no_disagreement_s202,fage_no_disagreement,K09,5,False,True,1,1,0,28,7,False
fage_no_disagreement_s202,fage_no_disagreement,K09,10,False,True,1,1,0,35,14,False
fage_no_url_free_weight_s202,fage_no_url_free_weight,K01,1,False,True,2,4,0,13,0,True
fage_no_url_free_weight_s202,fage_no_url_free_weight,K01,5,False,True,4,4,0,20,7,False
fage_no_url_free_weight_s202,fage_no_url_free_weight,K01,10,False,True,4,4,0,24,11,False
fage_no_url_free_weight_s202,fage_no_url_free_weight,K02,1,False,True,2,4,0,13,0,True
fage_no_url_free_weight_s202,fage_no_url_free_weight,K02,5,False,True,4,4,0,20,7,False
fage_no_url_free_weight_s202,fage_no_url_free_weight,K02,10,False,True,4,4,0,24,11,False
fage_no_url_free_weight_s202,fage_no_url_free_weight,K03,1,True,False,2,3,0,13,0,True
fage_no_url_free_weight_s202,fage_no_url_free_weight,K03,5,True,True,3,3,0,21,8,False
fage_no_url_free_weight_s202,fage_no_url_free_weight,K03,10,True,True,3,3,0,27,14,False
fage_no_url_free_weight_s202,fage_no_url_free_weight,K04,1,True,True,1,3,0,13,0,True
fage_no_url_free_weight_s202,fage_no_url_free_weight,K04,5,True,True,3,3,0,20,7,False
fage_no_url_free_weight_s202,fage_no_url_free_weight,K04,10,True,True,3,3,0,24,11,False
fage_no_url_free_weight_s202,fage_no_url_free_weight,K05,1,False,True,2,4,0,13,0,True
fage_no_url_free_weight_s202,fage_no_url_free_weight,K05,5,False,True,3,4,0,20,7,False
fage_no_url_free_weight_s202,fage_no_url_free_weight,K05,10,False,True,4,4,0,21,8,False
fage_no_url_free_weight_s202,fage_no_url_free_weight,K06,1,True,False,2,3,0,13,0,True
fage_no_url_free_weight_s202,fage_no_url_free_weight,K06,5,True,True,3,3,0,22,9,False
fage_no_url_free_weight_s202,fage_no_url_free_weight,K06,10,True,True,3,3,0,31,18,False
fage_no_url_free_weight_s202,fage_no_url_free_weight,K07,1,False,True,2,4,0,13,0,True
fage_no_url_free_weight_s202,fage_no_url_free_weight,K07,5,False,True,3,4,0,20,7,False
fage_no_url_free_weight_s202,fage_no_url_free_weight,K07,10,False,True,4,4,0,22,9,False
fage_no_url_free_weight_s202,fage_no_url_free_weight,K08,1,False,True,2,4,0,13,0,True
fage_no_url_free_weight_s202,fage_no_url_free_weight,K08,5,False,True,3,4,0,20,7,False
fage_no_url_free_weight_s202,fage_no_url_free_weight,K08,10,False,True,4,4,0,23,10,False
fage_no_url_free_weight_s202,fage_no_url_free_weight,K09,1,True,True,1,3,0,13,0,True
fage_no_url_free_weight_s202,fage_no_url_free_weight,K09,5,True,True,3,3,0,20,7,False
fage_no_url_free_weight_s202,fage_no_url_free_weight,K09,10,True,True,3,3,0,24,11,False
equal_weight_s202,equal_weight,K01,1,False,True,0,0,0,50,25,False
equal_weight_s202,equal_weight,K01,5,False,True,0,0,0,180,155,False
equal_weight_s202,equal_weight,K01,10,False,True,0,0,0,190,165,False
equal_weight_s202,equal_weight,K02,1,False,True,0,0,0,50,25,False
equal_weight_s202,equal_weight,K02,5,False,True,0,0,0,182,157,False
equal_weight_s202,equal_weight,K02,10,False,True,0,0,0,190,165,False
equal_weight_s202,equal_weight,K03,1,False,True,0,0,0,49,24,False
equal_weight_s202,equal_weight,K03,5,False,True,0,0,0,182,157,False
equal_weight_s202,equal_weight,K03,10,False,True,0,0,0,195,170,False
equal_weight_s202,equal_weight,K04,1,False,True,0,0,0,49,24,False
equal_weight_s202,equal_weight,K04,5,False,True,0,0,0,180,155,False
equal_weight_s202,equal_weight,K04,10,False,True,0,0,0,193,168,False
equal_weight_s202,equal_weight,K05,1,False,True,0,0,0,49,24,False
equal_weight_s202,equal_weight,K05,5,False,True,0,0,0,174,149,False
equal_weight_s202,equal_weight,K05,10,False,True,0,0,0,189,164,False
equal_weight_s202,equal_weight,K06,1,False,True,0,0,0,48,23,False
equal_weight_s202,equal_weight,K06,5,False,True,0,0,0,177,152,False
equal_weight_s202,equal_weight,K06,10,False,True,0,0,0,197,172,False
equal_weight_s202,equal_weight,K07,1,False,True,0,0,0,46,21,False
equal_weight_s202,equal_weight,K07,5,False,True,0,0,0,176,151,False
equal_weight_s202,equal_weight,K07,10,False,True,0,0,0,188,163,False
equal_weight_s202,equal_weight,K08,1,False,True,0,0,0,50,25,False
equal_weight_s202,equal_weight,K08,5,False,True,0,0,0,180,155,False
equal_weight_s202,equal_weight,K08,10,False,True,0,0,0,190,165,False
equal_weight_s202,equal_weight,K09,1,False,True,0,0,0,46,21,False
equal_weight_s202,equal_weight,K09,5,False,True,0,0,0,176,151,False
equal_weight_s202,equal_weight,K09,10,False,True,0,0,0,191,166,False
fixed_weight_s202,fixed_weight,K01,1,False,True,1,1,0,39,18,False
fixed_weight_s202,fixed_weight,K01,5,False,True,1,1,0,159,138,False
fixed_weight_s202,fixed_weight,K01,10,False,True,1,1,0,169,148,False
fixed_weight_s202,fixed_weight,K02,1,False,True,1,1,0,40,19,False
fixed_weight_s202,fixed_weight,K02,5,False,True,1,1,0,165,144,False
fixed_weight_s202,fixed_weight,K02,10,False,True,1,1,0,169,148,False
fixed_weight_s202,fixed_weight,K03,1,False,True,1,1,0,39,18,False
fixed_weight_s202,fixed_weight,K03,5,False,True,1,1,0,163,142,False
fixed_weight_s202,fixed_weight,K03,10,False,True,1,1,0,172,151,False
fixed_weight_s202,fixed_weight,K04,1,False,True,1,1,0,39,18,False
fixed_weight_s202,fixed_weight,K04,5,False,True,1,1,0,160,139,False
fixed_weight_s202,fixed_weight,K04,10,False,True,1,1,0,171,150,False
fixed_weight_s202,fixed_weight,K05,1,False,True,1,1,0,39,18,False
fixed_weight_s202,fixed_weight,K05,5,False,True,1,1,0,154,133,False
fixed_weight_s202,fixed_weight,K05,10,False,True,1,1,0,169,148,False
fixed_weight_s202,fixed_weight,K06,1,True,True,0,0,0,40,19,False
fixed_weight_s202,fixed_weight,K06,5,True,True,0,0,0,160,139,False
fixed_weight_s202,fixed_weight,K06,10,True,True,0,0,0,175,154,False
fixed_weight_s202,fixed_weight,K07,1,False,True,1,1,0,38,17,False
fixed_weight_s202,fixed_weight,K07,5,False,True,1,1,0,157,136,False
fixed_weight_s202,fixed_weight,K07,10,False,True,1,1,0,169,148,False
fixed_weight_s202,fixed_weight,K08,1,False,True,1,1,0,40,19,False
fixed_weight_s202,fixed_weight,K08,5,False,True,1,1,0,160,139,False
fixed_weight_s202,fixed_weight,K08,10,False,True,1,1,0,169,148,False
fixed_weight_s202,fixed_weight,K09,1,False,True,1,1,0,39,18,False
fixed_weight_s202,fixed_weight,K09,5,False,True,1,1,0,157,136,False
fixed_weight_s202,fixed_weight,K09,10,False,True,1,1,0,170,149,False
word_expert_s303,word_expert,K01,1,True,False,1,9,0,6,0,True
word_expert_s303,word_expert,K01,5,True,True,3,9,0,8,2,False
word_expert_s303,word_expert,K01,10,True,True,6,9,0,9,3,False
word_expert_s303,word_expert,K02,1,True,False,2,9,0,6,0,True
word_expert_s303,word_expert,K02,5,True,True,3,9,0,8,2,False
word_expert_s303,word_expert,K02,10,True,True,6,9,0,9,3,False
word_expert_s303,word_expert,K03,1,True,False,2,9,0,6,0,True
word_expert_s303,word_expert,K03,5,True,False,7,9,0,8,2,False
word_expert_s303,word_expert,K03,10,True,True,8,9,0,10,4,False
word_expert_s303,word_expert,K04,1,True,False,2,9,0,6,0,True
word_expert_s303,word_expert,K04,5,True,True,4,9,0,8,2,False
word_expert_s303,word_expert,K04,10,True,True,6,9,0,9,3,False
word_expert_s303,word_expert,K05,1,True,True,0,9,0,6,0,False
word_expert_s303,word_expert,K05,5,True,True,3,9,0,8,2,False
word_expert_s303,word_expert,K05,10,True,True,6,9,0,9,3,False
word_expert_s303,word_expert,K06,1,True,False,2,9,0,6,0,True
word_expert_s303,word_expert,K06,5,True,False,7,9,0,8,2,False
word_expert_s303,word_expert,K06,10,True,False,9,9,0,10,4,False
word_expert_s303,word_expert,K07,1,False,True,1,10,0,6,0,True
word_expert_s303,word_expert,K07,5,False,True,2,10,0,8,2,False
word_expert_s303,word_expert,K07,10,False,True,5,10,0,8,2,False
word_expert_s303,word_expert,K08,1,True,False,1,9,0,6,0,True
word_expert_s303,word_expert,K08,5,True,True,3,9,0,8,2,False
word_expert_s303,word_expert,K08,10,True,True,6,9,0,9,3,False
word_expert_s303,word_expert,K09,1,True,False,2,9,0,6,0,True
word_expert_s303,word_expert,K09,5,True,True,4,9,0,8,2,False
word_expert_s303,word_expert,K09,10,True,True,6,9,0,9,3,False
stacking_s303,stacking,K01,1,True,False,0,8,0,15,1,False
stacking_s303,stacking,K01,5,True,False,0,8,0,19,5,False
stacking_s303,stacking,K01,10,True,False,2,8,0,23,9,False
stacking_s303,stacking,K02,1,True,False,0,8,0,15,1,False
stacking_s303,stacking,K02,5,True,False,0,8,0,19,5,False
stacking_s303,stacking,K02,10,True,False,2,8,0,23,9,False
stacking_s303,stacking,K03,1,True,False,0,8,0,15,1,False
stacking_s303,stacking,K03,5,True,False,0,8,0,19,5,False
stacking_s303,stacking,K03,10,True,False,5,8,0,25,11,False
stacking_s303,stacking,K04,1,True,False,0,8,0,15,1,False
stacking_s303,stacking,K04,5,True,False,0,8,0,19,5,False
stacking_s303,stacking,K04,10,True,False,5,8,0,24,10,False
stacking_s303,stacking,K05,1,True,False,0,8,0,15,1,False
stacking_s303,stacking,K05,5,True,False,0,8,0,19,5,False
stacking_s303,stacking,K05,10,True,True,1,8,0,23,9,False
stacking_s303,stacking,K06,1,True,False,0,8,0,15,1,False
stacking_s303,stacking,K06,5,True,False,0,8,0,19,5,False
stacking_s303,stacking,K06,10,True,False,5,8,0,25,11,False
stacking_s303,stacking,K07,1,True,False,0,8,0,15,1,False
stacking_s303,stacking,K07,5,True,False,0,8,0,19,5,False
stacking_s303,stacking,K07,10,True,True,0,8,0,23,9,False
stacking_s303,stacking,K08,1,True,False,0,8,0,15,1,False
stacking_s303,stacking,K08,5,True,False,0,8,0,19,5,False
stacking_s303,stacking,K08,10,True,False,2,8,0,23,9,False
stacking_s303,stacking,K09,1,True,False,0,8,0,15,1,False
stacking_s303,stacking,K09,5,True,False,0,8,0,19,5,False
stacking_s303,stacking,K09,10,True,False,3,8,0,24,10,False
fage_s303,fage,K01,1,True,False,0,8,0,13,1,False
fage_s303,fage,K01,5,True,False,1,8,0,20,8,False
fage_s303,fage,K01,10,True,True,5,8,0,24,12,False
fage_s303,fage,K02,1,True,False,0,8,0,13,1,False
fage_s303,fage,K02,5,True,False,0,8,0,20,8,False
fage_s303,fage,K02,10,True,True,5,8,0,24,12,False
fage_s303,fage,K03,1,True,False,0,8,0,13,1,False
fage_s303,fage,K03,5,True,False,1,8,0,22,10,False
fage_s303,fage,K03,10,True,False,7,8,0,28,16,False
fage_s303,fage,K04,1,True,False,0,8,0,13,1,False
fage_s303,fage,K04,5,True,False,1,8,0,22,10,False
fage_s303,fage,K04,10,True,True,6,8,0,27,15,False
fage_s303,fage,K05,1,True,False,0,8,0,13,1,False
fage_s303,fage,K05,5,True,False,0,8,0,20,8,False
fage_s303,fage,K05,10,True,True,4,8,0,23,11,False
fage_s303,fage,K06,1,True,False,0,8,0,13,1,False
fage_s303,fage,K06,5,True,False,1,8,0,22,10,False
fage_s303,fage,K06,10,True,False,7,8,0,31,19,False
fage_s303,fage,K07,1,True,False,0,8,0,13,1,False
fage_s303,fage,K07,5,True,False,0,8,0,20,8,False
fage_s303,fage,K07,10,True,True,4,8,0,23,11,False
fage_s303,fage,K08,1,True,False,0,8,0,13,1,False
fage_s303,fage,K08,5,True,False,1,8,0,20,8,False
fage_s303,fage,K08,10,True,True,5,8,0,24,12,False
fage_s303,fage,K09,1,True,False,0,8,0,13,1,False
fage_s303,fage,K09,5,True,False,1,8,0,21,9,False
fage_s303,fage,K09,10,True,True,5,8,0,25,13,False
fage_no_has_url_s303,fage_no_has_url,K01,1,True,False,0,8,0,13,1,False
fage_no_has_url_s303,fage_no_has_url,K01,5,True,False,0,8,0,20,8,False
fage_no_has_url_s303,fage_no_has_url,K01,10,True,True,4,8,0,23,11,False
fage_no_has_url_s303,fage_no_has_url,K02,1,True,False,0,8,0,13,1,False
fage_no_has_url_s303,fage_no_has_url,K02,5,True,False,0,8,0,20,8,False
fage_no_has_url_s303,fage_no_has_url,K02,10,True,True,4,8,0,23,11,False
fage_no_has_url_s303,fage_no_has_url,K03,1,True,False,0,8,0,13,1,False
fage_no_has_url_s303,fage_no_has_url,K03,5,True,False,0,8,0,21,9,False
fage_no_has_url_s303,fage_no_has_url,K03,10,True,False,7,8,0,27,15,False
fage_no_has_url_s303,fage_no_has_url,K04,1,True,False,0,8,0,13,1,False
fage_no_has_url_s303,fage_no_has_url,K04,5,True,False,0,8,0,20,8,False
fage_no_has_url_s303,fage_no_has_url,K04,10,True,False,6,8,0,25,13,False
fage_no_has_url_s303,fage_no_has_url,K05,1,True,False,0,8,0,13,1,False
fage_no_has_url_s303,fage_no_has_url,K05,5,True,False,0,8,0,19,7,False
fage_no_has_url_s303,fage_no_has_url,K05,10,True,True,2,8,0,23,11,False
fage_no_has_url_s303,fage_no_has_url,K06,1,True,False,0,8,0,13,1,False
fage_no_has_url_s303,fage_no_has_url,K06,5,True,False,0,8,0,22,10,False
fage_no_has_url_s303,fage_no_has_url,K06,10,True,False,7,8,0,27,15,False
fage_no_has_url_s303,fage_no_has_url,K07,1,True,False,0,8,0,13,1,False
fage_no_has_url_s303,fage_no_has_url,K07,5,True,False,0,8,0,19,7,False
fage_no_has_url_s303,fage_no_has_url,K07,10,True,True,1,8,0,23,11,False
fage_no_has_url_s303,fage_no_has_url,K08,1,True,False,0,8,0,13,1,False
fage_no_has_url_s303,fage_no_has_url,K08,5,True,False,0,8,0,20,8,False
fage_no_has_url_s303,fage_no_has_url,K08,10,True,True,4,8,0,23,11,False
fage_no_has_url_s303,fage_no_has_url,K09,1,True,False,0,8,0,13,1,False
fage_no_has_url_s303,fage_no_has_url,K09,5,True,False,0,8,0,20,8,False
fage_no_has_url_s303,fage_no_has_url,K09,10,True,True,5,8,0,23,11,False
fage_no_similarity_s303,fage_no_similarity,K01,1,True,False,0,8,0,15,1,False
fage_no_similarity_s303,fage_no_similarity,K01,5,True,False,0,8,0,22,8,False
fage_no_similarity_s303,fage_no_similarity,K01,10,True,False,2,8,0,26,12,False
fage_no_similarity_s303,fage_no_similarity,K02,1,True,False,0,8,0,15,1,False
fage_no_similarity_s303,fage_no_similarity,K02,5,True,False,0,8,0,22,8,False
fage_no_similarity_s303,fage_no_similarity,K02,10,True,False,1,8,0,25,11,False
fage_no_similarity_s303,fage_no_similarity,K03,1,True,False,0,8,0,15,1,False
fage_no_similarity_s303,fage_no_similarity,K03,5,True,False,0,8,0,22,8,False
fage_no_similarity_s303,fage_no_similarity,K03,10,True,False,6,8,0,28,14,False
fage_no_similarity_s303,fage_no_similarity,K04,1,True,False,0,8,0,15,1,False
fage_no_similarity_s303,fage_no_similarity,K04,5,True,False,0,8,0,22,8,False
fage_no_similarity_s303,fage_no_similarity,K04,10,True,False,4,8,0,28,14,False
fage_no_similarity_s303,fage_no_similarity,K05,1,True,False,0,8,0,15,1,False
fage_no_similarity_s303,fage_no_similarity,K05,5,True,False,0,8,0,22,8,False
fage_no_similarity_s303,fage_no_similarity,K05,10,True,False,1,8,0,25,11,False
fage_no_similarity_s303,fage_no_similarity,K06,1,True,False,0,8,0,15,1,False
fage_no_similarity_s303,fage_no_similarity,K06,5,True,False,0,8,0,22,8,False
fage_no_similarity_s303,fage_no_similarity,K06,10,True,False,6,8,0,28,14,False
fage_no_similarity_s303,fage_no_similarity,K07,1,True,False,0,8,0,15,1,False
fage_no_similarity_s303,fage_no_similarity,K07,5,True,False,0,8,0,22,8,False
fage_no_similarity_s303,fage_no_similarity,K07,10,True,False,0,8,0,24,10,False
fage_no_similarity_s303,fage_no_similarity,K08,1,True,False,0,8,0,15,1,False
fage_no_similarity_s303,fage_no_similarity,K08,5,True,False,0,8,0,22,8,False
fage_no_similarity_s303,fage_no_similarity,K08,10,True,False,1,8,0,25,11,False
fage_no_similarity_s303,fage_no_similarity,K09,1,True,False,0,8,0,15,1,False
fage_no_similarity_s303,fage_no_similarity,K09,5,True,False,0,8,0,22,8,False
fage_no_similarity_s303,fage_no_similarity,K09,10,True,False,2,8,0,26,12,False
fage_no_lr_c_s303,fage_no_lr_c,K01,1,True,False,0,8,0,12,0,False
fage_no_lr_c_s303,fage_no_lr_c,K01,5,True,False,0,8,0,18,6,False
fage_no_lr_c_s303,fage_no_lr_c,K01,10,True,False,2,8,0,21,9,False
fage_no_lr_c_s303,fage_no_lr_c,K02,1,True,False,0,8,0,12,0,False
fage_no_lr_c_s303,fage_no_lr_c,K02,5,True,False,0,8,0,18,6,False
fage_no_lr_c_s303,fage_no_lr_c,K02,10,True,False,2,8,0,21,9,False
fage_no_lr_c_s303,fage_no_lr_c,K03,1,True,False,0,8,0,12,0,False
fage_no_lr_c_s303,fage_no_lr_c,K03,5,True,False,0,8,0,19,7,False
fage_no_lr_c_s303,fage_no_lr_c,K03,10,True,False,6,8,0,25,13,False
fage_no_lr_c_s303,fage_no_lr_c,K04,1,True,False,0,8,0,12,0,False
fage_no_lr_c_s303,fage_no_lr_c,K04,5,True,False,0,8,0,19,7,False
fage_no_lr_c_s303,fage_no_lr_c,K04,10,True,False,2,8,0,22,10,False
fage_no_lr_c_s303,fage_no_lr_c,K05,1,True,False,0,8,0,12,0,False
fage_no_lr_c_s303,fage_no_lr_c,K05,5,True,False,0,8,0,18,6,False
fage_no_lr_c_s303,fage_no_lr_c,K05,10,True,False,1,8,0,20,8,False
fage_no_lr_c_s303,fage_no_lr_c,K06,1,True,False,0,8,0,12,0,False
fage_no_lr_c_s303,fage_no_lr_c,K06,5,True,False,0,8,0,19,7,False
fage_no_lr_c_s303,fage_no_lr_c,K06,10,True,False,7,8,0,25,13,False
fage_no_lr_c_s303,fage_no_lr_c,K07,1,True,False,0,8,0,12,0,False
fage_no_lr_c_s303,fage_no_lr_c,K07,5,True,False,0,8,0,18,6,False
fage_no_lr_c_s303,fage_no_lr_c,K07,10,True,True,0,8,0,20,8,False
fage_no_lr_c_s303,fage_no_lr_c,K08,1,True,False,0,8,0,12,0,False
fage_no_lr_c_s303,fage_no_lr_c,K08,5,True,False,0,8,0,19,7,False
fage_no_lr_c_s303,fage_no_lr_c,K08,10,True,False,2,8,0,22,10,False
fage_no_lr_c_s303,fage_no_lr_c,K09,1,True,False,0,8,0,12,0,False
fage_no_lr_c_s303,fage_no_lr_c,K09,5,True,False,0,8,0,19,7,False
fage_no_lr_c_s303,fage_no_lr_c,K09,10,True,False,2,8,0,22,10,False
fage_no_kcbert_s303,fage_no_kcbert,K01,1,True,True,1,6,0,11,0,True
fage_no_kcbert_s303,fage_no_kcbert,K01,5,True,True,2,6,0,11,0,True
fage_no_kcbert_s303,fage_no_kcbert,K01,10,True,True,3,6,0,14,3,False
fage_no_kcbert_s303,fage_no_kcbert,K02,1,True,True,1,6,0,11,0,True
fage_no_kcbert_s303,fage_no_kcbert,K02,5,True,True,2,6,0,11,0,True
fage_no_kcbert_s303,fage_no_kcbert,K02,10,True,True,3,6,0,14,3,False
fage_no_kcbert_s303,fage_no_kcbert,K03,1,True,False,3,6,0,11,0,True
fage_no_kcbert_s303,fage_no_kcbert,K03,5,True,False,5,6,0,15,4,False
fage_no_kcbert_s303,fage_no_kcbert,K03,10,True,True,6,6,0,20,9,False
fage_no_kcbert_s303,fage_no_kcbert,K04,1,True,False,2,6,0,11,0,True
fage_no_kcbert_s303,fage_no_kcbert,K04,5,True,False,4,6,0,14,3,False
fage_no_kcbert_s303,fage_no_kcbert,K04,10,True,True,5,6,0,18,7,False
fage_no_kcbert_s303,fage_no_kcbert,K05,1,False,True,1,7,0,11,0,True
fage_no_kcbert_s303,fage_no_kcbert,K05,5,False,True,3,7,0,11,0,True
fage_no_kcbert_s303,fage_no_kcbert,K05,10,False,True,4,7,0,13,2,False
fage_no_kcbert_s303,fage_no_kcbert,K06,1,True,False,3,6,0,11,0,True
fage_no_kcbert_s303,fage_no_kcbert,K06,5,True,False,5,6,0,15,4,False
fage_no_kcbert_s303,fage_no_kcbert,K06,10,True,True,6,6,0,23,12,False
fage_no_kcbert_s303,fage_no_kcbert,K07,1,False,True,0,7,0,11,0,False
fage_no_kcbert_s303,fage_no_kcbert,K07,5,False,True,3,7,0,11,0,True
fage_no_kcbert_s303,fage_no_kcbert,K07,10,False,True,3,7,0,11,0,True
fage_no_kcbert_s303,fage_no_kcbert,K08,1,True,False,2,6,0,11,0,True
fage_no_kcbert_s303,fage_no_kcbert,K08,5,True,True,2,6,0,11,0,True
fage_no_kcbert_s303,fage_no_kcbert,K08,10,True,True,4,6,0,15,4,False
fage_no_kcbert_s303,fage_no_kcbert,K09,1,True,False,2,6,0,11,0,True
fage_no_kcbert_s303,fage_no_kcbert,K09,5,True,True,3,6,0,12,1,False
fage_no_kcbert_s303,fage_no_kcbert,K09,10,True,True,4,6,0,16,5,False
fage_no_url_s303,fage_no_url,K01,1,True,False,0,8,0,13,1,False
fage_no_url_s303,fage_no_url,K01,5,True,False,1,8,0,16,4,False
fage_no_url_s303,fage_no_url,K01,10,True,False,2,8,0,20,8,False
fage_no_url_s303,fage_no_url,K02,1,True,False,0,8,0,13,1,False
fage_no_url_s303,fage_no_url,K02,5,True,False,1,8,0,15,3,False
fage_no_url_s303,fage_no_url,K02,10,True,False,2,8,0,20,8,False
fage_no_url_s303,fage_no_url,K03,1,True,False,0,8,0,13,1,False
fage_no_url_s303,fage_no_url,K03,5,True,False,1,8,0,17,5,False
fage_no_url_s303,fage_no_url,K03,10,True,False,5,8,0,23,11,False
fage_no_url_s303,fage_no_url,K04,1,True,False,0,8,0,13,1,False
fage_no_url_s303,fage_no_url,K04,5,True,False,1,8,0,16,4,False
fage_no_url_s303,fage_no_url,K04,10,True,False,2,8,0,21,9,False
fage_no_url_s303,fage_no_url,K05,1,True,False,0,8,0,13,1,False
fage_no_url_s303,fage_no_url,K05,5,True,False,0,8,0,14,2,False
fage_no_url_s303,fage_no_url,K05,10,True,False,1,8,0,19,7,False
fage_no_url_s303,fage_no_url,K06,1,True,False,0,8,0,13,1,False
fage_no_url_s303,fage_no_url,K06,5,True,False,1,8,0,17,5,False
fage_no_url_s303,fage_no_url,K06,10,True,False,5,8,0,23,11,False
fage_no_url_s303,fage_no_url,K07,1,True,False,0,8,0,13,1,False
fage_no_url_s303,fage_no_url,K07,5,True,False,0,8,0,14,2,False
fage_no_url_s303,fage_no_url,K07,10,True,True,0,8,0,16,4,False
fage_no_url_s303,fage_no_url,K08,1,True,False,0,8,0,13,1,False
fage_no_url_s303,fage_no_url,K08,5,True,False,1,8,0,16,4,False
fage_no_url_s303,fage_no_url,K08,10,True,False,2,8,0,20,8,False
fage_no_url_s303,fage_no_url,K09,1,True,False,0,8,0,13,1,False
fage_no_url_s303,fage_no_url,K09,5,True,False,1,8,0,16,4,False
fage_no_url_s303,fage_no_url,K09,10,True,False,2,8,0,20,8,False
fage_no_disagreement_s303,fage_no_disagreement,K01,1,True,False,0,8,0,14,2,False
fage_no_disagreement_s303,fage_no_disagreement,K01,5,True,False,0,8,0,20,8,False
fage_no_disagreement_s303,fage_no_disagreement,K01,10,True,True,4,8,0,23,11,False
fage_no_disagreement_s303,fage_no_disagreement,K02,1,True,False,0,8,0,14,2,False
fage_no_disagreement_s303,fage_no_disagreement,K02,5,True,False,0,8,0,20,8,False
fage_no_disagreement_s303,fage_no_disagreement,K02,10,True,True,4,8,0,23,11,False
fage_no_disagreement_s303,fage_no_disagreement,K03,1,True,False,0,8,0,14,2,False
fage_no_disagreement_s303,fage_no_disagreement,K03,5,True,False,1,8,0,21,9,False
fage_no_disagreement_s303,fage_no_disagreement,K03,10,True,False,7,8,0,27,15,False
fage_no_disagreement_s303,fage_no_disagreement,K04,1,True,False,0,8,0,14,2,False
fage_no_disagreement_s303,fage_no_disagreement,K04,5,True,False,1,8,0,21,9,False
fage_no_disagreement_s303,fage_no_disagreement,K04,10,True,False,6,8,0,25,13,False
fage_no_disagreement_s303,fage_no_disagreement,K05,1,True,False,0,8,0,14,2,False
fage_no_disagreement_s303,fage_no_disagreement,K05,5,True,False,0,8,0,20,8,False
fage_no_disagreement_s303,fage_no_disagreement,K05,10,True,True,4,8,0,23,11,False
fage_no_disagreement_s303,fage_no_disagreement,K06,1,True,False,0,8,0,14,2,False
fage_no_disagreement_s303,fage_no_disagreement,K06,5,True,False,1,8,0,21,9,False
fage_no_disagreement_s303,fage_no_disagreement,K06,10,True,False,7,8,0,28,16,False
fage_no_disagreement_s303,fage_no_disagreement,K07,1,True,False,0,8,0,13,1,False
fage_no_disagreement_s303,fage_no_disagreement,K07,5,True,False,0,8,0,19,7,False
fage_no_disagreement_s303,fage_no_disagreement,K07,10,True,True,1,8,0,23,11,False
fage_no_disagreement_s303,fage_no_disagreement,K08,1,True,False,0,8,0,14,2,False
fage_no_disagreement_s303,fage_no_disagreement,K08,5,True,False,0,8,0,20,8,False
fage_no_disagreement_s303,fage_no_disagreement,K08,10,True,True,4,8,0,23,11,False
fage_no_disagreement_s303,fage_no_disagreement,K09,1,True,False,0,8,0,14,2,False
fage_no_disagreement_s303,fage_no_disagreement,K09,5,True,False,1,8,0,20,8,False
fage_no_disagreement_s303,fage_no_disagreement,K09,10,True,True,5,8,0,24,12,False
fage_no_url_free_weight_s303,fage_no_url_free_weight,K01,1,True,False,0,8,0,15,3,False
fage_no_url_free_weight_s303,fage_no_url_free_weight,K01,5,True,False,3,8,0,18,6,False
fage_no_url_free_weight_s303,fage_no_url_free_weight,K01,10,True,True,6,8,0,25,13,False
fage_no_url_free_weight_s303,fage_no_url_free_weight,K02,1,True,False,0,8,0,15,3,False
fage_no_url_free_weight_s303,fage_no_url_free_weight,K02,5,True,True,2,8,0,18,6,False
fage_no_url_free_weight_s303,fage_no_url_free_weight,K02,10,True,True,6,8,0,24,12,False
fage_no_url_free_weight_s303,fage_no_url_free_weight,K03,1,True,False,0,8,0,15,3,False
fage_no_url_free_weight_s303,fage_no_url_free_weight,K03,5,True,False,5,8,0,18,6,False
fage_no_url_free_weight_s303,fage_no_url_free_weight,K03,10,True,True,7,8,0,34,22,False
fage_no_url_free_weight_s303,fage_no_url_free_weight,K04,1,True,False,0,8,0,15,3,False
fage_no_url_free_weight_s303,fage_no_url_free_weight,K04,5,True,False,5,8,0,18,6,False
fage_no_url_free_weight_s303,fage_no_url_free_weight,K04,10,True,True,6,8,0,28,16,False
fage_no_url_free_weight_s303,fage_no_url_free_weight,K05,1,True,False,0,8,0,15,3,False
fage_no_url_free_weight_s303,fage_no_url_free_weight,K05,5,True,True,1,8,0,17,5,False
fage_no_url_free_weight_s303,fage_no_url_free_weight,K05,10,True,True,6,8,0,24,12,False
fage_no_url_free_weight_s303,fage_no_url_free_weight,K06,1,True,False,0,8,0,15,3,False
fage_no_url_free_weight_s303,fage_no_url_free_weight,K06,5,True,False,5,8,0,18,6,False
fage_no_url_free_weight_s303,fage_no_url_free_weight,K06,10,True,True,8,8,0,35,23,False
fage_no_url_free_weight_s303,fage_no_url_free_weight,K07,1,True,False,0,8,0,15,3,False
fage_no_url_free_weight_s303,fage_no_url_free_weight,K07,5,True,True,1,8,0,17,5,False
fage_no_url_free_weight_s303,fage_no_url_free_weight,K07,10,True,True,5,8,0,21,9,False
fage_no_url_free_weight_s303,fage_no_url_free_weight,K08,1,True,False,0,8,0,15,3,False
fage_no_url_free_weight_s303,fage_no_url_free_weight,K08,5,True,False,3,8,0,18,6,False
fage_no_url_free_weight_s303,fage_no_url_free_weight,K08,10,True,True,6,8,0,25,13,False
fage_no_url_free_weight_s303,fage_no_url_free_weight,K09,1,True,False,0,8,0,15,3,False
fage_no_url_free_weight_s303,fage_no_url_free_weight,K09,5,True,False,4,8,0,18,6,False
fage_no_url_free_weight_s303,fage_no_url_free_weight,K09,10,True,True,6,8,0,27,15,False
equal_weight_s303,equal_weight,K01,1,True,True,7,7,0,26,12,False
equal_weight_s303,equal_weight,K01,5,True,True,7,7,0,74,60,False
equal_weight_s303,equal_weight,K01,10,True,True,7,7,0,101,87,False
equal_weight_s303,equal_weight,K02,1,True,True,7,7,0,28,14,False
equal_weight_s303,equal_weight,K02,5,True,True,7,7,0,75,61,False
equal_weight_s303,equal_weight,K02,10,True,True,7,7,0,103,89,False
equal_weight_s303,equal_weight,K03,1,True,True,7,7,0,27,13,False
equal_weight_s303,equal_weight,K03,5,True,True,7,7,0,87,73,False
equal_weight_s303,equal_weight,K03,10,True,True,7,7,0,119,105,False
equal_weight_s303,equal_weight,K04,1,True,True,7,7,0,28,14,False
equal_weight_s303,equal_weight,K04,5,True,True,7,7,0,80,66,False
equal_weight_s303,equal_weight,K04,10,True,True,7,7,0,112,98,False
equal_weight_s303,equal_weight,K05,1,True,True,7,7,0,28,14,False
equal_weight_s303,equal_weight,K05,5,True,True,7,7,0,72,58,False
equal_weight_s303,equal_weight,K05,10,True,True,7,7,0,97,83,False
equal_weight_s303,equal_weight,K06,1,True,True,7,7,0,28,14,False
equal_weight_s303,equal_weight,K06,5,True,True,7,7,0,87,73,False
equal_weight_s303,equal_weight,K06,10,True,True,7,7,0,124,110,False
equal_weight_s303,equal_weight,K07,1,False,True,8,8,0,26,12,False
equal_weight_s303,equal_weight,K07,5,False,True,8,8,0,71,57,False
equal_weight_s303,equal_weight,K07,10,False,True,8,8,0,93,79,False
equal_weight_s303,equal_weight,K08,1,True,True,7,7,0,27,13,False
equal_weight_s303,equal_weight,K08,5,True,True,7,7,0,76,62,False
equal_weight_s303,equal_weight,K08,10,True,True,7,7,0,102,88,False
equal_weight_s303,equal_weight,K09,1,True,True,7,7,0,27,13,False
equal_weight_s303,equal_weight,K09,5,True,True,7,7,0,79,65,False
equal_weight_s303,equal_weight,K09,10,True,True,7,7,0,112,98,False
fixed_weight_s303,fixed_weight,K01,1,True,True,7,7,0,26,12,False
fixed_weight_s303,fixed_weight,K01,5,True,True,7,7,0,72,58,False
fixed_weight_s303,fixed_weight,K01,10,True,True,7,7,0,95,81,False
fixed_weight_s303,fixed_weight,K02,1,True,True,7,7,0,28,14,False
fixed_weight_s303,fixed_weight,K02,5,True,True,7,7,0,72,58,False
fixed_weight_s303,fixed_weight,K02,10,True,True,7,7,0,96,82,False
fixed_weight_s303,fixed_weight,K03,1,True,True,7,7,0,27,13,False
fixed_weight_s303,fixed_weight,K03,5,True,True,7,7,0,82,68,False
fixed_weight_s303,fixed_weight,K03,10,True,True,7,7,0,110,96,False
fixed_weight_s303,fixed_weight,K04,1,True,True,7,7,0,28,14,False
fixed_weight_s303,fixed_weight,K04,5,True,True,7,7,0,75,61,False
fixed_weight_s303,fixed_weight,K04,10,True,True,7,7,0,103,89,False
fixed_weight_s303,fixed_weight,K05,1,True,True,7,7,0,28,14,False
fixed_weight_s303,fixed_weight,K05,5,True,True,7,7,0,69,55,False
fixed_weight_s303,fixed_weight,K05,10,True,True,7,7,0,93,79,False
fixed_weight_s303,fixed_weight,K06,1,True,True,7,7,0,28,14,False
fixed_weight_s303,fixed_weight,K06,5,True,True,7,7,0,81,67,False
fixed_weight_s303,fixed_weight,K06,10,True,True,7,7,0,118,104,False
fixed_weight_s303,fixed_weight,K07,1,False,True,8,8,0,26,12,False
fixed_weight_s303,fixed_weight,K07,5,False,True,8,8,0,70,56,False
fixed_weight_s303,fixed_weight,K07,10,False,True,8,8,0,87,73,False
fixed_weight_s303,fixed_weight,K08,1,True,True,7,7,0,27,13,False
fixed_weight_s303,fixed_weight,K08,5,True,True,7,7,0,73,59,False
fixed_weight_s303,fixed_weight,K08,10,True,True,7,7,0,95,81,False
fixed_weight_s303,fixed_weight,K09,1,True,True,7,7,0,27,13,False
fixed_weight_s303,fixed_weight,K09,5,True,True,7,7,0,74,60,False
fixed_weight_s303,fixed_weight,K09,10,True,True,7,7,0,104,90,False
word_expert_s404,word_expert,K01,1,False,True,0,1,0,18,1,False
word_expert_s404,word_expert,K01,5,False,True,1,1,0,25,8,False
word_expert_s404,word_expert,K01,10,False,True,1,1,0,29,12,False
word_expert_s404,word_expert,K02,1,False,True,0,1,0,18,1,False
word_expert_s404,word_expert,K02,5,False,True,1,1,0,27,10,False
word_expert_s404,word_expert,K02,10,False,True,1,1,0,32,15,False
word_expert_s404,word_expert,K03,1,False,True,0,1,0,20,3,False
word_expert_s404,word_expert,K03,5,False,True,1,1,0,29,12,False
word_expert_s404,word_expert,K03,10,False,True,1,1,0,37,20,False
word_expert_s404,word_expert,K04,1,False,True,0,1,0,19,2,False
word_expert_s404,word_expert,K04,5,False,True,1,1,0,27,10,False
word_expert_s404,word_expert,K04,10,False,True,1,1,0,34,17,False
word_expert_s404,word_expert,K05,1,False,True,0,1,0,18,1,False
word_expert_s404,word_expert,K05,5,False,True,1,1,0,25,8,False
word_expert_s404,word_expert,K05,10,False,True,1,1,0,29,12,False
word_expert_s404,word_expert,K06,1,True,True,0,0,0,21,4,False
word_expert_s404,word_expert,K06,5,True,True,0,0,0,29,12,False
word_expert_s404,word_expert,K06,10,True,True,0,0,0,44,27,False
word_expert_s404,word_expert,K07,1,False,True,0,1,0,18,1,False
word_expert_s404,word_expert,K07,5,False,True,1,1,0,22,5,False
word_expert_s404,word_expert,K07,10,False,True,1,1,0,27,10,False
word_expert_s404,word_expert,K08,1,False,True,0,1,0,18,1,False
word_expert_s404,word_expert,K08,5,False,True,1,1,0,25,8,False
word_expert_s404,word_expert,K08,10,False,True,1,1,0,31,14,False
word_expert_s404,word_expert,K09,1,False,True,0,1,0,19,2,False
word_expert_s404,word_expert,K09,5,False,True,1,1,0,27,10,False
word_expert_s404,word_expert,K09,10,False,True,1,1,0,34,17,False
stacking_s404,stacking,K01,1,True,False,1,8,0,15,1,False
stacking_s404,stacking,K01,5,True,True,4,8,0,18,4,False
stacking_s404,stacking,K01,10,True,True,7,8,0,25,11,False
stacking_s404,stacking,K02,1,True,False,1,8,0,15,1,False
stacking_s404,stacking,K02,5,True,True,4,8,0,18,4,False
stacking_s404,stacking,K02,10,True,True,6,8,0,25,11,False
stacking_s404,stacking,K03,1,True,False,1,8,0,15,1,False
stacking_s404,stacking,K03,5,True,False,5,8,0,18,4,False
stacking_s404,stacking,K03,10,True,True,7,8,0,28,14,False
stacking_s404,stacking,K04,1,True,False,1,8,0,15,1,False
stacking_s404,stacking,K04,5,True,False,5,8,0,18,4,False
stacking_s404,stacking,K04,10,True,True,7,8,0,26,12,False
stacking_s404,stacking,K05,1,True,False,1,8,0,15,1,False
stacking_s404,stacking,K05,5,True,True,3,8,0,18,4,False
stacking_s404,stacking,K05,10,True,True,6,8,0,24,10,False
stacking_s404,stacking,K06,1,True,False,1,8,0,15,1,False
stacking_s404,stacking,K06,5,True,False,5,8,0,18,4,False
stacking_s404,stacking,K06,10,True,False,8,8,0,28,14,False
stacking_s404,stacking,K07,1,True,True,0,8,0,14,0,False
stacking_s404,stacking,K07,5,True,True,1,8,0,17,3,False
stacking_s404,stacking,K07,10,True,True,6,8,0,23,9,False
stacking_s404,stacking,K08,1,True,False,1,8,0,15,1,False
stacking_s404,stacking,K08,5,True,True,4,8,0,18,4,False
stacking_s404,stacking,K08,10,True,True,6,8,0,25,11,False
stacking_s404,stacking,K09,1,True,False,1,8,0,15,1,False
stacking_s404,stacking,K09,5,True,False,5,8,0,18,4,False
stacking_s404,stacking,K09,10,True,True,7,8,0,26,12,False
fage_s404,fage,K01,1,False,True,1,2,0,23,2,False
fage_s404,fage,K01,5,False,True,2,2,0,34,13,False
fage_s404,fage,K01,10,False,True,2,2,0,48,27,False
fage_s404,fage,K02,1,False,True,1,2,0,23,2,False
fage_s404,fage,K02,5,False,True,2,2,0,34,13,False
fage_s404,fage,K02,10,False,True,2,2,0,47,26,False
fage_s404,fage,K03,1,True,True,0,1,0,23,2,False
fage_s404,fage,K03,5,True,True,1,1,0,37,16,False
fage_s404,fage,K03,10,True,True,1,1,0,57,36,False
fage_s404,fage,K04,1,False,True,1,2,0,23,2,False
fage_s404,fage,K04,5,False,True,2,2,0,37,16,False
fage_s404,fage,K04,10,False,True,2,2,0,52,31,False
fage_s404,fage,K05,1,False,True,1,2,0,23,2,False
fage_s404,fage,K05,5,False,True,2,2,0,33,12,False
fage_s404,fage,K05,10,False,True,2,2,0,44,23,False
fage_s404,fage,K06,1,True,False,1,1,0,23,2,False
fage_s404,fage,K06,5,True,True,1,1,0,37,16,False
fage_s404,fage,K06,10,True,True,1,1,0,65,44,False
fage_s404,fage,K07,1,False,True,1,2,0,23,2,False
fage_s404,fage,K07,5,False,True,2,2,0,29,8,False
fage_s404,fage,K07,10,False,True,2,2,0,37,16,False
fage_s404,fage,K08,1,False,True,1,2,0,23,2,False
fage_s404,fage,K08,5,False,True,2,2,0,34,13,False
fage_s404,fage,K08,10,False,True,2,2,0,47,26,False
fage_s404,fage,K09,1,False,True,1,2,0,23,2,False
fage_s404,fage,K09,5,False,True,2,2,0,36,15,False
fage_s404,fage,K09,10,False,True,2,2,0,50,29,False
fage_no_has_url_s404,fage_no_has_url,K01,1,False,True,1,2,0,24,3,False
fage_no_has_url_s404,fage_no_has_url,K01,5,False,True,2,2,0,34,13,False
fage_no_has_url_s404,fage_no_has_url,K01,10,False,True,2,2,0,45,24,False
fage_no_has_url_s404,fage_no_has_url,K02,1,False,True,1,2,0,24,3,False
fage_no_has_url_s404,fage_no_has_url,K02,5,False,True,2,2,0,33,12,False
fage_no_has_url_s404,fage_no_has_url,K02,10,False,True,2,2,0,43,22,False
fage_no_has_url_s404,fage_no_has_url,K03,1,True,True,0,1,0,24,3,False
fage_no_has_url_s404,fage_no_has_url,K03,5,True,True,1,1,0,34,13,False
fage_no_has_url_s404,fage_no_has_url,K03,10,True,True,1,1,0,52,31,False
fage_no_has_url_s404,fage_no_has_url,K04,1,False,True,1,2,0,24,3,False
fage_no_has_url_s404,fage_no_has_url,K04,5,False,True,2,2,0,34,13,False
fage_no_has_url_s404,fage_no_has_url,K04,10,False,True,2,2,0,49,28,False
fage_no_has_url_s404,fage_no_has_url,K05,1,False,True,1,2,0,24,3,False
fage_no_has_url_s404,fage_no_has_url,K05,5,False,True,2,2,0,31,10,False
fage_no_has_url_s404,fage_no_has_url,K05,10,False,True,2,2,0,43,22,False
fage_no_has_url_s404,fage_no_has_url,K06,1,True,False,1,1,0,24,3,False
fage_no_has_url_s404,fage_no_has_url,K06,5,True,True,1,1,0,34,13,False
fage_no_has_url_s404,fage_no_has_url,K06,10,True,True,1,1,0,54,33,False
fage_no_has_url_s404,fage_no_has_url,K07,1,False,True,1,2,0,24,3,False
fage_no_has_url_s404,fage_no_has_url,K07,5,False,True,2,2,0,29,8,False
fage_no_has_url_s404,fage_no_has_url,K07,10,False,True,2,2,0,35,14,False
fage_no_has_url_s404,fage_no_has_url,K08,1,False,True,1,2,0,24,3,False
fage_no_has_url_s404,fage_no_has_url,K08,5,False,True,2,2,0,34,13,False
fage_no_has_url_s404,fage_no_has_url,K08,10,False,True,2,2,0,44,23,False
fage_no_has_url_s404,fage_no_has_url,K09,1,False,True,1,2,0,24,3,False
fage_no_has_url_s404,fage_no_has_url,K09,5,False,True,2,2,0,34,13,False
fage_no_has_url_s404,fage_no_has_url,K09,10,False,True,2,2,0,49,28,False
fage_no_similarity_s404,fage_no_similarity,K01,1,False,True,0,2,0,25,1,False
fage_no_similarity_s404,fage_no_similarity,K01,5,False,True,2,2,0,46,22,False
fage_no_similarity_s404,fage_no_similarity,K01,10,False,True,2,2,0,70,46,False
fage_no_similarity_s404,fage_no_similarity,K02,1,False,True,0,2,0,25,1,False
fage_no_similarity_s404,fage_no_similarity,K02,5,False,True,2,2,0,46,22,False
fage_no_similarity_s404,fage_no_similarity,K02,10,False,True,2,2,0,69,45,False
fage_no_similarity_s404,fage_no_similarity,K03,1,True,False,0,1,0,25,1,False
fage_no_similarity_s404,fage_no_similarity,K03,5,True,True,1,1,0,49,25,False
fage_no_similarity_s404,fage_no_similarity,K03,10,True,True,1,1,0,93,69,False
fage_no_similarity_s404,fage_no_similarity,K04,1,False,True,0,2,0,25,1,False
fage_no_similarity_s404,fage_no_similarity,K04,5,False,True,2,2,0,49,25,False
fage_no_similarity_s404,fage_no_similarity,K04,10,False,True,2,2,0,81,57,False
fage_no_similarity_s404,fage_no_similarity,K05,1,False,True,0,2,0,25,1,False
fage_no_similarity_s404,fage_no_similarity,K05,5,False,True,2,2,0,45,21,False
fage_no_similarity_s404,fage_no_similarity,K05,10,False,True,2,2,0,65,41,False
fage_no_similarity_s404,fage_no_similarity,K06,1,True,False,0,1,0,25,1,False
fage_no_similarity_s404,fage_no_similarity,K06,5,True,True,1,1,0,49,25,False
fage_no_similarity_s404,fage_no_similarity,K06,10,True,True,1,1,0,100,76,False
fage_no_similarity_s404,fage_no_similarity,K07,1,False,True,0,2,0,25,1,False
fage_no_similarity_s404,fage_no_similarity,K07,5,False,True,2,2,0,42,18,False
fage_no_similarity_s404,fage_no_similarity,K07,10,False,True,2,2,0,58,34,False
fage_no_similarity_s404,fage_no_similarity,K08,1,False,True,0,2,0,25,1,False
fage_no_similarity_s404,fage_no_similarity,K08,5,False,True,2,2,0,46,22,False
fage_no_similarity_s404,fage_no_similarity,K08,10,False,True,2,2,0,68,44,False
fage_no_similarity_s404,fage_no_similarity,K09,1,False,True,0,2,0,25,1,False
fage_no_similarity_s404,fage_no_similarity,K09,5,False,True,2,2,0,48,24,False
fage_no_similarity_s404,fage_no_similarity,K09,10,False,True,2,2,0,80,56,False
fage_no_lr_c_s404,fage_no_lr_c,K01,1,False,True,1,2,0,21,1,False
fage_no_lr_c_s404,fage_no_lr_c,K01,5,False,True,2,2,0,36,16,False
fage_no_lr_c_s404,fage_no_lr_c,K01,10,False,True,2,2,0,51,31,False
fage_no_lr_c_s404,fage_no_lr_c,K02,1,False,True,1,2,0,21,1,False
fage_no_lr_c_s404,fage_no_lr_c,K02,5,False,True,2,2,0,36,16,False
fage_no_lr_c_s404,fage_no_lr_c,K02,10,False,True,2,2,0,51,31,False
fage_no_lr_c_s404,fage_no_lr_c,K03,1,True,True,0,1,0,21,1,False
fage_no_lr_c_s404,fage_no_lr_c,K03,5,True,True,1,1,0,40,20,False
fage_no_lr_c_s404,fage_no_lr_c,K03,10,True,True,1,1,0,72,52,False
fage_no_lr_c_s404,fage_no_lr_c,K04,1,False,True,1,2,0,21,1,False
fage_no_lr_c_s404,fage_no_lr_c,K04,5,False,True,2,2,0,39,19,False
fage_no_lr_c_s404,fage_no_lr_c,K04,10,False,True,2,2,0,56,36,False
fage_no_lr_c_s404,fage_no_lr_c,K05,1,False,True,1,2,0,21,1,False
fage_no_lr_c_s404,fage_no_lr_c,K05,5,False,True,2,2,0,36,16,False
fage_no_lr_c_s404,fage_no_lr_c,K05,10,False,True,2,2,0,50,30,False
fage_no_lr_c_s404,fage_no_lr_c,K06,1,True,False,1,1,0,21,1,False
fage_no_lr_c_s404,fage_no_lr_c,K06,5,True,True,1,1,0,40,20,False
fage_no_lr_c_s404,fage_no_lr_c,K06,10,True,True,1,1,0,80,60,False
fage_no_lr_c_s404,fage_no_lr_c,K07,1,False,True,1,2,0,21,1,False
fage_no_lr_c_s404,fage_no_lr_c,K07,5,False,True,2,2,0,32,12,False
fage_no_lr_c_s404,fage_no_lr_c,K07,10,False,True,2,2,0,45,25,False
fage_no_lr_c_s404,fage_no_lr_c,K08,1,False,True,1,2,0,21,1,False
fage_no_lr_c_s404,fage_no_lr_c,K08,5,False,True,2,2,0,36,16,False
fage_no_lr_c_s404,fage_no_lr_c,K08,10,False,True,2,2,0,52,32,False
fage_no_lr_c_s404,fage_no_lr_c,K09,1,False,True,1,2,0,21,1,False
fage_no_lr_c_s404,fage_no_lr_c,K09,5,False,True,2,2,0,38,18,False
fage_no_lr_c_s404,fage_no_lr_c,K09,10,False,True,2,2,0,54,34,False
fage_no_kcbert_s404,fage_no_kcbert,K01,1,False,True,0,1,0,22,2,False
fage_no_kcbert_s404,fage_no_kcbert,K01,5,False,True,1,1,0,25,5,False
fage_no_kcbert_s404,fage_no_kcbert,K01,10,False,True,1,1,0,28,8,False
fage_no_kcbert_s404,fage_no_kcbert,K02,1,False,True,0,1,0,22,2,False
fage_no_kcbert_s404,fage_no_kcbert,K02,5,False,True,1,1,0,24,4,False
fage_no_kcbert_s404,fage_no_kcbert,K02,10,False,True,1,1,0,27,7,False
fage_no_kcbert_s404,fage_no_kcbert,K03,1,False,True,1,1,0,22,2,False
fage_no_kcbert_s404,fage_no_kcbert,K03,5,False,True,1,1,0,29,9,False
fage_no_kcbert_s404,fage_no_kcbert,K03,10,False,True,1,1,0,34,14,False
fage_no_kcbert_s404,fage_no_kcbert,K04,1,False,True,0,1,0,22,2,False
fage_no_kcbert_s404,fage_no_kcbert,K04,5,False,True,1,1,0,27,7,False
fage_no_kcbert_s404,fage_no_kcbert,K04,10,False,True,1,1,0,32,12,False
fage_no_kcbert_s404,fage_no_kcbert,K05,1,False,True,0,1,0,22,2,False
fage_no_kcbert_s404,fage_no_kcbert,K05,5,False,True,1,1,0,23,3,False
fage_no_kcbert_s404,fage_no_kcbert,K05,10,False,True,1,1,0,27,7,False
fage_no_kcbert_s404,fage_no_kcbert,K06,1,True,True,0,0,0,23,3,False
fage_no_kcbert_s404,fage_no_kcbert,K06,5,True,True,0,0,0,31,11,False
fage_no_kcbert_s404,fage_no_kcbert,K06,10,True,True,0,0,0,35,15,False
fage_no_kcbert_s404,fage_no_kcbert,K07,1,False,True,0,1,0,22,2,False
fage_no_kcbert_s404,fage_no_kcbert,K07,5,False,True,0,1,0,22,2,False
fage_no_kcbert_s404,fage_no_kcbert,K07,10,False,True,1,1,0,23,3,False
fage_no_kcbert_s404,fage_no_kcbert,K08,1,False,True,0,1,0,22,2,False
fage_no_kcbert_s404,fage_no_kcbert,K08,5,False,True,1,1,0,24,4,False
fage_no_kcbert_s404,fage_no_kcbert,K08,10,False,True,1,1,0,28,8,False
fage_no_kcbert_s404,fage_no_kcbert,K09,1,False,True,0,1,0,22,2,False
fage_no_kcbert_s404,fage_no_kcbert,K09,5,False,True,1,1,0,27,7,False
fage_no_kcbert_s404,fage_no_kcbert,K09,10,False,True,1,1,0,30,10,False
fage_no_url_s404,fage_no_url,K01,1,False,True,0,2,0,22,1,False
fage_no_url_s404,fage_no_url,K01,5,False,True,2,2,0,26,5,False
fage_no_url_s404,fage_no_url,K01,10,False,True,2,2,0,34,13,False
fage_no_url_s404,fage_no_url,K02,1,False,True,0,2,0,22,1,False
fage_no_url_s404,fage_no_url,K02,5,False,True,2,2,0,26,5,False
fage_no_url_s404,fage_no_url,K02,10,False,True,2,2,0,32,11,False
fage_no_url_s404,fage_no_url,K03,1,True,False,0,1,0,23,2,False
fage_no_url_s404,fage_no_url,K03,5,True,True,1,1,0,28,7,False
fage_no_url_s404,fage_no_url,K03,10,True,True,1,1,0,41,20,False
fage_no_url_s404,fage_no_url,K04,1,False,True,0,2,0,23,2,False
fage_no_url_s404,fage_no_url,K04,5,False,True,2,2,0,28,7,False
fage_no_url_s404,fage_no_url,K04,10,False,True,2,2,0,38,17,False
fage_no_url_s404,fage_no_url,K05,1,False,True,0,2,0,22,1,False
fage_no_url_s404,fage_no_url,K05,5,False,True,2,2,0,26,5,False
fage_no_url_s404,fage_no_url,K05,10,False,True,2,2,0,31,10,False
fage_no_url_s404,fage_no_url,K06,1,True,False,0,1,0,23,2,False
fage_no_url_s404,fage_no_url,K06,5,True,True,1,1,0,28,7,False
fage_no_url_s404,fage_no_url,K06,10,True,True,1,1,0,44,23,False
fage_no_url_s404,fage_no_url,K07,1,False,True,0,2,0,21,0,False
fage_no_url_s404,fage_no_url,K07,5,False,True,1,2,0,25,4,False
fage_no_url_s404,fage_no_url,K07,10,False,True,2,2,0,26,5,False
fage_no_url_s404,fage_no_url,K08,1,False,True,0,2,0,22,1,False
fage_no_url_s404,fage_no_url,K08,5,False,True,2,2,0,26,5,False
fage_no_url_s404,fage_no_url,K08,10,False,True,2,2,0,34,13,False
fage_no_url_s404,fage_no_url,K09,1,False,True,0,2,0,23,2,False
fage_no_url_s404,fage_no_url,K09,5,False,True,2,2,0,28,7,False
fage_no_url_s404,fage_no_url,K09,10,False,True,2,2,0,38,17,False
fage_no_disagreement_s404,fage_no_disagreement,K01,1,False,True,1,2,0,23,2,False
fage_no_disagreement_s404,fage_no_disagreement,K01,5,False,True,2,2,0,33,12,False
fage_no_disagreement_s404,fage_no_disagreement,K01,10,False,True,2,2,0,42,21,False
fage_no_disagreement_s404,fage_no_disagreement,K02,1,False,True,1,2,0,23,2,False
fage_no_disagreement_s404,fage_no_disagreement,K02,5,False,True,2,2,0,30,9,False
fage_no_disagreement_s404,fage_no_disagreement,K02,10,False,True,2,2,0,42,21,False
fage_no_disagreement_s404,fage_no_disagreement,K03,1,True,True,0,1,0,23,2,False
fage_no_disagreement_s404,fage_no_disagreement,K03,5,True,True,1,1,0,34,13,False
fage_no_disagreement_s404,fage_no_disagreement,K03,10,True,True,1,1,0,51,30,False
fage_no_disagreement_s404,fage_no_disagreement,K04,1,False,True,1,2,0,23,2,False
fage_no_disagreement_s404,fage_no_disagreement,K04,5,False,True,2,2,0,34,13,False
fage_no_disagreement_s404,fage_no_disagreement,K04,10,False,True,2,2,0,49,28,False
fage_no_disagreement_s404,fage_no_disagreement,K05,1,False,True,1,2,0,23,2,False
fage_no_disagreement_s404,fage_no_disagreement,K05,5,False,True,2,2,0,29,8,False
fage_no_disagreement_s404,fage_no_disagreement,K05,10,False,True,2,2,0,40,19,False
fage_no_disagreement_s404,fage_no_disagreement,K06,1,True,False,1,1,0,23,2,False
fage_no_disagreement_s404,fage_no_disagreement,K06,5,True,True,1,1,0,35,14,False
fage_no_disagreement_s404,fage_no_disagreement,K06,10,True,True,1,1,0,55,34,False
fage_no_disagreement_s404,fage_no_disagreement,K07,1,False,True,1,2,0,23,2,False
fage_no_disagreement_s404,fage_no_disagreement,K07,5,False,True,2,2,0,28,7,False
fage_no_disagreement_s404,fage_no_disagreement,K07,10,False,True,2,2,0,36,15,False
fage_no_disagreement_s404,fage_no_disagreement,K08,1,False,True,1,2,0,23,2,False
fage_no_disagreement_s404,fage_no_disagreement,K08,5,False,True,2,2,0,33,12,False
fage_no_disagreement_s404,fage_no_disagreement,K08,10,False,True,2,2,0,42,21,False
fage_no_disagreement_s404,fage_no_disagreement,K09,1,False,True,1,2,0,23,2,False
fage_no_disagreement_s404,fage_no_disagreement,K09,5,False,True,2,2,0,34,13,False
fage_no_disagreement_s404,fage_no_disagreement,K09,10,False,True,2,2,0,48,27,False
fage_no_url_free_weight_s404,fage_no_url_free_weight,K01,1,True,False,0,7,0,15,1,False
fage_no_url_free_weight_s404,fage_no_url_free_weight,K01,5,True,True,5,7,0,20,6,False
fage_no_url_free_weight_s404,fage_no_url_free_weight,K01,10,True,True,7,7,0,25,11,False
fage_no_url_free_weight_s404,fage_no_url_free_weight,K02,1,True,False,0,7,0,15,1,False
fage_no_url_free_weight_s404,fage_no_url_free_weight,K02,5,True,True,5,7,0,20,6,False
fage_no_url_free_weight_s404,fage_no_url_free_weight,K02,10,True,True,7,7,0,24,10,False
fage_no_url_free_weight_s404,fage_no_url_free_weight,K03,1,True,False,0,7,0,15,1,False
fage_no_url_free_weight_s404,fage_no_url_free_weight,K03,5,True,False,6,7,0,21,7,False
fage_no_url_free_weight_s404,fage_no_url_free_weight,K03,10,True,True,7,7,0,31,17,False
fage_no_url_free_weight_s404,fage_no_url_free_weight,K04,1,True,False,0,7,0,15,1,False
fage_no_url_free_weight_s404,fage_no_url_free_weight,K04,5,True,True,5,7,0,20,6,False
fage_no_url_free_weight_s404,fage_no_url_free_weight,K04,10,True,True,7,7,0,28,14,False
fage_no_url_free_weight_s404,fage_no_url_free_weight,K05,1,True,False,0,7,0,15,1,False
fage_no_url_free_weight_s404,fage_no_url_free_weight,K05,5,True,True,5,7,0,20,6,False
fage_no_url_free_weight_s404,fage_no_url_free_weight,K05,10,True,True,7,7,0,24,10,False
fage_no_url_free_weight_s404,fage_no_url_free_weight,K06,1,True,False,0,7,0,15,1,False
fage_no_url_free_weight_s404,fage_no_url_free_weight,K06,5,True,False,6,7,0,21,7,False
fage_no_url_free_weight_s404,fage_no_url_free_weight,K06,10,True,True,7,7,0,34,20,False
fage_no_url_free_weight_s404,fage_no_url_free_weight,K07,1,False,True,0,8,0,15,1,False
fage_no_url_free_weight_s404,fage_no_url_free_weight,K07,5,False,True,5,8,0,19,5,False
fage_no_url_free_weight_s404,fage_no_url_free_weight,K07,10,False,True,7,8,0,23,9,False
fage_no_url_free_weight_s404,fage_no_url_free_weight,K08,1,True,False,0,7,0,15,1,False
fage_no_url_free_weight_s404,fage_no_url_free_weight,K08,5,True,True,5,7,0,20,6,False
fage_no_url_free_weight_s404,fage_no_url_free_weight,K08,10,True,True,7,7,0,25,11,False
fage_no_url_free_weight_s404,fage_no_url_free_weight,K09,1,True,False,0,7,0,15,1,False
fage_no_url_free_weight_s404,fage_no_url_free_weight,K09,5,True,True,5,7,0,20,6,False
fage_no_url_free_weight_s404,fage_no_url_free_weight,K09,10,True,True,7,7,0,26,12,False
equal_weight_s404,equal_weight,K01,1,False,True,0,0,0,51,25,False
equal_weight_s404,equal_weight,K01,5,False,True,0,0,0,193,167,False
equal_weight_s404,equal_weight,K01,10,False,True,0,0,0,210,184,False
equal_weight_s404,equal_weight,K02,1,False,True,0,0,0,55,29,False
equal_weight_s404,equal_weight,K02,5,False,True,0,0,0,194,168,False
equal_weight_s404,equal_weight,K02,10,False,True,0,0,0,210,184,False
equal_weight_s404,equal_weight,K03,1,False,True,0,0,0,55,29,False
equal_weight_s404,equal_weight,K03,5,False,True,0,0,0,196,170,False
equal_weight_s404,equal_weight,K03,10,False,True,0,0,0,214,188,False
equal_weight_s404,equal_weight,K04,1,False,True,0,0,0,58,32,False
equal_weight_s404,equal_weight,K04,5,False,True,0,0,0,192,166,False
equal_weight_s404,equal_weight,K04,10,False,True,0,0,0,211,185,False
equal_weight_s404,equal_weight,K05,1,False,True,0,0,0,56,30,False
equal_weight_s404,equal_weight,K05,5,False,True,0,0,0,189,163,False
equal_weight_s404,equal_weight,K05,10,False,True,0,0,0,209,183,False
equal_weight_s404,equal_weight,K06,1,False,True,0,0,0,58,32,False
equal_weight_s404,equal_weight,K06,5,False,True,0,0,0,199,173,False
equal_weight_s404,equal_weight,K06,10,False,True,0,0,0,215,189,False
equal_weight_s404,equal_weight,K07,1,False,True,0,0,0,55,29,False
equal_weight_s404,equal_weight,K07,5,False,True,0,0,0,188,162,False
equal_weight_s404,equal_weight,K07,10,False,True,0,0,0,204,178,False
equal_weight_s404,equal_weight,K08,1,False,True,0,0,0,53,27,False
equal_weight_s404,equal_weight,K08,5,False,True,0,0,0,188,162,False
equal_weight_s404,equal_weight,K08,10,False,True,0,0,0,210,184,False
equal_weight_s404,equal_weight,K09,1,False,True,0,0,0,45,19,False
equal_weight_s404,equal_weight,K09,5,False,True,0,0,0,194,168,False
equal_weight_s404,equal_weight,K09,10,False,True,0,0,0,210,184,False
fixed_weight_s404,fixed_weight,K01,1,False,True,0,0,0,46,19,False
fixed_weight_s404,fixed_weight,K01,5,False,True,0,0,0,173,146,False
fixed_weight_s404,fixed_weight,K01,10,False,True,0,0,0,180,153,False
fixed_weight_s404,fixed_weight,K02,1,False,True,0,0,0,49,22,False
fixed_weight_s404,fixed_weight,K02,5,False,True,0,0,0,173,146,False
fixed_weight_s404,fixed_weight,K02,10,False,True,0,0,0,180,153,False
fixed_weight_s404,fixed_weight,K03,1,False,True,0,0,0,50,23,False
fixed_weight_s404,fixed_weight,K03,5,False,True,0,0,0,174,147,False
fixed_weight_s404,fixed_weight,K03,10,False,True,0,0,0,183,156,False
fixed_weight_s404,fixed_weight,K04,1,False,True,0,0,0,53,26,False
fixed_weight_s404,fixed_weight,K04,5,False,True,0,0,0,172,145,False
fixed_weight_s404,fixed_weight,K04,10,False,True,0,0,0,180,153,False
fixed_weight_s404,fixed_weight,K05,1,False,True,0,0,0,51,24,False
fixed_weight_s404,fixed_weight,K05,5,False,True,0,0,0,170,143,False
fixed_weight_s404,fixed_weight,K05,10,False,True,0,0,0,178,151,False
fixed_weight_s404,fixed_weight,K06,1,False,True,0,0,0,54,27,False
fixed_weight_s404,fixed_weight,K06,5,False,True,0,0,0,174,147,False
fixed_weight_s404,fixed_weight,K06,10,False,True,0,0,0,184,157,False
fixed_weight_s404,fixed_weight,K07,1,False,True,0,0,0,50,23,False
fixed_weight_s404,fixed_weight,K07,5,False,True,0,0,0,173,146,False
fixed_weight_s404,fixed_weight,K07,10,False,True,0,0,0,175,148,False
fixed_weight_s404,fixed_weight,K08,1,False,True,0,0,0,48,21,False
fixed_weight_s404,fixed_weight,K08,5,False,True,0,0,0,168,141,False
fixed_weight_s404,fixed_weight,K08,10,False,True,0,0,0,179,152,False
fixed_weight_s404,fixed_weight,K09,1,False,True,0,0,0,44,17,False
fixed_weight_s404,fixed_weight,K09,5,False,True,0,0,0,173,146,False
fixed_weight_s404,fixed_weight,K09,10,False,True,0,0,0,180,153,False
text_url_meta,text_url_meta,K01,1,False,True,0,4,0,11,0,False
text_url_meta,text_url_meta,K01,5,False,True,0,4,0,13,2,False
text_url_meta,text_url_meta,K01,10,False,True,0,4,0,14,3,False
text_url_meta,text_url_meta,K02,1,False,True,0,4,0,11,0,False
text_url_meta,text_url_meta,K02,5,False,True,0,4,0,13,2,False
text_url_meta,text_url_meta,K02,10,False,True,0,4,0,13,2,False
text_url_meta,text_url_meta,K03,1,True,False,0,3,0,12,1,False
text_url_meta,text_url_meta,K03,5,True,False,1,3,0,14,3,False
text_url_meta,text_url_meta,K03,10,True,False,2,3,0,15,4,False
text_url_meta,text_url_meta,K04,1,True,False,0,3,0,12,1,False
text_url_meta,text_url_meta,K04,5,True,False,0,3,0,13,2,False
text_url_meta,text_url_meta,K04,10,True,True,1,3,0,14,3,False
text_url_meta,text_url_meta,K05,1,False,True,0,4,0,11,0,False
text_url_meta,text_url_meta,K05,5,False,True,0,4,0,13,2,False
text_url_meta,text_url_meta,K05,10,False,True,0,4,0,13,2,False
text_url_meta,text_url_meta,K06,1,True,False,0,3,0,13,2,False
text_url_meta,text_url_meta,K06,5,True,False,1,3,0,14,3,False
text_url_meta,text_url_meta,K06,10,True,False,2,3,0,16,5,False
text_url_meta,text_url_meta,K07,1,False,True,0,4,0,11,0,False
text_url_meta,text_url_meta,K07,5,False,True,0,4,0,12,1,False
text_url_meta,text_url_meta,K07,10,False,True,0,4,0,13,2,False
text_url_meta,text_url_meta,K08,1,False,True,0,4,0,11,0,False
text_url_meta,text_url_meta,K08,5,False,True,0,4,0,13,2,False
text_url_meta,text_url_meta,K08,10,False,True,0,4,0,13,2,False
text_url_meta,text_url_meta,K09,1,True,False,0,3,0,11,0,False
text_url_meta,text_url_meta,K09,5,True,False,0,3,0,13,2,False
text_url_meta,text_url_meta,K09,10,True,True,0,3,0,14,3,False
text_url_fixed,text_url_fixed,K01,1,False,True,0,0,0,20,3,False
text_url_fixed,text_url_fixed,K01,5,False,True,0,0,0,27,10,False
text_url_fixed,text_url_fixed,K01,10,False,True,0,0,0,40,23,False
text_url_fixed,text_url_fixed,K02,1,False,True,0,0,0,20,3,False
text_url_fixed,text_url_fixed,K02,5,False,True,0,0,0,26,9,False
text_url_fixed,text_url_fixed,K02,10,False,True,0,0,0,39,22,False
text_url_fixed,text_url_fixed,K03,1,False,True,0,0,0,20,3,False
text_url_fixed,text_url_fixed,K03,5,False,True,0,0,0,29,12,False
text_url_fixed,text_url_fixed,K03,10,False,True,0,0,0,42,25,False
text_url_fixed,text_url_fixed,K04,1,False,True,0,0,0,20,3,False
text_url_fixed,text_url_fixed,K04,5,False,True,0,0,0,27,10,False
text_url_fixed,text_url_fixed,K04,10,False,True,0,0,0,42,25,False
text_url_fixed,text_url_fixed,K05,1,False,True,0,0,0,19,2,False
text_url_fixed,text_url_fixed,K05,5,False,True,0,0,0,26,9,False
text_url_fixed,text_url_fixed,K05,10,False,True,0,0,0,39,22,False
text_url_fixed,text_url_fixed,K06,1,False,True,0,0,0,20,3,False
text_url_fixed,text_url_fixed,K06,5,False,True,0,0,0,31,14,False
text_url_fixed,text_url_fixed,K06,10,False,True,0,0,0,43,26,False
text_url_fixed,text_url_fixed,K07,1,False,True,0,0,0,19,2,False
text_url_fixed,text_url_fixed,K07,5,False,True,0,0,0,25,8,False
text_url_fixed,text_url_fixed,K07,10,False,True,0,0,0,35,18,False
text_url_fixed,text_url_fixed,K08,1,False,True,0,0,0,19,2,False
text_url_fixed,text_url_fixed,K08,5,False,True,0,0,0,26,9,False
text_url_fixed,text_url_fixed,K08,10,False,True,0,0,0,39,22,False
text_url_fixed,text_url_fixed,K09,1,False,True,0,0,0,20,3,False
text_url_fixed,text_url_fixed,K09,5,False,True,0,0,0,27,10,False
text_url_fixed,text_url_fixed,K09,10,False,True,0,0,0,42,25,False
jev_fusion_K,jev_fusion_K,K01,1,True,False,0,8,0,8,0,False
jev_fusion_K,jev_fusion_K,K01,5,True,False,0,8,0,8,0,False
jev_fusion_K,jev_fusion_K,K01,10,True,False,0,8,0,8,0,False
jev_fusion_K,jev_fusion_K,K02,1,True,False,0,8,0,8,0,False
jev_fusion_K,jev_fusion_K,K02,5,True,False,0,8,0,8,0,False
jev_fusion_K,jev_fusion_K,K02,10,True,False,0,8,0,8,0,False
jev_fusion_K,jev_fusion_K,K03,1,True,False,0,8,0,8,0,False
jev_fusion_K,jev_fusion_K,K03,5,True,False,0,8,0,8,0,False
jev_fusion_K,jev_fusion_K,K03,10,True,False,0,8,0,8,0,False
jev_fusion_K,jev_fusion_K,K04,1,True,False,0,8,0,8,0,False
jev_fusion_K,jev_fusion_K,K04,5,True,False,0,8,0,8,0,False
jev_fusion_K,jev_fusion_K,K04,10,True,False,0,8,0,8,0,False
jev_fusion_K,jev_fusion_K,K05,1,True,False,0,8,0,8,0,False
jev_fusion_K,jev_fusion_K,K05,5,True,False,0,8,0,8,0,False
jev_fusion_K,jev_fusion_K,K05,10,True,False,0,8,0,8,0,False
jev_fusion_K,jev_fusion_K,K06,1,True,False,0,8,0,8,0,False
jev_fusion_K,jev_fusion_K,K06,5,True,False,0,8,0,8,0,False
jev_fusion_K,jev_fusion_K,K06,10,True,False,0,8,0,8,0,False
jev_fusion_K,jev_fusion_K,K07,1,True,False,0,8,0,8,0,False
jev_fusion_K,jev_fusion_K,K07,5,True,False,0,8,0,8,0,False
jev_fusion_K,jev_fusion_K,K07,10,True,False,0,8,0,8,0,False
jev_fusion_K,jev_fusion_K,K08,1,True,False,0,8,0,8,0,False
jev_fusion_K,jev_fusion_K,K08,5,True,False,0,8,0,8,0,False
jev_fusion_K,jev_fusion_K,K08,10,True,False,0,8,0,8,0,False
jev_fusion_K,jev_fusion_K,K09,1,True,False,0,8,0,8,0,False
jev_fusion_K,jev_fusion_K,K09,5,True,False,0,8,0,8,0,False
jev_fusion_K,jev_fusion_K,K09,10,True,False,0,8,0,8,0,False
jev_fusion_KU,jev_fusion_KU,K01,1,True,False,0,8,0,12,2,False
jev_fusion_KU,jev_fusion_KU,K01,5,True,False,0,8,0,23,13,False
jev_fusion_KU,jev_fusion_KU,K01,10,True,False,0,8,0,38,28,False
jev_fusion_KU,jev_fusion_KU,K02,1,True,False,0,8,0,12,2,False
jev_fusion_KU,jev_fusion_KU,K02,5,True,False,0,8,0,23,13,False
jev_fusion_KU,jev_fusion_KU,K02,10,True,False,0,8,0,38,28,False
jev_fusion_KU,jev_fusion_KU,K03,1,True,False,0,8,0,11,1,False
jev_fusion_KU,jev_fusion_KU,K03,5,True,False,0,8,0,16,6,False
jev_fusion_KU,jev_fusion_KU,K03,10,True,False,0,8,0,40,30,False
jev_fusion_KU,jev_fusion_KU,K04,1,True,False,0,8,0,11,1,False
jev_fusion_KU,jev_fusion_KU,K04,5,True,False,0,8,0,16,6,False
jev_fusion_KU,jev_fusion_KU,K04,10,True,False,0,8,0,40,30,False
jev_fusion_KU,jev_fusion_KU,K05,1,True,False,0,8,0,12,2,False
jev_fusion_KU,jev_fusion_KU,K05,5,True,False,0,8,0,24,14,False
jev_fusion_KU,jev_fusion_KU,K05,10,True,False,0,8,0,38,28,False
jev_fusion_KU,jev_fusion_KU,K06,1,True,False,0,8,0,11,1,False
jev_fusion_KU,jev_fusion_KU,K06,5,True,False,0,8,0,16,6,False
jev_fusion_KU,jev_fusion_KU,K06,10,True,False,0,8,0,38,28,False
jev_fusion_KU,jev_fusion_KU,K07,1,True,False,0,8,0,12,2,False
jev_fusion_KU,jev_fusion_KU,K07,5,True,False,0,8,0,23,13,False
jev_fusion_KU,jev_fusion_KU,K07,10,True,False,0,8,0,38,28,False
jev_fusion_KU,jev_fusion_KU,K08,1,True,False,0,8,0,11,1,False
jev_fusion_KU,jev_fusion_KU,K08,5,True,False,0,8,0,16,6,False
jev_fusion_KU,jev_fusion_KU,K08,10,True,False,0,8,0,40,30,False
jev_fusion_KU,jev_fusion_KU,K09,1,True,False,0,8,0,12,2,False
jev_fusion_KU,jev_fusion_KU,K09,5,True,False,0,8,0,23,13,False
jev_fusion_KU,jev_fusion_KU,K09,10,True,False,0,8,0,38,28,False
jev_rawK,jev_rawK,K01,1,True,True,8,8,0,17,9,False
jev_rawK,jev_rawK,K01,5,True,True,8,8,0,235,227,False
jev_rawK,jev_rawK,K01,10,True,True,8,8,0,245,237,False
jev_rawK,jev_rawK,K02,1,True,True,8,8,0,17,9,False
jev_rawK,jev_rawK,K02,5,True,True,8,8,0,236,228,False
jev_rawK,jev_rawK,K02,10,True,True,8,8,0,245,237,False
jev_rawK,jev_rawK,K03,1,True,True,8,8,0,17,9,False
jev_rawK,jev_rawK,K03,5,True,True,8,8,0,231,223,False
jev_rawK,jev_rawK,K03,10,True,True,8,8,0,243,235,False
jev_rawK,jev_rawK,K04,1,True,True,8,8,0,18,10,False
jev_rawK,jev_rawK,K04,5,True,True,8,8,0,220,212,False
jev_rawK,jev_rawK,K04,10,True,True,8,8,0,241,233,False
jev_rawK,jev_rawK,K05,1,True,True,8,8,0,17,9,False
jev_rawK,jev_rawK,K05,5,True,True,8,8,0,217,209,False
jev_rawK,jev_rawK,K05,10,True,True,8,8,0,240,232,False
jev_rawK,jev_rawK,K06,1,True,True,8,8,0,18,10,False
jev_rawK,jev_rawK,K06,5,True,True,8,8,0,236,228,False
jev_rawK,jev_rawK,K06,10,True,True,8,8,0,244,236,False
jev_rawK,jev_rawK,K07,1,True,True,8,8,0,17,9,False
jev_rawK,jev_rawK,K07,5,True,True,8,8,0,235,227,False
jev_rawK,jev_rawK,K07,10,True,True,8,8,0,245,237,False
jev_rawK,jev_rawK,K08,1,True,True,8,8,0,18,10,False
jev_rawK,jev_rawK,K08,5,True,True,8,8,0,220,212,False
jev_rawK,jev_rawK,K08,10,True,True,8,8,0,240,232,False
jev_rawK,jev_rawK,K09,1,True,True,8,8,0,16,8,False
jev_rawK,jev_rawK,K09,5,True,True,8,8,0,234,226,False
jev_rawK,jev_rawK,K09,10,True,True,8,8,0,244,236,False
