model,family,support_group,learned_examples,updates,support_detected,recovered,miss_denominator,common_recovered,common_denominator,new_misses,normal_alerts,new_normal_alerts,clean_recovery
kcbert,kcbert,k2_K04_K07,2,1,0,0,7,0,7,0,13,5,False
kcbert,kcbert,k2_K04_K07,2,5,2,7,7,7,7,0,210,202,False
kcbert,kcbert,k2_K04_K07,2,10,2,7,7,7,7,0,243,235,False
kcbert,kcbert,k2_K04_K08,2,1,2,0,7,0,7,0,17,9,False
kcbert,kcbert,k2_K04_K08,2,5,2,7,7,7,7,0,195,187,False
kcbert,kcbert,k2_K04_K08,2,10,2,7,7,7,7,0,239,231,False
kcbert,kcbert,k2_K07_K08,2,1,1,0,7,0,7,0,17,9,False
kcbert,kcbert,k2_K07_K08,2,5,2,7,7,7,7,0,202,194,False
kcbert,kcbert,k2_K07_K08,2,10,2,7,7,7,7,0,241,233,False
kcbert,kcbert,k2_K03_K05,2,1,0,0,7,0,7,0,13,5,False
kcbert,kcbert,k2_K03_K05,2,5,2,7,7,7,7,0,184,176,False
kcbert,kcbert,k2_K03_K05,2,10,2,7,7,7,7,0,240,232,False
kcbert,kcbert,k2_K03_K09,2,1,0,0,7,0,7,0,13,5,False
kcbert,kcbert,k2_K03_K09,2,5,2,7,7,7,7,0,204,196,False
kcbert,kcbert,k2_K03_K09,2,10,2,7,7,7,7,0,242,234,False
kcbert,kcbert,k2_K05_K09,2,1,0,0,7,0,7,0,12,4,False
kcbert,kcbert,k2_K05_K09,2,5,2,7,7,7,7,0,193,185,False
kcbert,kcbert,k2_K05_K09,2,10,2,7,7,7,7,0,242,234,False
kcbert,kcbert,k2_K01_K02,2,1,0,0,7,0,7,0,10,2,False
kcbert,kcbert,k2_K01_K02,2,5,2,7,7,7,7,0,186,178,False
kcbert,kcbert,k2_K01_K02,2,10,2,7,7,7,7,0,243,235,False
kcbert,kcbert,k2_K01_K06,2,1,0,0,7,0,7,0,15,7,False
kcbert,kcbert,k2_K01_K06,2,5,2,7,7,7,7,0,211,203,False
kcbert,kcbert,k2_K01_K06,2,10,2,7,7,7,7,0,243,235,False
kcbert,kcbert,k2_K02_K06,2,1,0,0,7,0,7,0,15,7,False
kcbert,kcbert,k2_K02_K06,2,5,2,7,7,7,7,0,204,196,False
kcbert,kcbert,k2_K02_K06,2,10,2,7,7,7,7,0,242,234,False
kcbert,kcbert,k3_K04_K07_K08,3,1,0,0,6,0,6,0,16,8,False
kcbert,kcbert,k3_K04_K07_K08,3,5,3,6,6,6,6,0,200,192,False
kcbert,kcbert,k3_K04_K07_K08,3,10,3,6,6,6,6,0,241,233,False
kcbert,kcbert,k3_K03_K05_K09,3,1,0,0,6,0,6,0,13,5,False
kcbert,kcbert,k3_K03_K05_K09,3,5,3,6,6,6,6,0,208,200,False
kcbert,kcbert,k3_K03_K05_K09,3,10,3,6,6,6,6,0,242,234,False
kcbert,kcbert,k3_K01_K02_K06,3,1,0,0,6,0,6,0,12,4,False
kcbert,kcbert,k3_K01_K02_K06,3,5,3,6,6,6,6,0,199,191,False
kcbert,kcbert,k3_K01_K02_K06,3,10,3,6,6,6,6,0,243,235,False
kcbert_cf,kcbert_cf,k2_K04_K07,2,1,2,7,7,7,7,0,24,19,False
kcbert_cf,kcbert_cf,k2_K04_K07,2,5,2,7,7,7,7,0,138,133,False
kcbert_cf,kcbert_cf,k2_K04_K07,2,10,2,7,7,7,7,0,192,187,False
kcbert_cf,kcbert_cf,k2_K04_K08,2,1,2,7,7,7,7,0,25,20,False
kcbert_cf,kcbert_cf,k2_K04_K08,2,5,2,7,7,7,7,0,144,139,False
kcbert_cf,kcbert_cf,k2_K04_K08,2,10,2,7,7,7,7,0,193,188,False
kcbert_cf,kcbert_cf,k2_K07_K08,2,1,2,7,7,7,7,0,25,20,False
kcbert_cf,kcbert_cf,k2_K07_K08,2,5,2,7,7,7,7,0,159,154,False
kcbert_cf,kcbert_cf,k2_K07_K08,2,10,2,7,7,7,7,0,200,195,False
kcbert_cf,kcbert_cf,k2_K03_K05,2,1,2,7,7,7,7,0,22,17,False
kcbert_cf,kcbert_cf,k2_K03_K05,2,5,2,7,7,7,7,0,143,138,False
kcbert_cf,kcbert_cf,k2_K03_K05,2,10,2,7,7,7,7,0,193,188,False
kcbert_cf,kcbert_cf,k2_K03_K09,2,1,2,7,7,7,7,0,22,17,False
kcbert_cf,kcbert_cf,k2_K03_K09,2,5,2,7,7,7,7,0,150,145,False
kcbert_cf,kcbert_cf,k2_K03_K09,2,10,2,7,7,7,7,0,198,193,False
kcbert_cf,kcbert_cf,k2_K05_K09,2,1,2,7,7,7,7,0,25,20,False
kcbert_cf,kcbert_cf,k2_K05_K09,2,5,2,7,7,7,7,0,149,144,False
kcbert_cf,kcbert_cf,k2_K05_K09,2,10,2,7,7,7,7,0,196,191,False
kcbert_cf,kcbert_cf,k2_K01_K02,2,1,1,7,7,7,7,0,19,14,False
kcbert_cf,kcbert_cf,k2_K01_K02,2,5,2,7,7,7,7,0,178,173,False
kcbert_cf,kcbert_cf,k2_K01_K02,2,10,2,7,7,7,7,0,218,213,False
kcbert_cf,kcbert_cf,k2_K01_K06,2,1,2,7,7,7,7,0,22,17,False
kcbert_cf,kcbert_cf,k2_K01_K06,2,5,2,7,7,7,7,0,180,175,False
kcbert_cf,kcbert_cf,k2_K01_K06,2,10,2,7,7,7,7,0,220,215,False
kcbert_cf,kcbert_cf,k2_K02_K06,2,1,2,7,7,7,7,0,22,17,False
kcbert_cf,kcbert_cf,k2_K02_K06,2,5,2,7,7,7,7,0,176,171,False
kcbert_cf,kcbert_cf,k2_K02_K06,2,10,2,7,7,7,7,0,215,210,False
kcbert_cf,kcbert_cf,k3_K04_K07_K08,3,1,3,6,6,6,6,0,25,20,False
kcbert_cf,kcbert_cf,k3_K04_K07_K08,3,5,3,6,6,6,6,0,146,141,False
kcbert_cf,kcbert_cf,k3_K04_K07_K08,3,10,3,6,6,6,6,0,194,189,False
kcbert_cf,kcbert_cf,k3_K03_K05_K09,3,1,3,6,6,6,6,0,22,17,False
kcbert_cf,kcbert_cf,k3_K03_K05_K09,3,5,3,6,6,6,6,0,156,151,False
kcbert_cf,kcbert_cf,k3_K03_K05_K09,3,10,3,6,6,6,6,0,202,197,False
kcbert_cf,kcbert_cf,k3_K01_K02_K06,3,1,3,6,6,6,6,0,22,17,False
kcbert_cf,kcbert_cf,k3_K01_K02_K06,3,5,3,6,6,6,6,0,180,175,False
kcbert_cf,kcbert_cf,k3_K01_K02_K06,3,10,3,6,6,6,6,0,220,215,False
kcbert_A_s42,kcbert_A,k2_K04_K07,2,1,2,7,7,7,7,0,77,62,False
kcbert_A_s42,kcbert_A,k2_K04_K07,2,5,2,7,7,7,7,0,244,229,False
kcbert_A_s42,kcbert_A,k2_K04_K07,2,10,2,7,7,7,7,0,247,232,False
kcbert_A_s42,kcbert_A,k2_K04_K08,2,1,2,7,7,7,7,0,79,64,False
kcbert_A_s42,kcbert_A,k2_K04_K08,2,5,2,7,7,7,7,0,244,229,False
kcbert_A_s42,kcbert_A,k2_K04_K08,2,10,2,7,7,7,7,0,247,232,False
kcbert_A_s42,kcbert_A,k2_K07_K08,2,1,2,7,7,7,7,0,79,64,False
kcbert_A_s42,kcbert_A,k2_K07_K08,2,5,2,7,7,7,7,0,244,229,False
kcbert_A_s42,kcbert_A,k2_K07_K08,2,10,2,7,7,7,7,0,247,232,False
kcbert_A_s42,kcbert_A,k2_K03_K05,2,1,2,7,7,7,7,0,76,61,False
kcbert_A_s42,kcbert_A,k2_K03_K05,2,5,2,7,7,7,7,0,243,228,False
kcbert_A_s42,kcbert_A,k2_K03_K05,2,10,2,7,7,7,7,0,247,232,False
kcbert_A_s42,kcbert_A,k2_K03_K09,2,1,2,7,7,7,7,0,69,54,False
kcbert_A_s42,kcbert_A,k2_K03_K09,2,5,2,7,7,7,7,0,242,227,False
kcbert_A_s42,kcbert_A,k2_K03_K09,2,10,2,7,7,7,7,0,247,232,False
kcbert_A_s42,kcbert_A,k2_K05_K09,2,1,2,7,7,7,7,0,73,58,False
kcbert_A_s42,kcbert_A,k2_K05_K09,2,5,2,7,7,7,7,0,242,227,False
kcbert_A_s42,kcbert_A,k2_K05_K09,2,10,2,7,7,7,7,0,247,232,False
kcbert_A_s42,kcbert_A,k2_K01_K02,2,1,2,7,7,7,7,0,77,62,False
kcbert_A_s42,kcbert_A,k2_K01_K02,2,5,2,7,7,7,7,0,244,229,False
kcbert_A_s42,kcbert_A,k2_K01_K02,2,10,2,7,7,7,7,0,247,232,False
kcbert_A_s42,kcbert_A,k2_K01_K06,2,1,2,7,7,7,7,0,72,57,False
kcbert_A_s42,kcbert_A,k2_K01_K06,2,5,2,7,7,7,7,0,244,229,False
kcbert_A_s42,kcbert_A,k2_K01_K06,2,10,2,7,7,7,7,0,247,232,False
kcbert_A_s42,kcbert_A,k2_K02_K06,2,1,2,7,7,7,7,0,71,56,False
kcbert_A_s42,kcbert_A,k2_K02_K06,2,5,2,7,7,7,7,0,245,230,False
kcbert_A_s42,kcbert_A,k2_K02_K06,2,10,2,7,7,7,7,0,247,232,False
kcbert_A_s42,kcbert_A,k3_K04_K07_K08,3,1,3,6,6,6,6,0,84,69,False
kcbert_A_s42,kcbert_A,k3_K04_K07_K08,3,5,3,6,6,6,6,0,244,229,False
kcbert_A_s42,kcbert_A,k3_K04_K07_K08,3,10,3,6,6,6,6,0,247,232,False
kcbert_A_s42,kcbert_A,k3_K03_K05_K09,3,1,3,6,6,6,6,0,83,68,False
kcbert_A_s42,kcbert_A,k3_K03_K05_K09,3,5,3,6,6,6,6,0,244,229,False
kcbert_A_s42,kcbert_A,k3_K03_K05_K09,3,10,3,6,6,6,6,0,247,232,False
kcbert_A_s42,kcbert_A,k3_K01_K02_K06,3,1,3,6,6,6,6,0,83,68,False
kcbert_A_s42,kcbert_A,k3_K01_K02_K06,3,5,3,6,6,6,6,0,244,229,False
kcbert_A_s42,kcbert_A,k3_K01_K02_K06,3,10,3,6,6,6,6,0,247,232,False
kcbert_C_s42,kcbert_C,k2_K04_K07,2,1,2,7,7,7,7,0,98,79,False
kcbert_C_s42,kcbert_C,k2_K04_K07,2,5,2,7,7,7,7,0,246,227,False
kcbert_C_s42,kcbert_C,k2_K04_K07,2,10,2,7,7,7,7,0,247,228,False
kcbert_C_s42,kcbert_C,k2_K04_K08,2,1,2,7,7,7,7,0,108,89,False
kcbert_C_s42,kcbert_C,k2_K04_K08,2,5,2,7,7,7,7,0,246,227,False
kcbert_C_s42,kcbert_C,k2_K04_K08,2,10,2,7,7,7,7,0,247,228,False
kcbert_C_s42,kcbert_C,k2_K07_K08,2,1,2,7,7,7,7,0,105,86,False
kcbert_C_s42,kcbert_C,k2_K07_K08,2,5,2,7,7,7,7,0,246,227,False
kcbert_C_s42,kcbert_C,k2_K07_K08,2,10,2,7,7,7,7,0,247,228,False
kcbert_C_s42,kcbert_C,k2_K03_K05,2,1,2,7,7,7,7,0,104,85,False
kcbert_C_s42,kcbert_C,k2_K03_K05,2,5,2,7,7,7,7,0,246,227,False
kcbert_C_s42,kcbert_C,k2_K03_K05,2,10,2,7,7,7,7,0,248,229,False
kcbert_C_s42,kcbert_C,k2_K03_K09,2,1,2,7,7,7,7,0,96,77,False
kcbert_C_s42,kcbert_C,k2_K03_K09,2,5,2,7,7,7,7,0,246,227,False
kcbert_C_s42,kcbert_C,k2_K03_K09,2,10,2,7,7,7,7,0,247,228,False
kcbert_C_s42,kcbert_C,k2_K05_K09,2,1,2,7,7,7,7,0,95,76,False
kcbert_C_s42,kcbert_C,k2_K05_K09,2,5,2,7,7,7,7,0,245,226,False
kcbert_C_s42,kcbert_C,k2_K05_K09,2,10,2,7,7,7,7,0,247,228,False
kcbert_C_s42,kcbert_C,k2_K01_K02,2,1,2,7,7,7,7,0,97,78,False
kcbert_C_s42,kcbert_C,k2_K01_K02,2,5,2,7,7,7,7,0,246,227,False
kcbert_C_s42,kcbert_C,k2_K01_K02,2,10,2,7,7,7,7,0,248,229,False
kcbert_C_s42,kcbert_C,k2_K01_K06,2,1,2,7,7,7,7,0,92,73,False
kcbert_C_s42,kcbert_C,k2_K01_K06,2,5,2,7,7,7,7,0,246,227,False
kcbert_C_s42,kcbert_C,k2_K01_K06,2,10,2,7,7,7,7,0,248,229,False
kcbert_C_s42,kcbert_C,k2_K02_K06,2,1,2,7,7,7,7,0,96,77,False
kcbert_C_s42,kcbert_C,k2_K02_K06,2,5,2,7,7,7,7,0,247,228,False
kcbert_C_s42,kcbert_C,k2_K02_K06,2,10,2,7,7,7,7,0,248,229,False
kcbert_C_s42,kcbert_C,k3_K04_K07_K08,3,1,3,6,6,6,6,0,104,85,False
kcbert_C_s42,kcbert_C,k3_K04_K07_K08,3,5,3,6,6,6,6,0,245,226,False
kcbert_C_s42,kcbert_C,k3_K04_K07_K08,3,10,3,6,6,6,6,0,247,228,False
kcbert_C_s42,kcbert_C,k3_K03_K05_K09,3,1,3,6,6,6,6,0,108,89,False
kcbert_C_s42,kcbert_C,k3_K03_K05_K09,3,5,3,6,6,6,6,0,246,227,False
kcbert_C_s42,kcbert_C,k3_K03_K05_K09,3,10,3,6,6,6,6,0,248,229,False
kcbert_C_s42,kcbert_C,k3_K01_K02_K06,3,1,3,6,6,6,6,0,106,87,False
kcbert_C_s42,kcbert_C,k3_K01_K02_K06,3,5,3,6,6,6,6,0,246,227,False
kcbert_C_s42,kcbert_C,k3_K01_K02_K06,3,10,3,6,6,6,6,0,248,229,False
kcbert_A_s101,kcbert_A,k2_K04_K07,2,1,2,7,7,7,7,0,87,73,False
kcbert_A_s101,kcbert_A,k2_K04_K07,2,5,2,7,7,7,7,0,243,229,False
kcbert_A_s101,kcbert_A,k2_K04_K07,2,10,2,7,7,7,7,0,246,232,False
kcbert_A_s101,kcbert_A,k2_K04_K08,2,1,2,7,7,7,7,0,90,76,False
kcbert_A_s101,kcbert_A,k2_K04_K08,2,5,2,7,7,7,7,0,243,229,False
kcbert_A_s101,kcbert_A,k2_K04_K08,2,10,2,7,7,7,7,0,246,232,False
kcbert_A_s101,kcbert_A,k2_K07_K08,2,1,2,7,7,7,7,0,91,77,False
kcbert_A_s101,kcbert_A,k2_K07_K08,2,5,2,7,7,7,7,0,243,229,False
kcbert_A_s101,kcbert_A,k2_K07_K08,2,10,2,7,7,7,7,0,246,232,False
kcbert_A_s101,kcbert_A,k2_K03_K05,2,1,2,7,7,7,7,0,89,75,False
kcbert_A_s101,kcbert_A,k2_K03_K05,2,5,2,7,7,7,7,0,243,229,False
kcbert_A_s101,kcbert_A,k2_K03_K05,2,10,2,7,7,7,7,0,246,232,False
kcbert_A_s101,kcbert_A,k2_K03_K09,2,1,2,7,7,7,7,0,90,76,False
kcbert_A_s101,kcbert_A,k2_K03_K09,2,5,2,7,7,7,7,0,243,229,False
kcbert_A_s101,kcbert_A,k2_K03_K09,2,10,2,7,7,7,7,0,246,232,False
kcbert_A_s101,kcbert_A,k2_K05_K09,2,1,2,7,7,7,7,0,92,78,False
kcbert_A_s101,kcbert_A,k2_K05_K09,2,5,2,7,7,7,7,0,243,229,False
kcbert_A_s101,kcbert_A,k2_K05_K09,2,10,2,7,7,7,7,0,246,232,False
kcbert_A_s101,kcbert_A,k2_K01_K02,2,1,2,7,7,7,7,0,86,72,False
kcbert_A_s101,kcbert_A,k2_K01_K02,2,5,2,7,7,7,7,0,243,229,False
kcbert_A_s101,kcbert_A,k2_K01_K02,2,10,2,7,7,7,7,0,246,232,False
kcbert_A_s101,kcbert_A,k2_K01_K06,2,1,2,7,7,7,7,0,88,74,False
kcbert_A_s101,kcbert_A,k2_K01_K06,2,5,2,7,7,7,7,0,243,229,False
kcbert_A_s101,kcbert_A,k2_K01_K06,2,10,2,7,7,7,7,0,246,232,False
kcbert_A_s101,kcbert_A,k2_K02_K06,2,1,2,7,7,7,7,0,88,74,False
kcbert_A_s101,kcbert_A,k2_K02_K06,2,5,2,7,7,7,7,0,243,229,False
kcbert_A_s101,kcbert_A,k2_K02_K06,2,10,2,7,7,7,7,0,246,232,False
kcbert_A_s101,kcbert_A,k3_K04_K07_K08,3,1,3,6,6,6,6,0,88,74,False
kcbert_A_s101,kcbert_A,k3_K04_K07_K08,3,5,3,6,6,6,6,0,243,229,False
kcbert_A_s101,kcbert_A,k3_K04_K07_K08,3,10,3,6,6,6,6,0,246,232,False
kcbert_A_s101,kcbert_A,k3_K03_K05_K09,3,1,3,6,6,6,6,0,91,77,False
kcbert_A_s101,kcbert_A,k3_K03_K05_K09,3,5,3,6,6,6,6,0,243,229,False
kcbert_A_s101,kcbert_A,k3_K03_K05_K09,3,10,3,6,6,6,6,0,246,232,False
kcbert_A_s101,kcbert_A,k3_K01_K02_K06,3,1,3,6,6,6,6,0,87,73,False
kcbert_A_s101,kcbert_A,k3_K01_K02_K06,3,5,3,6,6,6,6,0,243,229,False
kcbert_A_s101,kcbert_A,k3_K01_K02_K06,3,10,3,6,6,6,6,0,246,232,False
kcbert_C_s101,kcbert_C,k2_K04_K07,2,1,2,7,7,7,7,0,96,80,False
kcbert_C_s101,kcbert_C,k2_K04_K07,2,5,2,7,7,7,7,0,243,227,False
kcbert_C_s101,kcbert_C,k2_K04_K07,2,10,2,7,7,7,7,0,246,230,False
kcbert_C_s101,kcbert_C,k2_K04_K08,2,1,2,7,7,7,7,0,99,83,False
kcbert_C_s101,kcbert_C,k2_K04_K08,2,5,2,7,7,7,7,0,244,228,False
kcbert_C_s101,kcbert_C,k2_K04_K08,2,10,2,7,7,7,7,0,246,230,False
kcbert_C_s101,kcbert_C,k2_K07_K08,2,1,2,7,7,7,7,0,97,81,False
kcbert_C_s101,kcbert_C,k2_K07_K08,2,5,2,7,7,7,7,0,244,228,False
kcbert_C_s101,kcbert_C,k2_K07_K08,2,10,2,7,7,7,7,0,246,230,False
kcbert_C_s101,kcbert_C,k2_K03_K05,2,1,2,7,7,7,7,0,97,81,False
kcbert_C_s101,kcbert_C,k2_K03_K05,2,5,2,7,7,7,7,0,243,227,False
kcbert_C_s101,kcbert_C,k2_K03_K05,2,10,2,7,7,7,7,0,246,230,False
kcbert_C_s101,kcbert_C,k2_K03_K09,2,1,2,7,7,7,7,0,92,76,False
kcbert_C_s101,kcbert_C,k2_K03_K09,2,5,2,7,7,7,7,0,244,228,False
kcbert_C_s101,kcbert_C,k2_K03_K09,2,10,2,7,7,7,7,0,246,230,False
kcbert_C_s101,kcbert_C,k2_K05_K09,2,1,2,7,7,7,7,0,94,78,False
kcbert_C_s101,kcbert_C,k2_K05_K09,2,5,2,7,7,7,7,0,243,227,False
kcbert_C_s101,kcbert_C,k2_K05_K09,2,10,2,7,7,7,7,0,246,230,False
kcbert_C_s101,kcbert_C,k2_K01_K02,2,1,2,7,7,7,7,0,94,78,False
kcbert_C_s101,kcbert_C,k2_K01_K02,2,5,2,7,7,7,7,0,244,228,False
kcbert_C_s101,kcbert_C,k2_K01_K02,2,10,2,7,7,7,7,0,246,230,False
kcbert_C_s101,kcbert_C,k2_K01_K06,2,1,2,7,7,7,7,0,95,79,False
kcbert_C_s101,kcbert_C,k2_K01_K06,2,5,2,7,7,7,7,0,244,228,False
kcbert_C_s101,kcbert_C,k2_K01_K06,2,10,2,7,7,7,7,0,246,230,False
kcbert_C_s101,kcbert_C,k2_K02_K06,2,1,2,7,7,7,7,0,97,81,False
kcbert_C_s101,kcbert_C,k2_K02_K06,2,5,2,7,7,7,7,0,244,228,False
kcbert_C_s101,kcbert_C,k2_K02_K06,2,10,2,7,7,7,7,0,246,230,False
kcbert_C_s101,kcbert_C,k3_K04_K07_K08,3,1,3,6,6,6,6,0,101,85,False
kcbert_C_s101,kcbert_C,k3_K04_K07_K08,3,5,3,6,6,6,6,0,244,228,False
kcbert_C_s101,kcbert_C,k3_K04_K07_K08,3,10,3,6,6,6,6,0,246,230,False
kcbert_C_s101,kcbert_C,k3_K03_K05_K09,3,1,3,6,6,6,6,0,98,82,False
kcbert_C_s101,kcbert_C,k3_K03_K05_K09,3,5,3,6,6,6,6,0,244,228,False
kcbert_C_s101,kcbert_C,k3_K03_K05_K09,3,10,3,6,6,6,6,0,246,230,False
kcbert_C_s101,kcbert_C,k3_K01_K02_K06,3,1,3,6,6,6,6,0,96,80,False
kcbert_C_s101,kcbert_C,k3_K01_K02_K06,3,5,3,6,6,6,6,0,244,228,False
kcbert_C_s101,kcbert_C,k3_K01_K02_K06,3,10,3,6,6,6,6,0,246,230,False
kcbert_A_s202,kcbert_A,k2_K04_K07,2,1,2,6,6,6,7,0,110,88,False
kcbert_A_s202,kcbert_A,k2_K04_K07,2,5,2,6,6,6,7,0,244,222,False
kcbert_A_s202,kcbert_A,k2_K04_K07,2,10,2,6,6,6,7,0,246,224,False
kcbert_A_s202,kcbert_A,k2_K04_K08,2,1,2,7,7,7,7,0,113,91,False
kcbert_A_s202,kcbert_A,k2_K04_K08,2,5,2,7,7,7,7,0,244,222,False
kcbert_A_s202,kcbert_A,k2_K04_K08,2,10,2,7,7,7,7,0,246,224,False
kcbert_A_s202,kcbert_A,k2_K07_K08,2,1,2,7,7,7,7,0,110,88,False
kcbert_A_s202,kcbert_A,k2_K07_K08,2,5,2,7,7,7,7,0,244,222,False
kcbert_A_s202,kcbert_A,k2_K07_K08,2,10,2,7,7,7,7,0,246,224,False
kcbert_A_s202,kcbert_A,k2_K03_K05,2,1,2,6,6,6,7,0,105,83,False
kcbert_A_s202,kcbert_A,k2_K03_K05,2,5,2,6,6,6,7,0,244,222,False
kcbert_A_s202,kcbert_A,k2_K03_K05,2,10,2,6,6,6,7,0,246,224,False
kcbert_A_s202,kcbert_A,k2_K03_K09,2,1,2,6,6,6,7,0,104,82,False
kcbert_A_s202,kcbert_A,k2_K03_K09,2,5,2,6,6,6,7,0,244,222,False
kcbert_A_s202,kcbert_A,k2_K03_K09,2,10,2,6,6,6,7,0,246,224,False
kcbert_A_s202,kcbert_A,k2_K05_K09,2,1,2,6,6,6,7,0,108,86,False
kcbert_A_s202,kcbert_A,k2_K05_K09,2,5,2,6,6,6,7,0,244,222,False
kcbert_A_s202,kcbert_A,k2_K05_K09,2,10,2,6,6,6,7,0,246,224,False
kcbert_A_s202,kcbert_A,k2_K01_K02,2,1,2,6,6,6,7,0,113,91,False
kcbert_A_s202,kcbert_A,k2_K01_K02,2,5,2,6,6,6,7,0,244,222,False
kcbert_A_s202,kcbert_A,k2_K01_K02,2,10,2,6,6,6,7,0,247,225,False
kcbert_A_s202,kcbert_A,k2_K01_K06,2,1,2,6,6,6,7,0,110,88,False
kcbert_A_s202,kcbert_A,k2_K01_K06,2,5,2,6,6,6,7,0,244,222,False
kcbert_A_s202,kcbert_A,k2_K01_K06,2,10,2,6,6,6,7,0,247,225,False
kcbert_A_s202,kcbert_A,k2_K02_K06,2,1,2,6,6,6,7,0,111,89,False
kcbert_A_s202,kcbert_A,k2_K02_K06,2,5,2,6,6,6,7,0,244,222,False
kcbert_A_s202,kcbert_A,k2_K02_K06,2,10,2,6,6,6,7,0,247,225,False
kcbert_A_s202,kcbert_A,k3_K04_K07_K08,3,1,3,6,6,6,6,0,113,91,False
kcbert_A_s202,kcbert_A,k3_K04_K07_K08,3,5,3,6,6,6,6,0,244,222,False
kcbert_A_s202,kcbert_A,k3_K04_K07_K08,3,10,3,6,6,6,6,0,246,224,False
kcbert_A_s202,kcbert_A,k3_K03_K05_K09,3,1,3,5,5,5,6,0,112,90,False
kcbert_A_s202,kcbert_A,k3_K03_K05_K09,3,5,3,5,5,5,6,0,244,222,False
kcbert_A_s202,kcbert_A,k3_K03_K05_K09,3,10,3,5,5,5,6,0,247,225,False
kcbert_A_s202,kcbert_A,k3_K01_K02_K06,3,1,3,5,5,5,6,0,114,92,False
kcbert_A_s202,kcbert_A,k3_K01_K02_K06,3,5,3,5,5,5,6,0,244,222,False
kcbert_A_s202,kcbert_A,k3_K01_K02_K06,3,10,3,5,5,5,6,0,247,225,False
kcbert_C_s202,kcbert_C,k2_K04_K07,2,1,2,4,4,4,7,0,125,98,False
kcbert_C_s202,kcbert_C,k2_K04_K07,2,5,2,4,4,4,7,0,245,218,False
kcbert_C_s202,kcbert_C,k2_K04_K07,2,10,2,4,4,4,7,0,247,220,False
kcbert_C_s202,kcbert_C,k2_K04_K08,2,1,2,4,4,4,7,0,130,103,False
kcbert_C_s202,kcbert_C,k2_K04_K08,2,5,2,4,4,4,7,0,245,218,False
kcbert_C_s202,kcbert_C,k2_K04_K08,2,10,2,4,4,4,7,0,247,220,False
kcbert_C_s202,kcbert_C,k2_K07_K08,2,1,2,4,4,4,7,0,132,105,False
kcbert_C_s202,kcbert_C,k2_K07_K08,2,5,2,4,4,4,7,0,245,218,False
kcbert_C_s202,kcbert_C,k2_K07_K08,2,10,2,4,4,4,7,0,247,220,False
kcbert_C_s202,kcbert_C,k2_K03_K05,2,1,2,3,3,3,7,0,124,97,False
kcbert_C_s202,kcbert_C,k2_K03_K05,2,5,2,3,3,3,7,0,245,218,False
kcbert_C_s202,kcbert_C,k2_K03_K05,2,10,2,3,3,3,7,0,247,220,False
kcbert_C_s202,kcbert_C,k2_K03_K09,2,1,2,2,2,2,7,0,121,94,False
kcbert_C_s202,kcbert_C,k2_K03_K09,2,5,2,2,2,2,7,0,245,218,False
kcbert_C_s202,kcbert_C,k2_K03_K09,2,10,2,2,2,2,7,0,247,220,False
kcbert_C_s202,kcbert_C,k2_K05_K09,2,1,2,3,3,3,7,0,121,94,False
kcbert_C_s202,kcbert_C,k2_K05_K09,2,5,2,3,3,3,7,0,245,218,False
kcbert_C_s202,kcbert_C,k2_K05_K09,2,10,2,3,3,3,7,0,247,220,False
kcbert_C_s202,kcbert_C,k2_K01_K02,2,1,2,2,2,2,7,0,128,101,False
kcbert_C_s202,kcbert_C,k2_K01_K02,2,5,2,2,2,2,7,0,245,218,False
kcbert_C_s202,kcbert_C,k2_K01_K02,2,10,2,2,2,2,7,0,247,220,False
kcbert_C_s202,kcbert_C,k2_K01_K06,2,1,2,3,3,3,7,0,124,97,False
kcbert_C_s202,kcbert_C,k2_K01_K06,2,5,2,3,3,3,7,0,245,218,False
kcbert_C_s202,kcbert_C,k2_K01_K06,2,10,2,3,3,3,7,0,247,220,False
kcbert_C_s202,kcbert_C,k2_K02_K06,2,1,2,3,3,3,7,0,122,95,False
kcbert_C_s202,kcbert_C,k2_K02_K06,2,5,2,3,3,3,7,0,245,218,False
kcbert_C_s202,kcbert_C,k2_K02_K06,2,10,2,3,3,3,7,0,247,220,False
kcbert_C_s202,kcbert_C,k3_K04_K07_K08,3,1,3,4,4,4,6,0,126,99,False
kcbert_C_s202,kcbert_C,k3_K04_K07_K08,3,5,3,4,4,4,6,0,245,218,False
kcbert_C_s202,kcbert_C,k3_K04_K07_K08,3,10,3,4,4,4,6,0,247,220,False
kcbert_C_s202,kcbert_C,k3_K03_K05_K09,3,1,3,2,2,2,6,0,129,102,False
kcbert_C_s202,kcbert_C,k3_K03_K05_K09,3,5,3,2,2,2,6,0,245,218,False
kcbert_C_s202,kcbert_C,k3_K03_K05_K09,3,10,3,2,2,2,6,0,247,220,False
kcbert_C_s202,kcbert_C,k3_K01_K02_K06,3,1,3,2,2,2,6,0,134,107,False
kcbert_C_s202,kcbert_C,k3_K01_K02_K06,3,5,3,2,2,2,6,0,245,218,False
kcbert_C_s202,kcbert_C,k3_K01_K02_K06,3,10,3,2,2,2,6,0,247,220,False
kcbert_A_s303,kcbert_A,k2_K04_K07,2,1,2,7,7,7,7,0,51,36,False
kcbert_A_s303,kcbert_A,k2_K04_K07,2,5,2,7,7,7,7,0,240,225,False
kcbert_A_s303,kcbert_A,k2_K04_K07,2,10,2,7,7,7,7,0,243,228,False
kcbert_A_s303,kcbert_A,k2_K04_K08,2,1,2,7,7,7,7,0,57,42,False
kcbert_A_s303,kcbert_A,k2_K04_K08,2,5,2,7,7,7,7,0,230,215,False
kcbert_A_s303,kcbert_A,k2_K04_K08,2,10,2,7,7,7,7,0,242,227,False
kcbert_A_s303,kcbert_A,k2_K07_K08,2,1,2,7,7,7,7,0,56,41,False
kcbert_A_s303,kcbert_A,k2_K07_K08,2,5,2,7,7,7,7,0,240,225,False
kcbert_A_s303,kcbert_A,k2_K07_K08,2,10,2,7,7,7,7,0,243,228,False
kcbert_A_s303,kcbert_A,k2_K03_K05,2,1,2,7,7,7,7,0,55,40,False
kcbert_A_s303,kcbert_A,k2_K03_K05,2,5,2,7,7,7,7,0,234,219,False
kcbert_A_s303,kcbert_A,k2_K03_K05,2,10,2,7,7,7,7,0,243,228,False
kcbert_A_s303,kcbert_A,k2_K03_K09,2,1,2,7,7,7,7,0,51,36,False
kcbert_A_s303,kcbert_A,k2_K03_K09,2,5,2,7,7,7,7,0,240,225,False
kcbert_A_s303,kcbert_A,k2_K03_K09,2,10,2,7,7,7,7,0,244,229,False
kcbert_A_s303,kcbert_A,k2_K05_K09,2,1,2,7,7,7,7,0,54,39,False
kcbert_A_s303,kcbert_A,k2_K05_K09,2,5,2,7,7,7,7,0,232,217,False
kcbert_A_s303,kcbert_A,k2_K05_K09,2,10,2,7,7,7,7,0,243,228,False
kcbert_A_s303,kcbert_A,k2_K01_K02,2,1,2,7,7,7,7,0,51,36,False
kcbert_A_s303,kcbert_A,k2_K01_K02,2,5,2,7,7,7,7,0,240,225,False
kcbert_A_s303,kcbert_A,k2_K01_K02,2,10,2,7,7,7,7,0,244,229,False
kcbert_A_s303,kcbert_A,k2_K01_K06,2,1,2,7,7,7,7,0,49,34,False
kcbert_A_s303,kcbert_A,k2_K01_K06,2,5,2,7,7,7,7,0,240,225,False
kcbert_A_s303,kcbert_A,k2_K01_K06,2,10,2,7,7,7,7,0,244,229,False
kcbert_A_s303,kcbert_A,k2_K02_K06,2,1,2,7,7,7,7,0,52,37,False
kcbert_A_s303,kcbert_A,k2_K02_K06,2,5,2,7,7,7,7,0,236,221,False
kcbert_A_s303,kcbert_A,k2_K02_K06,2,10,2,7,7,7,7,0,243,228,False
kcbert_A_s303,kcbert_A,k3_K04_K07_K08,3,1,3,6,6,6,6,0,56,41,False
kcbert_A_s303,kcbert_A,k3_K04_K07_K08,3,5,3,6,6,6,6,0,239,224,False
kcbert_A_s303,kcbert_A,k3_K04_K07_K08,3,10,3,6,6,6,6,0,243,228,False
kcbert_A_s303,kcbert_A,k3_K03_K05_K09,3,1,3,6,6,6,6,0,58,43,False
kcbert_A_s303,kcbert_A,k3_K03_K05_K09,3,5,3,6,6,6,6,0,235,220,False
kcbert_A_s303,kcbert_A,k3_K03_K05_K09,3,10,3,6,6,6,6,0,243,228,False
kcbert_A_s303,kcbert_A,k3_K01_K02_K06,3,1,3,6,6,6,6,0,53,38,False
kcbert_A_s303,kcbert_A,k3_K01_K02_K06,3,5,3,6,6,6,6,0,240,225,False
kcbert_A_s303,kcbert_A,k3_K01_K02_K06,3,10,3,6,6,6,6,0,244,229,False
kcbert_C_s303,kcbert_C,k2_K04_K07,2,1,2,7,7,7,7,0,56,38,False
kcbert_C_s303,kcbert_C,k2_K04_K07,2,5,2,7,7,7,7,0,236,218,False
kcbert_C_s303,kcbert_C,k2_K04_K07,2,10,2,7,7,7,7,0,243,225,False
kcbert_C_s303,kcbert_C,k2_K04_K08,2,1,2,7,7,7,7,0,59,41,False
kcbert_C_s303,kcbert_C,k2_K04_K08,2,5,2,7,7,7,7,0,237,219,False
kcbert_C_s303,kcbert_C,k2_K04_K08,2,10,2,7,7,7,7,0,243,225,False
kcbert_C_s303,kcbert_C,k2_K07_K08,2,1,2,7,7,7,7,0,58,40,False
kcbert_C_s303,kcbert_C,k2_K07_K08,2,5,2,7,7,7,7,0,238,220,False
kcbert_C_s303,kcbert_C,k2_K07_K08,2,10,2,7,7,7,7,0,243,225,False
kcbert_C_s303,kcbert_C,k2_K03_K05,2,1,2,7,7,7,7,0,59,41,False
kcbert_C_s303,kcbert_C,k2_K03_K05,2,5,2,7,7,7,7,0,237,219,False
kcbert_C_s303,kcbert_C,k2_K03_K05,2,10,2,7,7,7,7,0,243,225,False
kcbert_C_s303,kcbert_C,k2_K03_K09,2,1,2,7,7,7,7,0,54,36,False
kcbert_C_s303,kcbert_C,k2_K03_K09,2,5,2,7,7,7,7,0,229,211,False
kcbert_C_s303,kcbert_C,k2_K03_K09,2,10,2,7,7,7,7,0,243,225,False
kcbert_C_s303,kcbert_C,k2_K05_K09,2,1,2,7,7,7,7,0,56,38,False
kcbert_C_s303,kcbert_C,k2_K05_K09,2,5,2,7,7,7,7,0,230,212,False
kcbert_C_s303,kcbert_C,k2_K05_K09,2,10,2,7,7,7,7,0,243,225,False
kcbert_C_s303,kcbert_C,k2_K01_K02,2,1,2,7,7,7,7,0,54,36,False
kcbert_C_s303,kcbert_C,k2_K01_K02,2,5,2,7,7,7,7,0,234,216,False
kcbert_C_s303,kcbert_C,k2_K01_K02,2,10,2,7,7,7,7,0,243,225,False
kcbert_C_s303,kcbert_C,k2_K01_K06,2,1,2,7,7,7,7,0,53,35,False
kcbert_C_s303,kcbert_C,k2_K01_K06,2,5,2,7,7,7,7,0,234,216,False
kcbert_C_s303,kcbert_C,k2_K01_K06,2,10,2,7,7,7,7,0,243,225,False
kcbert_C_s303,kcbert_C,k2_K02_K06,2,1,2,7,7,7,7,0,53,35,False
kcbert_C_s303,kcbert_C,k2_K02_K06,2,5,2,7,7,7,7,0,233,215,False
kcbert_C_s303,kcbert_C,k2_K02_K06,2,10,2,7,7,7,7,0,243,225,False
kcbert_C_s303,kcbert_C,k3_K04_K07_K08,3,1,3,6,6,6,6,0,60,42,False
kcbert_C_s303,kcbert_C,k3_K04_K07_K08,3,5,3,6,6,6,6,0,238,220,False
kcbert_C_s303,kcbert_C,k3_K04_K07_K08,3,10,3,6,6,6,6,0,243,225,False
kcbert_C_s303,kcbert_C,k3_K03_K05_K09,3,1,3,6,6,6,6,0,60,42,False
kcbert_C_s303,kcbert_C,k3_K03_K05_K09,3,5,3,6,6,6,6,0,239,221,False
kcbert_C_s303,kcbert_C,k3_K03_K05_K09,3,10,3,6,6,6,6,0,243,225,False
kcbert_C_s303,kcbert_C,k3_K01_K02_K06,3,1,3,6,6,6,6,0,55,37,False
kcbert_C_s303,kcbert_C,k3_K01_K02_K06,3,5,3,6,6,6,6,0,238,220,False
kcbert_C_s303,kcbert_C,k3_K01_K02_K06,3,10,3,6,6,6,6,0,244,226,False
kcbert_A_s404,kcbert_A,k2_K04_K07,2,1,2,7,7,7,7,0,81,64,False
kcbert_A_s404,kcbert_A,k2_K04_K07,2,5,2,7,7,7,7,0,243,226,False
kcbert_A_s404,kcbert_A,k2_K04_K07,2,10,2,7,7,7,7,0,246,229,False
kcbert_A_s404,kcbert_A,k2_K04_K08,2,1,2,7,7,7,7,0,86,69,False
kcbert_A_s404,kcbert_A,k2_K04_K08,2,5,2,7,7,7,7,0,240,223,False
kcbert_A_s404,kcbert_A,k2_K04_K08,2,10,2,7,7,7,7,0,246,229,False
kcbert_A_s404,kcbert_A,k2_K07_K08,2,1,2,7,7,7,7,0,85,68,False
kcbert_A_s404,kcbert_A,k2_K07_K08,2,5,2,7,7,7,7,0,243,226,False
kcbert_A_s404,kcbert_A,k2_K07_K08,2,10,2,7,7,7,7,0,246,229,False
kcbert_A_s404,kcbert_A,k2_K03_K05,2,1,2,7,7,7,7,0,82,65,False
kcbert_A_s404,kcbert_A,k2_K03_K05,2,5,2,7,7,7,7,0,242,225,False
kcbert_A_s404,kcbert_A,k2_K03_K05,2,10,2,7,7,7,7,0,246,229,False
kcbert_A_s404,kcbert_A,k2_K03_K09,2,1,2,7,7,7,7,0,82,65,False
kcbert_A_s404,kcbert_A,k2_K03_K09,2,5,2,7,7,7,7,0,243,226,False
kcbert_A_s404,kcbert_A,k2_K03_K09,2,10,2,7,7,7,7,0,246,229,False
kcbert_A_s404,kcbert_A,k2_K05_K09,2,1,2,7,7,7,7,0,84,67,False
kcbert_A_s404,kcbert_A,k2_K05_K09,2,5,2,7,7,7,7,0,243,226,False
kcbert_A_s404,kcbert_A,k2_K05_K09,2,10,2,7,7,7,7,0,246,229,False
kcbert_A_s404,kcbert_A,k2_K01_K02,2,1,2,7,7,7,7,0,82,65,False
kcbert_A_s404,kcbert_A,k2_K01_K02,2,5,2,7,7,7,7,0,243,226,False
kcbert_A_s404,kcbert_A,k2_K01_K02,2,10,2,7,7,7,7,0,246,229,False
kcbert_A_s404,kcbert_A,k2_K01_K06,2,1,2,7,7,7,7,0,81,64,False
kcbert_A_s404,kcbert_A,k2_K01_K06,2,5,2,7,7,7,7,0,243,226,False
kcbert_A_s404,kcbert_A,k2_K01_K06,2,10,2,7,7,7,7,0,246,229,False
kcbert_A_s404,kcbert_A,k2_K02_K06,2,1,2,7,7,7,7,0,80,63,False
kcbert_A_s404,kcbert_A,k2_K02_K06,2,5,2,7,7,7,7,0,244,227,False
kcbert_A_s404,kcbert_A,k2_K02_K06,2,10,2,7,7,7,7,0,246,229,False
kcbert_A_s404,kcbert_A,k3_K04_K07_K08,3,1,3,6,6,6,6,0,84,67,False
kcbert_A_s404,kcbert_A,k3_K04_K07_K08,3,5,3,6,6,6,6,0,243,226,False
kcbert_A_s404,kcbert_A,k3_K04_K07_K08,3,10,3,6,6,6,6,0,246,229,False
kcbert_A_s404,kcbert_A,k3_K03_K05_K09,3,1,3,6,6,6,6,0,84,67,False
kcbert_A_s404,kcbert_A,k3_K03_K05_K09,3,5,3,6,6,6,6,0,244,227,False
kcbert_A_s404,kcbert_A,k3_K03_K05_K09,3,10,3,6,6,6,6,0,246,229,False
kcbert_A_s404,kcbert_A,k3_K01_K02_K06,3,1,3,6,6,6,6,0,85,68,False
kcbert_A_s404,kcbert_A,k3_K01_K02_K06,3,5,3,6,6,6,6,0,244,227,False
kcbert_A_s404,kcbert_A,k3_K01_K02_K06,3,10,3,6,6,6,6,0,246,229,False
kcbert_C_s404,kcbert_C,k2_K04_K07,2,1,2,7,7,7,7,0,105,85,False
kcbert_C_s404,kcbert_C,k2_K04_K07,2,5,2,7,7,7,7,0,239,219,False
kcbert_C_s404,kcbert_C,k2_K04_K07,2,10,2,7,7,7,7,0,244,224,False
kcbert_C_s404,kcbert_C,k2_K04_K08,2,1,2,7,7,7,7,0,109,89,False
kcbert_C_s404,kcbert_C,k2_K04_K08,2,5,2,7,7,7,7,0,236,216,False
kcbert_C_s404,kcbert_C,k2_K04_K08,2,10,2,7,7,7,7,0,244,224,False
kcbert_C_s404,kcbert_C,k2_K07_K08,2,1,2,7,7,7,7,0,100,80,False
kcbert_C_s404,kcbert_C,k2_K07_K08,2,5,2,7,7,7,7,0,239,219,False
kcbert_C_s404,kcbert_C,k2_K07_K08,2,10,2,7,7,7,7,0,245,225,False
kcbert_C_s404,kcbert_C,k2_K03_K05,2,1,2,7,7,7,7,0,93,73,False
kcbert_C_s404,kcbert_C,k2_K03_K05,2,5,2,7,7,7,7,0,239,219,False
kcbert_C_s404,kcbert_C,k2_K03_K05,2,10,2,7,7,7,7,0,245,225,False
kcbert_C_s404,kcbert_C,k2_K03_K09,2,1,2,7,7,7,7,0,97,77,False
kcbert_C_s404,kcbert_C,k2_K03_K09,2,5,2,7,7,7,7,0,238,218,False
kcbert_C_s404,kcbert_C,k2_K03_K09,2,10,2,7,7,7,7,0,245,225,False
kcbert_C_s404,kcbert_C,k2_K05_K09,2,1,2,7,7,7,7,0,100,80,False
kcbert_C_s404,kcbert_C,k2_K05_K09,2,5,2,7,7,7,7,0,240,220,False
kcbert_C_s404,kcbert_C,k2_K05_K09,2,10,2,7,7,7,7,0,245,225,False
kcbert_C_s404,kcbert_C,k2_K01_K02,2,1,2,7,7,7,7,0,92,72,False
kcbert_C_s404,kcbert_C,k2_K01_K02,2,5,2,7,7,7,7,0,240,220,False
kcbert_C_s404,kcbert_C,k2_K01_K02,2,10,2,7,7,7,7,0,245,225,False
kcbert_C_s404,kcbert_C,k2_K01_K06,2,1,2,7,7,7,7,0,95,75,False
kcbert_C_s404,kcbert_C,k2_K01_K06,2,5,2,7,7,7,7,0,242,222,False
kcbert_C_s404,kcbert_C,k2_K01_K06,2,10,2,7,7,7,7,0,245,225,False
kcbert_C_s404,kcbert_C,k2_K02_K06,2,1,2,7,7,7,7,0,94,74,False
kcbert_C_s404,kcbert_C,k2_K02_K06,2,5,2,7,7,7,7,0,243,223,False
kcbert_C_s404,kcbert_C,k2_K02_K06,2,10,2,7,7,7,7,0,246,226,False
kcbert_C_s404,kcbert_C,k3_K04_K07_K08,3,1,3,6,6,6,6,0,103,83,False
kcbert_C_s404,kcbert_C,k3_K04_K07_K08,3,5,3,6,6,6,6,0,239,219,False
kcbert_C_s404,kcbert_C,k3_K04_K07_K08,3,10,3,6,6,6,6,0,244,224,False
kcbert_C_s404,kcbert_C,k3_K03_K05_K09,3,1,3,6,6,6,6,0,95,75,False
kcbert_C_s404,kcbert_C,k3_K03_K05_K09,3,5,3,6,6,6,6,0,240,220,False
kcbert_C_s404,kcbert_C,k3_K03_K05_K09,3,10,3,6,6,6,6,0,245,225,False
kcbert_C_s404,kcbert_C,k3_K01_K02_K06,3,1,3,6,6,6,6,0,95,75,False
kcbert_C_s404,kcbert_C,k3_K01_K02_K06,3,5,3,6,6,6,6,0,242,222,False
kcbert_C_s404,kcbert_C,k3_K01_K02_K06,3,10,3,6,6,6,6,0,245,225,False
u5_BASE_s42,u5_BASE,k2_K04_K07,2,1,2,7,7,7,7,0,125,113,False
u5_BASE_s42,u5_BASE,k2_K04_K07,2,5,2,7,7,7,7,0,240,228,False
u5_BASE_s42,u5_BASE,k2_K04_K07,2,10,2,7,7,7,7,0,245,233,False
u5_BASE_s42,u5_BASE,k2_K04_K08,2,1,2,7,7,7,7,0,130,118,False
u5_BASE_s42,u5_BASE,k2_K04_K08,2,5,2,7,7,7,7,0,240,228,False
u5_BASE_s42,u5_BASE,k2_K04_K08,2,10,2,7,7,7,7,0,245,233,False
u5_BASE_s42,u5_BASE,k2_K07_K08,2,1,2,7,7,7,7,0,128,116,False
u5_BASE_s42,u5_BASE,k2_K07_K08,2,5,2,7,7,7,7,0,240,228,False
u5_BASE_s42,u5_BASE,k2_K07_K08,2,10,2,7,7,7,7,0,245,233,False
u5_BASE_s42,u5_BASE,k2_K03_K05,2,1,2,7,7,7,7,0,125,113,False
u5_BASE_s42,u5_BASE,k2_K03_K05,2,5,2,7,7,7,7,0,239,227,False
u5_BASE_s42,u5_BASE,k2_K03_K05,2,10,2,7,7,7,7,0,245,233,False
u5_BASE_s42,u5_BASE,k2_K03_K09,2,1,2,7,7,7,7,0,121,109,False
u5_BASE_s42,u5_BASE,k2_K03_K09,2,5,2,7,7,7,7,0,240,228,False
u5_BASE_s42,u5_BASE,k2_K03_K09,2,10,2,7,7,7,7,0,245,233,False
u5_BASE_s42,u5_BASE,k2_K05_K09,2,1,2,7,7,7,7,0,125,113,False
u5_BASE_s42,u5_BASE,k2_K05_K09,2,5,2,7,7,7,7,0,242,230,False
u5_BASE_s42,u5_BASE,k2_K05_K09,2,10,2,7,7,7,7,0,245,233,False
u5_BASE_s42,u5_BASE,k2_K01_K02,2,1,2,7,7,7,7,0,124,112,False
u5_BASE_s42,u5_BASE,k2_K01_K02,2,5,2,7,7,7,7,0,241,229,False
u5_BASE_s42,u5_BASE,k2_K01_K02,2,10,2,7,7,7,7,0,245,233,False
u5_BASE_s42,u5_BASE,k2_K01_K06,2,1,2,7,7,7,7,0,122,110,False
u5_BASE_s42,u5_BASE,k2_K01_K06,2,5,2,7,7,7,7,0,239,227,False
u5_BASE_s42,u5_BASE,k2_K01_K06,2,10,2,7,7,7,7,0,245,233,False
u5_BASE_s42,u5_BASE,k2_K02_K06,2,1,2,7,7,7,7,0,123,111,False
u5_BASE_s42,u5_BASE,k2_K02_K06,2,5,2,7,7,7,7,0,241,229,False
u5_BASE_s42,u5_BASE,k2_K02_K06,2,10,2,7,7,7,7,0,245,233,False
u5_BASE_s42,u5_BASE,k3_K04_K07_K08,3,1,3,6,6,6,6,0,127,115,False
u5_BASE_s42,u5_BASE,k3_K04_K07_K08,3,5,3,6,6,6,6,0,239,227,False
u5_BASE_s42,u5_BASE,k3_K04_K07_K08,3,10,3,6,6,6,6,0,245,233,False
u5_BASE_s42,u5_BASE,k3_K03_K05_K09,3,1,3,6,6,6,6,0,127,115,False
u5_BASE_s42,u5_BASE,k3_K03_K05_K09,3,5,3,6,6,6,6,0,240,228,False
u5_BASE_s42,u5_BASE,k3_K03_K05_K09,3,10,3,6,6,6,6,0,245,233,False
u5_BASE_s42,u5_BASE,k3_K01_K02_K06,3,1,3,6,6,6,6,0,123,111,False
u5_BASE_s42,u5_BASE,k3_K01_K02_K06,3,5,3,6,6,6,6,0,241,229,False
u5_BASE_s42,u5_BASE,k3_K01_K02_K06,3,10,3,6,6,6,6,0,245,233,False
u5_BASE_s101,u5_BASE,k2_K04_K07,2,1,2,7,7,7,7,0,88,72,False
u5_BASE_s101,u5_BASE,k2_K04_K07,2,5,2,7,7,7,7,0,245,229,False
u5_BASE_s101,u5_BASE,k2_K04_K07,2,10,2,7,7,7,7,0,247,231,False
u5_BASE_s101,u5_BASE,k2_K04_K08,2,1,2,7,7,7,7,0,93,77,False
u5_BASE_s101,u5_BASE,k2_K04_K08,2,5,2,7,7,7,7,0,245,229,False
u5_BASE_s101,u5_BASE,k2_K04_K08,2,10,2,7,7,7,7,0,247,231,False
u5_BASE_s101,u5_BASE,k2_K07_K08,2,1,2,7,7,7,7,0,93,77,False
u5_BASE_s101,u5_BASE,k2_K07_K08,2,5,2,7,7,7,7,0,245,229,False
u5_BASE_s101,u5_BASE,k2_K07_K08,2,10,2,7,7,7,7,0,247,231,False
u5_BASE_s101,u5_BASE,k2_K03_K05,2,1,2,7,7,7,7,0,88,72,False
u5_BASE_s101,u5_BASE,k2_K03_K05,2,5,2,7,7,7,7,0,245,229,False
u5_BASE_s101,u5_BASE,k2_K03_K05,2,10,2,7,7,7,7,0,247,231,False
u5_BASE_s101,u5_BASE,k2_K03_K09,2,1,2,7,7,7,7,0,87,71,False
u5_BASE_s101,u5_BASE,k2_K03_K09,2,5,2,7,7,7,7,0,246,230,False
u5_BASE_s101,u5_BASE,k2_K03_K09,2,10,2,7,7,7,7,0,247,231,False
u5_BASE_s101,u5_BASE,k2_K05_K09,2,1,2,7,7,7,7,0,93,77,False
u5_BASE_s101,u5_BASE,k2_K05_K09,2,5,2,7,7,7,7,0,244,228,False
u5_BASE_s101,u5_BASE,k2_K05_K09,2,10,2,7,7,7,7,0,247,231,False
u5_BASE_s101,u5_BASE,k2_K01_K02,2,1,2,7,7,7,7,0,78,62,False
u5_BASE_s101,u5_BASE,k2_K01_K02,2,5,2,7,7,7,7,0,244,228,False
u5_BASE_s101,u5_BASE,k2_K01_K02,2,10,2,7,7,7,7,0,247,231,False
u5_BASE_s101,u5_BASE,k2_K01_K06,2,1,2,7,7,7,7,0,83,67,False
u5_BASE_s101,u5_BASE,k2_K01_K06,2,5,2,7,7,7,7,0,245,229,False
u5_BASE_s101,u5_BASE,k2_K01_K06,2,10,2,7,7,7,7,0,247,231,False
u5_BASE_s101,u5_BASE,k2_K02_K06,2,1,2,7,7,7,7,0,80,64,False
u5_BASE_s101,u5_BASE,k2_K02_K06,2,5,2,7,7,7,7,0,244,228,False
u5_BASE_s101,u5_BASE,k2_K02_K06,2,10,2,7,7,7,7,0,247,231,False
u5_BASE_s101,u5_BASE,k3_K04_K07_K08,3,1,3,6,6,6,6,0,90,74,False
u5_BASE_s101,u5_BASE,k3_K04_K07_K08,3,5,3,6,6,6,6,0,245,229,False
u5_BASE_s101,u5_BASE,k3_K04_K07_K08,3,10,3,6,6,6,6,0,247,231,False
u5_BASE_s101,u5_BASE,k3_K03_K05_K09,3,1,3,6,6,6,6,0,90,74,False
u5_BASE_s101,u5_BASE,k3_K03_K05_K09,3,5,3,6,6,6,6,0,246,230,False
u5_BASE_s101,u5_BASE,k3_K03_K05_K09,3,10,3,6,6,6,6,0,247,231,False
u5_BASE_s101,u5_BASE,k3_K01_K02_K06,3,1,3,6,6,6,6,0,80,64,False
u5_BASE_s101,u5_BASE,k3_K01_K02_K06,3,5,3,6,6,6,6,0,245,229,False
u5_BASE_s101,u5_BASE,k3_K01_K02_K06,3,10,3,6,6,6,6,0,247,231,False
u5_BASE_s202,u5_BASE,k2_K04_K07,2,1,2,7,7,7,7,0,22,15,False
u5_BASE_s202,u5_BASE,k2_K04_K07,2,5,2,7,7,7,7,0,226,219,False
u5_BASE_s202,u5_BASE,k2_K04_K07,2,10,2,7,7,7,7,0,244,237,False
u5_BASE_s202,u5_BASE,k2_K04_K08,2,1,2,7,7,7,7,0,27,20,False
u5_BASE_s202,u5_BASE,k2_K04_K08,2,5,2,7,7,7,7,0,229,222,False
u5_BASE_s202,u5_BASE,k2_K04_K08,2,10,2,7,7,7,7,0,244,237,False
u5_BASE_s202,u5_BASE,k2_K07_K08,2,1,2,7,7,7,7,0,27,20,False
u5_BASE_s202,u5_BASE,k2_K07_K08,2,5,2,7,7,7,7,0,235,228,False
u5_BASE_s202,u5_BASE,k2_K07_K08,2,10,2,7,7,7,7,0,244,237,False
u5_BASE_s202,u5_BASE,k2_K03_K05,2,1,2,7,7,7,7,0,24,17,False
u5_BASE_s202,u5_BASE,k2_K03_K05,2,5,2,7,7,7,7,0,233,226,False
u5_BASE_s202,u5_BASE,k2_K03_K05,2,10,2,7,7,7,7,0,244,237,False
u5_BASE_s202,u5_BASE,k2_K03_K09,2,1,2,7,7,7,7,0,24,17,False
u5_BASE_s202,u5_BASE,k2_K03_K09,2,5,2,7,7,7,7,0,238,231,False
u5_BASE_s202,u5_BASE,k2_K03_K09,2,10,2,7,7,7,7,0,244,237,False
u5_BASE_s202,u5_BASE,k2_K05_K09,2,1,2,7,7,7,7,0,23,16,False
u5_BASE_s202,u5_BASE,k2_K05_K09,2,5,2,7,7,7,7,0,222,215,False
u5_BASE_s202,u5_BASE,k2_K05_K09,2,10,2,7,7,7,7,0,244,237,False
u5_BASE_s202,u5_BASE,k2_K01_K02,2,1,2,7,7,7,7,0,20,13,False
u5_BASE_s202,u5_BASE,k2_K01_K02,2,5,2,7,7,7,7,0,235,228,False
u5_BASE_s202,u5_BASE,k2_K01_K02,2,10,2,7,7,7,7,0,244,237,False
u5_BASE_s202,u5_BASE,k2_K01_K06,2,1,2,7,7,7,7,0,21,14,False
u5_BASE_s202,u5_BASE,k2_K01_K06,2,5,2,7,7,7,7,0,235,228,False
u5_BASE_s202,u5_BASE,k2_K01_K06,2,10,2,7,7,7,7,0,244,237,False
u5_BASE_s202,u5_BASE,k2_K02_K06,2,1,2,7,7,7,7,0,23,16,False
u5_BASE_s202,u5_BASE,k2_K02_K06,2,5,2,7,7,7,7,0,226,219,False
u5_BASE_s202,u5_BASE,k2_K02_K06,2,10,2,7,7,7,7,0,244,237,False
u5_BASE_s202,u5_BASE,k3_K04_K07_K08,3,1,3,6,6,6,6,0,26,19,False
u5_BASE_s202,u5_BASE,k3_K04_K07_K08,3,5,3,6,6,6,6,0,226,219,False
u5_BASE_s202,u5_BASE,k3_K04_K07_K08,3,10,3,6,6,6,6,0,244,237,False
u5_BASE_s202,u5_BASE,k3_K03_K05_K09,3,1,3,6,6,6,6,0,31,24,False
u5_BASE_s202,u5_BASE,k3_K03_K05_K09,3,5,3,6,6,6,6,0,231,224,False
u5_BASE_s202,u5_BASE,k3_K03_K05_K09,3,10,3,6,6,6,6,0,244,237,False
u5_BASE_s202,u5_BASE,k3_K01_K02_K06,3,1,3,6,6,6,6,0,24,17,False
u5_BASE_s202,u5_BASE,k3_K01_K02_K06,3,5,3,6,6,6,6,0,238,231,False
u5_BASE_s202,u5_BASE,k3_K01_K02_K06,3,10,3,6,6,6,6,0,244,237,False
u5_BASE_s303,u5_BASE,k2_K04_K07,2,1,2,7,7,7,7,0,70,57,False
u5_BASE_s303,u5_BASE,k2_K04_K07,2,5,2,7,7,7,7,0,237,224,False
u5_BASE_s303,u5_BASE,k2_K04_K07,2,10,2,7,7,7,7,0,245,232,False
u5_BASE_s303,u5_BASE,k2_K04_K08,2,1,2,7,7,7,7,0,80,67,False
u5_BASE_s303,u5_BASE,k2_K04_K08,2,5,2,7,7,7,7,0,235,222,False
u5_BASE_s303,u5_BASE,k2_K04_K08,2,10,2,7,7,7,7,0,245,232,False
u5_BASE_s303,u5_BASE,k2_K07_K08,2,1,2,7,7,7,7,0,81,68,False
u5_BASE_s303,u5_BASE,k2_K07_K08,2,5,2,7,7,7,7,0,242,229,False
u5_BASE_s303,u5_BASE,k2_K07_K08,2,10,2,7,7,7,7,0,245,232,False
u5_BASE_s303,u5_BASE,k2_K03_K05,2,1,2,7,7,7,7,0,55,42,False
u5_BASE_s303,u5_BASE,k2_K03_K05,2,5,2,7,7,7,7,0,240,227,False
u5_BASE_s303,u5_BASE,k2_K03_K05,2,10,2,7,7,7,7,0,245,232,False
u5_BASE_s303,u5_BASE,k2_K03_K09,2,1,2,7,7,7,7,0,56,43,False
u5_BASE_s303,u5_BASE,k2_K03_K09,2,5,2,7,7,7,7,0,241,228,False
u5_BASE_s303,u5_BASE,k2_K03_K09,2,10,2,7,7,7,7,0,245,232,False
u5_BASE_s303,u5_BASE,k2_K05_K09,2,1,2,7,7,7,7,0,54,41,False
u5_BASE_s303,u5_BASE,k2_K05_K09,2,5,2,7,7,7,7,0,238,225,False
u5_BASE_s303,u5_BASE,k2_K05_K09,2,10,2,7,7,7,7,0,245,232,False
u5_BASE_s303,u5_BASE,k2_K01_K02,2,1,2,7,7,7,7,0,64,51,False
u5_BASE_s303,u5_BASE,k2_K01_K02,2,5,2,7,7,7,7,0,242,229,False
u5_BASE_s303,u5_BASE,k2_K01_K02,2,10,2,7,7,7,7,0,246,233,False
u5_BASE_s303,u5_BASE,k2_K01_K06,2,1,2,7,7,7,7,0,75,62,False
u5_BASE_s303,u5_BASE,k2_K01_K06,2,5,2,7,7,7,7,0,236,223,False
u5_BASE_s303,u5_BASE,k2_K01_K06,2,10,2,7,7,7,7,0,245,232,False
u5_BASE_s303,u5_BASE,k2_K02_K06,2,1,2,7,7,7,7,0,72,59,False
u5_BASE_s303,u5_BASE,k2_K02_K06,2,5,2,7,7,7,7,0,236,223,False
u5_BASE_s303,u5_BASE,k2_K02_K06,2,10,2,7,7,7,7,0,245,232,False
u5_BASE_s303,u5_BASE,k3_K04_K07_K08,3,1,3,6,6,6,6,0,74,61,False
u5_BASE_s303,u5_BASE,k3_K04_K07_K08,3,5,3,6,6,6,6,0,235,222,False
u5_BASE_s303,u5_BASE,k3_K04_K07_K08,3,10,3,6,6,6,6,0,245,232,False
u5_BASE_s303,u5_BASE,k3_K03_K05_K09,3,1,3,6,6,6,6,0,69,56,False
u5_BASE_s303,u5_BASE,k3_K03_K05_K09,3,5,3,6,6,6,6,0,241,228,False
u5_BASE_s303,u5_BASE,k3_K03_K05_K09,3,10,3,6,6,6,6,0,246,233,False
u5_BASE_s303,u5_BASE,k3_K01_K02_K06,3,1,3,6,6,6,6,0,74,61,False
u5_BASE_s303,u5_BASE,k3_K01_K02_K06,3,5,3,6,6,6,6,0,241,228,False
u5_BASE_s303,u5_BASE,k3_K01_K02_K06,3,10,3,6,6,6,6,0,246,233,False
u5_BASE_s404,u5_BASE,k2_K04_K07,2,1,2,7,7,7,7,0,107,85,False
u5_BASE_s404,u5_BASE,k2_K04_K07,2,5,2,7,7,7,7,0,244,222,False
u5_BASE_s404,u5_BASE,k2_K04_K07,2,10,2,7,7,7,7,0,246,224,False
u5_BASE_s404,u5_BASE,k2_K04_K08,2,1,2,7,7,7,7,0,109,87,False
u5_BASE_s404,u5_BASE,k2_K04_K08,2,5,2,7,7,7,7,0,243,221,False
u5_BASE_s404,u5_BASE,k2_K04_K08,2,10,2,7,7,7,7,0,245,223,False
u5_BASE_s404,u5_BASE,k2_K07_K08,2,1,2,7,7,7,7,0,109,87,False
u5_BASE_s404,u5_BASE,k2_K07_K08,2,5,2,7,7,7,7,0,244,222,False
u5_BASE_s404,u5_BASE,k2_K07_K08,2,10,2,7,7,7,7,0,245,223,False
u5_BASE_s404,u5_BASE,k2_K03_K05,2,1,2,7,7,7,7,0,101,79,False
u5_BASE_s404,u5_BASE,k2_K03_K05,2,5,2,7,7,7,7,0,244,222,False
u5_BASE_s404,u5_BASE,k2_K03_K05,2,10,2,7,7,7,7,0,246,224,False
u5_BASE_s404,u5_BASE,k2_K03_K09,2,1,2,7,7,7,7,0,101,79,False
u5_BASE_s404,u5_BASE,k2_K03_K09,2,5,2,7,7,7,7,0,244,222,False
u5_BASE_s404,u5_BASE,k2_K03_K09,2,10,2,7,7,7,7,0,245,223,False
u5_BASE_s404,u5_BASE,k2_K05_K09,2,1,2,7,7,7,7,0,101,79,False
u5_BASE_s404,u5_BASE,k2_K05_K09,2,5,2,7,7,7,7,0,244,222,False
u5_BASE_s404,u5_BASE,k2_K05_K09,2,10,2,7,7,7,7,0,246,224,False
u5_BASE_s404,u5_BASE,k2_K01_K02,2,1,2,7,7,7,7,0,106,84,False
u5_BASE_s404,u5_BASE,k2_K01_K02,2,5,2,7,7,7,7,0,244,222,False
u5_BASE_s404,u5_BASE,k2_K01_K02,2,10,2,7,7,7,7,0,246,224,False
u5_BASE_s404,u5_BASE,k2_K01_K06,2,1,2,7,7,7,7,0,106,84,False
u5_BASE_s404,u5_BASE,k2_K01_K06,2,5,2,7,7,7,7,0,244,222,False
u5_BASE_s404,u5_BASE,k2_K01_K06,2,10,2,7,7,7,7,0,246,224,False
u5_BASE_s404,u5_BASE,k2_K02_K06,2,1,2,7,7,7,7,0,106,84,False
u5_BASE_s404,u5_BASE,k2_K02_K06,2,5,2,7,7,7,7,0,244,222,False
u5_BASE_s404,u5_BASE,k2_K02_K06,2,10,2,7,7,7,7,0,246,224,False
u5_BASE_s404,u5_BASE,k3_K04_K07_K08,3,1,3,6,6,6,6,0,108,86,False
u5_BASE_s404,u5_BASE,k3_K04_K07_K08,3,5,3,6,6,6,6,0,244,222,False
u5_BASE_s404,u5_BASE,k3_K04_K07_K08,3,10,3,6,6,6,6,0,245,223,False
u5_BASE_s404,u5_BASE,k3_K03_K05_K09,3,1,3,6,6,6,6,0,106,84,False
u5_BASE_s404,u5_BASE,k3_K03_K05_K09,3,5,3,6,6,6,6,0,244,222,False
u5_BASE_s404,u5_BASE,k3_K03_K05_K09,3,10,3,6,6,6,6,0,246,224,False
u5_BASE_s404,u5_BASE,k3_K01_K02_K06,3,1,3,6,6,6,6,0,110,88,False
u5_BASE_s404,u5_BASE,k3_K01_K02_K06,3,5,3,6,6,6,6,0,244,222,False
u5_BASE_s404,u5_BASE,k3_K01_K02_K06,3,10,3,6,6,6,6,0,246,224,False
u5_DUP_s42,u5_DUP,k2_K04_K07,2,1,2,7,7,7,7,0,80,69,False
u5_DUP_s42,u5_DUP,k2_K04_K07,2,5,2,7,7,7,7,0,240,229,False
u5_DUP_s42,u5_DUP,k2_K04_K07,2,10,2,7,7,7,7,0,245,234,False
u5_DUP_s42,u5_DUP,k2_K04_K08,2,1,2,7,7,7,7,0,92,81,False
u5_DUP_s42,u5_DUP,k2_K04_K08,2,5,2,7,7,7,7,0,240,229,False
u5_DUP_s42,u5_DUP,k2_K04_K08,2,10,2,7,7,7,7,0,245,234,False
u5_DUP_s42,u5_DUP,k2_K07_K08,2,1,2,7,7,7,7,0,87,76,False
u5_DUP_s42,u5_DUP,k2_K07_K08,2,5,2,7,7,7,7,0,241,230,False
u5_DUP_s42,u5_DUP,k2_K07_K08,2,10,2,7,7,7,7,0,245,234,False
u5_DUP_s42,u5_DUP,k2_K03_K05,2,1,2,7,7,7,7,0,76,65,False
u5_DUP_s42,u5_DUP,k2_K03_K05,2,5,2,7,7,7,7,0,240,229,False
u5_DUP_s42,u5_DUP,k2_K03_K05,2,10,2,7,7,7,7,0,245,234,False
u5_DUP_s42,u5_DUP,k2_K03_K09,2,1,2,7,7,7,7,0,73,62,False
u5_DUP_s42,u5_DUP,k2_K03_K09,2,5,2,7,7,7,7,0,244,233,False
u5_DUP_s42,u5_DUP,k2_K03_K09,2,10,2,7,7,7,7,0,246,235,False
u5_DUP_s42,u5_DUP,k2_K05_K09,2,1,2,7,7,7,7,0,77,66,False
u5_DUP_s42,u5_DUP,k2_K05_K09,2,5,2,7,7,7,7,0,242,231,False
u5_DUP_s42,u5_DUP,k2_K05_K09,2,10,2,7,7,7,7,0,246,235,False
u5_DUP_s42,u5_DUP,k2_K01_K02,2,1,2,7,7,7,7,0,78,67,False
u5_DUP_s42,u5_DUP,k2_K01_K02,2,5,2,7,7,7,7,0,243,232,False
u5_DUP_s42,u5_DUP,k2_K01_K02,2,10,2,7,7,7,7,0,246,235,False
u5_DUP_s42,u5_DUP,k2_K01_K06,2,1,2,7,7,7,7,0,81,70,False
u5_DUP_s42,u5_DUP,k2_K01_K06,2,5,2,7,7,7,7,0,241,230,False
u5_DUP_s42,u5_DUP,k2_K01_K06,2,10,2,7,7,7,7,0,246,235,False
u5_DUP_s42,u5_DUP,k2_K02_K06,2,1,2,7,7,7,7,0,81,70,False
u5_DUP_s42,u5_DUP,k2_K02_K06,2,5,2,7,7,7,7,0,243,232,False
u5_DUP_s42,u5_DUP,k2_K02_K06,2,10,2,7,7,7,7,0,246,235,False
u5_DUP_s42,u5_DUP,k3_K04_K07_K08,3,1,3,6,6,6,6,0,90,79,False
u5_DUP_s42,u5_DUP,k3_K04_K07_K08,3,5,3,6,6,6,6,0,240,229,False
u5_DUP_s42,u5_DUP,k3_K04_K07_K08,3,10,3,6,6,6,6,0,245,234,False
u5_DUP_s42,u5_DUP,k3_K03_K05_K09,3,1,3,6,6,6,6,0,79,68,False
u5_DUP_s42,u5_DUP,k3_K03_K05_K09,3,5,3,6,6,6,6,0,243,232,False
u5_DUP_s42,u5_DUP,k3_K03_K05_K09,3,10,3,6,6,6,6,0,246,235,False
u5_DUP_s42,u5_DUP,k3_K01_K02_K06,3,1,3,6,6,6,6,0,83,72,False
u5_DUP_s42,u5_DUP,k3_K01_K02_K06,3,5,3,6,6,6,6,0,243,232,False
u5_DUP_s42,u5_DUP,k3_K01_K02_K06,3,10,3,6,6,6,6,0,246,235,False
u5_DUP_s101,u5_DUP,k2_K04_K07,2,1,2,7,7,7,7,0,69,55,False
u5_DUP_s101,u5_DUP,k2_K04_K07,2,5,2,7,7,7,7,0,239,225,False
u5_DUP_s101,u5_DUP,k2_K04_K07,2,10,2,7,7,7,7,0,245,231,False
u5_DUP_s101,u5_DUP,k2_K04_K08,2,1,2,7,7,7,7,0,84,70,False
u5_DUP_s101,u5_DUP,k2_K04_K08,2,5,2,7,7,7,7,0,239,225,False
u5_DUP_s101,u5_DUP,k2_K04_K08,2,10,2,7,7,7,7,0,245,231,False
u5_DUP_s101,u5_DUP,k2_K07_K08,2,1,2,7,7,7,7,0,80,66,False
u5_DUP_s101,u5_DUP,k2_K07_K08,2,5,2,7,7,7,7,0,240,226,False
u5_DUP_s101,u5_DUP,k2_K07_K08,2,10,2,7,7,7,7,0,245,231,False
u5_DUP_s101,u5_DUP,k2_K03_K05,2,1,2,7,7,7,7,0,72,58,False
u5_DUP_s101,u5_DUP,k2_K03_K05,2,5,2,7,7,7,7,0,242,228,False
u5_DUP_s101,u5_DUP,k2_K03_K05,2,10,2,7,7,7,7,0,246,232,False
u5_DUP_s101,u5_DUP,k2_K03_K09,2,1,2,7,7,7,7,0,63,49,False
u5_DUP_s101,u5_DUP,k2_K03_K09,2,5,2,7,7,7,7,0,242,228,False
u5_DUP_s101,u5_DUP,k2_K03_K09,2,10,2,7,7,7,7,0,246,232,False
u5_DUP_s101,u5_DUP,k2_K05_K09,2,1,2,7,7,7,7,0,72,58,False
u5_DUP_s101,u5_DUP,k2_K05_K09,2,5,2,7,7,7,7,0,239,225,False
u5_DUP_s101,u5_DUP,k2_K05_K09,2,10,2,7,7,7,7,0,245,231,False
u5_DUP_s101,u5_DUP,k2_K01_K02,2,1,2,7,7,7,7,0,59,45,False
u5_DUP_s101,u5_DUP,k2_K01_K02,2,5,2,7,7,7,7,0,243,229,False
u5_DUP_s101,u5_DUP,k2_K01_K02,2,10,2,7,7,7,7,0,246,232,False
u5_DUP_s101,u5_DUP,k2_K01_K06,2,1,2,7,7,7,7,0,71,57,False
u5_DUP_s101,u5_DUP,k2_K01_K06,2,5,2,7,7,7,7,0,243,229,False
u5_DUP_s101,u5_DUP,k2_K01_K06,2,10,2,7,7,7,7,0,246,232,False
u5_DUP_s101,u5_DUP,k2_K02_K06,2,1,2,7,7,7,7,0,74,60,False
u5_DUP_s101,u5_DUP,k2_K02_K06,2,5,2,7,7,7,7,0,243,229,False
u5_DUP_s101,u5_DUP,k2_K02_K06,2,10,2,7,7,7,7,0,246,232,False
u5_DUP_s101,u5_DUP,k3_K04_K07_K08,3,1,3,6,6,6,6,0,77,63,False
u5_DUP_s101,u5_DUP,k3_K04_K07_K08,3,5,3,6,6,6,6,0,238,224,False
u5_DUP_s101,u5_DUP,k3_K04_K07_K08,3,10,3,6,6,6,6,0,245,231,False
u5_DUP_s101,u5_DUP,k3_K03_K05_K09,3,1,3,6,6,6,6,0,76,62,False
u5_DUP_s101,u5_DUP,k3_K03_K05_K09,3,5,3,6,6,6,6,0,242,228,False
u5_DUP_s101,u5_DUP,k3_K03_K05_K09,3,10,3,6,6,6,6,0,246,232,False
u5_DUP_s101,u5_DUP,k3_K01_K02_K06,3,1,3,6,6,6,6,0,68,54,False
u5_DUP_s101,u5_DUP,k3_K01_K02_K06,3,5,3,6,6,6,6,0,243,229,False
u5_DUP_s101,u5_DUP,k3_K01_K02_K06,3,10,3,6,6,6,6,0,246,232,False
u5_DUP_s202,u5_DUP,k2_K04_K07,2,1,2,7,7,7,7,0,25,18,False
u5_DUP_s202,u5_DUP,k2_K04_K07,2,5,2,7,7,7,7,0,221,214,False
u5_DUP_s202,u5_DUP,k2_K04_K07,2,10,2,7,7,7,7,0,241,234,False
u5_DUP_s202,u5_DUP,k2_K04_K08,2,1,2,7,7,7,7,0,28,21,False
u5_DUP_s202,u5_DUP,k2_K04_K08,2,5,2,7,7,7,7,0,225,218,False
u5_DUP_s202,u5_DUP,k2_K04_K08,2,10,2,7,7,7,7,0,241,234,False
u5_DUP_s202,u5_DUP,k2_K07_K08,2,1,2,7,7,7,7,0,25,18,False
u5_DUP_s202,u5_DUP,k2_K07_K08,2,5,2,7,7,7,7,0,216,209,False
u5_DUP_s202,u5_DUP,k2_K07_K08,2,10,2,7,7,7,7,0,241,234,False
u5_DUP_s202,u5_DUP,k2_K03_K05,2,1,2,7,7,7,7,0,25,18,False
u5_DUP_s202,u5_DUP,k2_K03_K05,2,5,2,7,7,7,7,0,225,218,False
u5_DUP_s202,u5_DUP,k2_K03_K05,2,10,2,7,7,7,7,0,241,234,False
u5_DUP_s202,u5_DUP,k2_K03_K09,2,1,2,7,7,7,7,0,25,18,False
u5_DUP_s202,u5_DUP,k2_K03_K09,2,5,2,7,7,7,7,0,225,218,False
u5_DUP_s202,u5_DUP,k2_K03_K09,2,10,2,7,7,7,7,0,241,234,False
u5_DUP_s202,u5_DUP,k2_K05_K09,2,1,2,7,7,7,7,0,25,18,False
u5_DUP_s202,u5_DUP,k2_K05_K09,2,5,2,7,7,7,7,0,221,214,False
u5_DUP_s202,u5_DUP,k2_K05_K09,2,10,2,7,7,7,7,0,240,233,False
u5_DUP_s202,u5_DUP,k2_K01_K02,2,1,2,7,7,7,7,0,23,16,False
u5_DUP_s202,u5_DUP,k2_K01_K02,2,5,2,7,7,7,7,0,218,211,False
u5_DUP_s202,u5_DUP,k2_K01_K02,2,10,2,7,7,7,7,0,240,233,False
u5_DUP_s202,u5_DUP,k2_K01_K06,2,1,2,7,7,7,7,0,24,17,False
u5_DUP_s202,u5_DUP,k2_K01_K06,2,5,2,7,7,7,7,0,220,213,False
u5_DUP_s202,u5_DUP,k2_K01_K06,2,10,2,7,7,7,7,0,241,234,False
u5_DUP_s202,u5_DUP,k2_K02_K06,2,1,2,7,7,7,7,0,25,18,False
u5_DUP_s202,u5_DUP,k2_K02_K06,2,5,2,7,7,7,7,0,223,216,False
u5_DUP_s202,u5_DUP,k2_K02_K06,2,10,2,7,7,7,7,0,241,234,False
u5_DUP_s202,u5_DUP,k3_K04_K07_K08,3,1,3,6,6,6,6,0,28,21,False
u5_DUP_s202,u5_DUP,k3_K04_K07_K08,3,5,3,6,6,6,6,0,226,219,False
u5_DUP_s202,u5_DUP,k3_K04_K07_K08,3,10,3,6,6,6,6,0,241,234,False
u5_DUP_s202,u5_DUP,k3_K03_K05_K09,3,1,3,6,6,6,6,0,30,23,False
u5_DUP_s202,u5_DUP,k3_K03_K05_K09,3,5,3,6,6,6,6,0,226,219,False
u5_DUP_s202,u5_DUP,k3_K03_K05_K09,3,10,3,6,6,6,6,0,241,234,False
u5_DUP_s202,u5_DUP,k3_K01_K02_K06,3,1,3,6,6,6,6,0,26,19,False
u5_DUP_s202,u5_DUP,k3_K01_K02_K06,3,5,3,6,6,6,6,0,223,216,False
u5_DUP_s202,u5_DUP,k3_K01_K02_K06,3,10,3,6,6,6,6,0,241,234,False
u5_DUP_s303,u5_DUP,k2_K04_K07,2,1,2,7,7,7,7,0,93,74,False
u5_DUP_s303,u5_DUP,k2_K04_K07,2,5,2,7,7,7,7,0,241,222,False
u5_DUP_s303,u5_DUP,k2_K04_K07,2,10,2,7,7,7,7,0,246,227,False
u5_DUP_s303,u5_DUP,k2_K04_K08,2,1,2,7,7,7,7,0,113,94,False
u5_DUP_s303,u5_DUP,k2_K04_K08,2,5,2,7,7,7,7,0,240,221,False
u5_DUP_s303,u5_DUP,k2_K04_K08,2,10,2,7,7,7,7,0,244,225,False
u5_DUP_s303,u5_DUP,k2_K07_K08,2,1,2,7,7,7,7,0,99,80,False
u5_DUP_s303,u5_DUP,k2_K07_K08,2,5,2,7,7,7,7,0,242,223,False
u5_DUP_s303,u5_DUP,k2_K07_K08,2,10,2,7,7,7,7,0,246,227,False
u5_DUP_s303,u5_DUP,k2_K03_K05,2,1,2,7,7,7,7,0,95,76,False
u5_DUP_s303,u5_DUP,k2_K03_K05,2,5,2,7,7,7,7,0,242,223,False
u5_DUP_s303,u5_DUP,k2_K03_K05,2,10,2,7,7,7,7,0,246,227,False
u5_DUP_s303,u5_DUP,k2_K03_K09,2,1,2,7,7,7,7,0,95,76,False
u5_DUP_s303,u5_DUP,k2_K03_K09,2,5,2,7,7,7,7,0,242,223,False
u5_DUP_s303,u5_DUP,k2_K03_K09,2,10,2,7,7,7,7,0,246,227,False
u5_DUP_s303,u5_DUP,k2_K05_K09,2,1,2,7,7,7,7,0,100,81,False
u5_DUP_s303,u5_DUP,k2_K05_K09,2,5,2,7,7,7,7,0,243,224,False
u5_DUP_s303,u5_DUP,k2_K05_K09,2,10,2,7,7,7,7,0,246,227,False
u5_DUP_s303,u5_DUP,k2_K01_K02,2,1,2,7,7,7,7,0,84,65,False
u5_DUP_s303,u5_DUP,k2_K01_K02,2,5,2,7,7,7,7,0,243,224,False
u5_DUP_s303,u5_DUP,k2_K01_K02,2,10,2,7,7,7,7,0,246,227,False
u5_DUP_s303,u5_DUP,k2_K01_K06,2,1,2,7,7,7,7,0,96,77,False
u5_DUP_s303,u5_DUP,k2_K01_K06,2,5,2,7,7,7,7,0,243,224,False
u5_DUP_s303,u5_DUP,k2_K01_K06,2,10,2,7,7,7,7,0,246,227,False
u5_DUP_s303,u5_DUP,k2_K02_K06,2,1,2,7,7,7,7,0,92,73,False
u5_DUP_s303,u5_DUP,k2_K02_K06,2,5,2,7,7,7,7,0,242,223,False
u5_DUP_s303,u5_DUP,k2_K02_K06,2,10,2,7,7,7,7,0,246,227,False
u5_DUP_s303,u5_DUP,k3_K04_K07_K08,3,1,3,6,6,6,6,0,105,86,False
u5_DUP_s303,u5_DUP,k3_K04_K07_K08,3,5,3,6,6,6,6,0,241,222,False
u5_DUP_s303,u5_DUP,k3_K04_K07_K08,3,10,3,6,6,6,6,0,245,226,False
u5_DUP_s303,u5_DUP,k3_K03_K05_K09,3,1,3,6,6,6,6,0,101,82,False
u5_DUP_s303,u5_DUP,k3_K03_K05_K09,3,5,3,6,6,6,6,0,243,224,False
u5_DUP_s303,u5_DUP,k3_K03_K05_K09,3,10,3,6,6,6,6,0,246,227,False
u5_DUP_s303,u5_DUP,k3_K01_K02_K06,3,1,3,6,6,6,6,0,94,75,False
u5_DUP_s303,u5_DUP,k3_K01_K02_K06,3,5,3,6,6,6,6,0,243,224,False
u5_DUP_s303,u5_DUP,k3_K01_K02_K06,3,10,3,6,6,6,6,0,246,227,False
u5_DUP_s404,u5_DUP,k2_K04_K07,2,1,2,7,7,7,7,0,93,82,False
u5_DUP_s404,u5_DUP,k2_K04_K07,2,5,2,7,7,7,7,0,243,232,False
u5_DUP_s404,u5_DUP,k2_K04_K07,2,10,2,7,7,7,7,0,246,235,False
u5_DUP_s404,u5_DUP,k2_K04_K08,2,1,2,7,7,7,7,0,96,85,False
u5_DUP_s404,u5_DUP,k2_K04_K08,2,5,2,7,7,7,7,0,240,229,False
u5_DUP_s404,u5_DUP,k2_K04_K08,2,10,2,7,7,7,7,0,245,234,False
u5_DUP_s404,u5_DUP,k2_K07_K08,2,1,2,7,7,7,7,0,96,85,False
u5_DUP_s404,u5_DUP,k2_K07_K08,2,5,2,7,7,7,7,0,243,232,False
u5_DUP_s404,u5_DUP,k2_K07_K08,2,10,2,7,7,7,7,0,246,235,False
u5_DUP_s404,u5_DUP,k2_K03_K05,2,1,2,7,7,7,7,0,90,79,False
u5_DUP_s404,u5_DUP,k2_K03_K05,2,5,2,7,7,7,7,0,243,232,False
u5_DUP_s404,u5_DUP,k2_K03_K05,2,10,2,7,7,7,7,0,246,235,False
u5_DUP_s404,u5_DUP,k2_K03_K09,2,1,2,7,7,7,7,0,88,77,False
u5_DUP_s404,u5_DUP,k2_K03_K09,2,5,2,7,7,7,7,0,243,232,False
u5_DUP_s404,u5_DUP,k2_K03_K09,2,10,2,7,7,7,7,0,246,235,False
u5_DUP_s404,u5_DUP,k2_K05_K09,2,1,2,7,7,7,7,0,92,81,False
u5_DUP_s404,u5_DUP,k2_K05_K09,2,5,2,7,7,7,7,0,243,232,False
u5_DUP_s404,u5_DUP,k2_K05_K09,2,10,2,7,7,7,7,0,246,235,False
u5_DUP_s404,u5_DUP,k2_K01_K02,2,1,2,7,7,7,7,0,88,77,False
u5_DUP_s404,u5_DUP,k2_K01_K02,2,5,2,7,7,7,7,0,243,232,False
u5_DUP_s404,u5_DUP,k2_K01_K02,2,10,2,7,7,7,7,0,246,235,False
u5_DUP_s404,u5_DUP,k2_K01_K06,2,1,2,7,7,7,7,0,93,82,False
u5_DUP_s404,u5_DUP,k2_K01_K06,2,5,2,7,7,7,7,0,243,232,False
u5_DUP_s404,u5_DUP,k2_K01_K06,2,10,2,7,7,7,7,0,246,235,False
u5_DUP_s404,u5_DUP,k2_K02_K06,2,1,2,7,7,7,7,0,96,85,False
u5_DUP_s404,u5_DUP,k2_K02_K06,2,5,2,7,7,7,7,0,243,232,False
u5_DUP_s404,u5_DUP,k2_K02_K06,2,10,2,7,7,7,7,0,246,235,False
u5_DUP_s404,u5_DUP,k3_K04_K07_K08,3,1,3,6,6,6,6,0,98,87,False
u5_DUP_s404,u5_DUP,k3_K04_K07_K08,3,5,3,6,6,6,6,0,243,232,False
u5_DUP_s404,u5_DUP,k3_K04_K07_K08,3,10,3,6,6,6,6,0,246,235,False
u5_DUP_s404,u5_DUP,k3_K03_K05_K09,3,1,3,6,6,6,6,0,96,85,False
u5_DUP_s404,u5_DUP,k3_K03_K05_K09,3,5,3,6,6,6,6,0,243,232,False
u5_DUP_s404,u5_DUP,k3_K03_K05_K09,3,10,3,6,6,6,6,0,246,235,False
u5_DUP_s404,u5_DUP,k3_K01_K02_K06,3,1,3,6,6,6,6,0,99,88,False
u5_DUP_s404,u5_DUP,k3_K01_K02_K06,3,5,3,6,6,6,6,0,243,232,False
u5_DUP_s404,u5_DUP,k3_K01_K02_K06,3,10,3,6,6,6,6,0,246,235,False
u5_FLIP_s42,u5_FLIP,k2_K04_K07,2,1,2,7,7,7,7,0,54,41,False
u5_FLIP_s42,u5_FLIP,k2_K04_K07,2,5,2,7,7,7,7,0,240,227,False
u5_FLIP_s42,u5_FLIP,k2_K04_K07,2,10,2,7,7,7,7,0,245,232,False
u5_FLIP_s42,u5_FLIP,k2_K04_K08,2,1,2,7,7,7,7,0,57,44,False
u5_FLIP_s42,u5_FLIP,k2_K04_K08,2,5,2,7,7,7,7,0,238,225,False
u5_FLIP_s42,u5_FLIP,k2_K04_K08,2,10,2,7,7,7,7,0,244,231,False
u5_FLIP_s42,u5_FLIP,k2_K07_K08,2,1,2,7,7,7,7,0,55,42,False
u5_FLIP_s42,u5_FLIP,k2_K07_K08,2,5,2,7,7,7,7,0,240,227,False
u5_FLIP_s42,u5_FLIP,k2_K07_K08,2,10,2,7,7,7,7,0,244,231,False
u5_FLIP_s42,u5_FLIP,k2_K03_K05,2,1,2,7,7,7,7,0,54,41,False
u5_FLIP_s42,u5_FLIP,k2_K03_K05,2,5,2,7,7,7,7,0,236,223,False
u5_FLIP_s42,u5_FLIP,k2_K03_K05,2,10,2,7,7,7,7,0,245,232,False
u5_FLIP_s42,u5_FLIP,k2_K03_K09,2,1,2,7,7,7,7,0,51,38,False
u5_FLIP_s42,u5_FLIP,k2_K03_K09,2,5,2,7,7,7,7,0,240,227,False
u5_FLIP_s42,u5_FLIP,k2_K03_K09,2,10,2,7,7,7,7,0,246,233,False
u5_FLIP_s42,u5_FLIP,k2_K05_K09,2,1,2,7,7,7,7,0,48,35,False
u5_FLIP_s42,u5_FLIP,k2_K05_K09,2,5,2,7,7,7,7,0,240,227,False
u5_FLIP_s42,u5_FLIP,k2_K05_K09,2,10,2,7,7,7,7,0,244,231,False
u5_FLIP_s42,u5_FLIP,k2_K01_K02,2,1,2,7,7,7,7,0,47,34,False
u5_FLIP_s42,u5_FLIP,k2_K01_K02,2,5,2,7,7,7,7,0,242,229,False
u5_FLIP_s42,u5_FLIP,k2_K01_K02,2,10,2,7,7,7,7,0,246,233,False
u5_FLIP_s42,u5_FLIP,k2_K01_K06,2,1,2,7,7,7,7,0,53,40,False
u5_FLIP_s42,u5_FLIP,k2_K01_K06,2,5,2,7,7,7,7,0,241,228,False
u5_FLIP_s42,u5_FLIP,k2_K01_K06,2,10,2,7,7,7,7,0,245,232,False
u5_FLIP_s42,u5_FLIP,k2_K02_K06,2,1,2,7,7,7,7,0,52,39,False
u5_FLIP_s42,u5_FLIP,k2_K02_K06,2,5,2,7,7,7,7,0,242,229,False
u5_FLIP_s42,u5_FLIP,k2_K02_K06,2,10,2,7,7,7,7,0,246,233,False
u5_FLIP_s42,u5_FLIP,k3_K04_K07_K08,3,1,3,6,6,6,6,0,60,47,False
u5_FLIP_s42,u5_FLIP,k3_K04_K07_K08,3,5,3,6,6,6,6,0,241,228,False
u5_FLIP_s42,u5_FLIP,k3_K04_K07_K08,3,10,3,6,6,6,6,0,245,232,False
u5_FLIP_s42,u5_FLIP,k3_K03_K05_K09,3,1,3,6,6,6,6,0,55,42,False
u5_FLIP_s42,u5_FLIP,k3_K03_K05_K09,3,5,3,6,6,6,6,0,241,228,False
u5_FLIP_s42,u5_FLIP,k3_K03_K05_K09,3,10,3,6,6,6,6,0,246,233,False
u5_FLIP_s42,u5_FLIP,k3_K01_K02_K06,3,1,3,6,6,6,6,0,52,39,False
u5_FLIP_s42,u5_FLIP,k3_K01_K02_K06,3,5,3,6,6,6,6,0,242,229,False
u5_FLIP_s42,u5_FLIP,k3_K01_K02_K06,3,10,3,6,6,6,6,0,246,233,False
u5_FLIP_s101,u5_FLIP,k2_K04_K07,2,1,2,7,7,7,7,0,75,61,False
u5_FLIP_s101,u5_FLIP,k2_K04_K07,2,5,2,7,7,7,7,0,236,222,False
u5_FLIP_s101,u5_FLIP,k2_K04_K07,2,10,2,7,7,7,7,0,245,231,False
u5_FLIP_s101,u5_FLIP,k2_K04_K08,2,1,2,7,7,7,7,0,88,74,False
u5_FLIP_s101,u5_FLIP,k2_K04_K08,2,5,2,7,7,7,7,0,237,223,False
u5_FLIP_s101,u5_FLIP,k2_K04_K08,2,10,2,7,7,7,7,0,245,231,False
u5_FLIP_s101,u5_FLIP,k2_K07_K08,2,1,2,7,7,7,7,0,89,75,False
u5_FLIP_s101,u5_FLIP,k2_K07_K08,2,5,2,7,7,7,7,0,237,223,False
u5_FLIP_s101,u5_FLIP,k2_K07_K08,2,10,2,7,7,7,7,0,245,231,False
u5_FLIP_s101,u5_FLIP,k2_K03_K05,2,1,2,7,7,7,7,0,77,63,False
u5_FLIP_s101,u5_FLIP,k2_K03_K05,2,5,2,7,7,7,7,0,237,223,False
u5_FLIP_s101,u5_FLIP,k2_K03_K05,2,10,2,7,7,7,7,0,245,231,False
u5_FLIP_s101,u5_FLIP,k2_K03_K09,2,1,2,7,7,7,7,0,78,64,False
u5_FLIP_s101,u5_FLIP,k2_K03_K09,2,5,2,7,7,7,7,0,239,225,False
u5_FLIP_s101,u5_FLIP,k2_K03_K09,2,10,2,7,7,7,7,0,245,231,False
u5_FLIP_s101,u5_FLIP,k2_K05_K09,2,1,2,7,7,7,7,0,86,72,False
u5_FLIP_s101,u5_FLIP,k2_K05_K09,2,5,2,7,7,7,7,0,237,223,False
u5_FLIP_s101,u5_FLIP,k2_K05_K09,2,10,2,7,7,7,7,0,245,231,False
u5_FLIP_s101,u5_FLIP,k2_K01_K02,2,1,2,7,7,7,7,0,72,58,False
u5_FLIP_s101,u5_FLIP,k2_K01_K02,2,5,2,7,7,7,7,0,244,230,False
u5_FLIP_s101,u5_FLIP,k2_K01_K02,2,10,2,7,7,7,7,0,247,233,False
u5_FLIP_s101,u5_FLIP,k2_K01_K06,2,1,2,7,7,7,7,0,78,64,False
u5_FLIP_s101,u5_FLIP,k2_K01_K06,2,5,2,7,7,7,7,0,242,228,False
u5_FLIP_s101,u5_FLIP,k2_K01_K06,2,10,2,7,7,7,7,0,245,231,False
u5_FLIP_s101,u5_FLIP,k2_K02_K06,2,1,2,7,7,7,7,0,81,67,False
u5_FLIP_s101,u5_FLIP,k2_K02_K06,2,5,2,7,7,7,7,0,242,228,False
u5_FLIP_s101,u5_FLIP,k2_K02_K06,2,10,2,7,7,7,7,0,245,231,False
u5_FLIP_s101,u5_FLIP,k3_K04_K07_K08,3,1,3,6,6,6,6,0,80,66,False
u5_FLIP_s101,u5_FLIP,k3_K04_K07_K08,3,5,3,6,6,6,6,0,236,222,False
u5_FLIP_s101,u5_FLIP,k3_K04_K07_K08,3,10,3,6,6,6,6,0,245,231,False
u5_FLIP_s101,u5_FLIP,k3_K03_K05_K09,3,1,3,6,6,6,6,0,82,68,False
u5_FLIP_s101,u5_FLIP,k3_K03_K05_K09,3,5,3,6,6,6,6,0,237,223,False
u5_FLIP_s101,u5_FLIP,k3_K03_K05_K09,3,10,3,6,6,6,6,0,245,231,False
u5_FLIP_s101,u5_FLIP,k3_K01_K02_K06,3,1,3,6,6,6,6,0,78,64,False
u5_FLIP_s101,u5_FLIP,k3_K01_K02_K06,3,5,3,6,6,6,6,0,244,230,False
u5_FLIP_s101,u5_FLIP,k3_K01_K02_K06,3,10,3,6,6,6,6,0,247,233,False
u5_FLIP_s202,u5_FLIP,k2_K04_K07,2,1,2,6,6,6,7,0,67,59,False
u5_FLIP_s202,u5_FLIP,k2_K04_K07,2,5,2,6,6,6,7,0,232,224,False
u5_FLIP_s202,u5_FLIP,k2_K04_K07,2,10,2,6,6,6,7,0,243,235,False
u5_FLIP_s202,u5_FLIP,k2_K04_K08,2,1,2,7,7,7,7,0,67,59,False
u5_FLIP_s202,u5_FLIP,k2_K04_K08,2,5,2,7,7,7,7,0,235,227,False
u5_FLIP_s202,u5_FLIP,k2_K04_K08,2,10,2,7,7,7,7,0,243,235,False
u5_FLIP_s202,u5_FLIP,k2_K07_K08,2,1,2,6,6,6,7,0,55,47,False
u5_FLIP_s202,u5_FLIP,k2_K07_K08,2,5,2,6,6,6,7,0,228,220,False
u5_FLIP_s202,u5_FLIP,k2_K07_K08,2,10,2,6,6,6,7,0,241,233,False
u5_FLIP_s202,u5_FLIP,k2_K03_K05,2,1,2,5,5,5,7,0,54,46,False
u5_FLIP_s202,u5_FLIP,k2_K03_K05,2,5,2,5,5,5,7,0,230,222,False
u5_FLIP_s202,u5_FLIP,k2_K03_K05,2,10,2,5,5,5,7,0,244,236,False
u5_FLIP_s202,u5_FLIP,k2_K03_K09,2,1,2,5,5,5,7,0,66,58,False
u5_FLIP_s202,u5_FLIP,k2_K03_K09,2,5,2,5,5,5,7,0,232,224,False
u5_FLIP_s202,u5_FLIP,k2_K03_K09,2,10,2,5,5,5,7,0,244,236,False
u5_FLIP_s202,u5_FLIP,k2_K05_K09,2,1,2,5,5,5,7,0,65,57,False
u5_FLIP_s202,u5_FLIP,k2_K05_K09,2,5,2,5,5,5,7,0,233,225,False
u5_FLIP_s202,u5_FLIP,k2_K05_K09,2,10,2,5,5,5,7,0,243,235,False
u5_FLIP_s202,u5_FLIP,k2_K01_K02,2,1,2,5,5,5,7,0,65,57,False
u5_FLIP_s202,u5_FLIP,k2_K01_K02,2,5,2,5,5,5,7,0,238,230,False
u5_FLIP_s202,u5_FLIP,k2_K01_K02,2,10,2,5,5,5,7,0,244,236,False
u5_FLIP_s202,u5_FLIP,k2_K01_K06,2,1,2,5,5,5,7,0,66,58,False
u5_FLIP_s202,u5_FLIP,k2_K01_K06,2,5,2,5,5,5,7,0,238,230,False
u5_FLIP_s202,u5_FLIP,k2_K01_K06,2,10,2,5,5,5,7,0,244,236,False
u5_FLIP_s202,u5_FLIP,k2_K02_K06,2,1,2,5,5,5,7,0,69,61,False
u5_FLIP_s202,u5_FLIP,k2_K02_K06,2,5,2,5,5,5,7,0,240,232,False
u5_FLIP_s202,u5_FLIP,k2_K02_K06,2,10,2,5,5,5,7,0,244,236,False
u5_FLIP_s202,u5_FLIP,k3_K04_K07_K08,3,1,3,6,6,6,6,0,67,59,False
u5_FLIP_s202,u5_FLIP,k3_K04_K07_K08,3,5,3,6,6,6,6,0,232,224,False
u5_FLIP_s202,u5_FLIP,k3_K04_K07_K08,3,10,3,6,6,6,6,0,243,235,False
u5_FLIP_s202,u5_FLIP,k3_K03_K05_K09,3,1,3,4,4,4,6,0,56,48,False
u5_FLIP_s202,u5_FLIP,k3_K03_K05_K09,3,5,3,4,4,4,6,0,231,223,False
u5_FLIP_s202,u5_FLIP,k3_K03_K05_K09,3,10,3,4,4,4,6,0,242,234,False
u5_FLIP_s202,u5_FLIP,k3_K01_K02_K06,3,1,3,4,4,4,6,0,69,61,False
u5_FLIP_s202,u5_FLIP,k3_K01_K02_K06,3,5,3,4,4,4,6,0,239,231,False
u5_FLIP_s202,u5_FLIP,k3_K01_K02_K06,3,10,3,4,4,4,6,0,244,236,False
u5_FLIP_s303,u5_FLIP,k2_K04_K07,2,1,2,7,7,7,7,0,69,56,False
u5_FLIP_s303,u5_FLIP,k2_K04_K07,2,5,2,7,7,7,7,0,240,227,False
u5_FLIP_s303,u5_FLIP,k2_K04_K07,2,10,2,7,7,7,7,0,246,233,False
u5_FLIP_s303,u5_FLIP,k2_K04_K08,2,1,2,7,7,7,7,0,75,62,False
u5_FLIP_s303,u5_FLIP,k2_K04_K08,2,5,2,7,7,7,7,0,238,225,False
u5_FLIP_s303,u5_FLIP,k2_K04_K08,2,10,2,7,7,7,7,0,246,233,False
u5_FLIP_s303,u5_FLIP,k2_K07_K08,2,1,2,7,7,7,7,0,68,55,False
u5_FLIP_s303,u5_FLIP,k2_K07_K08,2,5,2,7,7,7,7,0,240,227,False
u5_FLIP_s303,u5_FLIP,k2_K07_K08,2,10,2,7,7,7,7,0,246,233,False
u5_FLIP_s303,u5_FLIP,k2_K03_K05,2,1,2,7,7,7,7,0,63,50,False
u5_FLIP_s303,u5_FLIP,k2_K03_K05,2,5,2,7,7,7,7,0,240,227,False
u5_FLIP_s303,u5_FLIP,k2_K03_K05,2,10,2,7,7,7,7,0,246,233,False
u5_FLIP_s303,u5_FLIP,k2_K03_K09,2,1,2,7,7,7,7,0,64,51,False
u5_FLIP_s303,u5_FLIP,k2_K03_K09,2,5,2,7,7,7,7,0,240,227,False
u5_FLIP_s303,u5_FLIP,k2_K03_K09,2,10,2,7,7,7,7,0,246,233,False
u5_FLIP_s303,u5_FLIP,k2_K05_K09,2,1,2,7,7,7,7,0,67,54,False
u5_FLIP_s303,u5_FLIP,k2_K05_K09,2,5,2,7,7,7,7,0,240,227,False
u5_FLIP_s303,u5_FLIP,k2_K05_K09,2,10,2,7,7,7,7,0,246,233,False
u5_FLIP_s303,u5_FLIP,k2_K01_K02,2,1,2,7,7,7,7,0,58,45,False
u5_FLIP_s303,u5_FLIP,k2_K01_K02,2,5,2,7,7,7,7,0,240,227,False
u5_FLIP_s303,u5_FLIP,k2_K01_K02,2,10,2,7,7,7,7,0,246,233,False
u5_FLIP_s303,u5_FLIP,k2_K01_K06,2,1,2,7,7,7,7,0,64,51,False
u5_FLIP_s303,u5_FLIP,k2_K01_K06,2,5,2,7,7,7,7,0,240,227,False
u5_FLIP_s303,u5_FLIP,k2_K01_K06,2,10,2,7,7,7,7,0,246,233,False
u5_FLIP_s303,u5_FLIP,k2_K02_K06,2,1,2,7,7,7,7,0,64,51,False
u5_FLIP_s303,u5_FLIP,k2_K02_K06,2,5,2,7,7,7,7,0,240,227,False
u5_FLIP_s303,u5_FLIP,k2_K02_K06,2,10,2,7,7,7,7,0,246,233,False
u5_FLIP_s303,u5_FLIP,k3_K04_K07_K08,3,1,3,6,6,6,6,0,77,64,False
u5_FLIP_s303,u5_FLIP,k3_K04_K07_K08,3,5,3,6,6,6,6,0,240,227,False
u5_FLIP_s303,u5_FLIP,k3_K04_K07_K08,3,10,3,6,6,6,6,0,246,233,False
u5_FLIP_s303,u5_FLIP,k3_K03_K05_K09,3,1,3,6,6,6,6,0,66,53,False
u5_FLIP_s303,u5_FLIP,k3_K03_K05_K09,3,5,3,6,6,6,6,0,240,227,False
u5_FLIP_s303,u5_FLIP,k3_K03_K05_K09,3,10,3,6,6,6,6,0,246,233,False
u5_FLIP_s303,u5_FLIP,k3_K01_K02_K06,3,1,3,6,6,6,6,0,63,50,False
u5_FLIP_s303,u5_FLIP,k3_K01_K02_K06,3,5,3,6,6,6,6,0,241,228,False
u5_FLIP_s303,u5_FLIP,k3_K01_K02_K06,3,10,3,6,6,6,6,0,246,233,False
u5_FLIP_s404,u5_FLIP,k2_K04_K07,2,1,2,7,7,7,7,0,96,75,False
u5_FLIP_s404,u5_FLIP,k2_K04_K07,2,5,2,7,7,7,7,0,240,219,False
u5_FLIP_s404,u5_FLIP,k2_K04_K07,2,10,2,7,7,7,7,0,245,224,False
u5_FLIP_s404,u5_FLIP,k2_K04_K08,2,1,2,7,7,7,7,0,102,81,False
u5_FLIP_s404,u5_FLIP,k2_K04_K08,2,5,2,7,7,7,7,0,238,217,False
u5_FLIP_s404,u5_FLIP,k2_K04_K08,2,10,2,7,7,7,7,0,244,223,False
u5_FLIP_s404,u5_FLIP,k2_K07_K08,2,1,2,7,7,7,7,0,105,84,False
u5_FLIP_s404,u5_FLIP,k2_K07_K08,2,5,2,7,7,7,7,0,239,218,False
u5_FLIP_s404,u5_FLIP,k2_K07_K08,2,10,2,7,7,7,7,0,245,224,False
u5_FLIP_s404,u5_FLIP,k2_K03_K05,2,1,2,7,7,7,7,0,93,72,False
u5_FLIP_s404,u5_FLIP,k2_K03_K05,2,5,2,7,7,7,7,0,240,219,False
u5_FLIP_s404,u5_FLIP,k2_K03_K05,2,10,2,7,7,7,7,0,245,224,False
u5_FLIP_s404,u5_FLIP,k2_K03_K09,2,1,2,7,7,7,7,0,91,70,False
u5_FLIP_s404,u5_FLIP,k2_K03_K09,2,5,2,7,7,7,7,0,241,220,False
u5_FLIP_s404,u5_FLIP,k2_K03_K09,2,10,2,7,7,7,7,0,245,224,False
u5_FLIP_s404,u5_FLIP,k2_K05_K09,2,1,2,7,7,7,7,0,96,75,False
u5_FLIP_s404,u5_FLIP,k2_K05_K09,2,5,2,7,7,7,7,0,239,218,False
u5_FLIP_s404,u5_FLIP,k2_K05_K09,2,10,2,7,7,7,7,0,244,223,False
u5_FLIP_s404,u5_FLIP,k2_K01_K02,2,1,2,7,7,7,7,0,95,74,False
u5_FLIP_s404,u5_FLIP,k2_K01_K02,2,5,2,7,7,7,7,0,242,221,False
u5_FLIP_s404,u5_FLIP,k2_K01_K02,2,10,2,7,7,7,7,0,245,224,False
u5_FLIP_s404,u5_FLIP,k2_K01_K06,2,1,2,7,7,7,7,0,97,76,False
u5_FLIP_s404,u5_FLIP,k2_K01_K06,2,5,2,7,7,7,7,0,238,217,False
u5_FLIP_s404,u5_FLIP,k2_K01_K06,2,10,2,7,7,7,7,0,244,223,False
u5_FLIP_s404,u5_FLIP,k2_K02_K06,2,1,2,7,7,7,7,0,102,81,False
u5_FLIP_s404,u5_FLIP,k2_K02_K06,2,5,2,7,7,7,7,0,243,222,False
u5_FLIP_s404,u5_FLIP,k2_K02_K06,2,10,2,7,7,7,7,0,246,225,False
u5_FLIP_s404,u5_FLIP,k3_K04_K07_K08,3,1,3,6,6,6,6,0,107,86,False
u5_FLIP_s404,u5_FLIP,k3_K04_K07_K08,3,5,3,6,6,6,6,0,240,219,False
u5_FLIP_s404,u5_FLIP,k3_K04_K07_K08,3,10,3,6,6,6,6,0,245,224,False
u5_FLIP_s404,u5_FLIP,k3_K03_K05_K09,3,1,3,6,6,6,6,0,101,80,False
u5_FLIP_s404,u5_FLIP,k3_K03_K05_K09,3,5,3,6,6,6,6,0,242,221,False
u5_FLIP_s404,u5_FLIP,k3_K03_K05_K09,3,10,3,6,6,6,6,0,245,224,False
u5_FLIP_s404,u5_FLIP,k3_K01_K02_K06,3,1,3,6,6,6,6,0,103,82,False
u5_FLIP_s404,u5_FLIP,k3_K01_K02_K06,3,5,3,6,6,6,6,0,242,221,False
u5_FLIP_s404,u5_FLIP,k3_K01_K02_K06,3,10,3,6,6,6,6,0,245,224,False
word_tfidf_lr,word_tfidf_lr,k2_K04_K07,2,1,2,0,0,0,7,0,11,0,False
word_tfidf_lr,word_tfidf_lr,k2_K04_K07,2,5,2,0,0,0,7,0,12,1,False
word_tfidf_lr,word_tfidf_lr,k2_K04_K07,2,10,2,0,0,0,7,0,16,5,False
word_tfidf_lr,word_tfidf_lr,k2_K04_K08,2,1,2,0,0,0,7,0,11,0,False
word_tfidf_lr,word_tfidf_lr,k2_K04_K08,2,5,2,0,0,0,7,0,15,4,False
word_tfidf_lr,word_tfidf_lr,k2_K04_K08,2,10,2,0,0,0,7,0,16,5,False
word_tfidf_lr,word_tfidf_lr,k2_K07_K08,2,1,2,0,0,0,7,0,11,0,False
word_tfidf_lr,word_tfidf_lr,k2_K07_K08,2,5,2,0,0,0,7,0,12,1,False
word_tfidf_lr,word_tfidf_lr,k2_K07_K08,2,10,2,0,0,0,7,0,16,5,False
word_tfidf_lr,word_tfidf_lr,k2_K03_K05,2,1,2,0,0,0,7,0,11,0,False
word_tfidf_lr,word_tfidf_lr,k2_K03_K05,2,5,2,0,0,0,7,0,15,4,False
word_tfidf_lr,word_tfidf_lr,k2_K03_K05,2,10,2,0,0,0,7,0,17,6,False
word_tfidf_lr,word_tfidf_lr,k2_K03_K09,2,1,2,0,0,0,7,0,11,0,False
word_tfidf_lr,word_tfidf_lr,k2_K03_K09,2,5,2,0,0,0,7,0,16,5,False
word_tfidf_lr,word_tfidf_lr,k2_K03_K09,2,10,2,0,0,0,7,0,18,7,False
word_tfidf_lr,word_tfidf_lr,k2_K05_K09,2,1,2,0,0,0,7,0,11,0,False
word_tfidf_lr,word_tfidf_lr,k2_K05_K09,2,5,2,0,0,0,7,0,14,3,False
word_tfidf_lr,word_tfidf_lr,k2_K05_K09,2,10,2,0,0,0,7,0,16,5,False
word_tfidf_lr,word_tfidf_lr,k2_K01_K02,2,1,2,0,0,0,7,0,11,0,False
word_tfidf_lr,word_tfidf_lr,k2_K01_K02,2,5,2,0,0,0,7,0,15,4,False
word_tfidf_lr,word_tfidf_lr,k2_K01_K02,2,10,2,0,0,0,7,0,16,5,False
word_tfidf_lr,word_tfidf_lr,k2_K01_K06,2,1,2,0,0,0,7,0,11,0,False
word_tfidf_lr,word_tfidf_lr,k2_K01_K06,2,5,2,0,0,0,7,0,16,5,False
word_tfidf_lr,word_tfidf_lr,k2_K01_K06,2,10,2,0,0,0,7,0,18,7,False
word_tfidf_lr,word_tfidf_lr,k2_K02_K06,2,1,2,0,0,0,7,0,11,0,False
word_tfidf_lr,word_tfidf_lr,k2_K02_K06,2,5,2,0,0,0,7,0,16,5,False
word_tfidf_lr,word_tfidf_lr,k2_K02_K06,2,10,2,0,0,0,7,0,20,9,False
word_tfidf_lr,word_tfidf_lr,k3_K04_K07_K08,3,1,3,0,0,0,6,0,11,0,False
word_tfidf_lr,word_tfidf_lr,k3_K04_K07_K08,3,5,3,0,0,0,6,0,13,2,False
word_tfidf_lr,word_tfidf_lr,k3_K04_K07_K08,3,10,3,0,0,0,6,0,16,5,False
word_tfidf_lr,word_tfidf_lr,k3_K03_K05_K09,3,1,3,0,0,0,6,0,11,0,False
word_tfidf_lr,word_tfidf_lr,k3_K03_K05_K09,3,5,3,0,0,0,6,0,15,4,False
word_tfidf_lr,word_tfidf_lr,k3_K03_K05_K09,3,10,3,0,0,0,6,0,17,6,False
word_tfidf_lr,word_tfidf_lr,k3_K01_K02_K06,3,1,3,0,0,0,6,0,11,0,False
word_tfidf_lr,word_tfidf_lr,k3_K01_K02_K06,3,5,3,0,0,0,6,0,16,5,False
word_tfidf_lr,word_tfidf_lr,k3_K01_K02_K06,3,10,3,0,0,0,6,0,18,7,False
char_tfidf_lr,char_tfidf_lr,k2_K04_K07,2,1,1,0,3,0,7,0,13,2,False
char_tfidf_lr,char_tfidf_lr,k2_K04_K07,2,5,2,2,3,2,7,0,15,4,False
char_tfidf_lr,char_tfidf_lr,k2_K04_K07,2,10,2,3,3,3,7,0,19,8,False
char_tfidf_lr,char_tfidf_lr,k2_K04_K08,2,1,1,0,3,0,7,0,13,2,False
char_tfidf_lr,char_tfidf_lr,k2_K04_K08,2,5,2,3,3,3,7,0,15,4,False
char_tfidf_lr,char_tfidf_lr,k2_K04_K08,2,10,2,3,3,3,7,0,20,9,False
char_tfidf_lr,char_tfidf_lr,k2_K07_K08,2,1,2,0,4,0,7,0,13,2,False
char_tfidf_lr,char_tfidf_lr,k2_K07_K08,2,5,2,3,4,3,7,0,15,4,False
char_tfidf_lr,char_tfidf_lr,k2_K07_K08,2,10,2,4,4,4,7,0,18,7,False
char_tfidf_lr,char_tfidf_lr,k2_K03_K05,2,1,1,0,3,0,7,0,13,2,False
char_tfidf_lr,char_tfidf_lr,k2_K03_K05,2,5,2,3,3,3,7,0,15,4,False
char_tfidf_lr,char_tfidf_lr,k2_K03_K05,2,10,2,3,3,3,7,0,20,9,False
char_tfidf_lr,char_tfidf_lr,k2_K03_K09,2,1,0,0,2,0,7,0,13,2,False
char_tfidf_lr,char_tfidf_lr,k2_K03_K09,2,5,2,2,2,2,7,0,15,4,False
char_tfidf_lr,char_tfidf_lr,k2_K03_K09,2,10,2,2,2,2,7,0,22,11,False
char_tfidf_lr,char_tfidf_lr,k2_K05_K09,2,1,1,0,3,0,7,0,13,2,False
char_tfidf_lr,char_tfidf_lr,k2_K05_K09,2,5,2,2,3,2,7,0,15,4,False
char_tfidf_lr,char_tfidf_lr,k2_K05_K09,2,10,2,3,3,3,7,0,19,8,False
char_tfidf_lr,char_tfidf_lr,k2_K01_K02,2,1,2,0,4,0,7,0,13,2,False
char_tfidf_lr,char_tfidf_lr,k2_K01_K02,2,5,2,3,4,3,7,0,15,4,False
char_tfidf_lr,char_tfidf_lr,k2_K01_K02,2,10,2,4,4,4,7,0,18,7,False
char_tfidf_lr,char_tfidf_lr,k2_K01_K06,2,1,1,0,3,0,7,0,13,2,False
char_tfidf_lr,char_tfidf_lr,k2_K01_K06,2,5,2,3,3,3,7,0,15,4,False
char_tfidf_lr,char_tfidf_lr,k2_K01_K06,2,10,2,3,3,3,7,0,22,11,False
char_tfidf_lr,char_tfidf_lr,k2_K02_K06,2,1,1,0,3,0,7,0,13,2,False
char_tfidf_lr,char_tfidf_lr,k2_K02_K06,2,5,2,3,3,3,7,0,15,4,False
char_tfidf_lr,char_tfidf_lr,k2_K02_K06,2,10,2,3,3,3,7,0,21,10,False
char_tfidf_lr,char_tfidf_lr,k3_K04_K07_K08,3,1,2,0,3,0,6,0,13,2,False
char_tfidf_lr,char_tfidf_lr,k3_K04_K07_K08,3,5,3,2,3,2,6,0,15,4,False
char_tfidf_lr,char_tfidf_lr,k3_K04_K07_K08,3,10,3,3,3,3,6,0,18,7,False
char_tfidf_lr,char_tfidf_lr,k3_K03_K05_K09,3,1,1,0,2,0,6,0,13,2,False
char_tfidf_lr,char_tfidf_lr,k3_K03_K05_K09,3,5,3,2,2,2,6,0,15,4,False
char_tfidf_lr,char_tfidf_lr,k3_K03_K05_K09,3,10,3,2,2,2,6,0,20,9,False
char_tfidf_lr,char_tfidf_lr,k3_K01_K02_K06,3,1,2,0,3,0,6,0,13,2,False
char_tfidf_lr,char_tfidf_lr,k3_K01_K02_K06,3,5,3,3,3,3,6,0,15,4,False
char_tfidf_lr,char_tfidf_lr,k3_K01_K02_K06,3,10,3,3,3,3,6,0,21,10,False
char_tfidf_url_neutral_lr,char_tfidf_url_neutral_lr,k2_K04_K07,2,1,2,2,5,2,7,0,27,1,False
char_tfidf_url_neutral_lr,char_tfidf_url_neutral_lr,k2_K04_K07,2,5,2,5,5,5,7,0,40,14,False
char_tfidf_url_neutral_lr,char_tfidf_url_neutral_lr,k2_K04_K07,2,10,2,5,5,5,7,0,64,38,False
char_tfidf_url_neutral_lr,char_tfidf_url_neutral_lr,k2_K04_K08,2,1,2,2,5,2,7,0,27,1,False
char_tfidf_url_neutral_lr,char_tfidf_url_neutral_lr,k2_K04_K08,2,5,2,5,5,5,7,0,37,11,False
char_tfidf_url_neutral_lr,char_tfidf_url_neutral_lr,k2_K04_K08,2,10,2,5,5,5,7,0,58,32,False
char_tfidf_url_neutral_lr,char_tfidf_url_neutral_lr,k2_K07_K08,2,1,2,2,5,2,7,0,27,1,False
char_tfidf_url_neutral_lr,char_tfidf_url_neutral_lr,k2_K07_K08,2,5,2,5,5,5,7,0,37,11,False
char_tfidf_url_neutral_lr,char_tfidf_url_neutral_lr,k2_K07_K08,2,10,2,5,5,5,7,0,58,32,False
char_tfidf_url_neutral_lr,char_tfidf_url_neutral_lr,k2_K03_K05,2,1,2,2,4,2,7,0,27,1,False
char_tfidf_url_neutral_lr,char_tfidf_url_neutral_lr,k2_K03_K05,2,5,2,4,4,4,7,0,40,14,False
char_tfidf_url_neutral_lr,char_tfidf_url_neutral_lr,k2_K03_K05,2,10,2,4,4,4,7,0,66,40,False
char_tfidf_url_neutral_lr,char_tfidf_url_neutral_lr,k2_K03_K09,2,1,1,2,3,2,7,0,27,1,False
char_tfidf_url_neutral_lr,char_tfidf_url_neutral_lr,k2_K03_K09,2,5,2,3,3,3,7,0,43,17,False
char_tfidf_url_neutral_lr,char_tfidf_url_neutral_lr,k2_K03_K09,2,10,2,3,3,3,7,0,71,45,False
char_tfidf_url_neutral_lr,char_tfidf_url_neutral_lr,k2_K05_K09,2,1,1,3,4,3,7,0,27,1,False
char_tfidf_url_neutral_lr,char_tfidf_url_neutral_lr,k2_K05_K09,2,5,2,4,4,4,7,0,42,16,False
char_tfidf_url_neutral_lr,char_tfidf_url_neutral_lr,k2_K05_K09,2,10,2,4,4,4,7,0,69,43,False
char_tfidf_url_neutral_lr,char_tfidf_url_neutral_lr,k2_K01_K02,2,1,2,1,3,1,7,0,27,1,False
char_tfidf_url_neutral_lr,char_tfidf_url_neutral_lr,k2_K01_K02,2,5,2,3,3,3,7,0,42,16,False
char_tfidf_url_neutral_lr,char_tfidf_url_neutral_lr,k2_K01_K02,2,10,2,3,3,3,7,0,69,43,False
char_tfidf_url_neutral_lr,char_tfidf_url_neutral_lr,k2_K01_K06,2,1,1,2,3,2,7,0,27,1,False
char_tfidf_url_neutral_lr,char_tfidf_url_neutral_lr,k2_K01_K06,2,5,2,3,3,3,7,0,43,17,False
char_tfidf_url_neutral_lr,char_tfidf_url_neutral_lr,k2_K01_K06,2,10,2,3,3,3,7,0,70,44,False
char_tfidf_url_neutral_lr,char_tfidf_url_neutral_lr,k2_K02_K06,2,1,1,2,3,2,7,0,27,1,False
char_tfidf_url_neutral_lr,char_tfidf_url_neutral_lr,k2_K02_K06,2,5,2,3,3,3,7,0,42,16,False
char_tfidf_url_neutral_lr,char_tfidf_url_neutral_lr,k2_K02_K06,2,10,2,3,3,3,7,0,69,43,False
char_tfidf_url_neutral_lr,char_tfidf_url_neutral_lr,k3_K04_K07_K08,3,1,3,2,5,2,6,0,27,1,False
char_tfidf_url_neutral_lr,char_tfidf_url_neutral_lr,k3_K04_K07_K08,3,5,3,5,5,5,6,0,38,12,False
char_tfidf_url_neutral_lr,char_tfidf_url_neutral_lr,k3_K04_K07_K08,3,10,3,5,5,5,6,0,59,33,False
char_tfidf_url_neutral_lr,char_tfidf_url_neutral_lr,k3_K03_K05_K09,3,1,2,2,3,2,6,0,27,1,False
char_tfidf_url_neutral_lr,char_tfidf_url_neutral_lr,k3_K03_K05_K09,3,5,3,3,3,3,6,0,42,16,False
char_tfidf_url_neutral_lr,char_tfidf_url_neutral_lr,k3_K03_K05_K09,3,10,3,3,3,3,6,0,69,43,False
char_tfidf_url_neutral_lr,char_tfidf_url_neutral_lr,k3_K01_K02_K06,3,1,2,1,2,1,6,0,27,1,False
char_tfidf_url_neutral_lr,char_tfidf_url_neutral_lr,k3_K01_K02_K06,3,5,3,2,2,2,6,0,42,16,False
char_tfidf_url_neutral_lr,char_tfidf_url_neutral_lr,k3_K01_K02_K06,3,10,3,2,2,2,6,0,69,43,False
word_tfidf_lr_cf,word_tfidf_lr_cf,k2_K04_K07,2,1,2,0,0,0,7,0,26,2,False
word_tfidf_lr_cf,word_tfidf_lr_cf,k2_K04_K07,2,5,2,0,0,0,7,0,27,3,False
word_tfidf_lr_cf,word_tfidf_lr_cf,k2_K04_K07,2,10,2,0,0,0,7,0,31,7,False
word_tfidf_lr_cf,word_tfidf_lr_cf,k2_K04_K08,2,1,2,0,0,0,7,0,26,2,False
word_tfidf_lr_cf,word_tfidf_lr_cf,k2_K04_K08,2,5,2,0,0,0,7,0,27,3,False
word_tfidf_lr_cf,word_tfidf_lr_cf,k2_K04_K08,2,10,2,0,0,0,7,0,33,9,False
word_tfidf_lr_cf,word_tfidf_lr_cf,k2_K07_K08,2,1,2,0,0,0,7,0,26,2,False
word_tfidf_lr_cf,word_tfidf_lr_cf,k2_K07_K08,2,5,2,0,0,0,7,0,27,3,False
word_tfidf_lr_cf,word_tfidf_lr_cf,k2_K07_K08,2,10,2,0,0,0,7,0,29,5,False
word_tfidf_lr_cf,word_tfidf_lr_cf,k2_K03_K05,2,1,2,0,0,0,7,0,26,2,False
word_tfidf_lr_cf,word_tfidf_lr_cf,k2_K03_K05,2,5,2,0,0,0,7,0,29,5,False
word_tfidf_lr_cf,word_tfidf_lr_cf,k2_K03_K05,2,10,2,0,0,0,7,0,39,15,False
word_tfidf_lr_cf,word_tfidf_lr_cf,k2_K03_K09,2,1,2,0,0,0,7,0,26,2,False
word_tfidf_lr_cf,word_tfidf_lr_cf,k2_K03_K09,2,5,2,0,0,0,7,0,31,7,False
word_tfidf_lr_cf,word_tfidf_lr_cf,k2_K03_K09,2,10,2,0,0,0,7,0,40,16,False
word_tfidf_lr_cf,word_tfidf_lr_cf,k2_K05_K09,2,1,2,0,0,0,7,0,26,2,False
word_tfidf_lr_cf,word_tfidf_lr_cf,k2_K05_K09,2,5,2,0,0,0,7,0,28,4,False
word_tfidf_lr_cf,word_tfidf_lr_cf,k2_K05_K09,2,10,2,0,0,0,7,0,35,11,False
word_tfidf_lr_cf,word_tfidf_lr_cf,k2_K01_K02,2,1,2,0,0,0,7,0,26,2,False
word_tfidf_lr_cf,word_tfidf_lr_cf,k2_K01_K02,2,5,2,0,0,0,7,0,28,4,False
word_tfidf_lr_cf,word_tfidf_lr_cf,k2_K01_K02,2,10,2,0,0,0,7,0,35,11,False
word_tfidf_lr_cf,word_tfidf_lr_cf,k2_K01_K06,2,1,2,0,0,0,7,0,26,2,False
word_tfidf_lr_cf,word_tfidf_lr_cf,k2_K01_K06,2,5,2,0,0,0,7,0,32,8,False
word_tfidf_lr_cf,word_tfidf_lr_cf,k2_K01_K06,2,10,2,0,0,0,7,0,40,16,False
word_tfidf_lr_cf,word_tfidf_lr_cf,k2_K02_K06,2,1,2,0,0,0,7,0,26,2,False
word_tfidf_lr_cf,word_tfidf_lr_cf,k2_K02_K06,2,5,2,0,0,0,7,0,33,9,False
word_tfidf_lr_cf,word_tfidf_lr_cf,k2_K02_K06,2,10,2,0,0,0,7,0,42,18,False
word_tfidf_lr_cf,word_tfidf_lr_cf,k3_K04_K07_K08,3,1,3,0,0,0,6,0,26,2,False
word_tfidf_lr_cf,word_tfidf_lr_cf,k3_K04_K07_K08,3,5,3,0,0,0,6,0,27,3,False
word_tfidf_lr_cf,word_tfidf_lr_cf,k3_K04_K07_K08,3,10,3,0,0,0,6,0,31,7,False
word_tfidf_lr_cf,word_tfidf_lr_cf,k3_K03_K05_K09,3,1,3,0,0,0,6,0,26,2,False
word_tfidf_lr_cf,word_tfidf_lr_cf,k3_K03_K05_K09,3,5,3,0,0,0,6,0,29,5,False
word_tfidf_lr_cf,word_tfidf_lr_cf,k3_K03_K05_K09,3,10,3,0,0,0,6,0,39,15,False
word_tfidf_lr_cf,word_tfidf_lr_cf,k3_K01_K02_K06,3,1,3,0,0,0,6,0,26,2,False
word_tfidf_lr_cf,word_tfidf_lr_cf,k3_K01_K02_K06,3,5,3,0,0,0,6,0,31,7,False
word_tfidf_lr_cf,word_tfidf_lr_cf,k3_K01_K02_K06,3,10,3,0,0,0,6,0,40,16,False
char_tfidf_lr_cf,char_tfidf_lr_cf,k2_K04_K07,2,1,2,1,2,1,7,0,25,3,False
char_tfidf_lr_cf,char_tfidf_lr_cf,k2_K04_K07,2,5,2,1,2,1,7,0,33,11,False
char_tfidf_lr_cf,char_tfidf_lr_cf,k2_K04_K07,2,10,2,2,2,1,7,0,42,20,False
char_tfidf_lr_cf,char_tfidf_lr_cf,k2_K04_K08,2,1,2,1,2,1,7,0,24,2,False
char_tfidf_lr_cf,char_tfidf_lr_cf,k2_K04_K08,2,5,2,1,2,1,7,0,31,9,False
char_tfidf_lr_cf,char_tfidf_lr_cf,k2_K04_K08,2,10,2,2,2,1,7,0,41,19,False
char_tfidf_lr_cf,char_tfidf_lr_cf,k2_K07_K08,2,1,2,1,2,1,7,0,23,1,False
char_tfidf_lr_cf,char_tfidf_lr_cf,k2_K07_K08,2,5,2,1,2,1,7,0,31,9,False
char_tfidf_lr_cf,char_tfidf_lr_cf,k2_K07_K08,2,10,2,2,2,1,7,0,40,18,False
char_tfidf_lr_cf,char_tfidf_lr_cf,k2_K03_K05,2,1,2,1,2,1,7,0,25,3,False
char_tfidf_lr_cf,char_tfidf_lr_cf,k2_K03_K05,2,5,2,1,2,1,7,0,33,11,False
char_tfidf_lr_cf,char_tfidf_lr_cf,k2_K03_K05,2,10,2,2,2,1,7,0,42,20,False
char_tfidf_lr_cf,char_tfidf_lr_cf,k2_K03_K09,2,1,2,1,2,1,7,0,25,3,False
char_tfidf_lr_cf,char_tfidf_lr_cf,k2_K03_K09,2,5,2,1,2,1,7,0,35,13,False
char_tfidf_lr_cf,char_tfidf_lr_cf,k2_K03_K09,2,10,2,2,2,1,7,0,44,22,False
char_tfidf_lr_cf,char_tfidf_lr_cf,k2_K05_K09,2,1,2,1,2,1,7,0,25,3,False
char_tfidf_lr_cf,char_tfidf_lr_cf,k2_K05_K09,2,5,2,1,2,1,7,0,35,13,False
char_tfidf_lr_cf,char_tfidf_lr_cf,k2_K05_K09,2,10,2,2,2,1,7,0,42,20,False
char_tfidf_lr_cf,char_tfidf_lr_cf,k2_K01_K02,2,1,2,1,2,1,7,0,25,3,False
char_tfidf_lr_cf,char_tfidf_lr_cf,k2_K01_K02,2,5,2,1,2,1,7,0,35,13,False
char_tfidf_lr_cf,char_tfidf_lr_cf,k2_K01_K02,2,10,2,2,2,1,7,0,42,20,False
char_tfidf_lr_cf,char_tfidf_lr_cf,k2_K01_K06,2,1,2,0,1,0,7,0,25,3,False
char_tfidf_lr_cf,char_tfidf_lr_cf,k2_K01_K06,2,5,2,0,1,0,7,0,35,13,False
char_tfidf_lr_cf,char_tfidf_lr_cf,k2_K01_K06,2,10,2,1,1,0,7,0,44,22,False
char_tfidf_lr_cf,char_tfidf_lr_cf,k2_K02_K06,2,1,2,0,1,0,7,0,25,3,False
char_tfidf_lr_cf,char_tfidf_lr_cf,k2_K02_K06,2,5,2,0,1,0,7,0,35,13,False
char_tfidf_lr_cf,char_tfidf_lr_cf,k2_K02_K06,2,10,2,1,1,0,7,0,43,21,False
char_tfidf_lr_cf,char_tfidf_lr_cf,k3_K04_K07_K08,3,1,3,1,2,1,6,0,25,3,False
char_tfidf_lr_cf,char_tfidf_lr_cf,k3_K04_K07_K08,3,5,3,1,2,1,6,0,32,10,False
char_tfidf_lr_cf,char_tfidf_lr_cf,k3_K04_K07_K08,3,10,3,2,2,1,6,0,41,19,False
char_tfidf_lr_cf,char_tfidf_lr_cf,k3_K03_K05_K09,3,1,3,1,2,1,6,0,25,3,False
char_tfidf_lr_cf,char_tfidf_lr_cf,k3_K03_K05_K09,3,5,3,1,2,1,6,0,35,13,False
char_tfidf_lr_cf,char_tfidf_lr_cf,k3_K03_K05_K09,3,10,3,2,2,1,6,0,43,21,False
char_tfidf_lr_cf,char_tfidf_lr_cf,k3_K01_K02_K06,3,1,3,0,1,0,6,0,25,3,False
char_tfidf_lr_cf,char_tfidf_lr_cf,k3_K01_K02_K06,3,5,3,0,1,0,6,0,35,13,False
char_tfidf_lr_cf,char_tfidf_lr_cf,k3_K01_K02_K06,3,10,3,1,1,0,6,0,43,21,False
char_tfidf_url_neutral_lr_cf,char_tfidf_url_neutral_lr_cf,k2_K04_K07,2,1,2,2,7,1,7,0,19,3,False
char_tfidf_url_neutral_lr_cf,char_tfidf_url_neutral_lr_cf,k2_K04_K07,2,5,2,6,7,5,7,0,25,9,False
char_tfidf_url_neutral_lr_cf,char_tfidf_url_neutral_lr_cf,k2_K04_K07,2,10,2,7,7,6,7,0,31,15,False
char_tfidf_url_neutral_lr_cf,char_tfidf_url_neutral_lr_cf,k2_K04_K08,2,1,2,3,8,2,7,0,19,3,False
char_tfidf_url_neutral_lr_cf,char_tfidf_url_neutral_lr_cf,k2_K04_K08,2,5,2,7,8,6,7,0,25,9,False
char_tfidf_url_neutral_lr_cf,char_tfidf_url_neutral_lr_cf,k2_K04_K08,2,10,2,8,8,7,7,0,28,12,False
char_tfidf_url_neutral_lr_cf,char_tfidf_url_neutral_lr_cf,k2_K07_K08,2,1,2,3,8,2,7,0,19,3,False
char_tfidf_url_neutral_lr_cf,char_tfidf_url_neutral_lr_cf,k2_K07_K08,2,5,2,7,8,6,7,0,25,9,False
char_tfidf_url_neutral_lr_cf,char_tfidf_url_neutral_lr_cf,k2_K07_K08,2,10,2,8,8,7,7,0,28,12,False
char_tfidf_url_neutral_lr_cf,char_tfidf_url_neutral_lr_cf,k2_K03_K05,2,1,1,3,7,2,7,0,19,3,False
char_tfidf_url_neutral_lr_cf,char_tfidf_url_neutral_lr_cf,k2_K03_K05,2,5,2,7,7,6,7,0,25,9,False
char_tfidf_url_neutral_lr_cf,char_tfidf_url_neutral_lr_cf,k2_K03_K05,2,10,2,7,7,6,7,0,31,15,False
char_tfidf_url_neutral_lr_cf,char_tfidf_url_neutral_lr_cf,k2_K03_K09,2,1,0,4,7,3,7,0,19,3,False
char_tfidf_url_neutral_lr_cf,char_tfidf_url_neutral_lr_cf,k2_K03_K09,2,5,2,7,7,6,7,0,26,10,False
char_tfidf_url_neutral_lr_cf,char_tfidf_url_neutral_lr_cf,k2_K03_K09,2,10,2,7,7,6,7,0,34,18,False
char_tfidf_url_neutral_lr_cf,char_tfidf_url_neutral_lr_cf,k2_K05_K09,2,1,1,3,7,2,7,0,19,3,False
char_tfidf_url_neutral_lr_cf,char_tfidf_url_neutral_lr_cf,k2_K05_K09,2,5,2,7,7,6,7,0,25,9,False
char_tfidf_url_neutral_lr_cf,char_tfidf_url_neutral_lr_cf,k2_K05_K09,2,10,2,7,7,6,7,0,33,17,False
char_tfidf_url_neutral_lr_cf,char_tfidf_url_neutral_lr_cf,k2_K01_K02,2,1,0,4,7,3,7,0,19,3,False
char_tfidf_url_neutral_lr_cf,char_tfidf_url_neutral_lr_cf,k2_K01_K02,2,5,2,7,7,6,7,0,25,9,False
char_tfidf_url_neutral_lr_cf,char_tfidf_url_neutral_lr_cf,k2_K01_K02,2,10,2,7,7,6,7,0,33,17,False
char_tfidf_url_neutral_lr_cf,char_tfidf_url_neutral_lr_cf,k2_K01_K06,2,1,0,4,7,3,7,0,19,3,False
char_tfidf_url_neutral_lr_cf,char_tfidf_url_neutral_lr_cf,k2_K01_K06,2,5,2,7,7,6,7,0,26,10,False
char_tfidf_url_neutral_lr_cf,char_tfidf_url_neutral_lr_cf,k2_K01_K06,2,10,2,7,7,6,7,0,33,17,False
char_tfidf_url_neutral_lr_cf,char_tfidf_url_neutral_lr_cf,k2_K02_K06,2,1,0,4,7,3,7,0,19,3,False
char_tfidf_url_neutral_lr_cf,char_tfidf_url_neutral_lr_cf,k2_K02_K06,2,5,2,7,7,6,7,0,25,9,False
char_tfidf_url_neutral_lr_cf,char_tfidf_url_neutral_lr_cf,k2_K02_K06,2,10,2,7,7,6,7,0,33,17,False
char_tfidf_url_neutral_lr_cf,char_tfidf_url_neutral_lr_cf,k3_K04_K07_K08,3,1,3,2,7,1,6,0,19,3,False
char_tfidf_url_neutral_lr_cf,char_tfidf_url_neutral_lr_cf,k3_K04_K07_K08,3,5,3,6,7,5,6,0,25,9,False
char_tfidf_url_neutral_lr_cf,char_tfidf_url_neutral_lr_cf,k3_K04_K07_K08,3,10,3,7,7,6,6,0,29,13,False
char_tfidf_url_neutral_lr_cf,char_tfidf_url_neutral_lr_cf,k3_K03_K05_K09,3,1,1,3,6,2,6,0,19,3,False
char_tfidf_url_neutral_lr_cf,char_tfidf_url_neutral_lr_cf,k3_K03_K05_K09,3,5,3,6,6,5,6,0,25,9,False
char_tfidf_url_neutral_lr_cf,char_tfidf_url_neutral_lr_cf,k3_K03_K05_K09,3,10,3,6,6,5,6,0,33,17,False
char_tfidf_url_neutral_lr_cf,char_tfidf_url_neutral_lr_cf,k3_K01_K02_K06,3,1,0,4,6,3,6,0,19,3,False
char_tfidf_url_neutral_lr_cf,char_tfidf_url_neutral_lr_cf,k3_K01_K02_K06,3,5,3,6,6,5,6,0,25,9,False
char_tfidf_url_neutral_lr_cf,char_tfidf_url_neutral_lr_cf,k3_K01_K02_K06,3,10,3,6,6,5,6,0,33,17,False
LR_A_s42_f0,LR_A,k2_K04_K07,2,1,1,1,4,1,7,0,16,0,True
LR_A_s42_f0,LR_A,k2_K04_K07,2,5,2,3,4,3,7,0,23,7,False
LR_A_s42_f0,LR_A,k2_K04_K07,2,10,2,4,4,4,7,0,35,19,False
LR_A_s42_f0,LR_A,k2_K04_K08,2,1,1,1,4,1,7,0,16,0,True
LR_A_s42_f0,LR_A,k2_K04_K08,2,5,2,3,4,3,7,0,23,7,False
LR_A_s42_f0,LR_A,k2_K04_K08,2,10,2,4,4,4,7,0,35,19,False
LR_A_s42_f0,LR_A,k2_K07_K08,2,1,2,1,5,1,7,0,16,0,True
LR_A_s42_f0,LR_A,k2_K07_K08,2,5,2,4,5,4,7,0,21,5,False
LR_A_s42_f0,LR_A,k2_K07_K08,2,10,2,5,5,5,7,0,33,17,False
LR_A_s42_f0,LR_A,k2_K03_K05,2,1,1,1,4,1,7,0,16,0,True
LR_A_s42_f0,LR_A,k2_K03_K05,2,5,2,3,4,3,7,0,23,7,False
LR_A_s42_f0,LR_A,k2_K03_K05,2,10,2,4,4,4,7,0,35,19,False
LR_A_s42_f0,LR_A,k2_K03_K09,2,1,0,1,3,1,7,0,16,0,True
LR_A_s42_f0,LR_A,k2_K03_K09,2,5,2,3,3,3,7,0,23,7,False
LR_A_s42_f0,LR_A,k2_K03_K09,2,10,2,3,3,3,7,0,37,21,False
LR_A_s42_f0,LR_A,k2_K05_K09,2,1,1,1,4,1,7,0,16,0,True
LR_A_s42_f0,LR_A,k2_K05_K09,2,5,2,3,4,3,7,0,23,7,False
LR_A_s42_f0,LR_A,k2_K05_K09,2,10,2,4,4,4,7,0,35,19,False
LR_A_s42_f0,LR_A,k2_K01_K02,2,1,2,0,4,0,7,0,16,0,False
LR_A_s42_f0,LR_A,k2_K01_K02,2,5,2,3,4,3,7,0,23,7,False
LR_A_s42_f0,LR_A,k2_K01_K02,2,10,2,4,4,4,7,0,34,18,False
LR_A_s42_f0,LR_A,k2_K01_K06,2,1,1,0,3,0,7,0,16,0,False
LR_A_s42_f0,LR_A,k2_K01_K06,2,5,2,3,3,3,7,0,23,7,False
LR_A_s42_f0,LR_A,k2_K01_K06,2,10,2,3,3,3,7,0,36,20,False
LR_A_s42_f0,LR_A,k2_K02_K06,2,1,1,1,4,1,7,0,16,0,True
LR_A_s42_f0,LR_A,k2_K02_K06,2,5,2,4,4,4,7,0,23,7,False
LR_A_s42_f0,LR_A,k2_K02_K06,2,10,2,4,4,4,7,0,35,19,False
LR_A_s42_f0,LR_A,k3_K04_K07_K08,3,1,2,1,4,1,6,0,16,0,True
LR_A_s42_f0,LR_A,k3_K04_K07_K08,3,5,3,3,4,3,6,0,23,7,False
LR_A_s42_f0,LR_A,k3_K04_K07_K08,3,10,3,4,4,4,6,0,35,19,False
LR_A_s42_f0,LR_A,k3_K03_K05_K09,3,1,1,1,3,1,6,0,16,0,True
LR_A_s42_f0,LR_A,k3_K03_K05_K09,3,5,3,2,3,2,6,0,23,7,False
LR_A_s42_f0,LR_A,k3_K03_K05_K09,3,10,3,3,3,3,6,0,35,19,False
LR_A_s42_f0,LR_A,k3_K01_K02_K06,3,1,2,0,3,0,6,0,16,0,False
LR_A_s42_f0,LR_A,k3_K01_K02_K06,3,5,3,3,3,3,6,0,23,7,False
LR_A_s42_f0,LR_A,k3_K01_K02_K06,3,10,3,3,3,3,6,0,35,19,False
LR_B_s42_f0,LR_B,k2_K04_K07,2,1,1,0,7,0,7,0,20,2,False
LR_B_s42_f0,LR_B,k2_K04_K07,2,5,2,5,7,5,7,0,25,7,False
LR_B_s42_f0,LR_B,k2_K04_K07,2,10,2,7,7,7,7,0,36,18,False
LR_B_s42_f0,LR_B,k2_K04_K08,2,1,0,1,7,1,7,0,20,2,False
LR_B_s42_f0,LR_B,k2_K04_K08,2,5,2,5,7,5,7,0,26,8,False
LR_B_s42_f0,LR_B,k2_K04_K08,2,10,2,7,7,7,7,0,37,19,False
LR_B_s42_f0,LR_B,k2_K07_K08,2,1,1,0,7,0,7,0,20,2,False
LR_B_s42_f0,LR_B,k2_K07_K08,2,5,2,5,7,5,7,0,25,7,False
LR_B_s42_f0,LR_B,k2_K07_K08,2,10,2,7,7,7,7,0,34,16,False
LR_B_s42_f0,LR_B,k2_K03_K05,2,1,0,1,7,1,7,0,20,2,False
LR_B_s42_f0,LR_B,k2_K03_K05,2,5,1,6,7,6,7,0,26,8,False
LR_B_s42_f0,LR_B,k2_K03_K05,2,10,2,7,7,7,7,0,37,19,False
LR_B_s42_f0,LR_B,k2_K03_K09,2,1,0,1,7,1,7,0,20,2,False
LR_B_s42_f0,LR_B,k2_K03_K09,2,5,2,6,7,6,7,0,27,9,False
LR_B_s42_f0,LR_B,k2_K03_K09,2,10,2,7,7,7,7,0,37,19,False
LR_B_s42_f0,LR_B,k2_K05_K09,2,1,0,1,7,1,7,0,20,2,False
LR_B_s42_f0,LR_B,k2_K05_K09,2,5,2,5,7,5,7,0,26,8,False
LR_B_s42_f0,LR_B,k2_K05_K09,2,10,2,7,7,7,7,0,36,18,False
LR_B_s42_f0,LR_B,k2_K01_K02,2,1,0,1,7,1,7,0,20,2,False
LR_B_s42_f0,LR_B,k2_K01_K02,2,5,2,5,7,5,7,0,25,7,False
LR_B_s42_f0,LR_B,k2_K01_K02,2,10,2,7,7,7,7,0,35,17,False
LR_B_s42_f0,LR_B,k2_K01_K06,2,1,0,1,7,1,7,0,20,2,False
LR_B_s42_f0,LR_B,k2_K01_K06,2,5,1,6,7,6,7,0,27,9,False
LR_B_s42_f0,LR_B,k2_K01_K06,2,10,2,7,7,7,7,0,37,19,False
LR_B_s42_f0,LR_B,k2_K02_K06,2,1,0,1,7,1,7,0,20,2,False
LR_B_s42_f0,LR_B,k2_K02_K06,2,5,1,6,7,6,7,0,26,8,False
LR_B_s42_f0,LR_B,k2_K02_K06,2,10,2,7,7,7,7,0,37,19,False
LR_B_s42_f0,LR_B,k3_K04_K07_K08,3,1,1,0,6,0,6,0,20,2,False
LR_B_s42_f0,LR_B,k3_K04_K07_K08,3,5,3,4,6,4,6,0,25,7,False
LR_B_s42_f0,LR_B,k3_K04_K07_K08,3,10,3,6,6,6,6,0,36,18,False
LR_B_s42_f0,LR_B,k3_K03_K05_K09,3,1,0,1,6,1,6,0,20,2,False
LR_B_s42_f0,LR_B,k3_K03_K05_K09,3,5,2,5,6,5,6,0,26,8,False
LR_B_s42_f0,LR_B,k3_K03_K05_K09,3,10,3,6,6,6,6,0,37,19,False
LR_B_s42_f0,LR_B,k3_K01_K02_K06,3,1,0,1,6,1,6,0,20,2,False
LR_B_s42_f0,LR_B,k3_K01_K02_K06,3,5,2,5,6,5,6,0,26,8,False
LR_B_s42_f0,LR_B,k3_K01_K02_K06,3,10,3,6,6,6,6,0,37,19,False
LR_C_s42_f0,LR_C,k2_K04_K07,2,1,0,0,7,0,7,0,12,0,False
LR_C_s42_f0,LR_C,k2_K04_K07,2,5,1,4,7,4,7,0,17,5,False
LR_C_s42_f0,LR_C,k2_K04_K07,2,10,2,7,7,7,7,0,25,13,False
LR_C_s42_f0,LR_C,k2_K04_K08,2,1,0,0,7,0,7,0,12,0,False
LR_C_s42_f0,LR_C,k2_K04_K08,2,5,1,4,7,4,7,0,17,5,False
LR_C_s42_f0,LR_C,k2_K04_K08,2,10,2,7,7,7,7,0,25,13,False
LR_C_s42_f0,LR_C,k2_K07_K08,2,1,0,0,7,0,7,0,12,0,False
LR_C_s42_f0,LR_C,k2_K07_K08,2,5,2,3,7,3,7,0,16,4,False
LR_C_s42_f0,LR_C,k2_K07_K08,2,10,2,7,7,7,7,0,22,10,False
LR_C_s42_f0,LR_C,k2_K03_K05,2,1,0,0,7,0,7,0,12,0,False
LR_C_s42_f0,LR_C,k2_K03_K05,2,5,1,4,7,4,7,0,17,5,False
LR_C_s42_f0,LR_C,k2_K03_K05,2,10,2,7,7,7,7,0,25,13,False
LR_C_s42_f0,LR_C,k2_K03_K09,2,1,0,0,7,0,7,0,12,0,False
LR_C_s42_f0,LR_C,k2_K03_K09,2,5,1,5,7,5,7,0,17,5,False
LR_C_s42_f0,LR_C,k2_K03_K09,2,10,2,7,7,7,7,0,26,14,False
LR_C_s42_f0,LR_C,k2_K05_K09,2,1,0,0,7,0,7,0,12,0,False
LR_C_s42_f0,LR_C,k2_K05_K09,2,5,1,4,7,4,7,0,17,5,False
LR_C_s42_f0,LR_C,k2_K05_K09,2,10,2,7,7,7,7,0,25,13,False
LR_C_s42_f0,LR_C,k2_K01_K02,2,1,0,0,7,0,7,0,12,0,False
LR_C_s42_f0,LR_C,k2_K01_K02,2,5,2,3,7,3,7,0,17,5,False
LR_C_s42_f0,LR_C,k2_K01_K02,2,10,2,7,7,7,7,0,22,10,False
LR_C_s42_f0,LR_C,k2_K01_K06,2,1,0,0,7,0,7,0,12,0,False
LR_C_s42_f0,LR_C,k2_K01_K06,2,5,1,4,7,4,7,0,17,5,False
LR_C_s42_f0,LR_C,k2_K01_K06,2,10,2,7,7,7,7,0,25,13,False
LR_C_s42_f0,LR_C,k2_K02_K06,2,1,0,0,7,0,7,0,12,0,False
LR_C_s42_f0,LR_C,k2_K02_K06,2,5,1,4,7,4,7,0,17,5,False
LR_C_s42_f0,LR_C,k2_K02_K06,2,10,2,7,7,7,7,0,25,13,False
LR_C_s42_f0,LR_C,k3_K04_K07_K08,3,1,0,0,6,0,6,0,12,0,False
LR_C_s42_f0,LR_C,k3_K04_K07_K08,3,5,2,3,6,3,6,0,17,5,False
LR_C_s42_f0,LR_C,k3_K04_K07_K08,3,10,3,6,6,6,6,0,24,12,False
LR_C_s42_f0,LR_C,k3_K03_K05_K09,3,1,0,0,6,0,6,0,12,0,False
LR_C_s42_f0,LR_C,k3_K03_K05_K09,3,5,1,4,6,4,6,0,17,5,False
LR_C_s42_f0,LR_C,k3_K03_K05_K09,3,10,3,6,6,6,6,0,25,13,False
LR_C_s42_f0,LR_C,k3_K01_K02_K06,3,1,0,0,6,0,6,0,12,0,False
LR_C_s42_f0,LR_C,k3_K01_K02_K06,3,5,2,3,6,3,6,0,17,5,False
LR_C_s42_f0,LR_C,k3_K01_K02_K06,3,10,3,6,6,6,6,0,25,13,False
LR_A_s42_f1,LR_A,k2_K04_K07,2,1,1,0,7,0,7,0,10,0,False
LR_A_s42_f1,LR_A,k2_K04_K07,2,5,1,5,7,5,7,0,17,7,False
LR_A_s42_f1,LR_A,k2_K04_K07,2,10,2,7,7,7,7,0,25,15,False
LR_A_s42_f1,LR_A,k2_K04_K08,2,1,0,0,6,0,7,0,10,0,False
LR_A_s42_f1,LR_A,k2_K04_K08,2,5,1,4,6,4,7,0,19,9,False
LR_A_s42_f1,LR_A,k2_K04_K08,2,10,2,6,6,6,7,0,25,15,False
LR_A_s42_f1,LR_A,k2_K07_K08,2,1,1,0,7,0,7,0,10,0,False
LR_A_s42_f1,LR_A,k2_K07_K08,2,5,2,4,7,4,7,0,17,7,False
LR_A_s42_f1,LR_A,k2_K07_K08,2,10,2,7,7,7,7,0,24,14,False
LR_A_s42_f1,LR_A,k2_K03_K05,2,1,0,0,6,0,7,0,10,0,False
LR_A_s42_f1,LR_A,k2_K03_K05,2,5,1,4,6,4,7,0,19,9,False
LR_A_s42_f1,LR_A,k2_K03_K05,2,10,2,6,6,6,7,0,25,15,False
LR_A_s42_f1,LR_A,k2_K03_K09,2,1,0,0,6,0,7,0,10,0,False
LR_A_s42_f1,LR_A,k2_K03_K09,2,5,1,5,6,5,7,0,19,9,False
LR_A_s42_f1,LR_A,k2_K03_K09,2,10,2,6,6,6,7,0,25,15,False
LR_A_s42_f1,LR_A,k2_K05_K09,2,1,0,0,6,0,7,0,10,0,False
LR_A_s42_f1,LR_A,k2_K05_K09,2,5,2,3,6,3,7,0,17,7,False
LR_A_s42_f1,LR_A,k2_K05_K09,2,10,2,6,6,6,7,0,25,15,False
LR_A_s42_f1,LR_A,k2_K01_K02,2,1,0,0,6,0,7,0,10,0,False
LR_A_s42_f1,LR_A,k2_K01_K02,2,5,2,3,6,3,7,0,17,7,False
LR_A_s42_f1,LR_A,k2_K01_K02,2,10,2,6,6,6,7,0,25,15,False
LR_A_s42_f1,LR_A,k2_K01_K06,2,1,0,0,6,0,7,0,10,0,False
LR_A_s42_f1,LR_A,k2_K01_K06,2,5,1,4,6,4,7,0,19,9,False
LR_A_s42_f1,LR_A,k2_K01_K06,2,10,2,6,6,6,7,0,25,15,False
LR_A_s42_f1,LR_A,k2_K02_K06,2,1,0,0,6,0,7,0,10,0,False
LR_A_s42_f1,LR_A,k2_K02_K06,2,5,1,4,6,4,7,0,19,9,False
LR_A_s42_f1,LR_A,k2_K02_K06,2,10,2,6,6,6,7,0,25,15,False
LR_A_s42_f1,LR_A,k3_K04_K07_K08,3,1,1,0,6,0,6,0,10,0,False
LR_A_s42_f1,LR_A,k3_K04_K07_K08,3,5,2,4,6,4,6,0,17,7,False
LR_A_s42_f1,LR_A,k3_K04_K07_K08,3,10,3,6,6,6,6,0,25,15,False
LR_A_s42_f1,LR_A,k3_K03_K05_K09,3,1,0,0,5,0,6,0,10,0,False
LR_A_s42_f1,LR_A,k3_K03_K05_K09,3,5,2,3,5,3,6,0,19,9,False
LR_A_s42_f1,LR_A,k3_K03_K05_K09,3,10,3,5,5,5,6,0,25,15,False
LR_A_s42_f1,LR_A,k3_K01_K02_K06,3,1,0,0,5,0,6,0,10,0,False
LR_A_s42_f1,LR_A,k3_K01_K02_K06,3,5,2,3,5,3,6,0,19,9,False
LR_A_s42_f1,LR_A,k3_K01_K02_K06,3,10,3,5,5,5,6,0,25,15,False
LR_B_s42_f1,LR_B,k2_K04_K07,2,1,1,1,7,1,7,0,21,3,False
LR_B_s42_f1,LR_B,k2_K04_K07,2,5,2,7,7,7,7,0,32,14,False
LR_B_s42_f1,LR_B,k2_K04_K07,2,10,2,7,7,7,7,0,48,30,False
LR_B_s42_f1,LR_B,k2_K04_K08,2,1,0,1,6,1,7,0,22,4,False
LR_B_s42_f1,LR_B,k2_K04_K08,2,5,2,6,6,6,7,0,33,15,False
LR_B_s42_f1,LR_B,k2_K04_K08,2,10,2,6,6,6,7,0,51,33,False
LR_B_s42_f1,LR_B,k2_K07_K08,2,1,1,0,7,0,7,0,21,3,False
LR_B_s42_f1,LR_B,k2_K07_K08,2,5,2,7,7,7,7,0,31,13,False
LR_B_s42_f1,LR_B,k2_K07_K08,2,10,2,7,7,7,7,0,47,29,False
LR_B_s42_f1,LR_B,k2_K03_K05,2,1,1,0,6,0,7,0,22,4,False
LR_B_s42_f1,LR_B,k2_K03_K05,2,5,2,6,6,6,7,0,34,16,False
LR_B_s42_f1,LR_B,k2_K03_K05,2,10,2,6,6,6,7,0,51,33,False
LR_B_s42_f1,LR_B,k2_K03_K09,2,1,0,1,6,1,7,0,22,4,False
LR_B_s42_f1,LR_B,k2_K03_K09,2,5,2,6,6,6,7,0,35,17,False
LR_B_s42_f1,LR_B,k2_K03_K09,2,10,2,6,6,6,7,0,52,34,False
LR_B_s42_f1,LR_B,k2_K05_K09,2,1,1,0,6,0,7,0,22,4,False
LR_B_s42_f1,LR_B,k2_K05_K09,2,5,2,6,6,6,7,0,32,14,False
LR_B_s42_f1,LR_B,k2_K05_K09,2,10,2,6,6,6,7,0,49,31,False
LR_B_s42_f1,LR_B,k2_K01_K02,2,1,0,1,6,1,7,0,22,4,False
LR_B_s42_f1,LR_B,k2_K01_K02,2,5,2,6,6,6,7,0,32,14,False
LR_B_s42_f1,LR_B,k2_K01_K02,2,10,2,6,6,6,7,0,49,31,False
LR_B_s42_f1,LR_B,k2_K01_K06,2,1,0,1,6,1,7,0,22,4,False
LR_B_s42_f1,LR_B,k2_K01_K06,2,5,2,6,6,6,7,0,34,16,False
LR_B_s42_f1,LR_B,k2_K01_K06,2,10,2,6,6,6,7,0,52,34,False
LR_B_s42_f1,LR_B,k2_K02_K06,2,1,0,1,6,1,7,0,22,4,False
LR_B_s42_f1,LR_B,k2_K02_K06,2,5,2,6,6,6,7,0,34,16,False
LR_B_s42_f1,LR_B,k2_K02_K06,2,10,2,6,6,6,7,0,52,34,False
LR_B_s42_f1,LR_B,k3_K04_K07_K08,3,1,1,1,6,1,6,0,21,3,False
LR_B_s42_f1,LR_B,k3_K04_K07_K08,3,5,3,6,6,6,6,0,32,14,False
LR_B_s42_f1,LR_B,k3_K04_K07_K08,3,10,3,6,6,6,6,0,48,30,False
LR_B_s42_f1,LR_B,k3_K03_K05_K09,3,1,1,0,5,0,6,0,22,4,False
LR_B_s42_f1,LR_B,k3_K03_K05_K09,3,5,3,5,5,5,6,0,34,16,False
LR_B_s42_f1,LR_B,k3_K03_K05_K09,3,10,3,5,5,5,6,0,51,33,False
LR_B_s42_f1,LR_B,k3_K01_K02_K06,3,1,0,1,5,1,6,0,22,4,False
LR_B_s42_f1,LR_B,k3_K01_K02_K06,3,5,3,5,5,5,6,0,34,16,False
LR_B_s42_f1,LR_B,k3_K01_K02_K06,3,10,3,5,5,5,6,0,51,33,False
LR_C_s42_f1,LR_C,k2_K04_K07,2,1,1,1,7,1,7,0,13,1,False
LR_C_s42_f1,LR_C,k2_K04_K07,2,5,2,5,7,5,7,0,23,11,False
LR_C_s42_f1,LR_C,k2_K04_K07,2,10,2,7,7,7,7,0,29,17,False
LR_C_s42_f1,LR_C,k2_K04_K08,2,1,1,1,6,1,7,0,13,1,False
LR_C_s42_f1,LR_C,k2_K04_K08,2,5,2,5,6,5,7,0,23,11,False
LR_C_s42_f1,LR_C,k2_K04_K08,2,10,2,6,6,6,7,0,30,18,False
LR_C_s42_f1,LR_C,k2_K07_K08,2,1,1,1,7,1,7,0,13,1,False
LR_C_s42_f1,LR_C,k2_K07_K08,2,5,2,5,7,5,7,0,23,11,False
LR_C_s42_f1,LR_C,k2_K07_K08,2,10,2,7,7,7,7,0,29,17,False
LR_C_s42_f1,LR_C,k2_K03_K05,2,1,1,0,6,0,7,0,13,1,False
LR_C_s42_f1,LR_C,k2_K03_K05,2,5,2,5,6,5,7,0,23,11,False
LR_C_s42_f1,LR_C,k2_K03_K05,2,10,2,6,6,6,7,0,30,18,False
LR_C_s42_f1,LR_C,k2_K03_K09,2,1,0,2,6,2,7,0,14,2,False
LR_C_s42_f1,LR_C,k2_K03_K09,2,5,2,6,6,6,7,0,23,11,False
LR_C_s42_f1,LR_C,k2_K03_K09,2,10,2,6,6,6,7,0,30,18,False
LR_C_s42_f1,LR_C,k2_K05_K09,2,1,1,0,6,0,7,0,13,1,False
LR_C_s42_f1,LR_C,k2_K05_K09,2,5,2,5,6,5,7,0,23,11,False
LR_C_s42_f1,LR_C,k2_K05_K09,2,10,2,6,6,6,7,0,29,17,False
LR_C_s42_f1,LR_C,k2_K01_K02,2,1,0,1,6,1,7,0,13,1,False
LR_C_s42_f1,LR_C,k2_K01_K02,2,5,2,5,6,5,7,0,23,11,False
LR_C_s42_f1,LR_C,k2_K01_K02,2,10,2,6,6,6,7,0,29,17,False
LR_C_s42_f1,LR_C,k2_K01_K06,2,1,0,2,6,2,7,0,14,2,False
LR_C_s42_f1,LR_C,k2_K01_K06,2,5,2,6,6,6,7,0,23,11,False
LR_C_s42_f1,LR_C,k2_K01_K06,2,10,2,6,6,6,7,0,30,18,False
LR_C_s42_f1,LR_C,k2_K02_K06,2,1,0,1,6,1,7,0,14,2,False
LR_C_s42_f1,LR_C,k2_K02_K06,2,5,2,6,6,6,7,0,23,11,False
LR_C_s42_f1,LR_C,k2_K02_K06,2,10,2,6,6,6,7,0,30,18,False
LR_C_s42_f1,LR_C,k3_K04_K07_K08,3,1,1,1,6,1,6,0,13,1,False
LR_C_s42_f1,LR_C,k3_K04_K07_K08,3,5,3,4,6,4,6,0,23,11,False
LR_C_s42_f1,LR_C,k3_K04_K07_K08,3,10,3,6,6,6,6,0,29,17,False
LR_C_s42_f1,LR_C,k3_K03_K05_K09,3,1,1,0,5,0,6,0,13,1,False
LR_C_s42_f1,LR_C,k3_K03_K05_K09,3,5,3,4,5,4,6,0,23,11,False
LR_C_s42_f1,LR_C,k3_K03_K05_K09,3,10,3,5,5,5,6,0,30,18,False
LR_C_s42_f1,LR_C,k3_K01_K02_K06,3,1,0,1,5,1,6,0,14,2,False
LR_C_s42_f1,LR_C,k3_K01_K02_K06,3,5,3,5,5,5,6,0,23,11,False
LR_C_s42_f1,LR_C,k3_K01_K02_K06,3,10,3,5,5,5,6,0,30,18,False
LR_A_s42_f2,LR_A,k2_K04_K07,2,1,2,1,2,1,7,0,17,0,True
LR_A_s42_f2,LR_A,k2_K04_K07,2,5,2,2,2,2,7,0,23,6,False
LR_A_s42_f2,LR_A,k2_K04_K07,2,10,2,2,2,2,7,0,33,16,False
LR_A_s42_f2,LR_A,k2_K04_K08,2,1,2,1,2,1,7,0,17,0,True
LR_A_s42_f2,LR_A,k2_K04_K08,2,5,2,2,2,2,7,0,23,6,False
LR_A_s42_f2,LR_A,k2_K04_K08,2,10,2,2,2,2,7,0,33,16,False
LR_A_s42_f2,LR_A,k2_K07_K08,2,1,2,1,2,1,7,0,17,0,True
LR_A_s42_f2,LR_A,k2_K07_K08,2,5,2,2,2,2,7,0,22,5,False
LR_A_s42_f2,LR_A,k2_K07_K08,2,10,2,2,2,2,7,0,31,14,False
LR_A_s42_f2,LR_A,k2_K03_K05,2,1,2,0,1,0,7,0,17,0,False
LR_A_s42_f2,LR_A,k2_K03_K05,2,5,2,1,1,1,7,0,23,6,False
LR_A_s42_f2,LR_A,k2_K03_K05,2,10,2,1,1,1,7,0,33,16,False
LR_A_s42_f2,LR_A,k2_K03_K09,2,1,2,0,1,0,7,0,17,0,False
LR_A_s42_f2,LR_A,k2_K03_K09,2,5,2,1,1,1,7,0,24,7,False
LR_A_s42_f2,LR_A,k2_K03_K09,2,10,2,1,1,1,7,0,39,22,False
LR_A_s42_f2,LR_A,k2_K05_K09,2,1,2,1,2,1,7,0,17,0,True
LR_A_s42_f2,LR_A,k2_K05_K09,2,5,2,2,2,2,7,0,23,6,False
LR_A_s42_f2,LR_A,k2_K05_K09,2,10,2,2,2,2,7,0,33,16,False
LR_A_s42_f2,LR_A,k2_K01_K02,2,1,2,1,2,1,7,0,17,0,True
LR_A_s42_f2,LR_A,k2_K01_K02,2,5,2,2,2,2,7,0,23,6,False
LR_A_s42_f2,LR_A,k2_K01_K02,2,10,2,2,2,2,7,0,33,16,False
LR_A_s42_f2,LR_A,k2_K01_K06,2,1,1,1,1,1,7,0,17,0,True
LR_A_s42_f2,LR_A,k2_K01_K06,2,5,2,1,1,1,7,0,24,7,False
LR_A_s42_f2,LR_A,k2_K01_K06,2,10,2,1,1,1,7,0,38,21,False
LR_A_s42_f2,LR_A,k2_K02_K06,2,1,1,1,1,1,7,0,17,0,True
LR_A_s42_f2,LR_A,k2_K02_K06,2,5,2,1,1,1,7,0,24,7,False
LR_A_s42_f2,LR_A,k2_K02_K06,2,10,2,1,1,1,7,0,38,21,False
LR_A_s42_f2,LR_A,k3_K04_K07_K08,3,1,3,1,2,1,6,0,17,0,True
LR_A_s42_f2,LR_A,k3_K04_K07_K08,3,5,3,2,2,2,6,0,23,6,False
LR_A_s42_f2,LR_A,k3_K04_K07_K08,3,10,3,2,2,2,6,0,33,16,False
LR_A_s42_f2,LR_A,k3_K03_K05_K09,3,1,3,0,1,0,6,0,17,0,False
LR_A_s42_f2,LR_A,k3_K03_K05_K09,3,5,3,1,1,1,6,0,23,6,False
LR_A_s42_f2,LR_A,k3_K03_K05_K09,3,10,3,1,1,1,6,0,35,18,False
LR_A_s42_f2,LR_A,k3_K01_K02_K06,3,1,2,1,1,1,6,0,17,0,True
LR_A_s42_f2,LR_A,k3_K01_K02_K06,3,5,3,1,1,1,6,0,23,6,False
LR_A_s42_f2,LR_A,k3_K01_K02_K06,3,10,3,1,1,1,6,0,37,20,False
LR_B_s42_f2,LR_B,k2_K04_K07,2,1,1,0,3,0,7,0,20,2,False
LR_B_s42_f2,LR_B,k2_K04_K07,2,5,2,3,3,3,7,0,26,8,False
LR_B_s42_f2,LR_B,k2_K04_K07,2,10,2,3,3,3,7,0,30,12,False
LR_B_s42_f2,LR_B,k2_K04_K08,2,1,1,0,3,0,7,0,20,2,False
LR_B_s42_f2,LR_B,k2_K04_K08,2,5,2,3,3,3,7,0,26,8,False
LR_B_s42_f2,LR_B,k2_K04_K08,2,10,2,3,3,3,7,0,35,17,False
LR_B_s42_f2,LR_B,k2_K07_K08,2,1,2,0,4,0,7,0,19,1,False
LR_B_s42_f2,LR_B,k2_K07_K08,2,5,2,4,4,4,7,0,26,8,False
LR_B_s42_f2,LR_B,k2_K07_K08,2,10,2,4,4,4,7,0,28,10,False
LR_B_s42_f2,LR_B,k2_K03_K05,2,1,1,0,3,0,7,0,20,2,False
LR_B_s42_f2,LR_B,k2_K03_K05,2,5,2,3,3,3,7,0,26,8,False
LR_B_s42_f2,LR_B,k2_K03_K05,2,10,2,3,3,3,7,0,35,17,False
LR_B_s42_f2,LR_B,k2_K03_K09,2,1,1,0,2,0,7,0,20,2,False
LR_B_s42_f2,LR_B,k2_K03_K09,2,5,2,2,2,2,7,0,26,8,False
LR_B_s42_f2,LR_B,k2_K03_K09,2,10,2,2,2,2,7,0,37,19,False
LR_B_s42_f2,LR_B,k2_K05_K09,2,1,1,0,3,0,7,0,20,2,False
LR_B_s42_f2,LR_B,k2_K05_K09,2,5,2,3,3,3,7,0,26,8,False
LR_B_s42_f2,LR_B,k2_K05_K09,2,10,2,3,3,3,7,0,34,16,False
LR_B_s42_f2,LR_B,k2_K01_K02,2,1,2,0,4,0,7,0,20,2,False
LR_B_s42_f2,LR_B,k2_K01_K02,2,5,2,4,4,4,7,0,26,8,False
LR_B_s42_f2,LR_B,k2_K01_K02,2,10,2,4,4,4,7,0,33,15,False
LR_B_s42_f2,LR_B,k2_K01_K06,2,1,1,1,3,1,7,0,20,2,False
LR_B_s42_f2,LR_B,k2_K01_K06,2,5,2,3,3,3,7,0,26,8,False
LR_B_s42_f2,LR_B,k2_K01_K06,2,10,2,3,3,3,7,0,37,19,False
LR_B_s42_f2,LR_B,k2_K02_K06,2,1,1,1,3,1,7,0,20,2,False
LR_B_s42_f2,LR_B,k2_K02_K06,2,5,2,3,3,3,7,0,26,8,False
LR_B_s42_f2,LR_B,k2_K02_K06,2,10,2,3,3,3,7,0,37,19,False
LR_B_s42_f2,LR_B,k3_K04_K07_K08,3,1,2,0,3,0,6,0,20,2,False
LR_B_s42_f2,LR_B,k3_K04_K07_K08,3,5,3,3,3,3,6,0,26,8,False
LR_B_s42_f2,LR_B,k3_K04_K07_K08,3,10,3,3,3,3,6,0,30,12,False
LR_B_s42_f2,LR_B,k3_K03_K05_K09,3,1,2,0,2,0,6,0,20,2,False
LR_B_s42_f2,LR_B,k3_K03_K05_K09,3,5,3,2,2,2,6,0,26,8,False
LR_B_s42_f2,LR_B,k3_K03_K05_K09,3,10,3,2,2,2,6,0,35,17,False
LR_B_s42_f2,LR_B,k3_K01_K02_K06,3,1,2,0,3,0,6,0,20,2,False
LR_B_s42_f2,LR_B,k3_K01_K02_K06,3,5,3,3,3,3,6,0,26,8,False
LR_B_s42_f2,LR_B,k3_K01_K02_K06,3,10,3,3,3,3,6,0,35,17,False
LR_C_s42_f2,LR_C,k2_K04_K07,2,1,2,1,2,1,7,0,19,2,False
LR_C_s42_f2,LR_C,k2_K04_K07,2,5,2,2,2,2,7,0,24,7,False
LR_C_s42_f2,LR_C,k2_K04_K07,2,10,2,2,2,2,7,0,38,21,False
LR_C_s42_f2,LR_C,k2_K04_K08,2,1,2,1,2,1,7,0,19,2,False
LR_C_s42_f2,LR_C,k2_K04_K08,2,5,2,2,2,2,7,0,25,8,False
LR_C_s42_f2,LR_C,k2_K04_K08,2,10,2,2,2,2,7,0,40,23,False
LR_C_s42_f2,LR_C,k2_K07_K08,2,1,2,1,2,1,7,0,19,2,False
LR_C_s42_f2,LR_C,k2_K07_K08,2,5,2,2,2,2,7,0,24,7,False
LR_C_s42_f2,LR_C,k2_K07_K08,2,10,2,2,2,2,7,0,34,17,False
LR_C_s42_f2,LR_C,k2_K03_K05,2,1,2,0,1,0,7,0,19,2,False
LR_C_s42_f2,LR_C,k2_K03_K05,2,5,2,1,1,1,7,0,25,8,False
LR_C_s42_f2,LR_C,k2_K03_K05,2,10,2,1,1,1,7,0,40,23,False
LR_C_s42_f2,LR_C,k2_K03_K09,2,1,2,0,1,0,7,0,20,3,False
LR_C_s42_f2,LR_C,k2_K03_K09,2,5,2,1,1,1,7,0,28,11,False
LR_C_s42_f2,LR_C,k2_K03_K09,2,10,2,1,1,1,7,0,41,24,False
LR_C_s42_f2,LR_C,k2_K05_K09,2,1,2,1,2,1,7,0,19,2,False
LR_C_s42_f2,LR_C,k2_K05_K09,2,5,2,2,2,2,7,0,25,8,False
LR_C_s42_f2,LR_C,k2_K05_K09,2,10,2,2,2,2,7,0,39,22,False
LR_C_s42_f2,LR_C,k2_K01_K02,2,1,2,1,2,1,7,0,19,2,False
LR_C_s42_f2,LR_C,k2_K01_K02,2,5,2,2,2,2,7,0,25,8,False
LR_C_s42_f2,LR_C,k2_K01_K02,2,10,2,2,2,2,7,0,38,21,False
LR_C_s42_f2,LR_C,k2_K01_K06,2,1,1,1,1,1,7,0,20,3,False
LR_C_s42_f2,LR_C,k2_K01_K06,2,5,2,1,1,1,7,0,28,11,False
LR_C_s42_f2,LR_C,k2_K01_K06,2,10,2,1,1,1,7,0,41,24,False
LR_C_s42_f2,LR_C,k2_K02_K06,2,1,1,1,1,1,7,0,20,3,False
LR_C_s42_f2,LR_C,k2_K02_K06,2,5,2,1,1,1,7,0,28,11,False
LR_C_s42_f2,LR_C,k2_K02_K06,2,10,2,1,1,1,7,0,41,24,False
LR_C_s42_f2,LR_C,k3_K04_K07_K08,3,1,3,1,2,1,6,0,19,2,False
LR_C_s42_f2,LR_C,k3_K04_K07_K08,3,5,3,2,2,2,6,0,24,7,False
LR_C_s42_f2,LR_C,k3_K04_K07_K08,3,10,3,2,2,2,6,0,38,21,False
LR_C_s42_f2,LR_C,k3_K03_K05_K09,3,1,3,0,1,0,6,0,19,2,False
LR_C_s42_f2,LR_C,k3_K03_K05_K09,3,5,3,1,1,1,6,0,26,9,False
LR_C_s42_f2,LR_C,k3_K03_K05_K09,3,10,3,1,1,1,6,0,41,24,False
LR_C_s42_f2,LR_C,k3_K01_K02_K06,3,1,2,1,1,1,6,0,19,2,False
LR_C_s42_f2,LR_C,k3_K01_K02_K06,3,5,3,1,1,1,6,0,28,11,False
LR_C_s42_f2,LR_C,k3_K01_K02_K06,3,10,3,1,1,1,6,0,41,24,False
LR_A_s101_f0,LR_A,k2_K04_K07,2,1,2,1,1,1,7,0,34,6,False
LR_A_s101_f0,LR_A,k2_K04_K07,2,5,2,1,1,1,7,0,44,16,False
LR_A_s101_f0,LR_A,k2_K04_K07,2,10,2,1,1,1,7,0,57,29,False
LR_A_s101_f0,LR_A,k2_K04_K08,2,1,2,1,1,1,7,0,34,6,False
LR_A_s101_f0,LR_A,k2_K04_K08,2,5,2,1,1,1,7,0,46,18,False
LR_A_s101_f0,LR_A,k2_K04_K08,2,10,2,1,1,1,7,0,58,30,False
LR_A_s101_f0,LR_A,k2_K07_K08,2,1,2,1,1,1,7,0,33,5,False
LR_A_s101_f0,LR_A,k2_K07_K08,2,5,2,1,1,1,7,0,43,15,False
LR_A_s101_f0,LR_A,k2_K07_K08,2,10,2,1,1,1,7,0,56,28,False
LR_A_s101_f0,LR_A,k2_K03_K05,2,1,2,1,1,1,7,0,34,6,False
LR_A_s101_f0,LR_A,k2_K03_K05,2,5,2,1,1,1,7,0,46,18,False
LR_A_s101_f0,LR_A,k2_K03_K05,2,10,2,1,1,1,7,0,58,30,False
LR_A_s101_f0,LR_A,k2_K03_K09,2,1,2,1,1,1,7,0,34,6,False
LR_A_s101_f0,LR_A,k2_K03_K09,2,5,2,1,1,1,7,0,47,19,False
LR_A_s101_f0,LR_A,k2_K03_K09,2,10,2,1,1,1,7,0,63,35,False
LR_A_s101_f0,LR_A,k2_K05_K09,2,1,2,1,1,1,7,0,34,6,False
LR_A_s101_f0,LR_A,k2_K05_K09,2,5,2,1,1,1,7,0,44,16,False
LR_A_s101_f0,LR_A,k2_K05_K09,2,10,2,1,1,1,7,0,57,29,False
LR_A_s101_f0,LR_A,k2_K01_K02,2,1,2,1,1,1,7,0,34,6,False
LR_A_s101_f0,LR_A,k2_K01_K02,2,5,2,1,1,1,7,0,44,16,False
LR_A_s101_f0,LR_A,k2_K01_K02,2,10,2,1,1,1,7,0,57,29,False
LR_A_s101_f0,LR_A,k2_K01_K06,2,1,2,0,0,0,7,0,34,6,False
LR_A_s101_f0,LR_A,k2_K01_K06,2,5,2,0,0,0,7,0,47,19,False
LR_A_s101_f0,LR_A,k2_K01_K06,2,10,2,0,0,0,7,0,63,35,False
LR_A_s101_f0,LR_A,k2_K02_K06,2,1,2,0,0,0,7,0,34,6,False
LR_A_s101_f0,LR_A,k2_K02_K06,2,5,2,0,0,0,7,0,47,19,False
LR_A_s101_f0,LR_A,k2_K02_K06,2,10,2,0,0,0,7,0,63,35,False
LR_A_s101_f0,LR_A,k3_K04_K07_K08,3,1,3,1,1,1,6,0,33,5,False
LR_A_s101_f0,LR_A,k3_K04_K07_K08,3,5,3,1,1,1,6,0,44,16,False
LR_A_s101_f0,LR_A,k3_K04_K07_K08,3,10,3,1,1,1,6,0,57,29,False
LR_A_s101_f0,LR_A,k3_K03_K05_K09,3,1,3,1,1,1,6,0,34,6,False
LR_A_s101_f0,LR_A,k3_K03_K05_K09,3,5,3,1,1,1,6,0,47,19,False
LR_A_s101_f0,LR_A,k3_K03_K05_K09,3,10,3,1,1,1,6,0,62,34,False
LR_A_s101_f0,LR_A,k3_K01_K02_K06,3,1,3,0,0,0,6,0,34,6,False
LR_A_s101_f0,LR_A,k3_K01_K02_K06,3,5,3,0,0,0,6,0,47,19,False
LR_A_s101_f0,LR_A,k3_K01_K02_K06,3,10,3,0,0,0,6,0,62,34,False
LR_B_s101_f0,LR_B,k2_K04_K07,2,1,1,3,6,3,7,0,27,2,False
LR_B_s101_f0,LR_B,k2_K04_K07,2,5,2,6,6,6,7,0,39,14,False
LR_B_s101_f0,LR_B,k2_K04_K07,2,10,2,6,6,6,7,0,59,34,False
LR_B_s101_f0,LR_B,k2_K04_K08,2,1,1,2,5,2,7,0,27,2,False
LR_B_s101_f0,LR_B,k2_K04_K08,2,5,2,5,5,5,7,0,40,15,False
LR_B_s101_f0,LR_B,k2_K04_K08,2,10,2,5,5,5,7,0,60,35,False
LR_B_s101_f0,LR_B,k2_K07_K08,2,1,2,2,6,2,7,0,27,2,False
LR_B_s101_f0,LR_B,k2_K07_K08,2,5,2,6,6,6,7,0,39,14,False
LR_B_s101_f0,LR_B,k2_K07_K08,2,10,2,6,6,6,7,0,54,29,False
LR_B_s101_f0,LR_B,k2_K03_K05,2,1,1,3,6,3,7,0,27,2,False
LR_B_s101_f0,LR_B,k2_K03_K05,2,5,2,6,6,6,7,0,40,15,False
LR_B_s101_f0,LR_B,k2_K03_K05,2,10,2,6,6,6,7,0,61,36,False
LR_B_s101_f0,LR_B,k2_K03_K09,2,1,0,3,5,3,7,0,27,2,False
LR_B_s101_f0,LR_B,k2_K03_K09,2,5,2,5,5,5,7,0,42,17,False
LR_B_s101_f0,LR_B,k2_K03_K09,2,10,2,5,5,5,7,0,62,37,False
LR_B_s101_f0,LR_B,k2_K05_K09,2,1,1,3,6,3,7,0,27,2,False
LR_B_s101_f0,LR_B,k2_K05_K09,2,5,2,6,6,6,7,0,39,14,False
LR_B_s101_f0,LR_B,k2_K05_K09,2,10,2,6,6,6,7,0,59,34,False
LR_B_s101_f0,LR_B,k2_K01_K02,2,1,2,1,5,1,7,0,27,2,False
LR_B_s101_f0,LR_B,k2_K01_K02,2,5,2,5,5,5,7,0,39,14,False
LR_B_s101_f0,LR_B,k2_K01_K02,2,10,2,5,5,5,7,0,59,34,False
LR_B_s101_f0,LR_B,k2_K01_K06,2,1,1,2,5,2,7,0,27,2,False
LR_B_s101_f0,LR_B,k2_K01_K06,2,5,2,5,5,5,7,0,41,16,False
LR_B_s101_f0,LR_B,k2_K01_K06,2,10,2,5,5,5,7,0,62,37,False
LR_B_s101_f0,LR_B,k2_K02_K06,2,1,1,2,5,2,7,0,27,2,False
LR_B_s101_f0,LR_B,k2_K02_K06,2,5,2,5,5,5,7,0,41,16,False
LR_B_s101_f0,LR_B,k2_K02_K06,2,10,2,5,5,5,7,0,62,37,False
LR_B_s101_f0,LR_B,k3_K04_K07_K08,3,1,2,2,5,2,6,0,27,2,False
LR_B_s101_f0,LR_B,k3_K04_K07_K08,3,5,3,5,5,5,6,0,39,14,False
LR_B_s101_f0,LR_B,k3_K04_K07_K08,3,10,3,5,5,5,6,0,58,33,False
LR_B_s101_f0,LR_B,k3_K03_K05_K09,3,1,1,3,5,3,6,0,27,2,False
LR_B_s101_f0,LR_B,k3_K03_K05_K09,3,5,3,5,5,5,6,0,40,15,False
LR_B_s101_f0,LR_B,k3_K03_K05_K09,3,10,3,5,5,5,6,0,61,36,False
LR_B_s101_f0,LR_B,k3_K01_K02_K06,3,1,2,1,4,1,6,0,27,2,False
LR_B_s101_f0,LR_B,k3_K01_K02_K06,3,5,3,4,4,4,6,0,40,15,False
LR_B_s101_f0,LR_B,k3_K01_K02_K06,3,10,3,4,4,4,6,0,61,36,False
LR_C_s101_f0,LR_C,k2_K04_K07,2,1,2,1,2,1,7,0,34,7,False
LR_C_s101_f0,LR_C,k2_K04_K07,2,5,2,2,2,2,7,0,45,18,False
LR_C_s101_f0,LR_C,k2_K04_K07,2,10,2,2,2,2,7,0,59,32,False
LR_C_s101_f0,LR_C,k2_K04_K08,2,1,2,1,2,1,7,0,34,7,False
LR_C_s101_f0,LR_C,k2_K04_K08,2,5,2,2,2,2,7,0,45,18,False
LR_C_s101_f0,LR_C,k2_K04_K08,2,10,2,2,2,2,7,0,59,32,False
LR_C_s101_f0,LR_C,k2_K07_K08,2,1,2,1,2,1,7,0,34,7,False
LR_C_s101_f0,LR_C,k2_K07_K08,2,5,2,2,2,2,7,0,45,18,False
LR_C_s101_f0,LR_C,k2_K07_K08,2,10,2,2,2,2,7,0,59,32,False
LR_C_s101_f0,LR_C,k2_K03_K05,2,1,2,0,1,0,7,0,34,7,False
LR_C_s101_f0,LR_C,k2_K03_K05,2,5,2,1,1,1,7,0,45,18,False
LR_C_s101_f0,LR_C,k2_K03_K05,2,10,2,1,1,1,7,0,59,32,False
LR_C_s101_f0,LR_C,k2_K03_K09,2,1,2,0,1,0,7,0,34,7,False
LR_C_s101_f0,LR_C,k2_K03_K09,2,5,2,1,1,1,7,0,46,19,False
LR_C_s101_f0,LR_C,k2_K03_K09,2,10,2,1,1,1,7,0,63,36,False
LR_C_s101_f0,LR_C,k2_K05_K09,2,1,2,1,2,1,7,0,34,7,False
LR_C_s101_f0,LR_C,k2_K05_K09,2,5,2,2,2,2,7,0,45,18,False
LR_C_s101_f0,LR_C,k2_K05_K09,2,10,2,2,2,2,7,0,59,32,False
LR_C_s101_f0,LR_C,k2_K01_K02,2,1,2,1,2,1,7,0,34,7,False
LR_C_s101_f0,LR_C,k2_K01_K02,2,5,2,2,2,2,7,0,45,18,False
LR_C_s101_f0,LR_C,k2_K01_K02,2,10,2,2,2,2,7,0,59,32,False
LR_C_s101_f0,LR_C,k2_K01_K06,2,1,1,1,1,1,7,0,34,7,False
LR_C_s101_f0,LR_C,k2_K01_K06,2,5,2,1,1,1,7,0,46,19,False
LR_C_s101_f0,LR_C,k2_K01_K06,2,10,2,1,1,1,7,0,62,35,False
LR_C_s101_f0,LR_C,k2_K02_K06,2,1,1,1,1,1,7,0,34,7,False
LR_C_s101_f0,LR_C,k2_K02_K06,2,5,2,1,1,1,7,0,45,18,False
LR_C_s101_f0,LR_C,k2_K02_K06,2,10,2,1,1,1,7,0,62,35,False
LR_C_s101_f0,LR_C,k3_K04_K07_K08,3,1,3,1,2,1,6,0,34,7,False
LR_C_s101_f0,LR_C,k3_K04_K07_K08,3,5,3,2,2,2,6,0,45,18,False
LR_C_s101_f0,LR_C,k3_K04_K07_K08,3,10,3,2,2,2,6,0,59,32,False
LR_C_s101_f0,LR_C,k3_K03_K05_K09,3,1,3,0,1,0,6,0,34,7,False
LR_C_s101_f0,LR_C,k3_K03_K05_K09,3,5,3,1,1,1,6,0,45,18,False
LR_C_s101_f0,LR_C,k3_K03_K05_K09,3,10,3,1,1,1,6,0,62,35,False
LR_C_s101_f0,LR_C,k3_K01_K02_K06,3,1,2,1,1,1,6,0,34,7,False
LR_C_s101_f0,LR_C,k3_K01_K02_K06,3,5,3,1,1,1,6,0,45,18,False
LR_C_s101_f0,LR_C,k3_K01_K02_K06,3,10,3,1,1,1,6,0,62,35,False
LR_A_s101_f1,LR_A,k2_K04_K07,2,1,1,1,4,1,7,0,15,1,False
LR_A_s101_f1,LR_A,k2_K04_K07,2,5,2,4,4,4,7,0,27,13,False
LR_A_s101_f1,LR_A,k2_K04_K07,2,10,2,4,4,4,7,0,35,21,False
LR_A_s101_f1,LR_A,k2_K04_K08,2,1,1,1,4,1,7,0,15,1,False
LR_A_s101_f1,LR_A,k2_K04_K08,2,5,2,4,4,4,7,0,27,13,False
LR_A_s101_f1,LR_A,k2_K04_K08,2,10,2,4,4,4,7,0,36,22,False
LR_A_s101_f1,LR_A,k2_K07_K08,2,1,2,1,5,1,7,0,15,1,False
LR_A_s101_f1,LR_A,k2_K07_K08,2,5,2,4,5,4,7,0,25,11,False
LR_A_s101_f1,LR_A,k2_K07_K08,2,10,2,5,5,5,7,0,33,19,False
LR_A_s101_f1,LR_A,k2_K03_K05,2,1,1,1,4,1,7,0,15,1,False
LR_A_s101_f1,LR_A,k2_K03_K05,2,5,2,4,4,4,7,0,27,13,False
LR_A_s101_f1,LR_A,k2_K03_K05,2,10,2,4,4,4,7,0,36,22,False
LR_A_s101_f1,LR_A,k2_K03_K09,2,1,0,1,3,1,7,0,15,1,False
LR_A_s101_f1,LR_A,k2_K03_K09,2,5,2,3,3,3,7,0,28,14,False
LR_A_s101_f1,LR_A,k2_K03_K09,2,10,2,3,3,3,7,0,37,23,False
LR_A_s101_f1,LR_A,k2_K05_K09,2,1,1,1,4,1,7,0,15,1,False
LR_A_s101_f1,LR_A,k2_K05_K09,2,5,2,4,4,4,7,0,27,13,False
LR_A_s101_f1,LR_A,k2_K05_K09,2,10,2,4,4,4,7,0,35,21,False
LR_A_s101_f1,LR_A,k2_K01_K02,2,1,2,0,4,0,7,0,15,1,False
LR_A_s101_f1,LR_A,k2_K01_K02,2,5,2,4,4,4,7,0,27,13,False
LR_A_s101_f1,LR_A,k2_K01_K02,2,10,2,4,4,4,7,0,35,21,False
LR_A_s101_f1,LR_A,k2_K01_K06,2,1,1,0,3,0,7,0,15,1,False
LR_A_s101_f1,LR_A,k2_K01_K06,2,5,2,3,3,3,7,0,28,14,False
LR_A_s101_f1,LR_A,k2_K01_K06,2,10,2,3,3,3,7,0,37,23,False
LR_A_s101_f1,LR_A,k2_K02_K06,2,1,1,1,4,1,7,0,15,1,False
LR_A_s101_f1,LR_A,k2_K02_K06,2,5,2,4,4,4,7,0,28,14,False
LR_A_s101_f1,LR_A,k2_K02_K06,2,10,2,4,4,4,7,0,37,23,False
LR_A_s101_f1,LR_A,k3_K04_K07_K08,3,1,2,1,4,1,6,0,15,1,False
LR_A_s101_f1,LR_A,k3_K04_K07_K08,3,5,3,4,4,4,6,0,27,13,False
LR_A_s101_f1,LR_A,k3_K04_K07_K08,3,10,3,4,4,4,6,0,35,21,False
LR_A_s101_f1,LR_A,k3_K03_K05_K09,3,1,1,1,3,1,6,0,15,1,False
LR_A_s101_f1,LR_A,k3_K03_K05_K09,3,5,3,3,3,3,6,0,27,13,False
LR_A_s101_f1,LR_A,k3_K03_K05_K09,3,10,3,3,3,3,6,0,36,22,False
LR_A_s101_f1,LR_A,k3_K01_K02_K06,3,1,2,0,3,0,6,0,15,1,False
LR_A_s101_f1,LR_A,k3_K01_K02_K06,3,5,3,3,3,3,6,0,28,14,False
LR_A_s101_f1,LR_A,k3_K01_K02_K06,3,10,3,3,3,3,6,0,36,22,False
LR_B_s101_f1,LR_B,k2_K04_K07,2,1,1,2,5,2,7,0,28,4,False
LR_B_s101_f1,LR_B,k2_K04_K07,2,5,2,5,5,5,7,0,47,23,False
LR_B_s101_f1,LR_B,k2_K04_K07,2,10,2,5,5,5,7,0,61,37,False
LR_B_s101_f1,LR_B,k2_K04_K08,2,1,1,2,5,2,7,0,28,4,False
LR_B_s101_f1,LR_B,k2_K04_K08,2,5,2,5,5,5,7,0,49,25,False
LR_B_s101_f1,LR_B,k2_K04_K08,2,10,2,5,5,5,7,0,61,37,False
LR_B_s101_f1,LR_B,k2_K07_K08,2,1,2,2,6,2,7,0,28,4,False
LR_B_s101_f1,LR_B,k2_K07_K08,2,5,2,6,6,6,7,0,46,22,False
LR_B_s101_f1,LR_B,k2_K07_K08,2,10,2,6,6,6,7,0,61,37,False
LR_B_s101_f1,LR_B,k2_K03_K05,2,1,1,2,5,2,7,0,28,4,False
LR_B_s101_f1,LR_B,k2_K03_K05,2,5,2,5,5,5,7,0,50,26,False
LR_B_s101_f1,LR_B,k2_K03_K05,2,10,2,5,5,5,7,0,63,39,False
LR_B_s101_f1,LR_B,k2_K03_K09,2,1,0,2,4,2,7,0,28,4,False
LR_B_s101_f1,LR_B,k2_K03_K09,2,5,2,4,4,4,7,0,50,26,False
LR_B_s101_f1,LR_B,k2_K03_K09,2,10,2,4,4,4,7,0,65,41,False
LR_B_s101_f1,LR_B,k2_K05_K09,2,1,1,2,5,2,7,0,28,4,False
LR_B_s101_f1,LR_B,k2_K05_K09,2,5,2,5,5,5,7,0,47,23,False
LR_B_s101_f1,LR_B,k2_K05_K09,2,10,2,5,5,5,7,0,61,37,False
LR_B_s101_f1,LR_B,k2_K01_K02,2,1,2,0,4,0,7,0,28,4,False
LR_B_s101_f1,LR_B,k2_K01_K02,2,5,2,4,4,4,7,0,48,24,False
LR_B_s101_f1,LR_B,k2_K01_K02,2,10,2,4,4,4,7,0,61,37,False
LR_B_s101_f1,LR_B,k2_K01_K06,2,1,1,1,4,1,7,0,28,4,False
LR_B_s101_f1,LR_B,k2_K01_K06,2,5,2,4,4,4,7,0,50,26,False
LR_B_s101_f1,LR_B,k2_K01_K06,2,10,2,4,4,4,7,0,65,41,False
LR_B_s101_f1,LR_B,k2_K02_K06,2,1,1,1,4,1,7,0,28,4,False
LR_B_s101_f1,LR_B,k2_K02_K06,2,5,2,4,4,4,7,0,50,26,False
LR_B_s101_f1,LR_B,k2_K02_K06,2,10,2,4,4,4,7,0,65,41,False
LR_B_s101_f1,LR_B,k3_K04_K07_K08,3,1,2,2,5,2,6,0,28,4,False
LR_B_s101_f1,LR_B,k3_K04_K07_K08,3,5,3,5,5,5,6,0,47,23,False
LR_B_s101_f1,LR_B,k3_K04_K07_K08,3,10,3,5,5,5,6,0,61,37,False
LR_B_s101_f1,LR_B,k3_K03_K05_K09,3,1,1,2,4,2,6,0,28,4,False
LR_B_s101_f1,LR_B,k3_K03_K05_K09,3,5,3,4,4,4,6,0,50,26,False
LR_B_s101_f1,LR_B,k3_K03_K05_K09,3,10,3,4,4,4,6,0,64,40,False
LR_B_s101_f1,LR_B,k3_K01_K02_K06,3,1,2,0,3,0,6,0,28,4,False
LR_B_s101_f1,LR_B,k3_K01_K02_K06,3,5,3,3,3,3,6,0,50,26,False
LR_B_s101_f1,LR_B,k3_K01_K02_K06,3,10,3,3,3,3,6,0,65,41,False
LR_C_s101_f1,LR_C,k2_K04_K07,2,1,1,1,6,1,7,0,14,3,False
LR_C_s101_f1,LR_C,k2_K04_K07,2,5,2,5,6,5,7,0,22,11,False
LR_C_s101_f1,LR_C,k2_K04_K07,2,10,2,6,6,6,7,0,34,23,False
LR_C_s101_f1,LR_C,k2_K04_K08,2,1,1,0,5,0,7,0,14,3,False
LR_C_s101_f1,LR_C,k2_K04_K08,2,5,2,4,5,4,7,0,22,11,False
LR_C_s101_f1,LR_C,k2_K04_K08,2,10,2,5,5,5,7,0,34,23,False
LR_C_s101_f1,LR_C,k2_K07_K08,2,1,2,0,6,0,7,0,13,2,False
LR_C_s101_f1,LR_C,k2_K07_K08,2,5,2,4,6,4,7,0,22,11,False
LR_C_s101_f1,LR_C,k2_K07_K08,2,10,2,6,6,6,7,0,31,20,False
LR_C_s101_f1,LR_C,k2_K03_K05,2,1,1,1,6,1,7,0,14,3,False
LR_C_s101_f1,LR_C,k2_K03_K05,2,5,2,5,6,5,7,0,22,11,False
LR_C_s101_f1,LR_C,k2_K03_K05,2,10,2,6,6,6,7,0,34,23,False
LR_C_s101_f1,LR_C,k2_K03_K09,2,1,0,1,5,1,7,0,14,3,False
LR_C_s101_f1,LR_C,k2_K03_K09,2,5,2,4,5,4,7,0,22,11,False
LR_C_s101_f1,LR_C,k2_K03_K09,2,10,2,5,5,5,7,0,35,24,False
LR_C_s101_f1,LR_C,k2_K05_K09,2,1,1,1,6,1,7,0,14,3,False
LR_C_s101_f1,LR_C,k2_K05_K09,2,5,2,5,6,5,7,0,22,11,False
LR_C_s101_f1,LR_C,k2_K05_K09,2,10,2,6,6,6,7,0,34,23,False
LR_C_s101_f1,LR_C,k2_K01_K02,2,1,0,1,5,1,7,0,14,3,False
LR_C_s101_f1,LR_C,k2_K01_K02,2,5,2,4,5,4,7,0,22,11,False
LR_C_s101_f1,LR_C,k2_K01_K02,2,10,2,5,5,5,7,0,34,23,False
LR_C_s101_f1,LR_C,k2_K01_K06,2,1,0,1,5,1,7,0,14,3,False
LR_C_s101_f1,LR_C,k2_K01_K06,2,5,1,5,5,5,7,0,22,11,False
LR_C_s101_f1,LR_C,k2_K01_K06,2,10,2,5,5,5,7,0,36,25,False
LR_C_s101_f1,LR_C,k2_K02_K06,2,1,0,1,5,1,7,0,14,3,False
LR_C_s101_f1,LR_C,k2_K02_K06,2,5,1,5,5,5,7,0,22,11,False
LR_C_s101_f1,LR_C,k2_K02_K06,2,10,2,5,5,5,7,0,35,24,False
LR_C_s101_f1,LR_C,k3_K04_K07_K08,3,1,2,0,5,0,6,0,14,3,False
LR_C_s101_f1,LR_C,k3_K04_K07_K08,3,5,3,4,5,4,6,0,22,11,False
LR_C_s101_f1,LR_C,k3_K04_K07_K08,3,10,3,5,5,5,6,0,34,23,False
LR_C_s101_f1,LR_C,k3_K03_K05_K09,3,1,1,1,5,1,6,0,14,3,False
LR_C_s101_f1,LR_C,k3_K03_K05_K09,3,5,3,4,5,4,6,0,22,11,False
LR_C_s101_f1,LR_C,k3_K03_K05_K09,3,10,3,5,5,5,6,0,34,23,False
LR_C_s101_f1,LR_C,k3_K01_K02_K06,3,1,0,1,4,1,6,0,14,3,False
LR_C_s101_f1,LR_C,k3_K01_K02_K06,3,5,2,4,4,4,6,0,22,11,False
LR_C_s101_f1,LR_C,k3_K01_K02_K06,3,10,3,4,4,4,6,0,35,24,False
LR_A_s101_f2,LR_A,k2_K04_K07,2,1,2,0,0,0,7,0,30,2,False
LR_A_s101_f2,LR_A,k2_K04_K07,2,5,2,0,0,0,7,0,33,5,False
LR_A_s101_f2,LR_A,k2_K04_K07,2,10,2,0,0,0,7,0,46,18,False
LR_A_s101_f2,LR_A,k2_K04_K08,2,1,2,0,0,0,7,0,30,2,False
LR_A_s101_f2,LR_A,k2_K04_K08,2,5,2,0,0,0,7,0,35,7,False
LR_A_s101_f2,LR_A,k2_K04_K08,2,10,2,0,0,0,7,0,47,19,False
LR_A_s101_f2,LR_A,k2_K07_K08,2,1,2,0,0,0,7,0,30,2,False
LR_A_s101_f2,LR_A,k2_K07_K08,2,5,2,0,0,0,7,0,32,4,False
LR_A_s101_f2,LR_A,k2_K07_K08,2,10,2,0,0,0,7,0,43,15,False
LR_A_s101_f2,LR_A,k2_K03_K05,2,1,2,0,0,0,7,0,30,2,False
LR_A_s101_f2,LR_A,k2_K03_K05,2,5,2,0,0,0,7,0,35,7,False
LR_A_s101_f2,LR_A,k2_K03_K05,2,10,2,0,0,0,7,0,48,20,False
LR_A_s101_f2,LR_A,k2_K03_K09,2,1,2,0,0,0,7,0,30,2,False
LR_A_s101_f2,LR_A,k2_K03_K09,2,5,2,0,0,0,7,0,36,8,False
LR_A_s101_f2,LR_A,k2_K03_K09,2,10,2,0,0,0,7,0,49,21,False
LR_A_s101_f2,LR_A,k2_K05_K09,2,1,2,0,0,0,7,0,30,2,False
LR_A_s101_f2,LR_A,k2_K05_K09,2,5,2,0,0,0,7,0,35,7,False
LR_A_s101_f2,LR_A,k2_K05_K09,2,10,2,0,0,0,7,0,46,18,False
LR_A_s101_f2,LR_A,k2_K01_K02,2,1,2,0,0,0,7,0,30,2,False
LR_A_s101_f2,LR_A,k2_K01_K02,2,5,2,0,0,0,7,0,32,4,False
LR_A_s101_f2,LR_A,k2_K01_K02,2,10,2,0,0,0,7,0,44,16,False
LR_A_s101_f2,LR_A,k2_K01_K06,2,1,2,0,0,0,7,0,30,2,False
LR_A_s101_f2,LR_A,k2_K01_K06,2,5,2,0,0,0,7,0,35,7,False
LR_A_s101_f2,LR_A,k2_K01_K06,2,10,2,0,0,0,7,0,48,20,False
LR_A_s101_f2,LR_A,k2_K02_K06,2,1,2,0,0,0,7,0,30,2,False
LR_A_s101_f2,LR_A,k2_K02_K06,2,5,2,0,0,0,7,0,35,7,False
LR_A_s101_f2,LR_A,k2_K02_K06,2,10,2,0,0,0,7,0,48,20,False
LR_A_s101_f2,LR_A,k3_K04_K07_K08,3,1,3,0,0,0,6,0,30,2,False
LR_A_s101_f2,LR_A,k3_K04_K07_K08,3,5,3,0,0,0,6,0,33,5,False
LR_A_s101_f2,LR_A,k3_K04_K07_K08,3,10,3,0,0,0,6,0,45,17,False
LR_A_s101_f2,LR_A,k3_K03_K05_K09,3,1,3,0,0,0,6,0,30,2,False
LR_A_s101_f2,LR_A,k3_K03_K05_K09,3,5,3,0,0,0,6,0,35,7,False
LR_A_s101_f2,LR_A,k3_K03_K05_K09,3,10,3,0,0,0,6,0,48,20,False
LR_A_s101_f2,LR_A,k3_K01_K02_K06,3,1,3,0,0,0,6,0,30,2,False
LR_A_s101_f2,LR_A,k3_K01_K02_K06,3,5,3,0,0,0,6,0,35,7,False
LR_A_s101_f2,LR_A,k3_K01_K02_K06,3,10,3,0,0,0,6,0,48,20,False
LR_B_s101_f2,LR_B,k2_K04_K07,2,1,2,0,0,0,7,0,24,1,False
LR_B_s101_f2,LR_B,k2_K04_K07,2,5,2,0,0,0,7,0,30,7,False
LR_B_s101_f2,LR_B,k2_K04_K07,2,10,2,0,0,0,7,0,48,25,False
LR_B_s101_f2,LR_B,k2_K04_K08,2,1,2,0,0,0,7,0,24,1,False
LR_B_s101_f2,LR_B,k2_K04_K08,2,5,2,0,0,0,7,0,32,9,False
LR_B_s101_f2,LR_B,k2_K04_K08,2,10,2,0,0,0,7,0,53,30,False
LR_B_s101_f2,LR_B,k2_K07_K08,2,1,2,0,0,0,7,0,24,1,False
LR_B_s101_f2,LR_B,k2_K07_K08,2,5,2,0,0,0,7,0,30,7,False
LR_B_s101_f2,LR_B,k2_K07_K08,2,10,2,0,0,0,7,0,46,23,False
LR_B_s101_f2,LR_B,k2_K03_K05,2,1,2,0,0,0,7,0,24,1,False
LR_B_s101_f2,LR_B,k2_K03_K05,2,5,2,0,0,0,7,0,32,9,False
LR_B_s101_f2,LR_B,k2_K03_K05,2,10,2,0,0,0,7,0,53,30,False
LR_B_s101_f2,LR_B,k2_K03_K09,2,1,2,0,0,0,7,0,24,1,False
LR_B_s101_f2,LR_B,k2_K03_K09,2,5,2,0,0,0,7,0,33,10,False
LR_B_s101_f2,LR_B,k2_K03_K09,2,10,2,0,0,0,7,0,55,32,False
LR_B_s101_f2,LR_B,k2_K05_K09,2,1,2,0,0,0,7,0,24,1,False
LR_B_s101_f2,LR_B,k2_K05_K09,2,5,2,0,0,0,7,0,30,7,False
LR_B_s101_f2,LR_B,k2_K05_K09,2,10,2,0,0,0,7,0,50,27,False
LR_B_s101_f2,LR_B,k2_K01_K02,2,1,2,0,0,0,7,0,24,1,False
LR_B_s101_f2,LR_B,k2_K01_K02,2,5,2,0,0,0,7,0,30,7,False
LR_B_s101_f2,LR_B,k2_K01_K02,2,10,2,0,0,0,7,0,48,25,False
LR_B_s101_f2,LR_B,k2_K01_K06,2,1,2,0,0,0,7,0,24,1,False
LR_B_s101_f2,LR_B,k2_K01_K06,2,5,2,0,0,0,7,0,32,9,False
LR_B_s101_f2,LR_B,k2_K01_K06,2,10,2,0,0,0,7,0,54,31,False
LR_B_s101_f2,LR_B,k2_K02_K06,2,1,2,0,0,0,7,0,24,1,False
LR_B_s101_f2,LR_B,k2_K02_K06,2,5,2,0,0,0,7,0,32,9,False
LR_B_s101_f2,LR_B,k2_K02_K06,2,10,2,0,0,0,7,0,54,31,False
LR_B_s101_f2,LR_B,k3_K04_K07_K08,3,1,3,0,0,0,6,0,24,1,False
LR_B_s101_f2,LR_B,k3_K04_K07_K08,3,5,3,0,0,0,6,0,30,7,False
LR_B_s101_f2,LR_B,k3_K04_K07_K08,3,10,3,0,0,0,6,0,48,25,False
LR_B_s101_f2,LR_B,k3_K03_K05_K09,3,1,3,0,0,0,6,0,24,1,False
LR_B_s101_f2,LR_B,k3_K03_K05_K09,3,5,3,0,0,0,6,0,32,9,False
LR_B_s101_f2,LR_B,k3_K03_K05_K09,3,10,3,0,0,0,6,0,54,31,False
LR_B_s101_f2,LR_B,k3_K01_K02_K06,3,1,3,0,0,0,6,0,24,1,False
LR_B_s101_f2,LR_B,k3_K01_K02_K06,3,5,3,0,0,0,6,0,32,9,False
LR_B_s101_f2,LR_B,k3_K01_K02_K06,3,10,3,0,0,0,6,0,53,30,False
LR_C_s101_f2,LR_C,k2_K04_K07,2,1,2,0,0,0,7,0,27,4,False
LR_C_s101_f2,LR_C,k2_K04_K07,2,5,2,0,0,0,7,0,31,8,False
LR_C_s101_f2,LR_C,k2_K04_K07,2,10,2,0,0,0,7,0,44,21,False
LR_C_s101_f2,LR_C,k2_K04_K08,2,1,2,0,0,0,7,0,28,5,False
LR_C_s101_f2,LR_C,k2_K04_K08,2,5,2,0,0,0,7,0,31,8,False
LR_C_s101_f2,LR_C,k2_K04_K08,2,10,2,0,0,0,7,0,44,21,False
LR_C_s101_f2,LR_C,k2_K07_K08,2,1,2,0,0,0,7,0,27,4,False
LR_C_s101_f2,LR_C,k2_K07_K08,2,5,2,0,0,0,7,0,31,8,False
LR_C_s101_f2,LR_C,k2_K07_K08,2,10,2,0,0,0,7,0,42,19,False
LR_C_s101_f2,LR_C,k2_K03_K05,2,1,2,0,0,0,7,0,28,5,False
LR_C_s101_f2,LR_C,k2_K03_K05,2,5,2,0,0,0,7,0,31,8,False
LR_C_s101_f2,LR_C,k2_K03_K05,2,10,2,0,0,0,7,0,44,21,False
LR_C_s101_f2,LR_C,k2_K03_K09,2,1,2,0,0,0,7,0,28,5,False
LR_C_s101_f2,LR_C,k2_K03_K09,2,5,2,0,0,0,7,0,32,9,False
LR_C_s101_f2,LR_C,k2_K03_K09,2,10,2,0,0,0,7,0,47,24,False
LR_C_s101_f2,LR_C,k2_K05_K09,2,1,2,0,0,0,7,0,27,4,False
LR_C_s101_f2,LR_C,k2_K05_K09,2,5,2,0,0,0,7,0,31,8,False
LR_C_s101_f2,LR_C,k2_K05_K09,2,10,2,0,0,0,7,0,44,21,False
LR_C_s101_f2,LR_C,k2_K01_K02,2,1,2,0,0,0,7,0,27,4,False
LR_C_s101_f2,LR_C,k2_K01_K02,2,5,2,0,0,0,7,0,31,8,False
LR_C_s101_f2,LR_C,k2_K01_K02,2,10,2,0,0,0,7,0,44,21,False
LR_C_s101_f2,LR_C,k2_K01_K06,2,1,2,0,0,0,7,0,28,5,False
LR_C_s101_f2,LR_C,k2_K01_K06,2,5,2,0,0,0,7,0,31,8,False
LR_C_s101_f2,LR_C,k2_K01_K06,2,10,2,0,0,0,7,0,46,23,False
LR_C_s101_f2,LR_C,k2_K02_K06,2,1,2,0,0,0,7,0,28,5,False
LR_C_s101_f2,LR_C,k2_K02_K06,2,5,2,0,0,0,7,0,31,8,False
LR_C_s101_f2,LR_C,k2_K02_K06,2,10,2,0,0,0,7,0,46,23,False
LR_C_s101_f2,LR_C,k3_K04_K07_K08,3,1,3,0,0,0,6,0,27,4,False
LR_C_s101_f2,LR_C,k3_K04_K07_K08,3,5,3,0,0,0,6,0,31,8,False
LR_C_s101_f2,LR_C,k3_K04_K07_K08,3,10,3,0,0,0,6,0,44,21,False
LR_C_s101_f2,LR_C,k3_K03_K05_K09,3,1,3,0,0,0,6,0,28,5,False
LR_C_s101_f2,LR_C,k3_K03_K05_K09,3,5,3,0,0,0,6,0,31,8,False
LR_C_s101_f2,LR_C,k3_K03_K05_K09,3,10,3,0,0,0,6,0,45,22,False
LR_C_s101_f2,LR_C,k3_K01_K02_K06,3,1,3,0,0,0,6,0,28,5,False
LR_C_s101_f2,LR_C,k3_K01_K02_K06,3,5,3,0,0,0,6,0,31,8,False
LR_C_s101_f2,LR_C,k3_K01_K02_K06,3,10,3,0,0,0,6,0,45,22,False
LR_A_s202_f0,LR_A,k2_K04_K07,2,1,2,0,0,0,7,0,26,0,False
LR_A_s202_f0,LR_A,k2_K04_K07,2,5,2,0,0,0,7,0,35,9,False
LR_A_s202_f0,LR_A,k2_K04_K07,2,10,2,0,0,0,7,0,48,22,False
LR_A_s202_f0,LR_A,k2_K04_K08,2,1,2,0,0,0,7,0,26,0,False
LR_A_s202_f0,LR_A,k2_K04_K08,2,5,2,0,0,0,7,0,35,9,False
LR_A_s202_f0,LR_A,k2_K04_K08,2,10,2,0,0,0,7,0,49,23,False
LR_A_s202_f0,LR_A,k2_K07_K08,2,1,2,0,0,0,7,0,26,0,False
LR_A_s202_f0,LR_A,k2_K07_K08,2,5,2,0,0,0,7,0,33,7,False
LR_A_s202_f0,LR_A,k2_K07_K08,2,10,2,0,0,0,7,0,42,16,False
LR_A_s202_f0,LR_A,k2_K03_K05,2,1,2,0,0,0,7,0,26,0,False
LR_A_s202_f0,LR_A,k2_K03_K05,2,5,2,0,0,0,7,0,35,9,False
LR_A_s202_f0,LR_A,k2_K03_K05,2,10,2,0,0,0,7,0,47,21,False
LR_A_s202_f0,LR_A,k2_K03_K09,2,1,2,0,0,0,7,0,26,0,False
LR_A_s202_f0,LR_A,k2_K03_K09,2,5,2,0,0,0,7,0,35,9,False
LR_A_s202_f0,LR_A,k2_K03_K09,2,10,2,0,0,0,7,0,51,25,False
LR_A_s202_f0,LR_A,k2_K05_K09,2,1,2,0,0,0,7,0,26,0,False
LR_A_s202_f0,LR_A,k2_K05_K09,2,5,2,0,0,0,7,0,35,9,False
LR_A_s202_f0,LR_A,k2_K05_K09,2,10,2,0,0,0,7,0,44,18,False
LR_A_s202_f0,LR_A,k2_K01_K02,2,1,2,0,0,0,7,0,26,0,False
LR_A_s202_f0,LR_A,k2_K01_K02,2,5,2,0,0,0,7,0,33,7,False
LR_A_s202_f0,LR_A,k2_K01_K02,2,10,2,0,0,0,7,0,43,17,False
LR_A_s202_f0,LR_A,k2_K01_K06,2,1,2,0,0,0,7,0,26,0,False
LR_A_s202_f0,LR_A,k2_K01_K06,2,5,2,0,0,0,7,0,35,9,False
LR_A_s202_f0,LR_A,k2_K01_K06,2,10,2,0,0,0,7,0,50,24,False
LR_A_s202_f0,LR_A,k2_K02_K06,2,1,2,0,0,0,7,0,26,0,False
LR_A_s202_f0,LR_A,k2_K02_K06,2,5,2,0,0,0,7,0,35,9,False
LR_A_s202_f0,LR_A,k2_K02_K06,2,10,2,0,0,0,7,0,50,24,False
LR_A_s202_f0,LR_A,k3_K04_K07_K08,3,1,3,0,0,0,6,0,26,0,False
LR_A_s202_f0,LR_A,k3_K04_K07_K08,3,5,3,0,0,0,6,0,35,9,False
LR_A_s202_f0,LR_A,k3_K04_K07_K08,3,10,3,0,0,0,6,0,46,20,False
LR_A_s202_f0,LR_A,k3_K03_K05_K09,3,1,3,0,0,0,6,0,26,0,False
LR_A_s202_f0,LR_A,k3_K03_K05_K09,3,5,3,0,0,0,6,0,35,9,False
LR_A_s202_f0,LR_A,k3_K03_K05_K09,3,10,3,0,0,0,6,0,49,23,False
LR_A_s202_f0,LR_A,k3_K01_K02_K06,3,1,3,0,0,0,6,0,26,0,False
LR_A_s202_f0,LR_A,k3_K01_K02_K06,3,5,3,0,0,0,6,0,35,9,False
LR_A_s202_f0,LR_A,k3_K01_K02_K06,3,10,3,0,0,0,6,0,49,23,False
LR_B_s202_f0,LR_B,k2_K04_K07,2,1,2,0,2,0,7,0,19,0,False
LR_B_s202_f0,LR_B,k2_K04_K07,2,5,2,2,2,2,7,0,26,7,False
LR_B_s202_f0,LR_B,k2_K04_K07,2,10,2,2,2,2,7,0,36,17,False
LR_B_s202_f0,LR_B,k2_K04_K08,2,1,2,0,2,0,7,0,19,0,False
LR_B_s202_f0,LR_B,k2_K04_K08,2,5,2,2,2,2,7,0,26,7,False
LR_B_s202_f0,LR_B,k2_K04_K08,2,10,2,2,2,2,7,0,37,18,False
LR_B_s202_f0,LR_B,k2_K07_K08,2,1,2,1,3,1,7,0,19,0,True
LR_B_s202_f0,LR_B,k2_K07_K08,2,5,2,3,3,3,7,0,25,6,False
LR_B_s202_f0,LR_B,k2_K07_K08,2,10,2,3,3,3,7,0,33,14,False
LR_B_s202_f0,LR_B,k2_K03_K05,2,1,1,1,2,1,7,0,19,0,True
LR_B_s202_f0,LR_B,k2_K03_K05,2,5,2,2,2,2,7,0,26,7,False
LR_B_s202_f0,LR_B,k2_K03_K05,2,10,2,2,2,2,7,0,37,18,False
LR_B_s202_f0,LR_B,k2_K03_K09,2,1,1,1,2,1,7,0,19,0,True
LR_B_s202_f0,LR_B,k2_K03_K09,2,5,2,2,2,2,7,0,26,7,False
LR_B_s202_f0,LR_B,k2_K03_K09,2,10,2,2,2,2,7,0,43,24,False
LR_B_s202_f0,LR_B,k2_K05_K09,2,1,2,1,3,1,7,0,19,0,True
LR_B_s202_f0,LR_B,k2_K05_K09,2,5,2,3,3,3,7,0,25,6,False
LR_B_s202_f0,LR_B,k2_K05_K09,2,10,2,3,3,3,7,0,36,17,False
LR_B_s202_f0,LR_B,k2_K01_K02,2,1,2,1,3,1,7,0,19,0,True
LR_B_s202_f0,LR_B,k2_K01_K02,2,5,2,3,3,3,7,0,25,6,False
LR_B_s202_f0,LR_B,k2_K01_K02,2,10,2,3,3,3,7,0,35,16,False
LR_B_s202_f0,LR_B,k2_K01_K06,2,1,1,1,2,1,7,0,19,0,True
LR_B_s202_f0,LR_B,k2_K01_K06,2,5,2,2,2,2,7,0,26,7,False
LR_B_s202_f0,LR_B,k2_K01_K06,2,10,2,2,2,2,7,0,43,24,False
LR_B_s202_f0,LR_B,k2_K02_K06,2,1,1,1,2,1,7,0,19,0,True
LR_B_s202_f0,LR_B,k2_K02_K06,2,5,2,2,2,2,7,0,26,7,False
LR_B_s202_f0,LR_B,k2_K02_K06,2,10,2,2,2,2,7,0,41,22,False
LR_B_s202_f0,LR_B,k3_K04_K07_K08,3,1,3,0,2,0,6,0,19,0,False
LR_B_s202_f0,LR_B,k3_K04_K07_K08,3,5,3,2,2,2,6,0,26,7,False
LR_B_s202_f0,LR_B,k3_K04_K07_K08,3,10,3,2,2,2,6,0,36,17,False
LR_B_s202_f0,LR_B,k3_K03_K05_K09,3,1,2,1,2,1,6,0,19,0,True
LR_B_s202_f0,LR_B,k3_K03_K05_K09,3,5,3,2,2,2,6,0,26,7,False
LR_B_s202_f0,LR_B,k3_K03_K05_K09,3,10,3,2,2,2,6,0,37,18,False
LR_B_s202_f0,LR_B,k3_K01_K02_K06,3,1,2,1,2,1,6,0,19,0,True
LR_B_s202_f0,LR_B,k3_K01_K02_K06,3,5,3,2,2,2,6,0,26,7,False
LR_B_s202_f0,LR_B,k3_K01_K02_K06,3,10,3,2,2,2,6,0,38,19,False
LR_C_s202_f0,LR_C,k2_K04_K07,2,1,2,0,0,0,7,0,32,4,False
LR_C_s202_f0,LR_C,k2_K04_K07,2,5,2,0,0,0,7,0,39,11,False
LR_C_s202_f0,LR_C,k2_K04_K07,2,10,2,0,0,0,7,0,56,28,False
LR_C_s202_f0,LR_C,k2_K04_K08,2,1,2,0,0,0,7,0,32,4,False
LR_C_s202_f0,LR_C,k2_K04_K08,2,5,2,0,0,0,7,0,39,11,False
LR_C_s202_f0,LR_C,k2_K04_K08,2,10,2,0,0,0,7,0,56,28,False
LR_C_s202_f0,LR_C,k2_K07_K08,2,1,2,0,0,0,7,0,32,4,False
LR_C_s202_f0,LR_C,k2_K07_K08,2,5,2,0,0,0,7,0,39,11,False
LR_C_s202_f0,LR_C,k2_K07_K08,2,10,2,0,0,0,7,0,54,26,False
LR_C_s202_f0,LR_C,k2_K03_K05,2,1,2,0,0,0,7,0,32,4,False
LR_C_s202_f0,LR_C,k2_K03_K05,2,5,2,0,0,0,7,0,39,11,False
LR_C_s202_f0,LR_C,k2_K03_K05,2,10,2,0,0,0,7,0,56,28,False
LR_C_s202_f0,LR_C,k2_K03_K09,2,1,2,0,0,0,7,0,32,4,False
LR_C_s202_f0,LR_C,k2_K03_K09,2,5,2,0,0,0,7,0,40,12,False
LR_C_s202_f0,LR_C,k2_K03_K09,2,10,2,0,0,0,7,0,57,29,False
LR_C_s202_f0,LR_C,k2_K05_K09,2,1,2,0,0,0,7,0,32,4,False
LR_C_s202_f0,LR_C,k2_K05_K09,2,5,2,0,0,0,7,0,39,11,False
LR_C_s202_f0,LR_C,k2_K05_K09,2,10,2,0,0,0,7,0,56,28,False
LR_C_s202_f0,LR_C,k2_K01_K02,2,1,2,0,0,0,7,0,32,4,False
LR_C_s202_f0,LR_C,k2_K01_K02,2,5,2,0,0,0,7,0,39,11,False
LR_C_s202_f0,LR_C,k2_K01_K02,2,10,2,0,0,0,7,0,56,28,False
LR_C_s202_f0,LR_C,k2_K01_K06,2,1,2,0,0,0,7,0,32,4,False
LR_C_s202_f0,LR_C,k2_K01_K06,2,5,2,0,0,0,7,0,40,12,False
LR_C_s202_f0,LR_C,k2_K01_K06,2,10,2,0,0,0,7,0,56,28,False
LR_C_s202_f0,LR_C,k2_K02_K06,2,1,2,0,0,0,7,0,32,4,False
LR_C_s202_f0,LR_C,k2_K02_K06,2,5,2,0,0,0,7,0,40,12,False
LR_C_s202_f0,LR_C,k2_K02_K06,2,10,2,0,0,0,7,0,56,28,False
LR_C_s202_f0,LR_C,k3_K04_K07_K08,3,1,3,0,0,0,6,0,32,4,False
LR_C_s202_f0,LR_C,k3_K04_K07_K08,3,5,3,0,0,0,6,0,39,11,False
LR_C_s202_f0,LR_C,k3_K04_K07_K08,3,10,3,0,0,0,6,0,56,28,False
LR_C_s202_f0,LR_C,k3_K03_K05_K09,3,1,3,0,0,0,6,0,32,4,False
LR_C_s202_f0,LR_C,k3_K03_K05_K09,3,5,3,0,0,0,6,0,39,11,False
LR_C_s202_f0,LR_C,k3_K03_K05_K09,3,10,3,0,0,0,6,0,56,28,False
LR_C_s202_f0,LR_C,k3_K01_K02_K06,3,1,3,0,0,0,6,0,32,4,False
LR_C_s202_f0,LR_C,k3_K01_K02_K06,3,5,3,0,0,0,6,0,40,12,False
LR_C_s202_f0,LR_C,k3_K01_K02_K06,3,10,3,0,0,0,6,0,56,28,False
LR_A_s202_f1,LR_A,k2_K04_K07,2,1,2,0,0,0,7,0,36,5,False
LR_A_s202_f1,LR_A,k2_K04_K07,2,5,2,0,0,0,7,0,61,30,False
LR_A_s202_f1,LR_A,k2_K04_K07,2,10,2,0,0,0,7,0,77,46,False
LR_A_s202_f1,LR_A,k2_K04_K08,2,1,2,0,0,0,7,0,36,5,False
LR_A_s202_f1,LR_A,k2_K04_K08,2,5,2,0,0,0,7,0,63,32,False
LR_A_s202_f1,LR_A,k2_K04_K08,2,10,2,0,0,0,7,0,82,51,False
LR_A_s202_f1,LR_A,k2_K07_K08,2,1,2,0,0,0,7,0,36,5,False
LR_A_s202_f1,LR_A,k2_K07_K08,2,5,2,0,0,0,7,0,57,26,False
LR_A_s202_f1,LR_A,k2_K07_K08,2,10,2,0,0,0,7,0,76,45,False
LR_A_s202_f1,LR_A,k2_K03_K05,2,1,2,0,0,0,7,0,36,5,False
LR_A_s202_f1,LR_A,k2_K03_K05,2,5,2,0,0,0,7,0,63,32,False
LR_A_s202_f1,LR_A,k2_K03_K05,2,10,2,0,0,0,7,0,82,51,False
LR_A_s202_f1,LR_A,k2_K03_K09,2,1,2,0,0,0,7,0,36,5,False
LR_A_s202_f1,LR_A,k2_K03_K09,2,5,2,0,0,0,7,0,66,35,False
LR_A_s202_f1,LR_A,k2_K03_K09,2,10,2,0,0,0,7,0,86,55,False
LR_A_s202_f1,LR_A,k2_K05_K09,2,1,2,0,0,0,7,0,36,5,False
LR_A_s202_f1,LR_A,k2_K05_K09,2,5,2,0,0,0,7,0,62,31,False
LR_A_s202_f1,LR_A,k2_K05_K09,2,10,2,0,0,0,7,0,78,47,False
LR_A_s202_f1,LR_A,k2_K01_K02,2,1,2,0,0,0,7,0,36,5,False
LR_A_s202_f1,LR_A,k2_K01_K02,2,5,2,0,0,0,7,0,61,30,False
LR_A_s202_f1,LR_A,k2_K01_K02,2,10,2,0,0,0,7,0,78,47,False
LR_A_s202_f1,LR_A,k2_K01_K06,2,1,2,0,0,0,7,0,36,5,False
LR_A_s202_f1,LR_A,k2_K01_K06,2,5,2,0,0,0,7,0,65,34,False
LR_A_s202_f1,LR_A,k2_K01_K06,2,10,2,0,0,0,7,0,85,54,False
LR_A_s202_f1,LR_A,k2_K02_K06,2,1,2,0,0,0,7,0,36,5,False
LR_A_s202_f1,LR_A,k2_K02_K06,2,5,2,0,0,0,7,0,65,34,False
LR_A_s202_f1,LR_A,k2_K02_K06,2,10,2,0,0,0,7,0,83,52,False
LR_A_s202_f1,LR_A,k3_K04_K07_K08,3,1,3,0,0,0,6,0,36,5,False
LR_A_s202_f1,LR_A,k3_K04_K07_K08,3,5,3,0,0,0,6,0,61,30,False
LR_A_s202_f1,LR_A,k3_K04_K07_K08,3,10,3,0,0,0,6,0,77,46,False
LR_A_s202_f1,LR_A,k3_K03_K05_K09,3,1,3,0,0,0,6,0,36,5,False
LR_A_s202_f1,LR_A,k3_K03_K05_K09,3,5,3,0,0,0,6,0,63,32,False
LR_A_s202_f1,LR_A,k3_K03_K05_K09,3,10,3,0,0,0,6,0,82,51,False
LR_A_s202_f1,LR_A,k3_K01_K02_K06,3,1,3,0,0,0,6,0,36,5,False
LR_A_s202_f1,LR_A,k3_K01_K02_K06,3,5,3,0,0,0,6,0,63,32,False
LR_A_s202_f1,LR_A,k3_K01_K02_K06,3,10,3,0,0,0,6,0,83,52,False
LR_B_s202_f1,LR_B,k2_K04_K07,2,1,1,1,4,1,7,0,34,8,False
LR_B_s202_f1,LR_B,k2_K04_K07,2,5,2,4,4,4,7,0,45,19,False
LR_B_s202_f1,LR_B,k2_K04_K07,2,10,2,4,4,4,7,0,60,34,False
LR_B_s202_f1,LR_B,k2_K04_K08,2,1,1,2,4,2,7,0,35,9,False
LR_B_s202_f1,LR_B,k2_K04_K08,2,5,2,4,4,4,7,0,47,21,False
LR_B_s202_f1,LR_B,k2_K04_K08,2,10,2,4,4,4,7,0,69,43,False
LR_B_s202_f1,LR_B,k2_K07_K08,2,1,2,1,5,1,7,0,32,6,False
LR_B_s202_f1,LR_B,k2_K07_K08,2,5,2,5,5,5,7,0,44,18,False
LR_B_s202_f1,LR_B,k2_K07_K08,2,10,2,5,5,5,7,0,59,33,False
LR_B_s202_f1,LR_B,k2_K03_K05,2,1,1,2,4,2,7,0,35,9,False
LR_B_s202_f1,LR_B,k2_K03_K05,2,5,2,4,4,4,7,0,47,21,False
LR_B_s202_f1,LR_B,k2_K03_K05,2,10,2,4,4,4,7,0,70,44,False
LR_B_s202_f1,LR_B,k2_K03_K09,2,1,1,1,3,1,7,0,35,9,False
LR_B_s202_f1,LR_B,k2_K03_K09,2,5,2,3,3,3,7,0,49,23,False
LR_B_s202_f1,LR_B,k2_K03_K09,2,10,2,3,3,3,7,0,74,48,False
LR_B_s202_f1,LR_B,k2_K05_K09,2,1,2,1,4,1,7,0,34,8,False
LR_B_s202_f1,LR_B,k2_K05_K09,2,5,2,4,4,4,7,0,46,20,False
LR_B_s202_f1,LR_B,k2_K05_K09,2,10,2,4,4,4,7,0,66,40,False
LR_B_s202_f1,LR_B,k2_K01_K02,2,1,2,1,4,1,7,0,34,8,False
LR_B_s202_f1,LR_B,k2_K01_K02,2,5,2,4,4,4,7,0,45,19,False
LR_B_s202_f1,LR_B,k2_K01_K02,2,10,2,4,4,4,7,0,65,39,False
LR_B_s202_f1,LR_B,k2_K01_K06,2,1,1,1,3,1,7,0,35,9,False
LR_B_s202_f1,LR_B,k2_K01_K06,2,5,2,3,3,3,7,0,49,23,False
LR_B_s202_f1,LR_B,k2_K01_K06,2,10,2,3,3,3,7,0,72,46,False
LR_B_s202_f1,LR_B,k2_K02_K06,2,1,1,2,4,2,7,0,35,9,False
LR_B_s202_f1,LR_B,k2_K02_K06,2,5,2,4,4,4,7,0,49,23,False
LR_B_s202_f1,LR_B,k2_K02_K06,2,10,2,4,4,4,7,0,71,45,False
LR_B_s202_f1,LR_B,k3_K04_K07_K08,3,1,2,1,4,1,6,0,34,8,False
LR_B_s202_f1,LR_B,k3_K04_K07_K08,3,5,3,4,4,4,6,0,45,19,False
LR_B_s202_f1,LR_B,k3_K04_K07_K08,3,10,3,4,4,4,6,0,60,34,False
LR_B_s202_f1,LR_B,k3_K03_K05_K09,3,1,2,1,3,1,6,0,35,9,False
LR_B_s202_f1,LR_B,k3_K03_K05_K09,3,5,3,3,3,3,6,0,48,22,False
LR_B_s202_f1,LR_B,k3_K03_K05_K09,3,10,3,3,3,3,6,0,71,45,False
LR_B_s202_f1,LR_B,k3_K01_K02_K06,3,1,2,1,3,1,6,0,35,9,False
LR_B_s202_f1,LR_B,k3_K01_K02_K06,3,5,3,3,3,3,6,0,48,22,False
LR_B_s202_f1,LR_B,k3_K01_K02_K06,3,10,3,3,3,3,6,0,70,44,False
LR_C_s202_f1,LR_C,k2_K04_K07,2,1,2,1,1,1,7,0,39,10,False
LR_C_s202_f1,LR_C,k2_K04_K07,2,5,2,1,1,1,7,0,61,32,False
LR_C_s202_f1,LR_C,k2_K04_K07,2,10,2,1,1,1,7,0,82,53,False
LR_C_s202_f1,LR_C,k2_K04_K08,2,1,2,1,1,1,7,0,40,11,False
LR_C_s202_f1,LR_C,k2_K04_K08,2,5,2,1,1,1,7,0,63,34,False
LR_C_s202_f1,LR_C,k2_K04_K08,2,10,2,1,1,1,7,0,86,57,False
LR_C_s202_f1,LR_C,k2_K07_K08,2,1,2,1,1,1,7,0,37,8,False
LR_C_s202_f1,LR_C,k2_K07_K08,2,5,2,1,1,1,7,0,60,31,False
LR_C_s202_f1,LR_C,k2_K07_K08,2,10,2,1,1,1,7,0,78,49,False
LR_C_s202_f1,LR_C,k2_K03_K05,2,1,2,1,1,1,7,0,40,11,False
LR_C_s202_f1,LR_C,k2_K03_K05,2,5,2,1,1,1,7,0,63,34,False
LR_C_s202_f1,LR_C,k2_K03_K05,2,10,2,1,1,1,7,0,88,59,False
LR_C_s202_f1,LR_C,k2_K03_K09,2,1,2,1,1,1,7,0,40,11,False
LR_C_s202_f1,LR_C,k2_K03_K09,2,5,2,1,1,1,7,0,68,39,False
LR_C_s202_f1,LR_C,k2_K03_K09,2,10,2,1,1,1,7,0,91,62,False
LR_C_s202_f1,LR_C,k2_K05_K09,2,1,2,1,1,1,7,0,40,11,False
LR_C_s202_f1,LR_C,k2_K05_K09,2,5,2,1,1,1,7,0,62,33,False
LR_C_s202_f1,LR_C,k2_K05_K09,2,10,2,1,1,1,7,0,84,55,False
LR_C_s202_f1,LR_C,k2_K01_K02,2,1,2,1,1,1,7,0,40,11,False
LR_C_s202_f1,LR_C,k2_K01_K02,2,5,2,1,1,1,7,0,61,32,False
LR_C_s202_f1,LR_C,k2_K01_K02,2,10,2,1,1,1,7,0,82,53,False
LR_C_s202_f1,LR_C,k2_K01_K06,2,1,2,0,0,0,7,0,40,11,False
LR_C_s202_f1,LR_C,k2_K01_K06,2,5,2,0,0,0,7,0,66,37,False
LR_C_s202_f1,LR_C,k2_K01_K06,2,10,2,0,0,0,7,0,90,61,False
LR_C_s202_f1,LR_C,k2_K02_K06,2,1,2,0,0,0,7,0,40,11,False
LR_C_s202_f1,LR_C,k2_K02_K06,2,5,2,0,0,0,7,0,64,35,False
LR_C_s202_f1,LR_C,k2_K02_K06,2,10,2,0,0,0,7,0,89,60,False
LR_C_s202_f1,LR_C,k3_K04_K07_K08,3,1,3,1,1,1,6,0,39,10,False
LR_C_s202_f1,LR_C,k3_K04_K07_K08,3,5,3,1,1,1,6,0,61,32,False
LR_C_s202_f1,LR_C,k3_K04_K07_K08,3,10,3,1,1,1,6,0,82,53,False
LR_C_s202_f1,LR_C,k3_K03_K05_K09,3,1,3,1,1,1,6,0,40,11,False
LR_C_s202_f1,LR_C,k3_K03_K05_K09,3,5,3,1,1,1,6,0,63,34,False
LR_C_s202_f1,LR_C,k3_K03_K05_K09,3,10,3,1,1,1,6,0,89,60,False
LR_C_s202_f1,LR_C,k3_K01_K02_K06,3,1,3,0,0,0,6,0,40,11,False
LR_C_s202_f1,LR_C,k3_K01_K02_K06,3,5,3,0,0,0,6,0,64,35,False
LR_C_s202_f1,LR_C,k3_K01_K02_K06,3,10,3,0,0,0,6,0,89,60,False
LR_A_s202_f2,LR_A,k2_K04_K07,2,1,2,0,2,0,7,0,19,1,False
LR_A_s202_f2,LR_A,k2_K04_K07,2,5,2,2,2,2,7,0,25,7,False
LR_A_s202_f2,LR_A,k2_K04_K07,2,10,2,2,2,2,7,0,36,18,False
LR_A_s202_f2,LR_A,k2_K04_K08,2,1,2,1,2,1,7,0,19,1,False
LR_A_s202_f2,LR_A,k2_K04_K08,2,5,2,2,2,2,7,0,26,8,False
LR_A_s202_f2,LR_A,k2_K04_K08,2,10,2,2,2,2,7,0,38,20,False
LR_A_s202_f2,LR_A,k2_K07_K08,2,1,2,1,3,1,7,0,19,1,False
LR_A_s202_f2,LR_A,k2_K07_K08,2,5,2,3,3,3,7,0,24,6,False
LR_A_s202_f2,LR_A,k2_K07_K08,2,10,2,3,3,3,7,0,34,16,False
LR_A_s202_f2,LR_A,k2_K03_K05,2,1,2,1,2,1,7,0,19,1,False
LR_A_s202_f2,LR_A,k2_K03_K05,2,5,2,2,2,2,7,0,26,8,False
LR_A_s202_f2,LR_A,k2_K03_K05,2,10,2,2,2,2,7,0,39,21,False
LR_A_s202_f2,LR_A,k2_K03_K09,2,1,2,1,2,1,7,0,19,1,False
LR_A_s202_f2,LR_A,k2_K03_K09,2,5,2,2,2,2,7,0,27,9,False
LR_A_s202_f2,LR_A,k2_K03_K09,2,10,2,2,2,2,7,0,41,23,False
LR_A_s202_f2,LR_A,k2_K05_K09,2,1,2,2,3,2,7,0,19,1,False
LR_A_s202_f2,LR_A,k2_K05_K09,2,5,2,3,3,3,7,0,25,7,False
LR_A_s202_f2,LR_A,k2_K05_K09,2,10,2,3,3,3,7,0,38,20,False
LR_A_s202_f2,LR_A,k2_K01_K02,2,1,2,1,3,1,7,0,19,1,False
LR_A_s202_f2,LR_A,k2_K01_K02,2,5,2,3,3,3,7,0,25,7,False
LR_A_s202_f2,LR_A,k2_K01_K02,2,10,2,3,3,3,7,0,38,20,False
LR_A_s202_f2,LR_A,k2_K01_K06,2,1,1,2,2,2,7,0,19,1,False
LR_A_s202_f2,LR_A,k2_K01_K06,2,5,2,2,2,2,7,0,27,9,False
LR_A_s202_f2,LR_A,k2_K01_K06,2,10,2,2,2,2,7,0,41,23,False
LR_A_s202_f2,LR_A,k2_K02_K06,2,1,1,2,2,2,7,0,19,1,False
LR_A_s202_f2,LR_A,k2_K02_K06,2,5,2,2,2,2,7,0,27,9,False
LR_A_s202_f2,LR_A,k2_K02_K06,2,10,2,2,2,2,7,0,40,22,False
LR_A_s202_f2,LR_A,k3_K04_K07_K08,3,1,3,0,2,0,6,0,19,1,False
LR_A_s202_f2,LR_A,k3_K04_K07_K08,3,5,3,2,2,2,6,0,25,7,False
LR_A_s202_f2,LR_A,k3_K04_K07_K08,3,10,3,2,2,2,6,0,36,18,False
LR_A_s202_f2,LR_A,k3_K03_K05_K09,3,1,3,1,2,1,6,0,19,1,False
LR_A_s202_f2,LR_A,k3_K03_K05_K09,3,5,3,2,2,2,6,0,27,9,False
LR_A_s202_f2,LR_A,k3_K03_K05_K09,3,10,3,2,2,2,6,0,39,21,False
LR_A_s202_f2,LR_A,k3_K01_K02_K06,3,1,2,2,2,2,6,0,19,1,False
LR_A_s202_f2,LR_A,k3_K01_K02_K06,3,5,3,2,2,2,6,0,27,9,False
LR_A_s202_f2,LR_A,k3_K01_K02_K06,3,10,3,2,2,2,6,0,40,22,False
LR_B_s202_f2,LR_B,k2_K04_K07,2,1,1,2,5,2,7,0,26,4,False
LR_B_s202_f2,LR_B,k2_K04_K07,2,5,2,5,5,5,7,0,36,14,False
LR_B_s202_f2,LR_B,k2_K04_K07,2,10,2,5,5,5,7,0,49,27,False
LR_B_s202_f2,LR_B,k2_K04_K08,2,1,1,2,5,2,7,0,28,6,False
LR_B_s202_f2,LR_B,k2_K04_K08,2,5,2,5,5,5,7,0,37,15,False
LR_B_s202_f2,LR_B,k2_K04_K08,2,10,2,5,5,5,7,0,50,28,False
LR_B_s202_f2,LR_B,k2_K07_K08,2,1,2,2,6,2,7,0,26,4,False
LR_B_s202_f2,LR_B,k2_K07_K08,2,5,2,6,6,6,7,0,34,12,False
LR_B_s202_f2,LR_B,k2_K07_K08,2,10,2,6,6,6,7,0,48,26,False
LR_B_s202_f2,LR_B,k2_K03_K05,2,1,1,2,5,2,7,0,28,6,False
LR_B_s202_f2,LR_B,k2_K03_K05,2,5,2,5,5,5,7,0,39,17,False
LR_B_s202_f2,LR_B,k2_K03_K05,2,10,2,5,5,5,7,0,51,29,False
LR_B_s202_f2,LR_B,k2_K03_K09,2,1,0,2,4,2,7,0,28,6,False
LR_B_s202_f2,LR_B,k2_K03_K09,2,5,2,4,4,4,7,0,43,21,False
LR_B_s202_f2,LR_B,k2_K03_K09,2,10,2,4,4,4,7,0,53,31,False
LR_B_s202_f2,LR_B,k2_K05_K09,2,1,1,2,5,2,7,0,28,6,False
LR_B_s202_f2,LR_B,k2_K05_K09,2,5,2,5,5,5,7,0,37,15,False
LR_B_s202_f2,LR_B,k2_K05_K09,2,10,2,5,5,5,7,0,50,28,False
LR_B_s202_f2,LR_B,k2_K01_K02,2,1,2,0,4,0,7,0,28,6,False
LR_B_s202_f2,LR_B,k2_K01_K02,2,5,2,4,4,4,7,0,37,15,False
LR_B_s202_f2,LR_B,k2_K01_K02,2,10,2,4,4,4,7,0,50,28,False
LR_B_s202_f2,LR_B,k2_K01_K06,2,1,1,1,4,1,7,0,28,6,False
LR_B_s202_f2,LR_B,k2_K01_K06,2,5,2,4,4,4,7,0,43,21,False
LR_B_s202_f2,LR_B,k2_K01_K06,2,10,2,4,4,4,7,0,53,31,False
LR_B_s202_f2,LR_B,k2_K02_K06,2,1,1,1,4,1,7,0,28,6,False
LR_B_s202_f2,LR_B,k2_K02_K06,2,5,2,4,4,4,7,0,41,19,False
LR_B_s202_f2,LR_B,k2_K02_K06,2,10,2,4,4,4,7,0,53,31,False
LR_B_s202_f2,LR_B,k3_K04_K07_K08,3,1,2,2,5,2,6,0,26,4,False
LR_B_s202_f2,LR_B,k3_K04_K07_K08,3,5,3,5,5,5,6,0,36,14,False
LR_B_s202_f2,LR_B,k3_K04_K07_K08,3,10,3,5,5,5,6,0,49,27,False
LR_B_s202_f2,LR_B,k3_K03_K05_K09,3,1,1,2,4,2,6,0,28,6,False
LR_B_s202_f2,LR_B,k3_K03_K05_K09,3,5,3,4,4,4,6,0,39,17,False
LR_B_s202_f2,LR_B,k3_K03_K05_K09,3,10,3,4,4,4,6,0,53,31,False
LR_B_s202_f2,LR_B,k3_K01_K02_K06,3,1,2,0,3,0,6,0,28,6,False
LR_B_s202_f2,LR_B,k3_K01_K02_K06,3,5,3,3,3,3,6,0,39,17,False
LR_B_s202_f2,LR_B,k3_K01_K02_K06,3,10,3,3,3,3,6,0,53,31,False
LR_C_s202_f2,LR_C,k2_K04_K07,2,1,2,1,3,1,7,0,19,1,False
LR_C_s202_f2,LR_C,k2_K04_K07,2,5,2,3,3,3,7,0,28,10,False
LR_C_s202_f2,LR_C,k2_K04_K07,2,10,2,3,3,3,7,0,43,25,False
LR_C_s202_f2,LR_C,k2_K04_K08,2,1,2,2,3,2,7,0,19,1,False
LR_C_s202_f2,LR_C,k2_K04_K08,2,5,2,3,3,3,7,0,28,10,False
LR_C_s202_f2,LR_C,k2_K04_K08,2,10,2,3,3,3,7,0,43,25,False
LR_C_s202_f2,LR_C,k2_K07_K08,2,1,2,2,4,2,7,0,19,1,False
LR_C_s202_f2,LR_C,k2_K07_K08,2,5,2,4,4,4,7,0,27,9,False
LR_C_s202_f2,LR_C,k2_K07_K08,2,10,2,4,4,4,7,0,41,23,False
LR_C_s202_f2,LR_C,k2_K03_K05,2,1,2,2,3,2,7,0,19,1,False
LR_C_s202_f2,LR_C,k2_K03_K05,2,5,2,3,3,3,7,0,28,10,False
LR_C_s202_f2,LR_C,k2_K03_K05,2,10,2,3,3,3,7,0,43,25,False
LR_C_s202_f2,LR_C,k2_K03_K09,2,1,2,1,2,1,7,0,19,1,False
LR_C_s202_f2,LR_C,k2_K03_K09,2,5,2,2,2,2,7,0,31,13,False
LR_C_s202_f2,LR_C,k2_K03_K09,2,10,2,2,2,2,7,0,45,27,False
LR_C_s202_f2,LR_C,k2_K05_K09,2,1,2,2,3,2,7,0,19,1,False
LR_C_s202_f2,LR_C,k2_K05_K09,2,5,2,3,3,3,7,0,28,10,False
LR_C_s202_f2,LR_C,k2_K05_K09,2,10,2,3,3,3,7,0,43,25,False
LR_C_s202_f2,LR_C,k2_K01_K02,2,1,2,2,4,2,7,0,19,1,False
LR_C_s202_f2,LR_C,k2_K01_K02,2,5,2,4,4,4,7,0,28,10,False
LR_C_s202_f2,LR_C,k2_K01_K02,2,10,2,4,4,4,7,0,43,25,False
LR_C_s202_f2,LR_C,k2_K01_K06,2,1,1,3,3,3,7,0,19,1,False
LR_C_s202_f2,LR_C,k2_K01_K06,2,5,2,3,3,3,7,0,30,12,False
LR_C_s202_f2,LR_C,k2_K01_K06,2,10,2,3,3,3,7,0,45,27,False
LR_C_s202_f2,LR_C,k2_K02_K06,2,1,1,3,3,3,7,0,19,1,False
LR_C_s202_f2,LR_C,k2_K02_K06,2,5,2,3,3,3,7,0,30,12,False
LR_C_s202_f2,LR_C,k2_K02_K06,2,10,2,3,3,3,7,0,45,27,False
LR_C_s202_f2,LR_C,k3_K04_K07_K08,3,1,3,1,3,1,6,0,19,1,False
LR_C_s202_f2,LR_C,k3_K04_K07_K08,3,5,3,3,3,3,6,0,28,10,False
LR_C_s202_f2,LR_C,k3_K04_K07_K08,3,10,3,3,3,3,6,0,41,23,False
LR_C_s202_f2,LR_C,k3_K03_K05_K09,3,1,3,1,2,1,6,0,19,1,False
LR_C_s202_f2,LR_C,k3_K03_K05_K09,3,5,3,2,2,2,6,0,29,11,False
LR_C_s202_f2,LR_C,k3_K03_K05_K09,3,10,3,2,2,2,6,0,43,25,False
LR_C_s202_f2,LR_C,k3_K01_K02_K06,3,1,2,3,3,3,6,0,19,1,False
LR_C_s202_f2,LR_C,k3_K01_K02_K06,3,5,3,3,3,3,6,0,29,11,False
LR_C_s202_f2,LR_C,k3_K01_K02_K06,3,10,3,3,3,3,6,0,44,26,False
LR_A_s303_f0,LR_A,k2_K04_K07,2,1,1,1,6,1,7,0,12,1,False
LR_A_s303_f0,LR_A,k2_K04_K07,2,5,2,4,6,4,7,0,15,4,False
LR_A_s303_f0,LR_A,k2_K04_K07,2,10,2,6,6,6,7,0,22,11,False
LR_A_s303_f0,LR_A,k2_K04_K08,2,1,1,2,5,2,7,0,12,1,False
LR_A_s303_f0,LR_A,k2_K04_K08,2,5,2,3,5,3,7,0,15,4,False
LR_A_s303_f0,LR_A,k2_K04_K08,2,10,2,5,5,5,7,0,25,14,False
LR_A_s303_f0,LR_A,k2_K07_K08,2,1,1,1,6,1,7,0,12,1,False
LR_A_s303_f0,LR_A,k2_K07_K08,2,5,2,3,6,3,7,0,15,4,False
LR_A_s303_f0,LR_A,k2_K07_K08,2,10,2,6,6,6,7,0,20,9,False
LR_A_s303_f0,LR_A,k2_K03_K05,2,1,1,3,6,3,7,0,12,1,False
LR_A_s303_f0,LR_A,k2_K03_K05,2,5,1,5,6,5,7,0,15,4,False
LR_A_s303_f0,LR_A,k2_K03_K05,2,10,2,6,6,6,7,0,25,14,False
LR_A_s303_f0,LR_A,k2_K03_K09,2,1,0,3,5,3,7,0,12,1,False
LR_A_s303_f0,LR_A,k2_K03_K09,2,5,1,4,5,4,7,0,15,4,False
LR_A_s303_f0,LR_A,k2_K03_K09,2,10,2,5,5,5,7,0,28,17,False
LR_A_s303_f0,LR_A,k2_K05_K09,2,1,1,2,6,2,7,0,12,1,False
LR_A_s303_f0,LR_A,k2_K05_K09,2,5,2,4,6,4,7,0,15,4,False
LR_A_s303_f0,LR_A,k2_K05_K09,2,10,2,6,6,6,7,0,24,13,False
LR_A_s303_f0,LR_A,k2_K01_K02,2,1,2,0,5,0,7,0,12,1,False
LR_A_s303_f0,LR_A,k2_K01_K02,2,5,2,3,5,3,7,0,15,4,False
LR_A_s303_f0,LR_A,k2_K01_K02,2,10,2,5,5,5,7,0,21,10,False
LR_A_s303_f0,LR_A,k2_K01_K06,2,1,1,2,5,2,7,0,12,1,False
LR_A_s303_f0,LR_A,k2_K01_K06,2,5,1,4,5,4,7,0,15,4,False
LR_A_s303_f0,LR_A,k2_K01_K06,2,10,2,5,5,5,7,0,27,16,False
LR_A_s303_f0,LR_A,k2_K02_K06,2,1,1,2,5,2,7,0,12,1,False
LR_A_s303_f0,LR_A,k2_K02_K06,2,5,1,4,5,4,7,0,15,4,False
LR_A_s303_f0,LR_A,k2_K02_K06,2,10,2,5,5,5,7,0,27,16,False
LR_A_s303_f0,LR_A,k3_K04_K07_K08,3,1,2,1,5,1,6,0,12,1,False
LR_A_s303_f0,LR_A,k3_K04_K07_K08,3,5,3,3,5,3,6,0,15,4,False
LR_A_s303_f0,LR_A,k3_K04_K07_K08,3,10,3,5,5,5,6,0,22,11,False
LR_A_s303_f0,LR_A,k3_K03_K05_K09,3,1,1,3,5,3,6,0,12,1,False
LR_A_s303_f0,LR_A,k3_K03_K05_K09,3,5,2,4,5,4,6,0,15,4,False
LR_A_s303_f0,LR_A,k3_K03_K05_K09,3,10,3,5,5,5,6,0,26,15,False
LR_A_s303_f0,LR_A,k3_K01_K02_K06,3,1,2,1,4,1,6,0,12,1,False
LR_A_s303_f0,LR_A,k3_K01_K02_K06,3,5,2,3,4,3,6,0,15,4,False
LR_A_s303_f0,LR_A,k3_K01_K02_K06,3,10,3,4,4,4,6,0,26,15,False
LR_B_s303_f0,LR_B,k2_K04_K07,2,1,1,0,7,0,7,0,17,2,False
LR_B_s303_f0,LR_B,k2_K04_K07,2,5,1,5,7,5,7,0,21,6,False
LR_B_s303_f0,LR_B,k2_K04_K07,2,10,2,7,7,7,7,0,27,12,False
LR_B_s303_f0,LR_B,k2_K04_K08,2,1,0,0,6,0,7,0,17,2,False
LR_B_s303_f0,LR_B,k2_K04_K08,2,5,2,4,6,4,7,0,21,6,False
LR_B_s303_f0,LR_B,k2_K04_K08,2,10,2,6,6,6,7,0,27,12,False
LR_B_s303_f0,LR_B,k2_K07_K08,2,1,1,0,7,0,7,0,17,2,False
LR_B_s303_f0,LR_B,k2_K07_K08,2,5,2,4,7,4,7,0,21,6,False
LR_B_s303_f0,LR_B,k2_K07_K08,2,10,2,7,7,7,7,0,25,10,False
LR_B_s303_f0,LR_B,k2_K03_K05,2,1,0,0,6,0,7,0,17,2,False
LR_B_s303_f0,LR_B,k2_K03_K05,2,5,1,5,6,5,7,0,21,6,False
LR_B_s303_f0,LR_B,k2_K03_K05,2,10,2,6,6,6,7,0,27,12,False
LR_B_s303_f0,LR_B,k2_K03_K09,2,1,0,0,6,0,7,0,17,2,False
LR_B_s303_f0,LR_B,k2_K03_K09,2,5,1,5,6,5,7,0,22,7,False
LR_B_s303_f0,LR_B,k2_K03_K09,2,10,2,6,6,6,7,0,29,14,False
LR_B_s303_f0,LR_B,k2_K05_K09,2,1,0,0,6,0,7,0,17,2,False
LR_B_s303_f0,LR_B,k2_K05_K09,2,5,2,4,6,4,7,0,21,6,False
LR_B_s303_f0,LR_B,k2_K05_K09,2,10,2,6,6,6,7,0,27,12,False
LR_B_s303_f0,LR_B,k2_K01_K02,2,1,0,0,6,0,7,0,17,2,False
LR_B_s303_f0,LR_B,k2_K01_K02,2,5,2,3,6,3,7,0,21,6,False
LR_B_s303_f0,LR_B,k2_K01_K02,2,10,2,6,6,6,7,0,27,12,False
LR_B_s303_f0,LR_B,k2_K01_K06,2,1,0,0,6,0,7,0,17,2,False
LR_B_s303_f0,LR_B,k2_K01_K06,2,5,1,5,6,5,7,0,21,6,False
LR_B_s303_f0,LR_B,k2_K01_K06,2,10,2,6,6,6,7,0,27,12,False
LR_B_s303_f0,LR_B,k2_K02_K06,2,1,0,0,6,0,7,0,17,2,False
LR_B_s303_f0,LR_B,k2_K02_K06,2,5,1,5,6,5,7,0,21,6,False
LR_B_s303_f0,LR_B,k2_K02_K06,2,10,2,6,6,6,7,0,27,12,False
LR_B_s303_f0,LR_B,k3_K04_K07_K08,3,1,1,0,6,0,6,0,17,2,False
LR_B_s303_f0,LR_B,k3_K04_K07_K08,3,5,2,4,6,4,6,0,21,6,False
LR_B_s303_f0,LR_B,k3_K04_K07_K08,3,10,3,6,6,6,6,0,27,12,False
LR_B_s303_f0,LR_B,k3_K03_K05_K09,3,1,0,0,5,0,6,0,17,2,False
LR_B_s303_f0,LR_B,k3_K03_K05_K09,3,5,2,4,5,4,6,0,21,6,False
LR_B_s303_f0,LR_B,k3_K03_K05_K09,3,10,3,5,5,5,6,0,27,12,False
LR_B_s303_f0,LR_B,k3_K01_K02_K06,3,1,0,0,5,0,6,0,17,2,False
LR_B_s303_f0,LR_B,k3_K01_K02_K06,3,5,2,4,5,4,6,0,21,6,False
LR_B_s303_f0,LR_B,k3_K01_K02_K06,3,10,3,5,5,5,6,0,27,12,False
LR_C_s303_f0,LR_C,k2_K04_K07,2,1,1,0,3,0,7,0,14,2,False
LR_C_s303_f0,LR_C,k2_K04_K07,2,5,2,3,3,3,7,0,26,14,False
LR_C_s303_f0,LR_C,k2_K04_K07,2,10,2,3,3,3,7,0,38,26,False
LR_C_s303_f0,LR_C,k2_K04_K08,2,1,1,0,3,0,7,0,14,2,False
LR_C_s303_f0,LR_C,k2_K04_K08,2,5,2,3,3,3,7,0,26,14,False
LR_C_s303_f0,LR_C,k2_K04_K08,2,10,2,3,3,3,7,0,39,27,False
LR_C_s303_f0,LR_C,k2_K07_K08,2,1,2,0,4,0,7,0,14,2,False
LR_C_s303_f0,LR_C,k2_K07_K08,2,5,2,3,4,3,7,0,24,12,False
LR_C_s303_f0,LR_C,k2_K07_K08,2,10,2,4,4,4,7,0,36,24,False
LR_C_s303_f0,LR_C,k2_K03_K05,2,1,1,0,3,0,7,0,14,2,False
LR_C_s303_f0,LR_C,k2_K03_K05,2,5,2,3,3,3,7,0,26,14,False
LR_C_s303_f0,LR_C,k2_K03_K05,2,10,2,3,3,3,7,0,39,27,False
LR_C_s303_f0,LR_C,k2_K03_K09,2,1,0,0,2,0,7,0,14,2,False
LR_C_s303_f0,LR_C,k2_K03_K09,2,5,2,2,2,2,7,0,29,17,False
LR_C_s303_f0,LR_C,k2_K03_K09,2,10,2,2,2,2,7,0,43,31,False
LR_C_s303_f0,LR_C,k2_K05_K09,2,1,1,0,3,0,7,0,14,2,False
LR_C_s303_f0,LR_C,k2_K05_K09,2,5,2,3,3,3,7,0,26,14,False
LR_C_s303_f0,LR_C,k2_K05_K09,2,10,2,3,3,3,7,0,39,27,False
LR_C_s303_f0,LR_C,k2_K01_K02,2,1,2,0,4,0,7,0,14,2,False
LR_C_s303_f0,LR_C,k2_K01_K02,2,5,2,4,4,4,7,0,26,14,False
LR_C_s303_f0,LR_C,k2_K01_K02,2,10,2,4,4,4,7,0,38,26,False
LR_C_s303_f0,LR_C,k2_K01_K06,2,1,1,0,3,0,7,0,14,2,False
LR_C_s303_f0,LR_C,k2_K01_K06,2,5,2,3,3,3,7,0,27,15,False
LR_C_s303_f0,LR_C,k2_K01_K06,2,10,2,3,3,3,7,0,42,30,False
LR_C_s303_f0,LR_C,k2_K02_K06,2,1,1,0,3,0,7,0,14,2,False
LR_C_s303_f0,LR_C,k2_K02_K06,2,5,2,3,3,3,7,0,27,15,False
LR_C_s303_f0,LR_C,k2_K02_K06,2,10,2,3,3,3,7,0,40,28,False
LR_C_s303_f0,LR_C,k3_K04_K07_K08,3,1,2,0,3,0,6,0,14,2,False
LR_C_s303_f0,LR_C,k3_K04_K07_K08,3,5,3,3,3,3,6,0,26,14,False
LR_C_s303_f0,LR_C,k3_K04_K07_K08,3,10,3,3,3,3,6,0,38,26,False
LR_C_s303_f0,LR_C,k3_K03_K05_K09,3,1,1,0,2,0,6,0,14,2,False
LR_C_s303_f0,LR_C,k3_K03_K05_K09,3,5,3,2,2,2,6,0,27,15,False
LR_C_s303_f0,LR_C,k3_K03_K05_K09,3,10,3,2,2,2,6,0,39,27,False
LR_C_s303_f0,LR_C,k3_K01_K02_K06,3,1,2,0,3,0,6,0,14,2,False
LR_C_s303_f0,LR_C,k3_K01_K02_K06,3,5,3,3,3,3,6,0,27,15,False
LR_C_s303_f0,LR_C,k3_K01_K02_K06,3,10,3,3,3,3,6,0,39,27,False
LR_A_s303_f1,LR_A,k2_K04_K07,2,1,2,0,2,0,7,0,20,3,False
LR_A_s303_f1,LR_A,k2_K04_K07,2,5,2,2,2,2,7,0,31,14,False
LR_A_s303_f1,LR_A,k2_K04_K07,2,10,2,2,2,2,7,0,35,18,False
LR_A_s303_f1,LR_A,k2_K04_K08,2,1,2,0,2,0,7,0,20,3,False
LR_A_s303_f1,LR_A,k2_K04_K08,2,5,2,2,2,2,7,0,31,14,False
LR_A_s303_f1,LR_A,k2_K04_K08,2,10,2,2,2,2,7,0,35,18,False
LR_A_s303_f1,LR_A,k2_K07_K08,2,1,2,1,3,1,7,0,19,2,False
LR_A_s303_f1,LR_A,k2_K07_K08,2,5,2,3,3,3,7,0,28,11,False
LR_A_s303_f1,LR_A,k2_K07_K08,2,10,2,3,3,3,7,0,34,17,False
LR_A_s303_f1,LR_A,k2_K03_K05,2,1,1,1,2,1,7,0,20,3,False
LR_A_s303_f1,LR_A,k2_K03_K05,2,5,2,2,2,2,7,0,31,14,False
LR_A_s303_f1,LR_A,k2_K03_K05,2,10,2,2,2,2,7,0,35,18,False
LR_A_s303_f1,LR_A,k2_K03_K09,2,1,1,1,2,1,7,0,20,3,False
LR_A_s303_f1,LR_A,k2_K03_K09,2,5,2,2,2,2,7,0,31,14,False
LR_A_s303_f1,LR_A,k2_K03_K09,2,10,2,2,2,2,7,0,37,20,False
LR_A_s303_f1,LR_A,k2_K05_K09,2,1,2,1,3,1,7,0,20,3,False
LR_A_s303_f1,LR_A,k2_K05_K09,2,5,2,3,3,3,7,0,31,14,False
LR_A_s303_f1,LR_A,k2_K05_K09,2,10,2,3,3,3,7,0,35,18,False
LR_A_s303_f1,LR_A,k2_K01_K02,2,1,2,1,3,1,7,0,20,3,False
LR_A_s303_f1,LR_A,k2_K01_K02,2,5,2,3,3,3,7,0,31,14,False
LR_A_s303_f1,LR_A,k2_K01_K02,2,10,2,3,3,3,7,0,35,18,False
LR_A_s303_f1,LR_A,k2_K01_K06,2,1,1,1,2,1,7,0,20,3,False
LR_A_s303_f1,LR_A,k2_K01_K06,2,5,2,2,2,2,7,0,31,14,False
LR_A_s303_f1,LR_A,k2_K01_K06,2,10,2,2,2,2,7,0,37,20,False
LR_A_s303_f1,LR_A,k2_K02_K06,2,1,1,1,2,1,7,0,20,3,False
LR_A_s303_f1,LR_A,k2_K02_K06,2,5,2,2,2,2,7,0,31,14,False
LR_A_s303_f1,LR_A,k2_K02_K06,2,10,2,2,2,2,7,0,37,20,False
LR_A_s303_f1,LR_A,k3_K04_K07_K08,3,1,3,0,2,0,6,0,20,3,False
LR_A_s303_f1,LR_A,k3_K04_K07_K08,3,5,3,2,2,2,6,0,31,14,False
LR_A_s303_f1,LR_A,k3_K04_K07_K08,3,10,3,2,2,2,6,0,35,18,False
LR_A_s303_f1,LR_A,k3_K03_K05_K09,3,1,2,1,2,1,6,0,20,3,False
LR_A_s303_f1,LR_A,k3_K03_K05_K09,3,5,3,2,2,2,6,0,31,14,False
LR_A_s303_f1,LR_A,k3_K03_K05_K09,3,10,3,2,2,2,6,0,35,18,False
LR_A_s303_f1,LR_A,k3_K01_K02_K06,3,1,2,1,2,1,6,0,20,3,False
LR_A_s303_f1,LR_A,k3_K01_K02_K06,3,5,3,2,2,2,6,0,31,14,False
LR_A_s303_f1,LR_A,k3_K01_K02_K06,3,10,3,2,2,2,6,0,35,18,False
LR_B_s303_f1,LR_B,k2_K04_K07,2,1,2,0,2,0,7,0,27,4,False
LR_B_s303_f1,LR_B,k2_K04_K07,2,5,2,2,2,2,7,0,45,22,False
LR_B_s303_f1,LR_B,k2_K04_K07,2,10,2,2,2,2,7,0,61,38,False
LR_B_s303_f1,LR_B,k2_K04_K08,2,1,2,0,2,0,7,0,28,5,False
LR_B_s303_f1,LR_B,k2_K04_K08,2,5,2,2,2,2,7,0,46,23,False
LR_B_s303_f1,LR_B,k2_K04_K08,2,10,2,2,2,2,7,0,61,38,False
LR_B_s303_f1,LR_B,k2_K07_K08,2,1,2,1,3,1,7,0,27,4,False
LR_B_s303_f1,LR_B,k2_K07_K08,2,5,2,3,3,3,7,0,45,22,False
LR_B_s303_f1,LR_B,k2_K07_K08,2,10,2,3,3,3,7,0,58,35,False
LR_B_s303_f1,LR_B,k2_K03_K05,2,1,1,1,2,1,7,0,28,5,False
LR_B_s303_f1,LR_B,k2_K03_K05,2,5,2,2,2,2,7,0,46,23,False
LR_B_s303_f1,LR_B,k2_K03_K05,2,10,2,2,2,2,7,0,61,38,False
LR_B_s303_f1,LR_B,k2_K03_K09,2,1,1,1,2,1,7,0,28,5,False
LR_B_s303_f1,LR_B,k2_K03_K09,2,5,2,2,2,2,7,0,47,24,False
LR_B_s303_f1,LR_B,k2_K03_K09,2,10,2,2,2,2,7,0,63,40,False
LR_B_s303_f1,LR_B,k2_K05_K09,2,1,2,1,3,1,7,0,27,4,False
LR_B_s303_f1,LR_B,k2_K05_K09,2,5,2,3,3,3,7,0,46,23,False
LR_B_s303_f1,LR_B,k2_K05_K09,2,10,2,3,3,3,7,0,61,38,False
LR_B_s303_f1,LR_B,k2_K01_K02,2,1,2,1,3,1,7,0,27,4,False
LR_B_s303_f1,LR_B,k2_K01_K02,2,5,2,3,3,3,7,0,46,23,False
LR_B_s303_f1,LR_B,k2_K01_K02,2,10,2,3,3,3,7,0,61,38,False
LR_B_s303_f1,LR_B,k2_K01_K06,2,1,1,1,2,1,7,0,28,5,False
LR_B_s303_f1,LR_B,k2_K01_K06,2,5,2,2,2,2,7,0,47,24,False
LR_B_s303_f1,LR_B,k2_K01_K06,2,10,2,2,2,2,7,0,62,39,False
LR_B_s303_f1,LR_B,k2_K02_K06,2,1,1,1,2,1,7,0,28,5,False
LR_B_s303_f1,LR_B,k2_K02_K06,2,5,2,2,2,2,7,0,47,24,False
LR_B_s303_f1,LR_B,k2_K02_K06,2,10,2,2,2,2,7,0,62,39,False
LR_B_s303_f1,LR_B,k3_K04_K07_K08,3,1,3,0,2,0,6,0,27,4,False
LR_B_s303_f1,LR_B,k3_K04_K07_K08,3,5,3,2,2,2,6,0,45,22,False
LR_B_s303_f1,LR_B,k3_K04_K07_K08,3,10,3,2,2,2,6,0,61,38,False
LR_B_s303_f1,LR_B,k3_K03_K05_K09,3,1,2,1,2,1,6,0,28,5,False
LR_B_s303_f1,LR_B,k3_K03_K05_K09,3,5,3,2,2,2,6,0,46,23,False
LR_B_s303_f1,LR_B,k3_K03_K05_K09,3,10,3,2,2,2,6,0,62,39,False
LR_B_s303_f1,LR_B,k3_K01_K02_K06,3,1,2,1,2,1,6,0,28,5,False
LR_B_s303_f1,LR_B,k3_K01_K02_K06,3,5,3,2,2,2,6,0,46,23,False
LR_B_s303_f1,LR_B,k3_K01_K02_K06,3,10,3,2,2,2,6,0,62,39,False
LR_C_s303_f1,LR_C,k2_K04_K07,2,1,1,0,3,0,7,0,16,2,False
LR_C_s303_f1,LR_C,k2_K04_K07,2,5,2,3,3,3,7,0,25,11,False
LR_C_s303_f1,LR_C,k2_K04_K07,2,10,2,3,3,3,7,0,35,21,False
LR_C_s303_f1,LR_C,k2_K04_K08,2,1,1,0,3,0,7,0,16,2,False
LR_C_s303_f1,LR_C,k2_K04_K08,2,5,2,3,3,3,7,0,25,11,False
LR_C_s303_f1,LR_C,k2_K04_K08,2,10,2,3,3,3,7,0,35,21,False
LR_C_s303_f1,LR_C,k2_K07_K08,2,1,2,0,4,0,7,0,16,2,False
LR_C_s303_f1,LR_C,k2_K07_K08,2,5,2,4,4,4,7,0,23,9,False
LR_C_s303_f1,LR_C,k2_K07_K08,2,10,2,4,4,4,7,0,35,21,False
LR_C_s303_f1,LR_C,k2_K03_K05,2,1,1,0,3,0,7,0,16,2,False
LR_C_s303_f1,LR_C,k2_K03_K05,2,5,2,3,3,3,7,0,25,11,False
LR_C_s303_f1,LR_C,k2_K03_K05,2,10,2,3,3,3,7,0,35,21,False
LR_C_s303_f1,LR_C,k2_K03_K09,2,1,0,0,2,0,7,0,17,3,False
LR_C_s303_f1,LR_C,k2_K03_K09,2,5,2,2,2,2,7,0,25,11,False
LR_C_s303_f1,LR_C,k2_K03_K09,2,10,2,2,2,2,7,0,36,22,False
LR_C_s303_f1,LR_C,k2_K05_K09,2,1,1,0,3,0,7,0,16,2,False
LR_C_s303_f1,LR_C,k2_K05_K09,2,5,2,3,3,3,7,0,25,11,False
LR_C_s303_f1,LR_C,k2_K05_K09,2,10,2,3,3,3,7,0,35,21,False
LR_C_s303_f1,LR_C,k2_K01_K02,2,1,2,0,4,0,7,0,16,2,False
LR_C_s303_f1,LR_C,k2_K01_K02,2,5,2,4,4,4,7,0,25,11,False
LR_C_s303_f1,LR_C,k2_K01_K02,2,10,2,4,4,4,7,0,35,21,False
LR_C_s303_f1,LR_C,k2_K01_K06,2,1,1,0,3,0,7,0,17,3,False
LR_C_s303_f1,LR_C,k2_K01_K06,2,5,2,3,3,3,7,0,25,11,False
LR_C_s303_f1,LR_C,k2_K01_K06,2,10,2,3,3,3,7,0,36,22,False
LR_C_s303_f1,LR_C,k2_K02_K06,2,1,1,0,3,0,7,0,17,3,False
LR_C_s303_f1,LR_C,k2_K02_K06,2,5,2,3,3,3,7,0,25,11,False
LR_C_s303_f1,LR_C,k2_K02_K06,2,10,2,3,3,3,7,0,36,22,False
LR_C_s303_f1,LR_C,k3_K04_K07_K08,3,1,2,0,3,0,6,0,16,2,False
LR_C_s303_f1,LR_C,k3_K04_K07_K08,3,5,3,3,3,3,6,0,24,10,False
LR_C_s303_f1,LR_C,k3_K04_K07_K08,3,10,3,3,3,3,6,0,35,21,False
LR_C_s303_f1,LR_C,k3_K03_K05_K09,3,1,1,0,2,0,6,0,17,3,False
LR_C_s303_f1,LR_C,k3_K03_K05_K09,3,5,3,2,2,2,6,0,25,11,False
LR_C_s303_f1,LR_C,k3_K03_K05_K09,3,10,3,2,2,2,6,0,35,21,False
LR_C_s303_f1,LR_C,k3_K01_K02_K06,3,1,2,0,3,0,6,0,17,3,False
LR_C_s303_f1,LR_C,k3_K01_K02_K06,3,5,3,3,3,3,6,0,25,11,False
LR_C_s303_f1,LR_C,k3_K01_K02_K06,3,10,3,3,3,3,6,0,35,21,False
LR_A_s303_f2,LR_A,k2_K04_K07,2,1,2,0,0,0,7,0,33,4,False
LR_A_s303_f2,LR_A,k2_K04_K07,2,5,2,0,0,0,7,0,52,23,False
LR_A_s303_f2,LR_A,k2_K04_K07,2,10,2,0,0,0,7,0,74,45,False
LR_A_s303_f2,LR_A,k2_K04_K08,2,1,2,0,0,0,7,0,33,4,False
LR_A_s303_f2,LR_A,k2_K04_K08,2,5,2,0,0,0,7,0,54,25,False
LR_A_s303_f2,LR_A,k2_K04_K08,2,10,2,0,0,0,7,0,75,46,False
LR_A_s303_f2,LR_A,k2_K07_K08,2,1,2,0,0,0,7,0,33,4,False
LR_A_s303_f2,LR_A,k2_K07_K08,2,5,2,0,0,0,7,0,51,22,False
LR_A_s303_f2,LR_A,k2_K07_K08,2,10,2,0,0,0,7,0,72,43,False
LR_A_s303_f2,LR_A,k2_K03_K05,2,1,2,0,0,0,7,0,33,4,False
LR_A_s303_f2,LR_A,k2_K03_K05,2,5,2,0,0,0,7,0,54,25,False
LR_A_s303_f2,LR_A,k2_K03_K05,2,10,2,0,0,0,7,0,75,46,False
LR_A_s303_f2,LR_A,k2_K03_K09,2,1,2,0,0,0,7,0,33,4,False
LR_A_s303_f2,LR_A,k2_K03_K09,2,5,2,0,0,0,7,0,57,28,False
LR_A_s303_f2,LR_A,k2_K03_K09,2,10,2,0,0,0,7,0,83,54,False
LR_A_s303_f2,LR_A,k2_K05_K09,2,1,2,0,0,0,7,0,33,4,False
LR_A_s303_f2,LR_A,k2_K05_K09,2,5,2,0,0,0,7,0,53,24,False
LR_A_s303_f2,LR_A,k2_K05_K09,2,10,2,0,0,0,7,0,74,45,False
LR_A_s303_f2,LR_A,k2_K01_K02,2,1,2,0,0,0,7,0,33,4,False
LR_A_s303_f2,LR_A,k2_K01_K02,2,5,2,0,0,0,7,0,52,23,False
LR_A_s303_f2,LR_A,k2_K01_K02,2,10,2,0,0,0,7,0,73,44,False
LR_A_s303_f2,LR_A,k2_K01_K06,2,1,2,0,0,0,7,0,33,4,False
LR_A_s303_f2,LR_A,k2_K01_K06,2,5,2,0,0,0,7,0,56,27,False
LR_A_s303_f2,LR_A,k2_K01_K06,2,10,2,0,0,0,7,0,83,54,False
LR_A_s303_f2,LR_A,k2_K02_K06,2,1,2,0,0,0,7,0,33,4,False
LR_A_s303_f2,LR_A,k2_K02_K06,2,5,2,0,0,0,7,0,56,27,False
LR_A_s303_f2,LR_A,k2_K02_K06,2,10,2,0,0,0,7,0,81,52,False
LR_A_s303_f2,LR_A,k3_K04_K07_K08,3,1,3,0,0,0,6,0,33,4,False
LR_A_s303_f2,LR_A,k3_K04_K07_K08,3,5,3,0,0,0,6,0,52,23,False
LR_A_s303_f2,LR_A,k3_K04_K07_K08,3,10,3,0,0,0,6,0,73,44,False
LR_A_s303_f2,LR_A,k3_K03_K05_K09,3,1,3,0,0,0,6,0,33,4,False
LR_A_s303_f2,LR_A,k3_K03_K05_K09,3,5,3,0,0,0,6,0,55,26,False
LR_A_s303_f2,LR_A,k3_K03_K05_K09,3,10,3,0,0,0,6,0,77,48,False
LR_A_s303_f2,LR_A,k3_K01_K02_K06,3,1,3,0,0,0,6,0,33,4,False
LR_A_s303_f2,LR_A,k3_K01_K02_K06,3,5,3,0,0,0,6,0,55,26,False
LR_A_s303_f2,LR_A,k3_K01_K02_K06,3,10,3,0,0,0,6,0,80,51,False
LR_B_s303_f2,LR_B,k2_K04_K07,2,1,1,2,7,2,7,0,27,3,False
LR_B_s303_f2,LR_B,k2_K04_K07,2,5,2,7,7,7,7,0,36,12,False
LR_B_s303_f2,LR_B,k2_K04_K07,2,10,2,7,7,7,7,0,49,25,False
LR_B_s303_f2,LR_B,k2_K04_K08,2,1,1,1,6,1,7,0,27,3,False
LR_B_s303_f2,LR_B,k2_K04_K08,2,5,2,6,6,6,7,0,36,12,False
LR_B_s303_f2,LR_B,k2_K04_K08,2,10,2,6,6,6,7,0,50,26,False
LR_B_s303_f2,LR_B,k2_K07_K08,2,1,2,1,7,1,7,0,26,2,False
LR_B_s303_f2,LR_B,k2_K07_K08,2,5,2,7,7,7,7,0,36,12,False
LR_B_s303_f2,LR_B,k2_K07_K08,2,10,2,7,7,7,7,0,45,21,False
LR_B_s303_f2,LR_B,k2_K03_K05,2,1,1,1,6,1,7,0,27,3,False
LR_B_s303_f2,LR_B,k2_K03_K05,2,5,2,6,6,6,7,0,36,12,False
LR_B_s303_f2,LR_B,k2_K03_K05,2,10,2,6,6,6,7,0,50,26,False
LR_B_s303_f2,LR_B,k2_K03_K09,2,1,0,2,6,2,7,0,27,3,False
LR_B_s303_f2,LR_B,k2_K03_K09,2,5,2,6,6,6,7,0,37,13,False
LR_B_s303_f2,LR_B,k2_K03_K09,2,10,2,6,6,6,7,0,56,32,False
LR_B_s303_f2,LR_B,k2_K05_K09,2,1,1,1,6,1,7,0,27,3,False
LR_B_s303_f2,LR_B,k2_K05_K09,2,5,2,6,6,6,7,0,36,12,False
LR_B_s303_f2,LR_B,k2_K05_K09,2,10,2,6,6,6,7,0,49,25,False
LR_B_s303_f2,LR_B,k2_K01_K02,2,1,0,2,6,2,7,0,27,3,False
LR_B_s303_f2,LR_B,k2_K01_K02,2,5,2,6,6,6,7,0,36,12,False
LR_B_s303_f2,LR_B,k2_K01_K02,2,10,2,6,6,6,7,0,49,25,False
LR_B_s303_f2,LR_B,k2_K01_K06,2,1,0,2,6,2,7,0,27,3,False
LR_B_s303_f2,LR_B,k2_K01_K06,2,5,2,6,6,6,7,0,37,13,False
LR_B_s303_f2,LR_B,k2_K01_K06,2,10,2,6,6,6,7,0,55,31,False
LR_B_s303_f2,LR_B,k2_K02_K06,2,1,0,2,6,2,7,0,27,3,False
LR_B_s303_f2,LR_B,k2_K02_K06,2,5,2,6,6,6,7,0,37,13,False
LR_B_s303_f2,LR_B,k2_K02_K06,2,10,2,6,6,6,7,0,54,30,False
LR_B_s303_f2,LR_B,k3_K04_K07_K08,3,1,2,1,6,1,6,0,27,3,False
LR_B_s303_f2,LR_B,k3_K04_K07_K08,3,5,3,6,6,6,6,0,36,12,False
LR_B_s303_f2,LR_B,k3_K04_K07_K08,3,10,3,6,6,6,6,0,49,25,False
LR_B_s303_f2,LR_B,k3_K03_K05_K09,3,1,1,1,5,1,6,0,27,3,False
LR_B_s303_f2,LR_B,k3_K03_K05_K09,3,5,3,5,5,5,6,0,37,13,False
LR_B_s303_f2,LR_B,k3_K03_K05_K09,3,10,3,5,5,5,6,0,52,28,False
LR_B_s303_f2,LR_B,k3_K01_K02_K06,3,1,0,2,5,2,6,0,27,3,False
LR_B_s303_f2,LR_B,k3_K01_K02_K06,3,5,3,5,5,5,6,0,37,13,False
LR_B_s303_f2,LR_B,k3_K01_K02_K06,3,10,3,5,5,5,6,0,52,28,False
LR_C_s303_f2,LR_C,k2_K04_K07,2,1,2,0,0,0,7,0,28,3,False
LR_C_s303_f2,LR_C,k2_K04_K07,2,5,2,0,0,0,7,0,42,17,False
LR_C_s303_f2,LR_C,k2_K04_K07,2,10,2,0,0,0,7,0,70,45,False
LR_C_s303_f2,LR_C,k2_K04_K08,2,1,2,0,0,0,7,0,28,3,False
LR_C_s303_f2,LR_C,k2_K04_K08,2,5,2,0,0,0,7,0,42,17,False
LR_C_s303_f2,LR_C,k2_K04_K08,2,10,2,0,0,0,7,0,70,45,False
LR_C_s303_f2,LR_C,k2_K07_K08,2,1,2,0,0,0,7,0,28,3,False
LR_C_s303_f2,LR_C,k2_K07_K08,2,5,2,0,0,0,7,0,41,16,False
LR_C_s303_f2,LR_C,k2_K07_K08,2,10,2,0,0,0,7,0,65,40,False
LR_C_s303_f2,LR_C,k2_K03_K05,2,1,2,0,0,0,7,0,28,3,False
LR_C_s303_f2,LR_C,k2_K03_K05,2,5,2,0,0,0,7,0,42,17,False
LR_C_s303_f2,LR_C,k2_K03_K05,2,10,2,0,0,0,7,0,70,45,False
LR_C_s303_f2,LR_C,k2_K03_K09,2,1,2,0,0,0,7,0,28,3,False
LR_C_s303_f2,LR_C,k2_K03_K09,2,5,2,0,0,0,7,0,45,20,False
LR_C_s303_f2,LR_C,k2_K03_K09,2,10,2,0,0,0,7,0,73,48,False
LR_C_s303_f2,LR_C,k2_K05_K09,2,1,2,0,0,0,7,0,28,3,False
LR_C_s303_f2,LR_C,k2_K05_K09,2,5,2,0,0,0,7,0,42,17,False
LR_C_s303_f2,LR_C,k2_K05_K09,2,10,2,0,0,0,7,0,70,45,False
LR_C_s303_f2,LR_C,k2_K01_K02,2,1,2,0,0,0,7,0,28,3,False
LR_C_s303_f2,LR_C,k2_K01_K02,2,5,2,0,0,0,7,0,42,17,False
LR_C_s303_f2,LR_C,k2_K01_K02,2,10,2,0,0,0,7,0,70,45,False
LR_C_s303_f2,LR_C,k2_K01_K06,2,1,2,0,0,0,7,0,28,3,False
LR_C_s303_f2,LR_C,k2_K01_K06,2,5,2,0,0,0,7,0,45,20,False
LR_C_s303_f2,LR_C,k2_K01_K06,2,10,2,0,0,0,7,0,72,47,False
LR_C_s303_f2,LR_C,k2_K02_K06,2,1,2,0,0,0,7,0,28,3,False
LR_C_s303_f2,LR_C,k2_K02_K06,2,5,2,0,0,0,7,0,45,20,False
LR_C_s303_f2,LR_C,k2_K02_K06,2,10,2,0,0,0,7,0,70,45,False
LR_C_s303_f2,LR_C,k3_K04_K07_K08,3,1,3,0,0,0,6,0,28,3,False
LR_C_s303_f2,LR_C,k3_K04_K07_K08,3,5,3,0,0,0,6,0,42,17,False
LR_C_s303_f2,LR_C,k3_K04_K07_K08,3,10,3,0,0,0,6,0,69,44,False
LR_C_s303_f2,LR_C,k3_K03_K05_K09,3,1,3,0,0,0,6,0,28,3,False
LR_C_s303_f2,LR_C,k3_K03_K05_K09,3,5,3,0,0,0,6,0,44,19,False
LR_C_s303_f2,LR_C,k3_K03_K05_K09,3,10,3,0,0,0,6,0,70,45,False
LR_C_s303_f2,LR_C,k3_K01_K02_K06,3,1,3,0,0,0,6,0,28,3,False
LR_C_s303_f2,LR_C,k3_K01_K02_K06,3,5,3,0,0,0,6,0,44,19,False
LR_C_s303_f2,LR_C,k3_K01_K02_K06,3,10,3,0,0,0,6,0,70,45,False
LR_A_s404_f0,LR_A,k2_K04_K07,2,1,2,1,1,1,7,0,35,3,False
LR_A_s404_f0,LR_A,k2_K04_K07,2,5,2,1,1,1,7,0,48,16,False
LR_A_s404_f0,LR_A,k2_K04_K07,2,10,2,1,1,1,7,0,58,26,False
LR_A_s404_f0,LR_A,k2_K04_K08,2,1,2,1,1,1,7,0,35,3,False
LR_A_s404_f0,LR_A,k2_K04_K08,2,5,2,1,1,1,7,0,49,17,False
LR_A_s404_f0,LR_A,k2_K04_K08,2,10,2,1,1,1,7,0,60,28,False
LR_A_s404_f0,LR_A,k2_K07_K08,2,1,2,1,1,1,7,0,34,2,False
LR_A_s404_f0,LR_A,k2_K07_K08,2,5,2,1,1,1,7,0,46,14,False
LR_A_s404_f0,LR_A,k2_K07_K08,2,10,2,1,1,1,7,0,57,25,False
LR_A_s404_f0,LR_A,k2_K03_K05,2,1,2,1,1,1,7,0,35,3,False
LR_A_s404_f0,LR_A,k2_K03_K05,2,5,2,1,1,1,7,0,49,17,False
LR_A_s404_f0,LR_A,k2_K03_K05,2,10,2,1,1,1,7,0,60,28,False
LR_A_s404_f0,LR_A,k2_K03_K09,2,1,2,1,1,1,7,0,35,3,False
LR_A_s404_f0,LR_A,k2_K03_K09,2,5,2,1,1,1,7,0,49,17,False
LR_A_s404_f0,LR_A,k2_K03_K09,2,10,2,1,1,1,7,0,62,30,False
LR_A_s404_f0,LR_A,k2_K05_K09,2,1,2,1,1,1,7,0,35,3,False
LR_A_s404_f0,LR_A,k2_K05_K09,2,5,2,1,1,1,7,0,48,16,False
LR_A_s404_f0,LR_A,k2_K05_K09,2,10,2,1,1,1,7,0,59,27,False
LR_A_s404_f0,LR_A,k2_K01_K02,2,1,2,1,1,1,7,0,35,3,False
LR_A_s404_f0,LR_A,k2_K01_K02,2,5,2,1,1,1,7,0,49,17,False
LR_A_s404_f0,LR_A,k2_K01_K02,2,10,2,1,1,1,7,0,59,27,False
LR_A_s404_f0,LR_A,k2_K01_K06,2,1,2,0,0,0,7,0,35,3,False
LR_A_s404_f0,LR_A,k2_K01_K06,2,5,2,0,0,0,7,0,49,17,False
LR_A_s404_f0,LR_A,k2_K01_K06,2,10,2,0,0,0,7,0,62,30,False
LR_A_s404_f0,LR_A,k2_K02_K06,2,1,2,0,0,0,7,0,35,3,False
LR_A_s404_f0,LR_A,k2_K02_K06,2,5,2,0,0,0,7,0,49,17,False
LR_A_s404_f0,LR_A,k2_K02_K06,2,10,2,0,0,0,7,0,62,30,False
LR_A_s404_f0,LR_A,k3_K04_K07_K08,3,1,3,1,1,1,6,0,35,3,False
LR_A_s404_f0,LR_A,k3_K04_K07_K08,3,5,3,1,1,1,6,0,48,16,False
LR_A_s404_f0,LR_A,k3_K04_K07_K08,3,10,3,1,1,1,6,0,59,27,False
LR_A_s404_f0,LR_A,k3_K03_K05_K09,3,1,3,1,1,1,6,0,35,3,False
LR_A_s404_f0,LR_A,k3_K03_K05_K09,3,5,3,1,1,1,6,0,49,17,False
LR_A_s404_f0,LR_A,k3_K03_K05_K09,3,10,3,1,1,1,6,0,60,28,False
LR_A_s404_f0,LR_A,k3_K01_K02_K06,3,1,3,0,0,0,6,0,35,3,False
LR_A_s404_f0,LR_A,k3_K01_K02_K06,3,5,3,0,0,0,6,0,49,17,False
LR_A_s404_f0,LR_A,k3_K01_K02_K06,3,10,3,0,0,0,6,0,61,29,False
LR_B_s404_f0,LR_B,k2_K04_K07,2,1,2,2,2,2,7,0,40,6,False
LR_B_s404_f0,LR_B,k2_K04_K07,2,5,2,2,2,2,7,0,58,24,False
LR_B_s404_f0,LR_B,k2_K04_K07,2,10,2,2,2,2,7,0,79,45,False
LR_B_s404_f0,LR_B,k2_K04_K08,2,1,2,2,2,2,7,0,41,7,False
LR_B_s404_f0,LR_B,k2_K04_K08,2,5,2,2,2,2,7,0,62,28,False
LR_B_s404_f0,LR_B,k2_K04_K08,2,10,2,2,2,2,7,0,84,50,False
LR_B_s404_f0,LR_B,k2_K07_K08,2,1,2,1,2,1,7,0,40,6,False
LR_B_s404_f0,LR_B,k2_K07_K08,2,5,2,2,2,2,7,0,56,22,False
LR_B_s404_f0,LR_B,k2_K07_K08,2,10,2,2,2,2,7,0,77,43,False
LR_B_s404_f0,LR_B,k2_K03_K05,2,1,2,1,1,1,7,0,41,7,False
LR_B_s404_f0,LR_B,k2_K03_K05,2,5,2,1,1,1,7,0,61,27,False
LR_B_s404_f0,LR_B,k2_K03_K05,2,10,2,1,1,1,7,0,84,50,False
LR_B_s404_f0,LR_B,k2_K03_K09,2,1,2,1,1,1,7,0,41,7,False
LR_B_s404_f0,LR_B,k2_K03_K09,2,5,2,1,1,1,7,0,65,31,False
LR_B_s404_f0,LR_B,k2_K03_K09,2,10,2,1,1,1,7,0,86,52,False
LR_B_s404_f0,LR_B,k2_K05_K09,2,1,2,2,2,2,7,0,41,7,False
LR_B_s404_f0,LR_B,k2_K05_K09,2,5,2,2,2,2,7,0,59,25,False
LR_B_s404_f0,LR_B,k2_K05_K09,2,10,2,2,2,2,7,0,79,45,False
LR_B_s404_f0,LR_B,k2_K01_K02,2,1,2,2,2,2,7,0,41,7,False
LR_B_s404_f0,LR_B,k2_K01_K02,2,5,2,2,2,2,7,0,59,25,False
LR_B_s404_f0,LR_B,k2_K01_K02,2,10,2,2,2,2,7,0,79,45,False
LR_B_s404_f0,LR_B,k2_K01_K06,2,1,2,1,1,1,7,0,41,7,False
LR_B_s404_f0,LR_B,k2_K01_K06,2,5,2,1,1,1,7,0,63,29,False
LR_B_s404_f0,LR_B,k2_K01_K06,2,10,2,1,1,1,7,0,86,52,False
LR_B_s404_f0,LR_B,k2_K02_K06,2,1,2,1,1,1,7,0,41,7,False
LR_B_s404_f0,LR_B,k2_K02_K06,2,5,2,1,1,1,7,0,62,28,False
LR_B_s404_f0,LR_B,k2_K02_K06,2,10,2,1,1,1,7,0,86,52,False
LR_B_s404_f0,LR_B,k3_K04_K07_K08,3,1,3,2,2,2,6,0,40,6,False
LR_B_s404_f0,LR_B,k3_K04_K07_K08,3,5,3,2,2,2,6,0,58,24,False
LR_B_s404_f0,LR_B,k3_K04_K07_K08,3,10,3,2,2,2,6,0,79,45,False
LR_B_s404_f0,LR_B,k3_K03_K05_K09,3,1,3,1,1,1,6,0,41,7,False
LR_B_s404_f0,LR_B,k3_K03_K05_K09,3,5,3,1,1,1,6,0,61,27,False
LR_B_s404_f0,LR_B,k3_K03_K05_K09,3,10,3,1,1,1,6,0,84,50,False
LR_B_s404_f0,LR_B,k3_K01_K02_K06,3,1,3,1,1,1,6,0,41,7,False
LR_B_s404_f0,LR_B,k3_K01_K02_K06,3,5,3,1,1,1,6,0,62,28,False
LR_B_s404_f0,LR_B,k3_K01_K02_K06,3,10,3,1,1,1,6,0,84,50,False
LR_C_s404_f0,LR_C,k2_K04_K07,2,1,2,1,2,1,7,0,31,5,False
LR_C_s404_f0,LR_C,k2_K04_K07,2,5,2,2,2,2,7,0,45,19,False
LR_C_s404_f0,LR_C,k2_K04_K07,2,10,2,2,2,2,7,0,58,32,False
LR_C_s404_f0,LR_C,k2_K04_K08,2,1,2,1,2,1,7,0,31,5,False
LR_C_s404_f0,LR_C,k2_K04_K08,2,5,2,2,2,2,7,0,45,19,False
LR_C_s404_f0,LR_C,k2_K04_K08,2,10,2,2,2,2,7,0,58,32,False
LR_C_s404_f0,LR_C,k2_K07_K08,2,1,2,1,2,1,7,0,30,4,False
LR_C_s404_f0,LR_C,k2_K07_K08,2,5,2,2,2,2,7,0,43,17,False
LR_C_s404_f0,LR_C,k2_K07_K08,2,10,2,2,2,2,7,0,55,29,False
LR_C_s404_f0,LR_C,k2_K03_K05,2,1,2,0,1,0,7,0,31,5,False
LR_C_s404_f0,LR_C,k2_K03_K05,2,5,2,1,1,1,7,0,45,19,False
LR_C_s404_f0,LR_C,k2_K03_K05,2,10,2,1,1,1,7,0,58,32,False
LR_C_s404_f0,LR_C,k2_K03_K09,2,1,2,0,1,0,7,0,31,5,False
LR_C_s404_f0,LR_C,k2_K03_K09,2,5,2,1,1,1,7,0,46,20,False
LR_C_s404_f0,LR_C,k2_K03_K09,2,10,2,1,1,1,7,0,60,34,False
LR_C_s404_f0,LR_C,k2_K05_K09,2,1,2,1,2,1,7,0,31,5,False
LR_C_s404_f0,LR_C,k2_K05_K09,2,5,2,2,2,2,7,0,45,19,False
LR_C_s404_f0,LR_C,k2_K05_K09,2,10,2,2,2,2,7,0,58,32,False
LR_C_s404_f0,LR_C,k2_K01_K02,2,1,2,1,2,1,7,0,31,5,False
LR_C_s404_f0,LR_C,k2_K01_K02,2,5,2,2,2,2,7,0,45,19,False
LR_C_s404_f0,LR_C,k2_K01_K02,2,10,2,2,2,2,7,0,58,32,False
LR_C_s404_f0,LR_C,k2_K01_K06,2,1,1,1,1,1,7,0,31,5,False
LR_C_s404_f0,LR_C,k2_K01_K06,2,5,2,1,1,1,7,0,46,20,False
LR_C_s404_f0,LR_C,k2_K01_K06,2,10,2,1,1,1,7,0,60,34,False
LR_C_s404_f0,LR_C,k2_K02_K06,2,1,1,1,1,1,7,0,31,5,False
LR_C_s404_f0,LR_C,k2_K02_K06,2,5,2,1,1,1,7,0,46,20,False
LR_C_s404_f0,LR_C,k2_K02_K06,2,10,2,1,1,1,7,0,59,33,False
LR_C_s404_f0,LR_C,k3_K04_K07_K08,3,1,3,1,2,1,6,0,31,5,False
LR_C_s404_f0,LR_C,k3_K04_K07_K08,3,5,3,2,2,2,6,0,45,19,False
LR_C_s404_f0,LR_C,k3_K04_K07_K08,3,10,3,2,2,2,6,0,58,32,False
LR_C_s404_f0,LR_C,k3_K03_K05_K09,3,1,3,0,1,0,6,0,31,5,False
LR_C_s404_f0,LR_C,k3_K03_K05_K09,3,5,3,1,1,1,6,0,45,19,False
LR_C_s404_f0,LR_C,k3_K03_K05_K09,3,10,3,1,1,1,6,0,58,32,False
LR_C_s404_f0,LR_C,k3_K01_K02_K06,3,1,2,1,1,1,6,0,31,5,False
LR_C_s404_f0,LR_C,k3_K01_K02_K06,3,5,3,1,1,1,6,0,46,20,False
LR_C_s404_f0,LR_C,k3_K01_K02_K06,3,10,3,1,1,1,6,0,58,32,False
LR_A_s404_f1,LR_A,k2_K04_K07,2,1,0,0,7,0,7,0,7,0,False
LR_A_s404_f1,LR_A,k2_K04_K07,2,5,1,2,7,2,7,0,9,2,False
LR_A_s404_f1,LR_A,k2_K04_K07,2,10,2,5,7,5,7,0,10,3,False
LR_A_s404_f1,LR_A,k2_K04_K08,2,1,0,0,7,0,7,0,7,0,False
LR_A_s404_f1,LR_A,k2_K04_K08,2,5,1,2,7,2,7,0,9,2,False
LR_A_s404_f1,LR_A,k2_K04_K08,2,10,2,5,7,5,7,0,10,3,False
LR_A_s404_f1,LR_A,k2_K07_K08,2,1,0,0,7,0,7,0,7,0,False
LR_A_s404_f1,LR_A,k2_K07_K08,2,5,2,1,7,1,7,0,9,2,False
LR_A_s404_f1,LR_A,k2_K07_K08,2,10,2,3,7,3,7,0,10,3,False
LR_A_s404_f1,LR_A,k2_K03_K05,2,1,0,0,7,0,7,0,7,0,False
LR_A_s404_f1,LR_A,k2_K03_K05,2,5,1,2,7,2,7,0,9,2,False
LR_A_s404_f1,LR_A,k2_K03_K05,2,10,2,6,7,6,7,0,10,3,False
LR_A_s404_f1,LR_A,k2_K03_K09,2,1,0,0,7,0,7,0,7,0,False
LR_A_s404_f1,LR_A,k2_K03_K09,2,5,0,4,7,4,7,0,9,2,False
LR_A_s404_f1,LR_A,k2_K03_K09,2,10,2,6,7,6,7,0,11,4,False
LR_A_s404_f1,LR_A,k2_K05_K09,2,1,0,0,7,0,7,0,7,0,False
LR_A_s404_f1,LR_A,k2_K05_K09,2,5,1,2,7,2,7,0,9,2,False
LR_A_s404_f1,LR_A,k2_K05_K09,2,10,2,5,7,5,7,0,10,3,False
LR_A_s404_f1,LR_A,k2_K01_K02,2,1,0,0,7,0,7,0,7,0,False
LR_A_s404_f1,LR_A,k2_K01_K02,2,5,0,3,7,3,7,0,9,2,False
LR_A_s404_f1,LR_A,k2_K01_K02,2,10,2,5,7,5,7,0,10,3,False
LR_A_s404_f1,LR_A,k2_K01_K06,2,1,0,0,7,0,7,0,7,0,False
LR_A_s404_f1,LR_A,k2_K01_K06,2,5,0,4,7,4,7,0,9,2,False
LR_A_s404_f1,LR_A,k2_K01_K06,2,10,1,6,7,6,7,0,11,4,False
LR_A_s404_f1,LR_A,k2_K02_K06,2,1,0,0,7,0,7,0,7,0,False
LR_A_s404_f1,LR_A,k2_K02_K06,2,5,1,3,7,3,7,0,9,2,False
LR_A_s404_f1,LR_A,k2_K02_K06,2,10,1,6,7,6,7,0,11,4,False
LR_A_s404_f1,LR_A,k3_K04_K07_K08,3,1,0,0,6,0,6,0,7,0,False
LR_A_s404_f1,LR_A,k3_K04_K07_K08,3,5,2,1,6,1,6,0,9,2,False
LR_A_s404_f1,LR_A,k3_K04_K07_K08,3,10,3,4,6,4,6,0,10,3,False
LR_A_s404_f1,LR_A,k3_K03_K05_K09,3,1,0,0,6,0,6,0,7,0,False
LR_A_s404_f1,LR_A,k3_K03_K05_K09,3,5,1,2,6,2,6,0,9,2,False
LR_A_s404_f1,LR_A,k3_K03_K05_K09,3,10,3,5,6,5,6,0,11,4,False
LR_A_s404_f1,LR_A,k3_K01_K02_K06,3,1,0,0,6,0,6,0,7,0,False
LR_A_s404_f1,LR_A,k3_K01_K02_K06,3,5,1,3,6,3,6,0,9,2,False
LR_A_s404_f1,LR_A,k3_K01_K02_K06,3,10,2,5,6,5,6,0,11,4,False
LR_B_s404_f1,LR_B,k2_K04_K07,2,1,0,1,8,0,7,0,11,1,False
LR_B_s404_f1,LR_B,k2_K04_K07,2,5,1,3,8,2,7,0,16,6,False
LR_B_s404_f1,LR_B,k2_K04_K07,2,10,2,6,8,5,7,0,17,7,False
LR_B_s404_f1,LR_B,k2_K04_K08,2,1,0,1,8,0,7,0,11,1,False
LR_B_s404_f1,LR_B,k2_K04_K08,2,5,1,3,8,2,7,0,16,6,False
LR_B_s404_f1,LR_B,k2_K04_K08,2,10,2,7,8,6,7,0,17,7,False
LR_B_s404_f1,LR_B,k2_K07_K08,2,1,0,1,8,0,7,0,11,1,False
LR_B_s404_f1,LR_B,k2_K07_K08,2,5,1,2,8,1,7,0,16,6,False
LR_B_s404_f1,LR_B,k2_K07_K08,2,10,2,6,8,5,7,0,16,6,False
LR_B_s404_f1,LR_B,k2_K03_K05,2,1,0,1,8,0,7,0,11,1,False
LR_B_s404_f1,LR_B,k2_K03_K05,2,5,1,3,8,2,7,0,16,6,False
LR_B_s404_f1,LR_B,k2_K03_K05,2,10,2,7,8,6,7,0,17,7,False
LR_B_s404_f1,LR_B,k2_K03_K09,2,1,0,1,8,0,7,0,11,1,False
LR_B_s404_f1,LR_B,k2_K03_K09,2,5,0,5,8,4,7,0,16,6,False
LR_B_s404_f1,LR_B,k2_K03_K09,2,10,2,8,8,7,7,0,20,10,False
LR_B_s404_f1,LR_B,k2_K05_K09,2,1,0,1,8,0,7,0,11,1,False
LR_B_s404_f1,LR_B,k2_K05_K09,2,5,1,3,8,2,7,0,16,6,False
LR_B_s404_f1,LR_B,k2_K05_K09,2,10,2,7,8,6,7,0,17,7,False
LR_B_s404_f1,LR_B,k2_K01_K02,2,1,0,1,8,0,7,0,11,1,False
LR_B_s404_f1,LR_B,k2_K01_K02,2,5,0,4,8,3,7,0,16,6,False
LR_B_s404_f1,LR_B,k2_K01_K02,2,10,2,6,8,5,7,0,17,7,False
LR_B_s404_f1,LR_B,k2_K01_K06,2,1,0,1,8,0,7,0,11,1,False
LR_B_s404_f1,LR_B,k2_K01_K06,2,5,0,4,8,3,7,0,16,6,False
LR_B_s404_f1,LR_B,k2_K01_K06,2,10,2,8,8,7,7,0,19,9,False
LR_B_s404_f1,LR_B,k2_K02_K06,2,1,0,1,8,0,7,0,11,1,False
LR_B_s404_f1,LR_B,k2_K02_K06,2,5,0,4,8,3,7,0,16,6,False
LR_B_s404_f1,LR_B,k2_K02_K06,2,10,2,8,8,7,7,0,19,9,False
LR_B_s404_f1,LR_B,k3_K04_K07_K08,3,1,0,1,7,0,6,0,11,1,False
LR_B_s404_f1,LR_B,k3_K04_K07_K08,3,5,2,2,7,1,6,0,16,6,False
LR_B_s404_f1,LR_B,k3_K04_K07_K08,3,10,3,5,7,4,6,0,17,7,False
LR_B_s404_f1,LR_B,k3_K03_K05_K09,3,1,0,1,7,0,6,0,11,1,False
LR_B_s404_f1,LR_B,k3_K03_K05_K09,3,5,1,3,7,2,6,0,16,6,False
LR_B_s404_f1,LR_B,k3_K03_K05_K09,3,10,3,6,7,5,6,0,17,7,False
LR_B_s404_f1,LR_B,k3_K01_K02_K06,3,1,0,1,7,0,6,0,11,1,False
LR_B_s404_f1,LR_B,k3_K01_K02_K06,3,5,0,4,7,3,6,0,16,6,False
LR_B_s404_f1,LR_B,k3_K01_K02_K06,3,10,3,7,7,6,6,0,18,8,False
LR_C_s404_f1,LR_C,k2_K04_K07,2,1,0,0,7,0,7,0,9,0,False
LR_C_s404_f1,LR_C,k2_K04_K07,2,5,1,2,7,2,7,0,10,1,False
LR_C_s404_f1,LR_C,k2_K04_K07,2,10,2,5,7,5,7,0,12,3,False
LR_C_s404_f1,LR_C,k2_K04_K08,2,1,0,0,7,0,7,0,9,0,False
LR_C_s404_f1,LR_C,k2_K04_K08,2,5,1,2,7,2,7,0,10,1,False
LR_C_s404_f1,LR_C,k2_K04_K08,2,10,2,6,7,6,7,0,12,3,False
LR_C_s404_f1,LR_C,k2_K07_K08,2,1,0,0,7,0,7,0,9,0,False
LR_C_s404_f1,LR_C,k2_K07_K08,2,5,2,1,7,1,7,0,9,0,True
LR_C_s404_f1,LR_C,k2_K07_K08,2,10,2,5,7,5,7,0,12,3,False
LR_C_s404_f1,LR_C,k2_K03_K05,2,1,0,0,7,0,7,0,9,0,False
LR_C_s404_f1,LR_C,k2_K03_K05,2,5,1,2,7,2,7,0,10,1,False
LR_C_s404_f1,LR_C,k2_K03_K05,2,10,2,6,7,6,7,0,12,3,False
LR_C_s404_f1,LR_C,k2_K03_K09,2,1,0,0,7,0,7,0,9,0,False
LR_C_s404_f1,LR_C,k2_K03_K09,2,5,0,4,7,4,7,0,10,1,False
LR_C_s404_f1,LR_C,k2_K03_K09,2,10,2,6,7,6,7,0,14,5,False
LR_C_s404_f1,LR_C,k2_K05_K09,2,1,0,0,7,0,7,0,9,0,False
LR_C_s404_f1,LR_C,k2_K05_K09,2,5,1,2,7,2,7,0,10,1,False
LR_C_s404_f1,LR_C,k2_K05_K09,2,10,2,6,7,6,7,0,12,3,False
LR_C_s404_f1,LR_C,k2_K01_K02,2,1,0,0,7,0,7,0,9,0,False
LR_C_s404_f1,LR_C,k2_K01_K02,2,5,1,3,7,3,7,0,10,1,False
LR_C_s404_f1,LR_C,k2_K01_K02,2,10,2,5,7,5,7,0,12,3,False
LR_C_s404_f1,LR_C,k2_K01_K06,2,1,0,0,7,0,7,0,9,0,False
LR_C_s404_f1,LR_C,k2_K01_K06,2,5,1,4,7,4,7,0,10,1,False
LR_C_s404_f1,LR_C,k2_K01_K06,2,10,1,7,7,7,7,0,14,5,False
LR_C_s404_f1,LR_C,k2_K02_K06,2,1,0,0,7,0,7,0,9,0,False
LR_C_s404_f1,LR_C,k2_K02_K06,2,5,1,4,7,4,7,0,10,1,False
LR_C_s404_f1,LR_C,k2_K02_K06,2,10,1,7,7,7,7,0,14,5,False
LR_C_s404_f1,LR_C,k3_K04_K07_K08,3,1,0,0,6,0,6,0,9,0,False
LR_C_s404_f1,LR_C,k3_K04_K07_K08,3,5,2,1,6,1,6,0,10,1,False
LR_C_s404_f1,LR_C,k3_K04_K07_K08,3,10,3,4,6,4,6,0,12,3,False
LR_C_s404_f1,LR_C,k3_K03_K05_K09,3,1,0,0,6,0,6,0,9,0,False
LR_C_s404_f1,LR_C,k3_K03_K05_K09,3,5,1,2,6,2,6,0,10,1,False
LR_C_s404_f1,LR_C,k3_K03_K05_K09,3,10,3,5,6,5,6,0,13,4,False
LR_C_s404_f1,LR_C,k3_K01_K02_K06,3,1,0,0,6,0,6,0,9,0,False
LR_C_s404_f1,LR_C,k3_K01_K02_K06,3,5,1,3,6,3,6,0,10,1,False
LR_C_s404_f1,LR_C,k3_K01_K02_K06,3,10,2,6,6,6,6,0,13,4,False
LR_A_s404_f2,LR_A,k2_K04_K07,2,1,1,0,3,0,7,0,17,3,False
LR_A_s404_f2,LR_A,k2_K04_K07,2,5,2,3,3,3,7,0,22,8,False
LR_A_s404_f2,LR_A,k2_K04_K07,2,10,2,3,3,3,7,0,33,19,False
LR_A_s404_f2,LR_A,k2_K04_K08,2,1,1,0,3,0,7,0,17,3,False
LR_A_s404_f2,LR_A,k2_K04_K08,2,5,2,3,3,3,7,0,22,8,False
LR_A_s404_f2,LR_A,k2_K04_K08,2,10,2,3,3,3,7,0,35,21,False
LR_A_s404_f2,LR_A,k2_K07_K08,2,1,2,0,4,0,7,0,17,3,False
LR_A_s404_f2,LR_A,k2_K07_K08,2,5,2,3,4,3,7,0,21,7,False
LR_A_s404_f2,LR_A,k2_K07_K08,2,10,2,4,4,4,7,0,31,17,False
LR_A_s404_f2,LR_A,k2_K03_K05,2,1,1,0,3,0,7,0,17,3,False
LR_A_s404_f2,LR_A,k2_K03_K05,2,5,2,3,3,3,7,0,22,8,False
LR_A_s404_f2,LR_A,k2_K03_K05,2,10,2,3,3,3,7,0,35,21,False
LR_A_s404_f2,LR_A,k2_K03_K09,2,1,0,0,2,0,7,0,17,3,False
LR_A_s404_f2,LR_A,k2_K03_K09,2,5,2,2,2,2,7,0,22,8,False
LR_A_s404_f2,LR_A,k2_K03_K09,2,10,2,2,2,2,7,0,36,22,False
LR_A_s404_f2,LR_A,k2_K05_K09,2,1,1,0,3,0,7,0,17,3,False
LR_A_s404_f2,LR_A,k2_K05_K09,2,5,2,3,3,3,7,0,22,8,False
LR_A_s404_f2,LR_A,k2_K05_K09,2,10,2,3,3,3,7,0,33,19,False
LR_A_s404_f2,LR_A,k2_K01_K02,2,1,2,0,4,0,7,0,17,3,False
LR_A_s404_f2,LR_A,k2_K01_K02,2,5,2,4,4,4,7,0,22,8,False
LR_A_s404_f2,LR_A,k2_K01_K02,2,10,2,4,4,4,7,0,32,18,False
LR_A_s404_f2,LR_A,k2_K01_K06,2,1,1,0,3,0,7,0,17,3,False
LR_A_s404_f2,LR_A,k2_K01_K06,2,5,2,3,3,3,7,0,22,8,False
LR_A_s404_f2,LR_A,k2_K01_K06,2,10,2,3,3,3,7,0,35,21,False
LR_A_s404_f2,LR_A,k2_K02_K06,2,1,1,0,3,0,7,0,17,3,False
LR_A_s404_f2,LR_A,k2_K02_K06,2,5,2,3,3,3,7,0,22,8,False
LR_A_s404_f2,LR_A,k2_K02_K06,2,10,2,3,3,3,7,0,35,21,False
LR_A_s404_f2,LR_A,k3_K04_K07_K08,3,1,2,0,3,0,6,0,17,3,False
LR_A_s404_f2,LR_A,k3_K04_K07_K08,3,5,3,3,3,3,6,0,22,8,False
LR_A_s404_f2,LR_A,k3_K04_K07_K08,3,10,3,3,3,3,6,0,32,18,False
LR_A_s404_f2,LR_A,k3_K03_K05_K09,3,1,1,0,2,0,6,0,17,3,False
LR_A_s404_f2,LR_A,k3_K03_K05_K09,3,5,3,2,2,2,6,0,22,8,False
LR_A_s404_f2,LR_A,k3_K03_K05_K09,3,10,3,2,2,2,6,0,35,21,False
LR_A_s404_f2,LR_A,k3_K01_K02_K06,3,1,2,0,3,0,6,0,17,3,False
LR_A_s404_f2,LR_A,k3_K01_K02_K06,3,5,3,3,3,3,6,0,22,8,False
LR_A_s404_f2,LR_A,k3_K01_K02_K06,3,10,3,3,3,3,6,0,35,21,False
LR_B_s404_f2,LR_B,k2_K04_K07,2,1,1,2,7,2,7,0,19,2,False
LR_B_s404_f2,LR_B,k2_K04_K07,2,5,2,7,7,7,7,0,29,12,False
LR_B_s404_f2,LR_B,k2_K04_K07,2,10,2,7,7,7,7,0,40,23,False
LR_B_s404_f2,LR_B,k2_K04_K08,2,1,1,1,6,1,7,0,19,2,False
LR_B_s404_f2,LR_B,k2_K04_K08,2,5,2,6,6,6,7,0,30,13,False
LR_B_s404_f2,LR_B,k2_K04_K08,2,10,2,6,6,6,7,0,42,25,False
LR_B_s404_f2,LR_B,k2_K07_K08,2,1,2,1,7,1,7,0,19,2,False
LR_B_s404_f2,LR_B,k2_K07_K08,2,5,2,6,7,6,7,0,29,12,False
LR_B_s404_f2,LR_B,k2_K07_K08,2,10,2,7,7,7,7,0,39,22,False
LR_B_s404_f2,LR_B,k2_K03_K05,2,1,1,1,6,1,7,0,19,2,False
LR_B_s404_f2,LR_B,k2_K03_K05,2,5,2,6,6,6,7,0,31,14,False
LR_B_s404_f2,LR_B,k2_K03_K05,2,10,2,6,6,6,7,0,44,27,False
LR_B_s404_f2,LR_B,k2_K03_K09,2,1,0,2,6,2,7,0,19,2,False
LR_B_s404_f2,LR_B,k2_K03_K09,2,5,2,6,6,6,7,0,32,15,False
LR_B_s404_f2,LR_B,k2_K03_K09,2,10,2,6,6,6,7,0,45,28,False
LR_B_s404_f2,LR_B,k2_K05_K09,2,1,1,1,6,1,7,0,19,2,False
LR_B_s404_f2,LR_B,k2_K05_K09,2,5,2,6,6,6,7,0,29,12,False
LR_B_s404_f2,LR_B,k2_K05_K09,2,10,2,6,6,6,7,0,41,24,False
LR_B_s404_f2,LR_B,k2_K01_K02,2,1,0,2,6,2,7,0,19,2,False
LR_B_s404_f2,LR_B,k2_K01_K02,2,5,2,6,6,6,7,0,29,12,False
LR_B_s404_f2,LR_B,k2_K01_K02,2,10,2,6,6,6,7,0,40,23,False
LR_B_s404_f2,LR_B,k2_K01_K06,2,1,0,2,6,2,7,0,19,2,False
LR_B_s404_f2,LR_B,k2_K01_K06,2,5,2,6,6,6,7,0,31,14,False
LR_B_s404_f2,LR_B,k2_K01_K06,2,10,2,6,6,6,7,0,45,28,False
LR_B_s404_f2,LR_B,k2_K02_K06,2,1,0,2,6,2,7,0,19,2,False
LR_B_s404_f2,LR_B,k2_K02_K06,2,5,2,6,6,6,7,0,31,14,False
LR_B_s404_f2,LR_B,k2_K02_K06,2,10,2,6,6,6,7,0,45,28,False
LR_B_s404_f2,LR_B,k3_K04_K07_K08,3,1,2,1,6,1,6,0,19,2,False
LR_B_s404_f2,LR_B,k3_K04_K07_K08,3,5,3,6,6,6,6,0,29,12,False
LR_B_s404_f2,LR_B,k3_K04_K07_K08,3,10,3,6,6,6,6,0,40,23,False
LR_B_s404_f2,LR_B,k3_K03_K05_K09,3,1,1,1,5,1,6,0,19,2,False
LR_B_s404_f2,LR_B,k3_K03_K05_K09,3,5,3,5,5,5,6,0,31,14,False
LR_B_s404_f2,LR_B,k3_K03_K05_K09,3,10,3,5,5,5,6,0,45,28,False
LR_B_s404_f2,LR_B,k3_K01_K02_K06,3,1,0,2,5,2,6,0,19,2,False
LR_B_s404_f2,LR_B,k3_K01_K02_K06,3,5,3,5,5,5,6,0,31,14,False
LR_B_s404_f2,LR_B,k3_K01_K02_K06,3,10,3,5,5,5,6,0,45,28,False
LR_C_s404_f2,LR_C,k2_K04_K07,2,1,1,1,4,1,7,0,17,1,False
LR_C_s404_f2,LR_C,k2_K04_K07,2,5,2,4,4,4,7,0,26,10,False
LR_C_s404_f2,LR_C,k2_K04_K07,2,10,2,4,4,4,7,0,40,24,False
LR_C_s404_f2,LR_C,k2_K04_K08,2,1,1,1,4,1,7,0,17,1,False
LR_C_s404_f2,LR_C,k2_K04_K08,2,5,2,4,4,4,7,0,26,10,False
LR_C_s404_f2,LR_C,k2_K04_K08,2,10,2,4,4,4,7,0,40,24,False
LR_C_s404_f2,LR_C,k2_K07_K08,2,1,2,1,5,1,7,0,17,1,False
LR_C_s404_f2,LR_C,k2_K07_K08,2,5,2,5,5,5,7,0,24,8,False
LR_C_s404_f2,LR_C,k2_K07_K08,2,10,2,5,5,5,7,0,39,23,False
LR_C_s404_f2,LR_C,k2_K03_K05,2,1,1,1,4,1,7,0,17,1,False
LR_C_s404_f2,LR_C,k2_K03_K05,2,5,2,4,4,4,7,0,26,10,False
LR_C_s404_f2,LR_C,k2_K03_K05,2,10,2,4,4,4,7,0,40,24,False
LR_C_s404_f2,LR_C,k2_K03_K09,2,1,0,1,3,1,7,0,17,1,False
LR_C_s404_f2,LR_C,k2_K03_K09,2,5,2,3,3,3,7,0,28,12,False
LR_C_s404_f2,LR_C,k2_K03_K09,2,10,2,3,3,3,7,0,41,25,False
LR_C_s404_f2,LR_C,k2_K05_K09,2,1,1,1,4,1,7,0,17,1,False
LR_C_s404_f2,LR_C,k2_K05_K09,2,5,2,4,4,4,7,0,26,10,False
LR_C_s404_f2,LR_C,k2_K05_K09,2,10,2,4,4,4,7,0,40,24,False
LR_C_s404_f2,LR_C,k2_K01_K02,2,1,2,0,4,0,7,0,17,1,False
LR_C_s404_f2,LR_C,k2_K01_K02,2,5,2,4,4,4,7,0,26,10,False
LR_C_s404_f2,LR_C,k2_K01_K02,2,10,2,4,4,4,7,0,40,24,False
LR_C_s404_f2,LR_C,k2_K01_K06,2,1,1,0,3,0,7,0,17,1,False
LR_C_s404_f2,LR_C,k2_K01_K06,2,5,2,3,3,3,7,0,28,12,False
LR_C_s404_f2,LR_C,k2_K01_K06,2,10,2,3,3,3,7,0,41,25,False
LR_C_s404_f2,LR_C,k2_K02_K06,2,1,1,1,4,1,7,0,17,1,False
LR_C_s404_f2,LR_C,k2_K02_K06,2,5,2,4,4,4,7,0,28,12,False
LR_C_s404_f2,LR_C,k2_K02_K06,2,10,2,4,4,4,7,0,40,24,False
LR_C_s404_f2,LR_C,k3_K04_K07_K08,3,1,2,1,4,1,6,0,17,1,False
LR_C_s404_f2,LR_C,k3_K04_K07_K08,3,5,3,4,4,4,6,0,26,10,False
LR_C_s404_f2,LR_C,k3_K04_K07_K08,3,10,3,4,4,4,6,0,40,24,False
LR_C_s404_f2,LR_C,k3_K03_K05_K09,3,1,1,1,3,1,6,0,17,1,False
LR_C_s404_f2,LR_C,k3_K03_K05_K09,3,5,3,3,3,3,6,0,26,10,False
LR_C_s404_f2,LR_C,k3_K03_K05_K09,3,10,3,3,3,3,6,0,40,24,False
LR_C_s404_f2,LR_C,k3_K01_K02_K06,3,1,2,0,3,0,6,0,17,1,False
LR_C_s404_f2,LR_C,k3_K01_K02_K06,3,5,3,3,3,3,6,0,27,11,False
LR_C_s404_f2,LR_C,k3_K01_K02_K06,3,10,3,3,3,3,6,0,40,24,False
deletion_A_keep_s42_f0,deletion_A_keep,k2_K04_K07,2,1,1,1,4,1,7,0,16,0,True
deletion_A_keep_s42_f0,deletion_A_keep,k2_K04_K07,2,5,2,3,4,3,7,0,23,7,False
deletion_A_keep_s42_f0,deletion_A_keep,k2_K04_K07,2,10,2,4,4,4,7,0,35,19,False
deletion_A_keep_s42_f0,deletion_A_keep,k2_K04_K08,2,1,1,1,4,1,7,0,16,0,True
deletion_A_keep_s42_f0,deletion_A_keep,k2_K04_K08,2,5,2,3,4,3,7,0,23,7,False
deletion_A_keep_s42_f0,deletion_A_keep,k2_K04_K08,2,10,2,4,4,4,7,0,35,19,False
deletion_A_keep_s42_f0,deletion_A_keep,k2_K07_K08,2,1,2,1,5,1,7,0,16,0,True
deletion_A_keep_s42_f0,deletion_A_keep,k2_K07_K08,2,5,2,4,5,4,7,0,21,5,False
deletion_A_keep_s42_f0,deletion_A_keep,k2_K07_K08,2,10,2,5,5,5,7,0,33,17,False
deletion_A_keep_s42_f0,deletion_A_keep,k2_K03_K05,2,1,1,1,4,1,7,0,16,0,True
deletion_A_keep_s42_f0,deletion_A_keep,k2_K03_K05,2,5,2,3,4,3,7,0,23,7,False
deletion_A_keep_s42_f0,deletion_A_keep,k2_K03_K05,2,10,2,4,4,4,7,0,35,19,False
deletion_A_keep_s42_f0,deletion_A_keep,k2_K03_K09,2,1,0,1,3,1,7,0,16,0,True
deletion_A_keep_s42_f0,deletion_A_keep,k2_K03_K09,2,5,2,3,3,3,7,0,23,7,False
deletion_A_keep_s42_f0,deletion_A_keep,k2_K03_K09,2,10,2,3,3,3,7,0,37,21,False
deletion_A_keep_s42_f0,deletion_A_keep,k2_K05_K09,2,1,1,1,4,1,7,0,16,0,True
deletion_A_keep_s42_f0,deletion_A_keep,k2_K05_K09,2,5,2,3,4,3,7,0,23,7,False
deletion_A_keep_s42_f0,deletion_A_keep,k2_K05_K09,2,10,2,4,4,4,7,0,35,19,False
deletion_A_keep_s42_f0,deletion_A_keep,k2_K01_K02,2,1,2,0,4,0,7,0,16,0,False
deletion_A_keep_s42_f0,deletion_A_keep,k2_K01_K02,2,5,2,3,4,3,7,0,23,7,False
deletion_A_keep_s42_f0,deletion_A_keep,k2_K01_K02,2,10,2,4,4,4,7,0,34,18,False
deletion_A_keep_s42_f0,deletion_A_keep,k2_K01_K06,2,1,1,0,3,0,7,0,16,0,False
deletion_A_keep_s42_f0,deletion_A_keep,k2_K01_K06,2,5,2,3,3,3,7,0,23,7,False
deletion_A_keep_s42_f0,deletion_A_keep,k2_K01_K06,2,10,2,3,3,3,7,0,36,20,False
deletion_A_keep_s42_f0,deletion_A_keep,k2_K02_K06,2,1,1,1,4,1,7,0,16,0,True
deletion_A_keep_s42_f0,deletion_A_keep,k2_K02_K06,2,5,2,4,4,4,7,0,23,7,False
deletion_A_keep_s42_f0,deletion_A_keep,k2_K02_K06,2,10,2,4,4,4,7,0,35,19,False
deletion_A_keep_s42_f0,deletion_A_keep,k3_K04_K07_K08,3,1,2,1,4,1,6,0,16,0,True
deletion_A_keep_s42_f0,deletion_A_keep,k3_K04_K07_K08,3,5,3,3,4,3,6,0,23,7,False
deletion_A_keep_s42_f0,deletion_A_keep,k3_K04_K07_K08,3,10,3,4,4,4,6,0,35,19,False
deletion_A_keep_s42_f0,deletion_A_keep,k3_K03_K05_K09,3,1,1,1,3,1,6,0,16,0,True
deletion_A_keep_s42_f0,deletion_A_keep,k3_K03_K05_K09,3,5,3,2,3,2,6,0,23,7,False
deletion_A_keep_s42_f0,deletion_A_keep,k3_K03_K05_K09,3,10,3,3,3,3,6,0,35,19,False
deletion_A_keep_s42_f0,deletion_A_keep,k3_K01_K02_K06,3,1,2,0,3,0,6,0,16,0,False
deletion_A_keep_s42_f0,deletion_A_keep,k3_K01_K02_K06,3,5,3,3,3,3,6,0,23,7,False
deletion_A_keep_s42_f0,deletion_A_keep,k3_K01_K02_K06,3,10,3,3,3,3,6,0,35,19,False
deletion_A_half_s42_f0,deletion_A_half,k2_K04_K07,2,1,1,1,4,1,7,0,16,0,True
deletion_A_half_s42_f0,deletion_A_half,k2_K04_K07,2,5,2,3,4,3,7,0,23,7,False
deletion_A_half_s42_f0,deletion_A_half,k2_K04_K07,2,10,2,4,4,4,7,0,35,19,False
deletion_A_half_s42_f0,deletion_A_half,k2_K04_K08,2,1,1,1,4,1,7,0,16,0,True
deletion_A_half_s42_f0,deletion_A_half,k2_K04_K08,2,5,2,3,4,3,7,0,23,7,False
deletion_A_half_s42_f0,deletion_A_half,k2_K04_K08,2,10,2,4,4,4,7,0,35,19,False
deletion_A_half_s42_f0,deletion_A_half,k2_K07_K08,2,1,2,1,5,1,7,0,16,0,True
deletion_A_half_s42_f0,deletion_A_half,k2_K07_K08,2,5,2,4,5,4,7,0,22,6,False
deletion_A_half_s42_f0,deletion_A_half,k2_K07_K08,2,10,2,5,5,5,7,0,33,17,False
deletion_A_half_s42_f0,deletion_A_half,k2_K03_K05,2,1,1,1,4,1,7,0,16,0,True
deletion_A_half_s42_f0,deletion_A_half,k2_K03_K05,2,5,2,3,4,3,7,0,23,7,False
deletion_A_half_s42_f0,deletion_A_half,k2_K03_K05,2,10,2,4,4,4,7,0,35,19,False
deletion_A_half_s42_f0,deletion_A_half,k2_K03_K09,2,1,0,1,3,1,7,0,16,0,True
deletion_A_half_s42_f0,deletion_A_half,k2_K03_K09,2,5,2,3,3,3,7,0,23,7,False
deletion_A_half_s42_f0,deletion_A_half,k2_K03_K09,2,10,2,3,3,3,7,0,38,22,False
deletion_A_half_s42_f0,deletion_A_half,k2_K05_K09,2,1,1,1,4,1,7,0,16,0,True
deletion_A_half_s42_f0,deletion_A_half,k2_K05_K09,2,5,2,3,4,3,7,0,23,7,False
deletion_A_half_s42_f0,deletion_A_half,k2_K05_K09,2,10,2,4,4,4,7,0,35,19,False
deletion_A_half_s42_f0,deletion_A_half,k2_K01_K02,2,1,2,0,4,0,7,0,16,0,False
deletion_A_half_s42_f0,deletion_A_half,k2_K01_K02,2,5,2,3,4,3,7,0,23,7,False
deletion_A_half_s42_f0,deletion_A_half,k2_K01_K02,2,10,2,4,4,4,7,0,34,18,False
deletion_A_half_s42_f0,deletion_A_half,k2_K01_K06,2,1,1,0,3,0,7,0,16,0,False
deletion_A_half_s42_f0,deletion_A_half,k2_K01_K06,2,5,2,3,3,3,7,0,23,7,False
deletion_A_half_s42_f0,deletion_A_half,k2_K01_K06,2,10,2,3,3,3,7,0,36,20,False
deletion_A_half_s42_f0,deletion_A_half,k2_K02_K06,2,1,1,1,4,1,7,0,16,0,True
deletion_A_half_s42_f0,deletion_A_half,k2_K02_K06,2,5,2,4,4,4,7,0,23,7,False
deletion_A_half_s42_f0,deletion_A_half,k2_K02_K06,2,10,2,4,4,4,7,0,35,19,False
deletion_A_half_s42_f0,deletion_A_half,k3_K04_K07_K08,3,1,2,1,4,1,6,0,16,0,True
deletion_A_half_s42_f0,deletion_A_half,k3_K04_K07_K08,3,5,3,3,4,3,6,0,23,7,False
deletion_A_half_s42_f0,deletion_A_half,k3_K04_K07_K08,3,10,3,4,4,4,6,0,35,19,False
deletion_A_half_s42_f0,deletion_A_half,k3_K03_K05_K09,3,1,1,1,3,1,6,0,16,0,True
deletion_A_half_s42_f0,deletion_A_half,k3_K03_K05_K09,3,5,3,2,3,2,6,0,23,7,False
deletion_A_half_s42_f0,deletion_A_half,k3_K03_K05_K09,3,10,3,3,3,3,6,0,35,19,False
deletion_A_half_s42_f0,deletion_A_half,k3_K01_K02_K06,3,1,2,0,3,0,6,0,16,0,False
deletion_A_half_s42_f0,deletion_A_half,k3_K01_K02_K06,3,5,3,3,3,3,6,0,23,7,False
deletion_A_half_s42_f0,deletion_A_half,k3_K01_K02_K06,3,10,3,3,3,3,6,0,35,19,False
deletion_A_target_delete_s42_f0,deletion_A_target_delete,k2_K04_K07,2,1,1,1,4,1,7,0,16,0,True
deletion_A_target_delete_s42_f0,deletion_A_target_delete,k2_K04_K07,2,5,2,3,4,3,7,0,23,7,False
deletion_A_target_delete_s42_f0,deletion_A_target_delete,k2_K04_K07,2,10,2,4,4,4,7,0,35,19,False
deletion_A_target_delete_s42_f0,deletion_A_target_delete,k2_K04_K08,2,1,1,1,4,1,7,0,16,0,True
deletion_A_target_delete_s42_f0,deletion_A_target_delete,k2_K04_K08,2,5,2,4,4,4,7,0,23,7,False
deletion_A_target_delete_s42_f0,deletion_A_target_delete,k2_K04_K08,2,10,2,4,4,4,7,0,35,19,False
deletion_A_target_delete_s42_f0,deletion_A_target_delete,k2_K07_K08,2,1,2,1,5,1,7,0,16,0,True
deletion_A_target_delete_s42_f0,deletion_A_target_delete,k2_K07_K08,2,5,2,4,5,4,7,0,22,6,False
deletion_A_target_delete_s42_f0,deletion_A_target_delete,k2_K07_K08,2,10,2,5,5,5,7,0,34,18,False
deletion_A_target_delete_s42_f0,deletion_A_target_delete,k2_K03_K05,2,1,1,1,4,1,7,0,16,0,True
deletion_A_target_delete_s42_f0,deletion_A_target_delete,k2_K03_K05,2,5,2,3,4,3,7,0,23,7,False
deletion_A_target_delete_s42_f0,deletion_A_target_delete,k2_K03_K05,2,10,2,4,4,4,7,0,35,19,False
deletion_A_target_delete_s42_f0,deletion_A_target_delete,k2_K03_K09,2,1,0,1,3,1,7,0,16,0,True
deletion_A_target_delete_s42_f0,deletion_A_target_delete,k2_K03_K09,2,5,2,3,3,3,7,0,26,10,False
deletion_A_target_delete_s42_f0,deletion_A_target_delete,k2_K03_K09,2,10,2,3,3,3,7,0,38,22,False
deletion_A_target_delete_s42_f0,deletion_A_target_delete,k2_K05_K09,2,1,1,1,4,1,7,0,16,0,True
deletion_A_target_delete_s42_f0,deletion_A_target_delete,k2_K05_K09,2,5,2,3,4,3,7,0,23,7,False
deletion_A_target_delete_s42_f0,deletion_A_target_delete,k2_K05_K09,2,10,2,4,4,4,7,0,35,19,False
deletion_A_target_delete_s42_f0,deletion_A_target_delete,k2_K01_K02,2,1,2,0,4,0,7,0,16,0,False
deletion_A_target_delete_s42_f0,deletion_A_target_delete,k2_K01_K02,2,5,2,3,4,3,7,0,23,7,False
deletion_A_target_delete_s42_f0,deletion_A_target_delete,k2_K01_K02,2,10,2,4,4,4,7,0,35,19,False
deletion_A_target_delete_s42_f0,deletion_A_target_delete,k2_K01_K06,2,1,1,0,3,0,7,0,16,0,False
deletion_A_target_delete_s42_f0,deletion_A_target_delete,k2_K01_K06,2,5,2,3,3,3,7,0,24,8,False
deletion_A_target_delete_s42_f0,deletion_A_target_delete,k2_K01_K06,2,10,2,3,3,3,7,0,37,21,False
deletion_A_target_delete_s42_f0,deletion_A_target_delete,k2_K02_K06,2,1,1,1,4,1,7,0,16,0,True
deletion_A_target_delete_s42_f0,deletion_A_target_delete,k2_K02_K06,2,5,2,4,4,4,7,0,23,7,False
deletion_A_target_delete_s42_f0,deletion_A_target_delete,k2_K02_K06,2,10,2,4,4,4,7,0,36,20,False
deletion_A_target_delete_s42_f0,deletion_A_target_delete,k3_K04_K07_K08,3,1,2,1,4,1,6,0,16,0,True
deletion_A_target_delete_s42_f0,deletion_A_target_delete,k3_K04_K07_K08,3,5,3,3,4,3,6,0,23,7,False
deletion_A_target_delete_s42_f0,deletion_A_target_delete,k3_K04_K07_K08,3,10,3,4,4,4,6,0,35,19,False
deletion_A_target_delete_s42_f0,deletion_A_target_delete,k3_K03_K05_K09,3,1,1,1,3,1,6,0,16,0,True
deletion_A_target_delete_s42_f0,deletion_A_target_delete,k3_K03_K05_K09,3,5,3,3,3,3,6,0,23,7,False
deletion_A_target_delete_s42_f0,deletion_A_target_delete,k3_K03_K05_K09,3,10,3,3,3,3,6,0,35,19,False
deletion_A_target_delete_s42_f0,deletion_A_target_delete,k3_K01_K02_K06,3,1,2,0,3,0,6,0,16,0,False
deletion_A_target_delete_s42_f0,deletion_A_target_delete,k3_K01_K02_K06,3,5,3,3,3,3,6,0,23,7,False
deletion_A_target_delete_s42_f0,deletion_A_target_delete,k3_K01_K02_K06,3,10,3,3,3,3,6,0,35,19,False
deletion_A_matched_delete_s42_f0,deletion_A_matched_delete,k2_K04_K07,2,1,1,3,7,3,7,0,14,1,False
deletion_A_matched_delete_s42_f0,deletion_A_matched_delete,k2_K04_K07,2,5,2,5,7,5,7,0,18,5,False
deletion_A_matched_delete_s42_f0,deletion_A_matched_delete,k2_K04_K07,2,10,2,7,7,7,7,0,28,15,False
deletion_A_matched_delete_s42_f0,deletion_A_matched_delete,k2_K04_K08,2,1,1,2,6,2,7,0,14,1,False
deletion_A_matched_delete_s42_f0,deletion_A_matched_delete,k2_K04_K08,2,5,2,4,6,4,7,0,18,5,False
deletion_A_matched_delete_s42_f0,deletion_A_matched_delete,k2_K04_K08,2,10,2,6,6,6,7,0,28,15,False
deletion_A_matched_delete_s42_f0,deletion_A_matched_delete,k2_K07_K08,2,1,2,2,7,2,7,0,14,1,False
deletion_A_matched_delete_s42_f0,deletion_A_matched_delete,k2_K07_K08,2,5,2,5,7,5,7,0,18,5,False
deletion_A_matched_delete_s42_f0,deletion_A_matched_delete,k2_K07_K08,2,10,2,7,7,7,7,0,27,14,False
deletion_A_matched_delete_s42_f0,deletion_A_matched_delete,k2_K03_K05,2,1,1,2,6,2,7,0,14,1,False
deletion_A_matched_delete_s42_f0,deletion_A_matched_delete,k2_K03_K05,2,5,2,5,6,5,7,0,18,5,False
deletion_A_matched_delete_s42_f0,deletion_A_matched_delete,k2_K03_K05,2,10,2,6,6,6,7,0,30,17,False
deletion_A_matched_delete_s42_f0,deletion_A_matched_delete,k2_K03_K09,2,1,0,3,6,3,7,0,15,2,False
deletion_A_matched_delete_s42_f0,deletion_A_matched_delete,k2_K03_K09,2,5,2,5,6,5,7,0,18,5,False
deletion_A_matched_delete_s42_f0,deletion_A_matched_delete,k2_K03_K09,2,10,2,6,6,6,7,0,33,20,False
deletion_A_matched_delete_s42_f0,deletion_A_matched_delete,k2_K05_K09,2,1,1,2,6,2,7,0,14,1,False
deletion_A_matched_delete_s42_f0,deletion_A_matched_delete,k2_K05_K09,2,5,2,4,6,4,7,0,18,5,False
deletion_A_matched_delete_s42_f0,deletion_A_matched_delete,k2_K05_K09,2,10,2,6,6,6,7,0,28,15,False
deletion_A_matched_delete_s42_f0,deletion_A_matched_delete,k2_K01_K02,2,1,1,2,6,2,7,0,14,1,False
deletion_A_matched_delete_s42_f0,deletion_A_matched_delete,k2_K01_K02,2,5,2,4,6,4,7,0,18,5,False
deletion_A_matched_delete_s42_f0,deletion_A_matched_delete,k2_K01_K02,2,10,2,6,6,6,7,0,27,14,False
deletion_A_matched_delete_s42_f0,deletion_A_matched_delete,k2_K01_K06,2,1,0,3,6,3,7,0,15,2,False
deletion_A_matched_delete_s42_f0,deletion_A_matched_delete,k2_K01_K06,2,5,1,5,6,5,7,0,18,5,False
deletion_A_matched_delete_s42_f0,deletion_A_matched_delete,k2_K01_K06,2,10,2,6,6,6,7,0,34,21,False
deletion_A_matched_delete_s42_f0,deletion_A_matched_delete,k2_K02_K06,2,1,1,2,6,2,7,0,15,2,False
deletion_A_matched_delete_s42_f0,deletion_A_matched_delete,k2_K02_K06,2,5,1,5,6,5,7,0,18,5,False
deletion_A_matched_delete_s42_f0,deletion_A_matched_delete,k2_K02_K06,2,10,2,6,6,6,7,0,31,18,False
deletion_A_matched_delete_s42_f0,deletion_A_matched_delete,k3_K04_K07_K08,3,1,2,2,6,2,6,0,14,1,False
deletion_A_matched_delete_s42_f0,deletion_A_matched_delete,k3_K04_K07_K08,3,5,3,4,6,4,6,0,18,5,False
deletion_A_matched_delete_s42_f0,deletion_A_matched_delete,k3_K04_K07_K08,3,10,3,6,6,6,6,0,28,15,False
deletion_A_matched_delete_s42_f0,deletion_A_matched_delete,k3_K03_K05_K09,3,1,1,2,5,2,6,0,15,2,False
deletion_A_matched_delete_s42_f0,deletion_A_matched_delete,k3_K03_K05_K09,3,5,3,4,5,4,6,0,18,5,False
deletion_A_matched_delete_s42_f0,deletion_A_matched_delete,k3_K03_K05_K09,3,10,3,5,5,5,6,0,31,18,False
deletion_A_matched_delete_s42_f0,deletion_A_matched_delete,k3_K01_K02_K06,3,1,1,2,5,2,6,0,15,2,False
deletion_A_matched_delete_s42_f0,deletion_A_matched_delete,k3_K01_K02_K06,3,5,2,4,5,4,6,0,18,5,False
deletion_A_matched_delete_s42_f0,deletion_A_matched_delete,k3_K01_K02_K06,3,10,3,5,5,5,6,0,31,18,False
deletion_C_keep_s42_f0,deletion_C_keep,k2_K04_K07,2,1,0,0,7,0,7,0,12,0,False
deletion_C_keep_s42_f0,deletion_C_keep,k2_K04_K07,2,5,1,4,7,4,7,0,17,5,False
deletion_C_keep_s42_f0,deletion_C_keep,k2_K04_K07,2,10,2,7,7,7,7,0,25,13,False
deletion_C_keep_s42_f0,deletion_C_keep,k2_K04_K08,2,1,0,0,7,0,7,0,12,0,False
deletion_C_keep_s42_f0,deletion_C_keep,k2_K04_K08,2,5,1,4,7,4,7,0,17,5,False
deletion_C_keep_s42_f0,deletion_C_keep,k2_K04_K08,2,10,2,7,7,7,7,0,25,13,False
deletion_C_keep_s42_f0,deletion_C_keep,k2_K07_K08,2,1,0,0,7,0,7,0,12,0,False
deletion_C_keep_s42_f0,deletion_C_keep,k2_K07_K08,2,5,2,3,7,3,7,0,16,4,False
deletion_C_keep_s42_f0,deletion_C_keep,k2_K07_K08,2,10,2,7,7,7,7,0,22,10,False
deletion_C_keep_s42_f0,deletion_C_keep,k2_K03_K05,2,1,0,0,7,0,7,0,12,0,False
deletion_C_keep_s42_f0,deletion_C_keep,k2_K03_K05,2,5,1,4,7,4,7,0,17,5,False
deletion_C_keep_s42_f0,deletion_C_keep,k2_K03_K05,2,10,2,7,7,7,7,0,25,13,False
deletion_C_keep_s42_f0,deletion_C_keep,k2_K03_K09,2,1,0,0,7,0,7,0,12,0,False
deletion_C_keep_s42_f0,deletion_C_keep,k2_K03_K09,2,5,1,5,7,5,7,0,17,5,False
deletion_C_keep_s42_f0,deletion_C_keep,k2_K03_K09,2,10,2,7,7,7,7,0,26,14,False
deletion_C_keep_s42_f0,deletion_C_keep,k2_K05_K09,2,1,0,0,7,0,7,0,12,0,False
deletion_C_keep_s42_f0,deletion_C_keep,k2_K05_K09,2,5,1,4,7,4,7,0,17,5,False
deletion_C_keep_s42_f0,deletion_C_keep,k2_K05_K09,2,10,2,7,7,7,7,0,25,13,False
deletion_C_keep_s42_f0,deletion_C_keep,k2_K01_K02,2,1,0,0,7,0,7,0,12,0,False
deletion_C_keep_s42_f0,deletion_C_keep,k2_K01_K02,2,5,2,3,7,3,7,0,17,5,False
deletion_C_keep_s42_f0,deletion_C_keep,k2_K01_K02,2,10,2,7,7,7,7,0,22,10,False
deletion_C_keep_s42_f0,deletion_C_keep,k2_K01_K06,2,1,0,0,7,0,7,0,12,0,False
deletion_C_keep_s42_f0,deletion_C_keep,k2_K01_K06,2,5,1,4,7,4,7,0,17,5,False
deletion_C_keep_s42_f0,deletion_C_keep,k2_K01_K06,2,10,2,7,7,7,7,0,25,13,False
deletion_C_keep_s42_f0,deletion_C_keep,k2_K02_K06,2,1,0,0,7,0,7,0,12,0,False
deletion_C_keep_s42_f0,deletion_C_keep,k2_K02_K06,2,5,1,4,7,4,7,0,17,5,False
deletion_C_keep_s42_f0,deletion_C_keep,k2_K02_K06,2,10,2,7,7,7,7,0,25,13,False
deletion_C_keep_s42_f0,deletion_C_keep,k3_K04_K07_K08,3,1,0,0,6,0,6,0,12,0,False
deletion_C_keep_s42_f0,deletion_C_keep,k3_K04_K07_K08,3,5,2,3,6,3,6,0,17,5,False
deletion_C_keep_s42_f0,deletion_C_keep,k3_K04_K07_K08,3,10,3,6,6,6,6,0,24,12,False
deletion_C_keep_s42_f0,deletion_C_keep,k3_K03_K05_K09,3,1,0,0,6,0,6,0,12,0,False
deletion_C_keep_s42_f0,deletion_C_keep,k3_K03_K05_K09,3,5,1,4,6,4,6,0,17,5,False
deletion_C_keep_s42_f0,deletion_C_keep,k3_K03_K05_K09,3,10,3,6,6,6,6,0,25,13,False
deletion_C_keep_s42_f0,deletion_C_keep,k3_K01_K02_K06,3,1,0,0,6,0,6,0,12,0,False
deletion_C_keep_s42_f0,deletion_C_keep,k3_K01_K02_K06,3,5,2,3,6,3,6,0,17,5,False
deletion_C_keep_s42_f0,deletion_C_keep,k3_K01_K02_K06,3,10,3,6,6,6,6,0,25,13,False
deletion_C_half_s42_f0,deletion_C_half,k2_K04_K07,2,1,0,0,7,0,7,0,12,0,False
deletion_C_half_s42_f0,deletion_C_half,k2_K04_K07,2,5,1,4,7,4,7,0,17,5,False
deletion_C_half_s42_f0,deletion_C_half,k2_K04_K07,2,10,2,7,7,7,7,0,22,10,False
deletion_C_half_s42_f0,deletion_C_half,k2_K04_K08,2,1,0,0,7,0,7,0,12,0,False
deletion_C_half_s42_f0,deletion_C_half,k2_K04_K08,2,5,1,4,7,4,7,0,17,5,False
deletion_C_half_s42_f0,deletion_C_half,k2_K04_K08,2,10,2,7,7,7,7,0,23,11,False
deletion_C_half_s42_f0,deletion_C_half,k2_K07_K08,2,1,0,0,7,0,7,0,12,0,False
deletion_C_half_s42_f0,deletion_C_half,k2_K07_K08,2,5,2,3,7,3,7,0,16,4,False
deletion_C_half_s42_f0,deletion_C_half,k2_K07_K08,2,10,2,7,7,7,7,0,21,9,False
deletion_C_half_s42_f0,deletion_C_half,k2_K03_K05,2,1,0,0,7,0,7,0,12,0,False
deletion_C_half_s42_f0,deletion_C_half,k2_K03_K05,2,5,1,4,7,4,7,0,17,5,False
deletion_C_half_s42_f0,deletion_C_half,k2_K03_K05,2,10,2,7,7,7,7,0,25,13,False
deletion_C_half_s42_f0,deletion_C_half,k2_K03_K09,2,1,0,0,7,0,7,0,12,0,False
deletion_C_half_s42_f0,deletion_C_half,k2_K03_K09,2,5,0,5,7,5,7,0,17,5,False
deletion_C_half_s42_f0,deletion_C_half,k2_K03_K09,2,10,2,7,7,7,7,0,25,13,False
deletion_C_half_s42_f0,deletion_C_half,k2_K05_K09,2,1,0,0,7,0,7,0,12,0,False
deletion_C_half_s42_f0,deletion_C_half,k2_K05_K09,2,5,1,4,7,4,7,0,17,5,False
deletion_C_half_s42_f0,deletion_C_half,k2_K05_K09,2,10,2,7,7,7,7,0,22,10,False
deletion_C_half_s42_f0,deletion_C_half,k2_K01_K02,2,1,0,0,7,0,7,0,12,0,False
deletion_C_half_s42_f0,deletion_C_half,k2_K01_K02,2,5,2,3,7,3,7,0,17,5,False
deletion_C_half_s42_f0,deletion_C_half,k2_K01_K02,2,10,2,7,7,7,7,0,22,10,False
deletion_C_half_s42_f0,deletion_C_half,k2_K01_K06,2,1,0,0,7,0,7,0,12,0,False
deletion_C_half_s42_f0,deletion_C_half,k2_K01_K06,2,5,1,4,7,4,7,0,17,5,False
deletion_C_half_s42_f0,deletion_C_half,k2_K01_K06,2,10,2,7,7,7,7,0,25,13,False
deletion_C_half_s42_f0,deletion_C_half,k2_K02_K06,2,1,0,0,7,0,7,0,12,0,False
deletion_C_half_s42_f0,deletion_C_half,k2_K02_K06,2,5,1,4,7,4,7,0,17,5,False
deletion_C_half_s42_f0,deletion_C_half,k2_K02_K06,2,10,2,7,7,7,7,0,25,13,False
deletion_C_half_s42_f0,deletion_C_half,k3_K04_K07_K08,3,1,0,0,6,0,6,0,12,0,False
deletion_C_half_s42_f0,deletion_C_half,k3_K04_K07_K08,3,5,2,3,6,3,6,0,17,5,False
deletion_C_half_s42_f0,deletion_C_half,k3_K04_K07_K08,3,10,3,6,6,6,6,0,22,10,False
deletion_C_half_s42_f0,deletion_C_half,k3_K03_K05_K09,3,1,0,0,6,0,6,0,12,0,False
deletion_C_half_s42_f0,deletion_C_half,k3_K03_K05_K09,3,5,1,4,6,4,6,0,17,5,False
deletion_C_half_s42_f0,deletion_C_half,k3_K03_K05_K09,3,10,3,6,6,6,6,0,25,13,False
deletion_C_half_s42_f0,deletion_C_half,k3_K01_K02_K06,3,1,0,0,6,0,6,0,12,0,False
deletion_C_half_s42_f0,deletion_C_half,k3_K01_K02_K06,3,5,2,3,6,3,6,0,17,5,False
deletion_C_half_s42_f0,deletion_C_half,k3_K01_K02_K06,3,10,3,6,6,6,6,0,25,13,False
deletion_C_target_delete_s42_f0,deletion_C_target_delete,k2_K04_K07,2,1,0,0,7,0,7,0,12,2,False
deletion_C_target_delete_s42_f0,deletion_C_target_delete,k2_K04_K07,2,5,1,4,7,4,7,0,16,6,False
deletion_C_target_delete_s42_f0,deletion_C_target_delete,k2_K04_K07,2,10,2,7,7,7,7,0,21,11,False
deletion_C_target_delete_s42_f0,deletion_C_target_delete,k2_K04_K08,2,1,0,0,7,0,7,0,12,2,False
deletion_C_target_delete_s42_f0,deletion_C_target_delete,k2_K04_K08,2,5,1,4,7,4,7,0,17,7,False
deletion_C_target_delete_s42_f0,deletion_C_target_delete,k2_K04_K08,2,10,2,7,7,7,7,0,21,11,False
deletion_C_target_delete_s42_f0,deletion_C_target_delete,k2_K07_K08,2,1,0,0,7,0,7,0,12,2,False
deletion_C_target_delete_s42_f0,deletion_C_target_delete,k2_K07_K08,2,5,2,3,7,3,7,0,15,5,False
deletion_C_target_delete_s42_f0,deletion_C_target_delete,k2_K07_K08,2,10,2,6,7,6,7,0,20,10,False
deletion_C_target_delete_s42_f0,deletion_C_target_delete,k2_K03_K05,2,1,0,0,7,0,7,0,12,2,False
deletion_C_target_delete_s42_f0,deletion_C_target_delete,k2_K03_K05,2,5,1,4,7,4,7,0,17,7,False
deletion_C_target_delete_s42_f0,deletion_C_target_delete,k2_K03_K05,2,10,2,7,7,7,7,0,23,13,False
deletion_C_target_delete_s42_f0,deletion_C_target_delete,k2_K03_K09,2,1,0,0,7,0,7,0,12,2,False
deletion_C_target_delete_s42_f0,deletion_C_target_delete,k2_K03_K09,2,5,0,5,7,5,7,0,17,7,False
deletion_C_target_delete_s42_f0,deletion_C_target_delete,k2_K03_K09,2,10,2,7,7,7,7,0,24,14,False
deletion_C_target_delete_s42_f0,deletion_C_target_delete,k2_K05_K09,2,1,0,0,7,0,7,0,12,2,False
deletion_C_target_delete_s42_f0,deletion_C_target_delete,k2_K05_K09,2,5,1,4,7,4,7,0,16,6,False
deletion_C_target_delete_s42_f0,deletion_C_target_delete,k2_K05_K09,2,10,2,7,7,7,7,0,21,11,False
deletion_C_target_delete_s42_f0,deletion_C_target_delete,k2_K01_K02,2,1,0,0,7,0,7,0,12,2,False
deletion_C_target_delete_s42_f0,deletion_C_target_delete,k2_K01_K02,2,5,2,3,7,3,7,0,16,6,False
deletion_C_target_delete_s42_f0,deletion_C_target_delete,k2_K01_K02,2,10,2,7,7,7,7,0,21,11,False
deletion_C_target_delete_s42_f0,deletion_C_target_delete,k2_K01_K06,2,1,0,0,7,0,7,0,12,2,False
deletion_C_target_delete_s42_f0,deletion_C_target_delete,k2_K01_K06,2,5,1,4,7,4,7,0,17,7,False
deletion_C_target_delete_s42_f0,deletion_C_target_delete,k2_K01_K06,2,10,2,7,7,7,7,0,24,14,False
deletion_C_target_delete_s42_f0,deletion_C_target_delete,k2_K02_K06,2,1,0,0,7,0,7,0,12,2,False
deletion_C_target_delete_s42_f0,deletion_C_target_delete,k2_K02_K06,2,5,1,4,7,4,7,0,17,7,False
deletion_C_target_delete_s42_f0,deletion_C_target_delete,k2_K02_K06,2,10,2,7,7,7,7,0,24,14,False
deletion_C_target_delete_s42_f0,deletion_C_target_delete,k3_K04_K07_K08,3,1,0,0,6,0,6,0,12,2,False
deletion_C_target_delete_s42_f0,deletion_C_target_delete,k3_K04_K07_K08,3,5,2,3,6,3,6,0,16,6,False
deletion_C_target_delete_s42_f0,deletion_C_target_delete,k3_K04_K07_K08,3,10,3,6,6,6,6,0,21,11,False
deletion_C_target_delete_s42_f0,deletion_C_target_delete,k3_K03_K05_K09,3,1,0,0,6,0,6,0,12,2,False
deletion_C_target_delete_s42_f0,deletion_C_target_delete,k3_K03_K05_K09,3,5,1,4,6,4,6,0,17,7,False
deletion_C_target_delete_s42_f0,deletion_C_target_delete,k3_K03_K05_K09,3,10,3,6,6,6,6,0,24,14,False
deletion_C_target_delete_s42_f0,deletion_C_target_delete,k3_K01_K02_K06,3,1,0,0,6,0,6,0,12,2,False
deletion_C_target_delete_s42_f0,deletion_C_target_delete,k3_K01_K02_K06,3,5,2,3,6,3,6,0,17,7,False
deletion_C_target_delete_s42_f0,deletion_C_target_delete,k3_K01_K02_K06,3,10,3,6,6,6,6,0,23,13,False
deletion_C_matched_delete_s42_f0,deletion_C_matched_delete,k2_K04_K07,2,1,0,1,7,1,7,0,14,2,False
deletion_C_matched_delete_s42_f0,deletion_C_matched_delete,k2_K04_K07,2,5,2,5,7,5,7,0,19,7,False
deletion_C_matched_delete_s42_f0,deletion_C_matched_delete,k2_K04_K07,2,10,2,7,7,7,7,0,29,17,False
deletion_C_matched_delete_s42_f0,deletion_C_matched_delete,k2_K04_K08,2,1,0,1,7,1,7,0,14,2,False
deletion_C_matched_delete_s42_f0,deletion_C_matched_delete,k2_K04_K08,2,5,2,5,7,5,7,0,19,7,False
deletion_C_matched_delete_s42_f0,deletion_C_matched_delete,k2_K04_K08,2,10,2,7,7,7,7,0,29,17,False
deletion_C_matched_delete_s42_f0,deletion_C_matched_delete,k2_K07_K08,2,1,0,1,7,1,7,0,14,2,False
deletion_C_matched_delete_s42_f0,deletion_C_matched_delete,k2_K07_K08,2,5,2,3,7,3,7,0,18,6,False
deletion_C_matched_delete_s42_f0,deletion_C_matched_delete,k2_K07_K08,2,10,2,7,7,7,7,0,25,13,False
deletion_C_matched_delete_s42_f0,deletion_C_matched_delete,k2_K03_K05,2,1,1,0,7,0,7,0,14,2,False
deletion_C_matched_delete_s42_f0,deletion_C_matched_delete,k2_K03_K05,2,5,1,6,7,6,7,0,19,7,False
deletion_C_matched_delete_s42_f0,deletion_C_matched_delete,k2_K03_K05,2,10,2,7,7,7,7,0,30,18,False
deletion_C_matched_delete_s42_f0,deletion_C_matched_delete,k2_K03_K09,2,1,0,1,7,1,7,0,14,2,False
deletion_C_matched_delete_s42_f0,deletion_C_matched_delete,k2_K03_K09,2,5,1,6,7,6,7,0,19,7,False
deletion_C_matched_delete_s42_f0,deletion_C_matched_delete,k2_K03_K09,2,10,2,7,7,7,7,0,30,18,False
deletion_C_matched_delete_s42_f0,deletion_C_matched_delete,k2_K05_K09,2,1,1,0,7,0,7,0,14,2,False
deletion_C_matched_delete_s42_f0,deletion_C_matched_delete,k2_K05_K09,2,5,2,5,7,5,7,0,19,7,False
deletion_C_matched_delete_s42_f0,deletion_C_matched_delete,k2_K05_K09,2,10,2,7,7,7,7,0,29,17,False
deletion_C_matched_delete_s42_f0,deletion_C_matched_delete,k2_K01_K02,2,1,0,1,7,1,7,0,14,2,False
deletion_C_matched_delete_s42_f0,deletion_C_matched_delete,k2_K01_K02,2,5,2,4,7,4,7,0,19,7,False
deletion_C_matched_delete_s42_f0,deletion_C_matched_delete,k2_K01_K02,2,10,2,7,7,7,7,0,27,15,False
deletion_C_matched_delete_s42_f0,deletion_C_matched_delete,k2_K01_K06,2,1,0,1,7,1,7,0,14,2,False
deletion_C_matched_delete_s42_f0,deletion_C_matched_delete,k2_K01_K06,2,5,1,6,7,6,7,0,19,7,False
deletion_C_matched_delete_s42_f0,deletion_C_matched_delete,k2_K01_K06,2,10,2,7,7,7,7,0,30,18,False
deletion_C_matched_delete_s42_f0,deletion_C_matched_delete,k2_K02_K06,2,1,0,1,7,1,7,0,14,2,False
deletion_C_matched_delete_s42_f0,deletion_C_matched_delete,k2_K02_K06,2,5,1,6,7,6,7,0,19,7,False
deletion_C_matched_delete_s42_f0,deletion_C_matched_delete,k2_K02_K06,2,10,2,7,7,7,7,0,30,18,False
deletion_C_matched_delete_s42_f0,deletion_C_matched_delete,k3_K04_K07_K08,3,1,0,1,6,1,6,0,14,2,False
deletion_C_matched_delete_s42_f0,deletion_C_matched_delete,k3_K04_K07_K08,3,5,3,3,6,3,6,0,19,7,False
deletion_C_matched_delete_s42_f0,deletion_C_matched_delete,k3_K04_K07_K08,3,10,3,6,6,6,6,0,28,16,False
deletion_C_matched_delete_s42_f0,deletion_C_matched_delete,k3_K03_K05_K09,3,1,1,0,6,0,6,0,14,2,False
deletion_C_matched_delete_s42_f0,deletion_C_matched_delete,k3_K03_K05_K09,3,5,2,5,6,5,6,0,19,7,False
deletion_C_matched_delete_s42_f0,deletion_C_matched_delete,k3_K03_K05_K09,3,10,3,6,6,6,6,0,30,18,False
deletion_C_matched_delete_s42_f0,deletion_C_matched_delete,k3_K01_K02_K06,3,1,0,1,6,1,6,0,14,2,False
deletion_C_matched_delete_s42_f0,deletion_C_matched_delete,k3_K01_K02_K06,3,5,2,5,6,5,6,0,19,7,False
deletion_C_matched_delete_s42_f0,deletion_C_matched_delete,k3_K01_K02_K06,3,10,3,6,6,6,6,0,30,18,False
deletion_A_keep_s42_f1,deletion_A_keep,k2_K04_K07,2,1,1,0,7,0,7,0,10,0,False
deletion_A_keep_s42_f1,deletion_A_keep,k2_K04_K07,2,5,1,5,7,5,7,0,17,7,False
deletion_A_keep_s42_f1,deletion_A_keep,k2_K04_K07,2,10,2,7,7,7,7,0,25,15,False
deletion_A_keep_s42_f1,deletion_A_keep,k2_K04_K08,2,1,0,0,6,0,7,0,10,0,False
deletion_A_keep_s42_f1,deletion_A_keep,k2_K04_K08,2,5,1,4,6,4,7,0,19,9,False
deletion_A_keep_s42_f1,deletion_A_keep,k2_K04_K08,2,10,2,6,6,6,7,0,25,15,False
deletion_A_keep_s42_f1,deletion_A_keep,k2_K07_K08,2,1,1,0,7,0,7,0,10,0,False
deletion_A_keep_s42_f1,deletion_A_keep,k2_K07_K08,2,5,2,4,7,4,7,0,17,7,False
deletion_A_keep_s42_f1,deletion_A_keep,k2_K07_K08,2,10,2,7,7,7,7,0,24,14,False
deletion_A_keep_s42_f1,deletion_A_keep,k2_K03_K05,2,1,0,0,6,0,7,0,10,0,False
deletion_A_keep_s42_f1,deletion_A_keep,k2_K03_K05,2,5,1,4,6,4,7,0,19,9,False
deletion_A_keep_s42_f1,deletion_A_keep,k2_K03_K05,2,10,2,6,6,6,7,0,25,15,False
deletion_A_keep_s42_f1,deletion_A_keep,k2_K03_K09,2,1,0,0,6,0,7,0,10,0,False
deletion_A_keep_s42_f1,deletion_A_keep,k2_K03_K09,2,5,1,5,6,5,7,0,19,9,False
deletion_A_keep_s42_f1,deletion_A_keep,k2_K03_K09,2,10,2,6,6,6,7,0,25,15,False
deletion_A_keep_s42_f1,deletion_A_keep,k2_K05_K09,2,1,0,0,6,0,7,0,10,0,False
deletion_A_keep_s42_f1,deletion_A_keep,k2_K05_K09,2,5,2,3,6,3,7,0,17,7,False
deletion_A_keep_s42_f1,deletion_A_keep,k2_K05_K09,2,10,2,6,6,6,7,0,25,15,False
deletion_A_keep_s42_f1,deletion_A_keep,k2_K01_K02,2,1,0,0,6,0,7,0,10,0,False
deletion_A_keep_s42_f1,deletion_A_keep,k2_K01_K02,2,5,2,3,6,3,7,0,17,7,False
deletion_A_keep_s42_f1,deletion_A_keep,k2_K01_K02,2,10,2,6,6,6,7,0,25,15,False
deletion_A_keep_s42_f1,deletion_A_keep,k2_K01_K06,2,1,0,0,6,0,7,0,10,0,False
deletion_A_keep_s42_f1,deletion_A_keep,k2_K01_K06,2,5,1,4,6,4,7,0,19,9,False
deletion_A_keep_s42_f1,deletion_A_keep,k2_K01_K06,2,10,2,6,6,6,7,0,25,15,False
deletion_A_keep_s42_f1,deletion_A_keep,k2_K02_K06,2,1,0,0,6,0,7,0,10,0,False
deletion_A_keep_s42_f1,deletion_A_keep,k2_K02_K06,2,5,1,4,6,4,7,0,19,9,False
deletion_A_keep_s42_f1,deletion_A_keep,k2_K02_K06,2,10,2,6,6,6,7,0,25,15,False
deletion_A_keep_s42_f1,deletion_A_keep,k3_K04_K07_K08,3,1,1,0,6,0,6,0,10,0,False
deletion_A_keep_s42_f1,deletion_A_keep,k3_K04_K07_K08,3,5,2,4,6,4,6,0,17,7,False
deletion_A_keep_s42_f1,deletion_A_keep,k3_K04_K07_K08,3,10,3,6,6,6,6,0,25,15,False
deletion_A_keep_s42_f1,deletion_A_keep,k3_K03_K05_K09,3,1,0,0,5,0,6,0,10,0,False
deletion_A_keep_s42_f1,deletion_A_keep,k3_K03_K05_K09,3,5,2,3,5,3,6,0,19,9,False
deletion_A_keep_s42_f1,deletion_A_keep,k3_K03_K05_K09,3,10,3,5,5,5,6,0,25,15,False
deletion_A_keep_s42_f1,deletion_A_keep,k3_K01_K02_K06,3,1,0,0,5,0,6,0,10,0,False
deletion_A_keep_s42_f1,deletion_A_keep,k3_K01_K02_K06,3,5,2,3,5,3,6,0,19,9,False
deletion_A_keep_s42_f1,deletion_A_keep,k3_K01_K02_K06,3,10,3,5,5,5,6,0,25,15,False
deletion_A_half_s42_f1,deletion_A_half,k2_K04_K07,2,1,1,0,7,0,7,0,10,0,False
deletion_A_half_s42_f1,deletion_A_half,k2_K04_K07,2,5,1,5,7,5,7,0,17,7,False
deletion_A_half_s42_f1,deletion_A_half,k2_K04_K07,2,10,2,7,7,7,7,0,25,15,False
deletion_A_half_s42_f1,deletion_A_half,k2_K04_K08,2,1,0,0,6,0,7,0,10,0,False
deletion_A_half_s42_f1,deletion_A_half,k2_K04_K08,2,5,1,4,6,4,7,0,18,8,False
deletion_A_half_s42_f1,deletion_A_half,k2_K04_K08,2,10,2,6,6,6,7,0,25,15,False
deletion_A_half_s42_f1,deletion_A_half,k2_K07_K08,2,1,1,0,7,0,7,0,10,0,False
deletion_A_half_s42_f1,deletion_A_half,k2_K07_K08,2,5,2,4,7,4,7,0,17,7,False
deletion_A_half_s42_f1,deletion_A_half,k2_K07_K08,2,10,2,7,7,7,7,0,24,14,False
deletion_A_half_s42_f1,deletion_A_half,k2_K03_K05,2,1,0,0,6,0,7,0,10,0,False
deletion_A_half_s42_f1,deletion_A_half,k2_K03_K05,2,5,1,4,6,4,7,0,18,8,False
deletion_A_half_s42_f1,deletion_A_half,k2_K03_K05,2,10,2,6,6,6,7,0,25,15,False
deletion_A_half_s42_f1,deletion_A_half,k2_K03_K09,2,1,0,0,6,0,7,0,10,0,False
deletion_A_half_s42_f1,deletion_A_half,k2_K03_K09,2,5,1,4,6,4,7,0,18,8,False
deletion_A_half_s42_f1,deletion_A_half,k2_K03_K09,2,10,2,6,6,6,7,0,25,15,False
deletion_A_half_s42_f1,deletion_A_half,k2_K05_K09,2,1,0,0,6,0,7,0,10,0,False
deletion_A_half_s42_f1,deletion_A_half,k2_K05_K09,2,5,2,3,6,3,7,0,17,7,False
deletion_A_half_s42_f1,deletion_A_half,k2_K05_K09,2,10,2,6,6,6,7,0,25,15,False
deletion_A_half_s42_f1,deletion_A_half,k2_K01_K02,2,1,0,0,6,0,7,0,10,0,False
deletion_A_half_s42_f1,deletion_A_half,k2_K01_K02,2,5,2,3,6,3,7,0,17,7,False
deletion_A_half_s42_f1,deletion_A_half,k2_K01_K02,2,10,2,6,6,6,7,0,25,15,False
deletion_A_half_s42_f1,deletion_A_half,k2_K01_K06,2,1,0,0,6,0,7,0,10,0,False
deletion_A_half_s42_f1,deletion_A_half,k2_K01_K06,2,5,1,4,6,4,7,0,18,8,False
deletion_A_half_s42_f1,deletion_A_half,k2_K01_K06,2,10,2,6,6,6,7,0,25,15,False
deletion_A_half_s42_f1,deletion_A_half,k2_K02_K06,2,1,0,0,6,0,7,0,10,0,False
deletion_A_half_s42_f1,deletion_A_half,k2_K02_K06,2,5,1,4,6,4,7,0,18,8,False
deletion_A_half_s42_f1,deletion_A_half,k2_K02_K06,2,10,2,6,6,6,7,0,25,15,False
deletion_A_half_s42_f1,deletion_A_half,k3_K04_K07_K08,3,1,1,0,6,0,6,0,10,0,False
deletion_A_half_s42_f1,deletion_A_half,k3_K04_K07_K08,3,5,2,4,6,4,6,0,17,7,False
deletion_A_half_s42_f1,deletion_A_half,k3_K04_K07_K08,3,10,3,6,6,6,6,0,25,15,False
deletion_A_half_s42_f1,deletion_A_half,k3_K03_K05_K09,3,1,0,0,5,0,6,0,10,0,False
deletion_A_half_s42_f1,deletion_A_half,k3_K03_K05_K09,3,5,2,3,5,3,6,0,18,8,False
deletion_A_half_s42_f1,deletion_A_half,k3_K03_K05_K09,3,10,3,5,5,5,6,0,25,15,False
deletion_A_half_s42_f1,deletion_A_half,k3_K01_K02_K06,3,1,0,0,5,0,6,0,10,0,False
deletion_A_half_s42_f1,deletion_A_half,k3_K01_K02_K06,3,5,2,3,5,3,6,0,18,8,False
deletion_A_half_s42_f1,deletion_A_half,k3_K01_K02_K06,3,10,3,5,5,5,6,0,25,15,False
deletion_A_target_delete_s42_f1,deletion_A_target_delete,k2_K04_K07,2,1,1,0,7,0,7,0,11,1,False
deletion_A_target_delete_s42_f1,deletion_A_target_delete,k2_K04_K07,2,5,1,5,7,5,7,0,18,8,False
deletion_A_target_delete_s42_f1,deletion_A_target_delete,k2_K04_K07,2,10,2,7,7,7,7,0,26,16,False
deletion_A_target_delete_s42_f1,deletion_A_target_delete,k2_K04_K08,2,1,0,1,6,1,7,0,11,1,False
deletion_A_target_delete_s42_f1,deletion_A_target_delete,k2_K04_K08,2,5,2,4,6,4,7,0,19,9,False
deletion_A_target_delete_s42_f1,deletion_A_target_delete,k2_K04_K08,2,10,2,6,6,6,7,0,26,16,False
deletion_A_target_delete_s42_f1,deletion_A_target_delete,k2_K07_K08,2,1,1,0,7,0,7,0,11,1,False
deletion_A_target_delete_s42_f1,deletion_A_target_delete,k2_K07_K08,2,5,2,4,7,4,7,0,18,8,False
deletion_A_target_delete_s42_f1,deletion_A_target_delete,k2_K07_K08,2,10,2,7,7,7,7,0,25,15,False
deletion_A_target_delete_s42_f1,deletion_A_target_delete,k2_K03_K05,2,1,1,0,6,0,7,0,11,1,False
deletion_A_target_delete_s42_f1,deletion_A_target_delete,k2_K03_K05,2,5,1,5,6,5,7,0,18,8,False
deletion_A_target_delete_s42_f1,deletion_A_target_delete,k2_K03_K05,2,10,2,6,6,6,7,0,26,16,False
deletion_A_target_delete_s42_f1,deletion_A_target_delete,k2_K03_K09,2,1,0,1,6,1,7,0,11,1,False
deletion_A_target_delete_s42_f1,deletion_A_target_delete,k2_K03_K09,2,5,1,5,6,5,7,0,19,9,False
deletion_A_target_delete_s42_f1,deletion_A_target_delete,k2_K03_K09,2,10,2,6,6,6,7,0,26,16,False
deletion_A_target_delete_s42_f1,deletion_A_target_delete,k2_K05_K09,2,1,1,0,6,0,7,0,11,1,False
deletion_A_target_delete_s42_f1,deletion_A_target_delete,k2_K05_K09,2,5,2,3,6,3,7,0,18,8,False
deletion_A_target_delete_s42_f1,deletion_A_target_delete,k2_K05_K09,2,10,2,6,6,6,7,0,26,16,False
deletion_A_target_delete_s42_f1,deletion_A_target_delete,k2_K01_K02,2,1,0,1,6,1,7,0,11,1,False
deletion_A_target_delete_s42_f1,deletion_A_target_delete,k2_K01_K02,2,5,2,3,6,3,7,0,18,8,False
deletion_A_target_delete_s42_f1,deletion_A_target_delete,k2_K01_K02,2,10,2,6,6,6,7,0,26,16,False
deletion_A_target_delete_s42_f1,deletion_A_target_delete,k2_K01_K06,2,1,0,1,6,1,7,0,11,1,False
deletion_A_target_delete_s42_f1,deletion_A_target_delete,k2_K01_K06,2,5,1,5,6,5,7,0,19,9,False
deletion_A_target_delete_s42_f1,deletion_A_target_delete,k2_K01_K06,2,10,2,6,6,6,7,0,26,16,False
deletion_A_target_delete_s42_f1,deletion_A_target_delete,k2_K02_K06,2,1,0,1,6,1,7,0,11,1,False
deletion_A_target_delete_s42_f1,deletion_A_target_delete,k2_K02_K06,2,5,1,5,6,5,7,0,19,9,False
deletion_A_target_delete_s42_f1,deletion_A_target_delete,k2_K02_K06,2,10,2,6,6,6,7,0,26,16,False
deletion_A_target_delete_s42_f1,deletion_A_target_delete,k3_K04_K07_K08,3,1,1,1,6,1,6,0,11,1,False
deletion_A_target_delete_s42_f1,deletion_A_target_delete,k3_K04_K07_K08,3,5,2,4,6,4,6,0,18,8,False
deletion_A_target_delete_s42_f1,deletion_A_target_delete,k3_K04_K07_K08,3,10,3,6,6,6,6,0,26,16,False
deletion_A_target_delete_s42_f1,deletion_A_target_delete,k3_K03_K05_K09,3,1,1,0,5,0,6,0,11,1,False
deletion_A_target_delete_s42_f1,deletion_A_target_delete,k3_K03_K05_K09,3,5,2,4,5,4,6,0,18,8,False
deletion_A_target_delete_s42_f1,deletion_A_target_delete,k3_K03_K05_K09,3,10,3,5,5,5,6,0,26,16,False
deletion_A_target_delete_s42_f1,deletion_A_target_delete,k3_K01_K02_K06,3,1,0,1,5,1,6,0,11,1,False
deletion_A_target_delete_s42_f1,deletion_A_target_delete,k3_K01_K02_K06,3,5,2,4,5,4,6,0,19,9,False
deletion_A_target_delete_s42_f1,deletion_A_target_delete,k3_K01_K02_K06,3,10,3,5,5,5,6,0,26,16,False
deletion_A_matched_delete_s42_f1,deletion_A_matched_delete,k2_K04_K07,2,1,1,1,6,1,7,0,14,2,False
deletion_A_matched_delete_s42_f1,deletion_A_matched_delete,k2_K04_K07,2,5,2,5,6,5,7,0,23,11,False
deletion_A_matched_delete_s42_f1,deletion_A_matched_delete,k2_K04_K07,2,10,2,6,6,6,7,0,28,16,False
deletion_A_matched_delete_s42_f1,deletion_A_matched_delete,k2_K04_K08,2,1,1,0,5,0,7,0,14,2,False
deletion_A_matched_delete_s42_f1,deletion_A_matched_delete,k2_K04_K08,2,5,2,5,5,5,7,0,23,11,False
deletion_A_matched_delete_s42_f1,deletion_A_matched_delete,k2_K04_K08,2,10,2,5,5,5,7,0,28,16,False
deletion_A_matched_delete_s42_f1,deletion_A_matched_delete,k2_K07_K08,2,1,2,0,6,0,7,0,14,2,False
deletion_A_matched_delete_s42_f1,deletion_A_matched_delete,k2_K07_K08,2,5,2,4,6,4,7,0,21,9,False
deletion_A_matched_delete_s42_f1,deletion_A_matched_delete,k2_K07_K08,2,10,2,6,6,6,7,0,27,15,False
deletion_A_matched_delete_s42_f1,deletion_A_matched_delete,k2_K03_K05,2,1,1,1,6,1,7,0,14,2,False
deletion_A_matched_delete_s42_f1,deletion_A_matched_delete,k2_K03_K05,2,5,2,6,6,6,7,0,23,11,False
deletion_A_matched_delete_s42_f1,deletion_A_matched_delete,k2_K03_K05,2,10,2,6,6,6,7,0,28,16,False
deletion_A_matched_delete_s42_f1,deletion_A_matched_delete,k2_K03_K09,2,1,0,1,5,1,7,0,14,2,False
deletion_A_matched_delete_s42_f1,deletion_A_matched_delete,k2_K03_K09,2,5,2,5,5,5,7,0,23,11,False
deletion_A_matched_delete_s42_f1,deletion_A_matched_delete,k2_K03_K09,2,10,2,5,5,5,7,0,28,16,False
deletion_A_matched_delete_s42_f1,deletion_A_matched_delete,k2_K05_K09,2,1,1,1,6,1,7,0,14,2,False
deletion_A_matched_delete_s42_f1,deletion_A_matched_delete,k2_K05_K09,2,5,2,5,6,5,7,0,23,11,False
deletion_A_matched_delete_s42_f1,deletion_A_matched_delete,k2_K05_K09,2,10,2,6,6,6,7,0,28,16,False
deletion_A_matched_delete_s42_f1,deletion_A_matched_delete,k2_K01_K02,2,1,0,1,5,1,7,0,14,2,False
deletion_A_matched_delete_s42_f1,deletion_A_matched_delete,k2_K01_K02,2,5,2,4,5,4,7,0,23,11,False
deletion_A_matched_delete_s42_f1,deletion_A_matched_delete,k2_K01_K02,2,10,2,5,5,5,7,0,28,16,False
deletion_A_matched_delete_s42_f1,deletion_A_matched_delete,k2_K01_K06,2,1,0,1,5,1,7,0,14,2,False
deletion_A_matched_delete_s42_f1,deletion_A_matched_delete,k2_K01_K06,2,5,2,5,5,5,7,0,23,11,False
deletion_A_matched_delete_s42_f1,deletion_A_matched_delete,k2_K01_K06,2,10,2,5,5,5,7,0,28,16,False
deletion_A_matched_delete_s42_f1,deletion_A_matched_delete,k2_K02_K06,2,1,0,1,5,1,7,0,14,2,False
deletion_A_matched_delete_s42_f1,deletion_A_matched_delete,k2_K02_K06,2,5,2,5,5,5,7,0,23,11,False
deletion_A_matched_delete_s42_f1,deletion_A_matched_delete,k2_K02_K06,2,10,2,5,5,5,7,0,28,16,False
deletion_A_matched_delete_s42_f1,deletion_A_matched_delete,k3_K04_K07_K08,3,1,2,0,5,0,6,0,14,2,False
deletion_A_matched_delete_s42_f1,deletion_A_matched_delete,k3_K04_K07_K08,3,5,3,4,5,4,6,0,23,11,False
deletion_A_matched_delete_s42_f1,deletion_A_matched_delete,k3_K04_K07_K08,3,10,3,5,5,5,6,0,28,16,False
deletion_A_matched_delete_s42_f1,deletion_A_matched_delete,k3_K03_K05_K09,3,1,1,1,5,1,6,0,14,2,False
deletion_A_matched_delete_s42_f1,deletion_A_matched_delete,k3_K03_K05_K09,3,5,3,5,5,5,6,0,23,11,False
deletion_A_matched_delete_s42_f1,deletion_A_matched_delete,k3_K03_K05_K09,3,10,3,5,5,5,6,0,28,16,False
deletion_A_matched_delete_s42_f1,deletion_A_matched_delete,k3_K01_K02_K06,3,1,0,1,4,1,6,0,14,2,False
deletion_A_matched_delete_s42_f1,deletion_A_matched_delete,k3_K01_K02_K06,3,5,3,4,4,4,6,0,23,11,False
deletion_A_matched_delete_s42_f1,deletion_A_matched_delete,k3_K01_K02_K06,3,10,3,4,4,4,6,0,28,16,False
deletion_C_keep_s42_f1,deletion_C_keep,k2_K04_K07,2,1,1,1,7,1,7,0,13,1,False
deletion_C_keep_s42_f1,deletion_C_keep,k2_K04_K07,2,5,2,5,7,5,7,0,23,11,False
deletion_C_keep_s42_f1,deletion_C_keep,k2_K04_K07,2,10,2,7,7,7,7,0,29,17,False
deletion_C_keep_s42_f1,deletion_C_keep,k2_K04_K08,2,1,1,1,6,1,7,0,13,1,False
deletion_C_keep_s42_f1,deletion_C_keep,k2_K04_K08,2,5,2,5,6,5,7,0,23,11,False
deletion_C_keep_s42_f1,deletion_C_keep,k2_K04_K08,2,10,2,6,6,6,7,0,30,18,False
deletion_C_keep_s42_f1,deletion_C_keep,k2_K07_K08,2,1,1,1,7,1,7,0,13,1,False
deletion_C_keep_s42_f1,deletion_C_keep,k2_K07_K08,2,5,2,5,7,5,7,0,23,11,False
deletion_C_keep_s42_f1,deletion_C_keep,k2_K07_K08,2,10,2,7,7,7,7,0,29,17,False
deletion_C_keep_s42_f1,deletion_C_keep,k2_K03_K05,2,1,1,0,6,0,7,0,13,1,False
deletion_C_keep_s42_f1,deletion_C_keep,k2_K03_K05,2,5,2,5,6,5,7,0,23,11,False
deletion_C_keep_s42_f1,deletion_C_keep,k2_K03_K05,2,10,2,6,6,6,7,0,30,18,False
deletion_C_keep_s42_f1,deletion_C_keep,k2_K03_K09,2,1,0,2,6,2,7,0,14,2,False
deletion_C_keep_s42_f1,deletion_C_keep,k2_K03_K09,2,5,2,6,6,6,7,0,23,11,False
deletion_C_keep_s42_f1,deletion_C_keep,k2_K03_K09,2,10,2,6,6,6,7,0,30,18,False
deletion_C_keep_s42_f1,deletion_C_keep,k2_K05_K09,2,1,1,0,6,0,7,0,13,1,False
deletion_C_keep_s42_f1,deletion_C_keep,k2_K05_K09,2,5,2,5,6,5,7,0,23,11,False
deletion_C_keep_s42_f1,deletion_C_keep,k2_K05_K09,2,10,2,6,6,6,7,0,29,17,False
deletion_C_keep_s42_f1,deletion_C_keep,k2_K01_K02,2,1,0,1,6,1,7,0,13,1,False
deletion_C_keep_s42_f1,deletion_C_keep,k2_K01_K02,2,5,2,5,6,5,7,0,23,11,False
deletion_C_keep_s42_f1,deletion_C_keep,k2_K01_K02,2,10,2,6,6,6,7,0,29,17,False
deletion_C_keep_s42_f1,deletion_C_keep,k2_K01_K06,2,1,0,2,6,2,7,0,14,2,False
deletion_C_keep_s42_f1,deletion_C_keep,k2_K01_K06,2,5,2,6,6,6,7,0,23,11,False
deletion_C_keep_s42_f1,deletion_C_keep,k2_K01_K06,2,10,2,6,6,6,7,0,30,18,False
deletion_C_keep_s42_f1,deletion_C_keep,k2_K02_K06,2,1,0,1,6,1,7,0,14,2,False
deletion_C_keep_s42_f1,deletion_C_keep,k2_K02_K06,2,5,2,6,6,6,7,0,23,11,False
deletion_C_keep_s42_f1,deletion_C_keep,k2_K02_K06,2,10,2,6,6,6,7,0,30,18,False
deletion_C_keep_s42_f1,deletion_C_keep,k3_K04_K07_K08,3,1,1,1,6,1,6,0,13,1,False
deletion_C_keep_s42_f1,deletion_C_keep,k3_K04_K07_K08,3,5,3,4,6,4,6,0,23,11,False
deletion_C_keep_s42_f1,deletion_C_keep,k3_K04_K07_K08,3,10,3,6,6,6,6,0,29,17,False
deletion_C_keep_s42_f1,deletion_C_keep,k3_K03_K05_K09,3,1,1,0,5,0,6,0,13,1,False
deletion_C_keep_s42_f1,deletion_C_keep,k3_K03_K05_K09,3,5,3,4,5,4,6,0,23,11,False
deletion_C_keep_s42_f1,deletion_C_keep,k3_K03_K05_K09,3,10,3,5,5,5,6,0,30,18,False
deletion_C_keep_s42_f1,deletion_C_keep,k3_K01_K02_K06,3,1,0,1,5,1,6,0,14,2,False
deletion_C_keep_s42_f1,deletion_C_keep,k3_K01_K02_K06,3,5,3,5,5,5,6,0,23,11,False
deletion_C_keep_s42_f1,deletion_C_keep,k3_K01_K02_K06,3,10,3,5,5,5,6,0,30,18,False
deletion_C_half_s42_f1,deletion_C_half,k2_K04_K07,2,1,1,1,7,1,7,0,13,2,False
deletion_C_half_s42_f1,deletion_C_half,k2_K04_K07,2,5,2,5,7,5,7,0,23,12,False
deletion_C_half_s42_f1,deletion_C_half,k2_K04_K07,2,10,2,7,7,7,7,0,29,18,False
deletion_C_half_s42_f1,deletion_C_half,k2_K04_K08,2,1,0,1,6,1,7,0,13,2,False
deletion_C_half_s42_f1,deletion_C_half,k2_K04_K08,2,5,2,5,6,5,7,0,23,12,False
deletion_C_half_s42_f1,deletion_C_half,k2_K04_K08,2,10,2,6,6,6,7,0,29,18,False
deletion_C_half_s42_f1,deletion_C_half,k2_K07_K08,2,1,1,1,7,1,7,0,13,2,False
deletion_C_half_s42_f1,deletion_C_half,k2_K07_K08,2,5,2,4,7,4,7,0,22,11,False
deletion_C_half_s42_f1,deletion_C_half,k2_K07_K08,2,10,2,7,7,7,7,0,29,18,False
deletion_C_half_s42_f1,deletion_C_half,k2_K03_K05,2,1,1,0,6,0,7,0,13,2,False
deletion_C_half_s42_f1,deletion_C_half,k2_K03_K05,2,5,2,5,6,5,7,0,23,12,False
deletion_C_half_s42_f1,deletion_C_half,k2_K03_K05,2,10,2,6,6,6,7,0,29,18,False
deletion_C_half_s42_f1,deletion_C_half,k2_K03_K09,2,1,0,1,6,1,7,0,13,2,False
deletion_C_half_s42_f1,deletion_C_half,k2_K03_K09,2,5,2,5,6,5,7,0,23,12,False
deletion_C_half_s42_f1,deletion_C_half,k2_K03_K09,2,10,2,6,6,6,7,0,30,19,False
deletion_C_half_s42_f1,deletion_C_half,k2_K05_K09,2,1,1,0,6,0,7,0,13,2,False
deletion_C_half_s42_f1,deletion_C_half,k2_K05_K09,2,5,2,5,6,5,7,0,23,12,False
deletion_C_half_s42_f1,deletion_C_half,k2_K05_K09,2,10,2,6,6,6,7,0,29,18,False
deletion_C_half_s42_f1,deletion_C_half,k2_K01_K02,2,1,0,1,6,1,7,0,13,2,False
deletion_C_half_s42_f1,deletion_C_half,k2_K01_K02,2,5,2,4,6,4,7,0,23,12,False
deletion_C_half_s42_f1,deletion_C_half,k2_K01_K02,2,10,2,6,6,6,7,0,29,18,False
deletion_C_half_s42_f1,deletion_C_half,k2_K01_K06,2,1,0,1,6,1,7,0,13,2,False
deletion_C_half_s42_f1,deletion_C_half,k2_K01_K06,2,5,2,6,6,6,7,0,23,12,False
deletion_C_half_s42_f1,deletion_C_half,k2_K01_K06,2,10,2,6,6,6,7,0,30,19,False
deletion_C_half_s42_f1,deletion_C_half,k2_K02_K06,2,1,0,1,6,1,7,0,13,2,False
deletion_C_half_s42_f1,deletion_C_half,k2_K02_K06,2,5,2,6,6,6,7,0,23,12,False
deletion_C_half_s42_f1,deletion_C_half,k2_K02_K06,2,10,2,6,6,6,7,0,30,19,False
deletion_C_half_s42_f1,deletion_C_half,k3_K04_K07_K08,3,1,1,1,6,1,6,0,13,2,False
deletion_C_half_s42_f1,deletion_C_half,k3_K04_K07_K08,3,5,3,4,6,4,6,0,23,12,False
deletion_C_half_s42_f1,deletion_C_half,k3_K04_K07_K08,3,10,3,6,6,6,6,0,29,18,False
deletion_C_half_s42_f1,deletion_C_half,k3_K03_K05_K09,3,1,1,0,5,0,6,0,13,2,False
deletion_C_half_s42_f1,deletion_C_half,k3_K03_K05_K09,3,5,3,4,5,4,6,0,23,12,False
deletion_C_half_s42_f1,deletion_C_half,k3_K03_K05_K09,3,10,3,5,5,5,6,0,29,18,False
deletion_C_half_s42_f1,deletion_C_half,k3_K01_K02_K06,3,1,0,1,5,1,6,0,13,2,False
deletion_C_half_s42_f1,deletion_C_half,k3_K01_K02_K06,3,5,2,5,5,5,6,0,23,12,False
deletion_C_half_s42_f1,deletion_C_half,k3_K01_K02_K06,3,10,3,5,5,5,6,0,30,19,False
deletion_C_target_delete_s42_f1,deletion_C_target_delete,k2_K04_K07,2,1,1,1,7,1,7,0,13,1,False
deletion_C_target_delete_s42_f1,deletion_C_target_delete,k2_K04_K07,2,5,2,5,7,5,7,0,22,10,False
deletion_C_target_delete_s42_f1,deletion_C_target_delete,k2_K04_K07,2,10,2,7,7,7,7,0,28,16,False
deletion_C_target_delete_s42_f1,deletion_C_target_delete,k2_K04_K08,2,1,0,1,6,1,7,0,13,1,False
deletion_C_target_delete_s42_f1,deletion_C_target_delete,k2_K04_K08,2,5,2,5,6,5,7,0,23,11,False
deletion_C_target_delete_s42_f1,deletion_C_target_delete,k2_K04_K08,2,10,2,6,6,6,7,0,28,16,False
deletion_C_target_delete_s42_f1,deletion_C_target_delete,k2_K07_K08,2,1,1,1,7,1,7,0,13,1,False
deletion_C_target_delete_s42_f1,deletion_C_target_delete,k2_K07_K08,2,5,2,4,7,4,7,0,22,10,False
deletion_C_target_delete_s42_f1,deletion_C_target_delete,k2_K07_K08,2,10,2,7,7,7,7,0,28,16,False
deletion_C_target_delete_s42_f1,deletion_C_target_delete,k2_K03_K05,2,1,1,0,6,0,7,0,13,1,False
deletion_C_target_delete_s42_f1,deletion_C_target_delete,k2_K03_K05,2,5,2,5,6,5,7,0,23,11,False
deletion_C_target_delete_s42_f1,deletion_C_target_delete,k2_K03_K05,2,10,2,6,6,6,7,0,28,16,False
deletion_C_target_delete_s42_f1,deletion_C_target_delete,k2_K03_K09,2,1,0,1,6,1,7,0,13,1,False
deletion_C_target_delete_s42_f1,deletion_C_target_delete,k2_K03_K09,2,5,2,5,6,5,7,0,23,11,False
deletion_C_target_delete_s42_f1,deletion_C_target_delete,k2_K03_K09,2,10,2,6,6,6,7,0,29,17,False
deletion_C_target_delete_s42_f1,deletion_C_target_delete,k2_K05_K09,2,1,1,0,6,0,7,0,13,1,False
deletion_C_target_delete_s42_f1,deletion_C_target_delete,k2_K05_K09,2,5,2,5,6,5,7,0,23,11,False
deletion_C_target_delete_s42_f1,deletion_C_target_delete,k2_K05_K09,2,10,2,6,6,6,7,0,28,16,False
deletion_C_target_delete_s42_f1,deletion_C_target_delete,k2_K01_K02,2,1,0,1,6,1,7,0,13,1,False
deletion_C_target_delete_s42_f1,deletion_C_target_delete,k2_K01_K02,2,5,2,4,6,4,7,0,23,11,False
deletion_C_target_delete_s42_f1,deletion_C_target_delete,k2_K01_K02,2,10,2,6,6,6,7,0,28,16,False
deletion_C_target_delete_s42_f1,deletion_C_target_delete,k2_K01_K06,2,1,0,1,6,1,7,0,13,1,False
deletion_C_target_delete_s42_f1,deletion_C_target_delete,k2_K01_K06,2,5,2,6,6,6,7,0,23,11,False
deletion_C_target_delete_s42_f1,deletion_C_target_delete,k2_K01_K06,2,10,2,6,6,6,7,0,29,17,False
deletion_C_target_delete_s42_f1,deletion_C_target_delete,k2_K02_K06,2,1,0,1,6,1,7,0,13,1,False
deletion_C_target_delete_s42_f1,deletion_C_target_delete,k2_K02_K06,2,5,2,6,6,6,7,0,23,11,False
deletion_C_target_delete_s42_f1,deletion_C_target_delete,k2_K02_K06,2,10,2,6,6,6,7,0,29,17,False
deletion_C_target_delete_s42_f1,deletion_C_target_delete,k3_K04_K07_K08,3,1,1,1,6,1,6,0,13,1,False
deletion_C_target_delete_s42_f1,deletion_C_target_delete,k3_K04_K07_K08,3,5,3,4,6,4,6,0,22,10,False
deletion_C_target_delete_s42_f1,deletion_C_target_delete,k3_K04_K07_K08,3,10,3,6,6,6,6,0,28,16,False
deletion_C_target_delete_s42_f1,deletion_C_target_delete,k3_K03_K05_K09,3,1,1,0,5,0,6,0,13,1,False
deletion_C_target_delete_s42_f1,deletion_C_target_delete,k3_K03_K05_K09,3,5,3,4,5,4,6,0,23,11,False
deletion_C_target_delete_s42_f1,deletion_C_target_delete,k3_K03_K05_K09,3,10,3,5,5,5,6,0,28,16,False
deletion_C_target_delete_s42_f1,deletion_C_target_delete,k3_K01_K02_K06,3,1,0,1,5,1,6,0,13,1,False
deletion_C_target_delete_s42_f1,deletion_C_target_delete,k3_K01_K02_K06,3,5,2,5,5,5,6,0,23,11,False
deletion_C_target_delete_s42_f1,deletion_C_target_delete,k3_K01_K02_K06,3,10,3,5,5,5,6,0,29,17,False
deletion_C_matched_delete_s42_f1,deletion_C_matched_delete,k2_K04_K07,2,1,1,2,5,2,7,0,20,4,False
deletion_C_matched_delete_s42_f1,deletion_C_matched_delete,k2_K04_K07,2,5,2,5,5,5,7,0,28,12,False
deletion_C_matched_delete_s42_f1,deletion_C_matched_delete,k2_K04_K07,2,10,2,5,5,5,7,0,30,14,False
deletion_C_matched_delete_s42_f1,deletion_C_matched_delete,k2_K04_K08,2,1,1,2,5,2,7,0,21,5,False
deletion_C_matched_delete_s42_f1,deletion_C_matched_delete,k2_K04_K08,2,5,2,5,5,5,7,0,28,12,False
deletion_C_matched_delete_s42_f1,deletion_C_matched_delete,k2_K04_K08,2,10,2,5,5,5,7,0,30,14,False
deletion_C_matched_delete_s42_f1,deletion_C_matched_delete,k2_K07_K08,2,1,2,2,6,2,7,0,20,4,False
deletion_C_matched_delete_s42_f1,deletion_C_matched_delete,k2_K07_K08,2,5,2,6,6,6,7,0,26,10,False
deletion_C_matched_delete_s42_f1,deletion_C_matched_delete,k2_K07_K08,2,10,2,6,6,6,7,0,30,14,False
deletion_C_matched_delete_s42_f1,deletion_C_matched_delete,k2_K03_K05,2,1,1,2,5,2,7,0,21,5,False
deletion_C_matched_delete_s42_f1,deletion_C_matched_delete,k2_K03_K05,2,5,2,5,5,5,7,0,28,12,False
deletion_C_matched_delete_s42_f1,deletion_C_matched_delete,k2_K03_K05,2,10,2,5,5,5,7,0,30,14,False
deletion_C_matched_delete_s42_f1,deletion_C_matched_delete,k2_K03_K09,2,1,0,2,4,2,7,0,21,5,False
deletion_C_matched_delete_s42_f1,deletion_C_matched_delete,k2_K03_K09,2,5,2,4,4,4,7,0,29,13,False
deletion_C_matched_delete_s42_f1,deletion_C_matched_delete,k2_K03_K09,2,10,2,4,4,4,7,0,32,16,False
deletion_C_matched_delete_s42_f1,deletion_C_matched_delete,k2_K05_K09,2,1,1,2,5,2,7,0,20,4,False
deletion_C_matched_delete_s42_f1,deletion_C_matched_delete,k2_K05_K09,2,5,2,5,5,5,7,0,28,12,False
deletion_C_matched_delete_s42_f1,deletion_C_matched_delete,k2_K05_K09,2,10,2,5,5,5,7,0,30,14,False
deletion_C_matched_delete_s42_f1,deletion_C_matched_delete,k2_K01_K02,2,1,2,0,4,0,7,0,21,5,False
deletion_C_matched_delete_s42_f1,deletion_C_matched_delete,k2_K01_K02,2,5,2,4,4,4,7,0,28,12,False
deletion_C_matched_delete_s42_f1,deletion_C_matched_delete,k2_K01_K02,2,10,2,4,4,4,7,0,30,14,False
deletion_C_matched_delete_s42_f1,deletion_C_matched_delete,k2_K01_K06,2,1,1,1,4,1,7,0,21,5,False
deletion_C_matched_delete_s42_f1,deletion_C_matched_delete,k2_K01_K06,2,5,2,4,4,4,7,0,28,12,False
deletion_C_matched_delete_s42_f1,deletion_C_matched_delete,k2_K01_K06,2,10,2,4,4,4,7,0,32,16,False
deletion_C_matched_delete_s42_f1,deletion_C_matched_delete,k2_K02_K06,2,1,1,1,4,1,7,0,21,5,False
deletion_C_matched_delete_s42_f1,deletion_C_matched_delete,k2_K02_K06,2,5,2,4,4,4,7,0,28,12,False
deletion_C_matched_delete_s42_f1,deletion_C_matched_delete,k2_K02_K06,2,10,2,4,4,4,7,0,32,16,False
deletion_C_matched_delete_s42_f1,deletion_C_matched_delete,k3_K04_K07_K08,3,1,2,2,5,2,6,0,20,4,False
deletion_C_matched_delete_s42_f1,deletion_C_matched_delete,k3_K04_K07_K08,3,5,3,5,5,5,6,0,28,12,False
deletion_C_matched_delete_s42_f1,deletion_C_matched_delete,k3_K04_K07_K08,3,10,3,5,5,5,6,0,30,14,False
deletion_C_matched_delete_s42_f1,deletion_C_matched_delete,k3_K03_K05_K09,3,1,1,2,4,2,6,0,21,5,False
deletion_C_matched_delete_s42_f1,deletion_C_matched_delete,k3_K03_K05_K09,3,5,3,4,4,4,6,0,28,12,False
deletion_C_matched_delete_s42_f1,deletion_C_matched_delete,k3_K03_K05_K09,3,10,3,4,4,4,6,0,30,14,False
deletion_C_matched_delete_s42_f1,deletion_C_matched_delete,k3_K01_K02_K06,3,1,2,0,3,0,6,0,21,5,False
deletion_C_matched_delete_s42_f1,deletion_C_matched_delete,k3_K01_K02_K06,3,5,3,3,3,3,6,0,28,12,False
deletion_C_matched_delete_s42_f1,deletion_C_matched_delete,k3_K01_K02_K06,3,10,3,3,3,3,6,0,31,15,False
deletion_A_keep_s42_f2,deletion_A_keep,k2_K04_K07,2,1,2,1,2,1,7,0,17,0,True
deletion_A_keep_s42_f2,deletion_A_keep,k2_K04_K07,2,5,2,2,2,2,7,0,23,6,False
deletion_A_keep_s42_f2,deletion_A_keep,k2_K04_K07,2,10,2,2,2,2,7,0,33,16,False
deletion_A_keep_s42_f2,deletion_A_keep,k2_K04_K08,2,1,2,1,2,1,7,0,17,0,True
deletion_A_keep_s42_f2,deletion_A_keep,k2_K04_K08,2,5,2,2,2,2,7,0,23,6,False
deletion_A_keep_s42_f2,deletion_A_keep,k2_K04_K08,2,10,2,2,2,2,7,0,33,16,False
deletion_A_keep_s42_f2,deletion_A_keep,k2_K07_K08,2,1,2,1,2,1,7,0,17,0,True
deletion_A_keep_s42_f2,deletion_A_keep,k2_K07_K08,2,5,2,2,2,2,7,0,22,5,False
deletion_A_keep_s42_f2,deletion_A_keep,k2_K07_K08,2,10,2,2,2,2,7,0,31,14,False
deletion_A_keep_s42_f2,deletion_A_keep,k2_K03_K05,2,1,2,0,1,0,7,0,17,0,False
deletion_A_keep_s42_f2,deletion_A_keep,k2_K03_K05,2,5,2,1,1,1,7,0,23,6,False
deletion_A_keep_s42_f2,deletion_A_keep,k2_K03_K05,2,10,2,1,1,1,7,0,33,16,False
deletion_A_keep_s42_f2,deletion_A_keep,k2_K03_K09,2,1,2,0,1,0,7,0,17,0,False
deletion_A_keep_s42_f2,deletion_A_keep,k2_K03_K09,2,5,2,1,1,1,7,0,24,7,False
deletion_A_keep_s42_f2,deletion_A_keep,k2_K03_K09,2,10,2,1,1,1,7,0,39,22,False
deletion_A_keep_s42_f2,deletion_A_keep,k2_K05_K09,2,1,2,1,2,1,7,0,17,0,True
deletion_A_keep_s42_f2,deletion_A_keep,k2_K05_K09,2,5,2,2,2,2,7,0,23,6,False
deletion_A_keep_s42_f2,deletion_A_keep,k2_K05_K09,2,10,2,2,2,2,7,0,33,16,False
deletion_A_keep_s42_f2,deletion_A_keep,k2_K01_K02,2,1,2,1,2,1,7,0,17,0,True
deletion_A_keep_s42_f2,deletion_A_keep,k2_K01_K02,2,5,2,2,2,2,7,0,23,6,False
deletion_A_keep_s42_f2,deletion_A_keep,k2_K01_K02,2,10,2,2,2,2,7,0,33,16,False
deletion_A_keep_s42_f2,deletion_A_keep,k2_K01_K06,2,1,1,1,1,1,7,0,17,0,True
deletion_A_keep_s42_f2,deletion_A_keep,k2_K01_K06,2,5,2,1,1,1,7,0,24,7,False
deletion_A_keep_s42_f2,deletion_A_keep,k2_K01_K06,2,10,2,1,1,1,7,0,38,21,False
deletion_A_keep_s42_f2,deletion_A_keep,k2_K02_K06,2,1,1,1,1,1,7,0,17,0,True
deletion_A_keep_s42_f2,deletion_A_keep,k2_K02_K06,2,5,2,1,1,1,7,0,24,7,False
deletion_A_keep_s42_f2,deletion_A_keep,k2_K02_K06,2,10,2,1,1,1,7,0,38,21,False
deletion_A_keep_s42_f2,deletion_A_keep,k3_K04_K07_K08,3,1,3,1,2,1,6,0,17,0,True
deletion_A_keep_s42_f2,deletion_A_keep,k3_K04_K07_K08,3,5,3,2,2,2,6,0,23,6,False
deletion_A_keep_s42_f2,deletion_A_keep,k3_K04_K07_K08,3,10,3,2,2,2,6,0,33,16,False
deletion_A_keep_s42_f2,deletion_A_keep,k3_K03_K05_K09,3,1,3,0,1,0,6,0,17,0,False
deletion_A_keep_s42_f2,deletion_A_keep,k3_K03_K05_K09,3,5,3,1,1,1,6,0,23,6,False
deletion_A_keep_s42_f2,deletion_A_keep,k3_K03_K05_K09,3,10,3,1,1,1,6,0,35,18,False
deletion_A_keep_s42_f2,deletion_A_keep,k3_K01_K02_K06,3,1,2,1,1,1,6,0,17,0,True
deletion_A_keep_s42_f2,deletion_A_keep,k3_K01_K02_K06,3,5,3,1,1,1,6,0,23,6,False
deletion_A_keep_s42_f2,deletion_A_keep,k3_K01_K02_K06,3,10,3,1,1,1,6,0,37,20,False
deletion_A_half_s42_f2,deletion_A_half,k2_K04_K07,2,1,2,1,2,1,7,0,17,0,True
deletion_A_half_s42_f2,deletion_A_half,k2_K04_K07,2,5,2,2,2,2,7,0,23,6,False
deletion_A_half_s42_f2,deletion_A_half,k2_K04_K07,2,10,2,2,2,2,7,0,33,16,False
deletion_A_half_s42_f2,deletion_A_half,k2_K04_K08,2,1,2,1,2,1,7,0,17,0,True
deletion_A_half_s42_f2,deletion_A_half,k2_K04_K08,2,5,2,2,2,2,7,0,24,7,False
deletion_A_half_s42_f2,deletion_A_half,k2_K04_K08,2,10,2,2,2,2,7,0,35,18,False
deletion_A_half_s42_f2,deletion_A_half,k2_K07_K08,2,1,2,1,2,1,7,0,17,0,True
deletion_A_half_s42_f2,deletion_A_half,k2_K07_K08,2,5,2,2,2,2,7,0,23,6,False
deletion_A_half_s42_f2,deletion_A_half,k2_K07_K08,2,10,2,2,2,2,7,0,33,16,False
deletion_A_half_s42_f2,deletion_A_half,k2_K03_K05,2,1,2,0,1,0,7,0,17,0,False
deletion_A_half_s42_f2,deletion_A_half,k2_K03_K05,2,5,2,1,1,1,7,0,23,6,False
deletion_A_half_s42_f2,deletion_A_half,k2_K03_K05,2,10,2,1,1,1,7,0,37,20,False
deletion_A_half_s42_f2,deletion_A_half,k2_K03_K09,2,1,2,0,1,0,7,0,17,0,False
deletion_A_half_s42_f2,deletion_A_half,k2_K03_K09,2,5,2,1,1,1,7,0,25,8,False
deletion_A_half_s42_f2,deletion_A_half,k2_K03_K09,2,10,2,1,1,1,7,0,40,23,False
deletion_A_half_s42_f2,deletion_A_half,k2_K05_K09,2,1,2,1,2,1,7,0,17,0,True
deletion_A_half_s42_f2,deletion_A_half,k2_K05_K09,2,5,2,2,2,2,7,0,23,6,False
deletion_A_half_s42_f2,deletion_A_half,k2_K05_K09,2,10,2,2,2,2,7,0,34,17,False
deletion_A_half_s42_f2,deletion_A_half,k2_K01_K02,2,1,2,1,2,1,7,0,17,0,True
deletion_A_half_s42_f2,deletion_A_half,k2_K01_K02,2,5,2,2,2,2,7,0,23,6,False
deletion_A_half_s42_f2,deletion_A_half,k2_K01_K02,2,10,2,2,2,2,7,0,34,17,False
deletion_A_half_s42_f2,deletion_A_half,k2_K01_K06,2,1,1,1,1,1,7,0,17,0,True
deletion_A_half_s42_f2,deletion_A_half,k2_K01_K06,2,5,2,1,1,1,7,0,25,8,False
deletion_A_half_s42_f2,deletion_A_half,k2_K01_K06,2,10,2,1,1,1,7,0,39,22,False
deletion_A_half_s42_f2,deletion_A_half,k2_K02_K06,2,1,1,1,1,1,7,0,17,0,True
deletion_A_half_s42_f2,deletion_A_half,k2_K02_K06,2,5,2,1,1,1,7,0,25,8,False
deletion_A_half_s42_f2,deletion_A_half,k2_K02_K06,2,10,2,1,1,1,7,0,39,22,False
deletion_A_half_s42_f2,deletion_A_half,k3_K04_K07_K08,3,1,3,1,2,1,6,0,17,0,True
deletion_A_half_s42_f2,deletion_A_half,k3_K04_K07_K08,3,5,3,2,2,2,6,0,23,6,False
deletion_A_half_s42_f2,deletion_A_half,k3_K04_K07_K08,3,10,3,2,2,2,6,0,33,16,False
deletion_A_half_s42_f2,deletion_A_half,k3_K03_K05_K09,3,1,3,0,1,0,6,0,17,0,False
deletion_A_half_s42_f2,deletion_A_half,k3_K03_K05_K09,3,5,3,1,1,1,6,0,24,7,False
deletion_A_half_s42_f2,deletion_A_half,k3_K03_K05_K09,3,10,3,1,1,1,6,0,38,21,False
deletion_A_half_s42_f2,deletion_A_half,k3_K01_K02_K06,3,1,2,1,1,1,6,0,17,0,True
deletion_A_half_s42_f2,deletion_A_half,k3_K01_K02_K06,3,5,3,1,1,1,6,0,24,7,False
deletion_A_half_s42_f2,deletion_A_half,k3_K01_K02_K06,3,10,3,1,1,1,6,0,38,21,False
deletion_A_target_delete_s42_f2,deletion_A_target_delete,k2_K04_K07,2,1,2,0,1,0,7,0,18,1,False
deletion_A_target_delete_s42_f2,deletion_A_target_delete,k2_K04_K07,2,5,2,1,1,1,7,0,24,7,False
deletion_A_target_delete_s42_f2,deletion_A_target_delete,k2_K04_K07,2,10,2,1,1,1,7,0,36,19,False
deletion_A_target_delete_s42_f2,deletion_A_target_delete,k2_K04_K08,2,1,2,0,1,0,7,0,18,1,False
deletion_A_target_delete_s42_f2,deletion_A_target_delete,k2_K04_K08,2,5,2,1,1,1,7,0,25,8,False
deletion_A_target_delete_s42_f2,deletion_A_target_delete,k2_K04_K08,2,10,2,1,1,1,7,0,37,20,False
deletion_A_target_delete_s42_f2,deletion_A_target_delete,k2_K07_K08,2,1,2,0,1,0,7,0,17,0,False
deletion_A_target_delete_s42_f2,deletion_A_target_delete,k2_K07_K08,2,5,2,1,1,1,7,0,23,6,False
deletion_A_target_delete_s42_f2,deletion_A_target_delete,k2_K07_K08,2,10,2,1,1,1,7,0,34,17,False
deletion_A_target_delete_s42_f2,deletion_A_target_delete,k2_K03_K05,2,1,2,0,1,0,7,0,18,1,False
deletion_A_target_delete_s42_f2,deletion_A_target_delete,k2_K03_K05,2,5,2,1,1,1,7,0,25,8,False
deletion_A_target_delete_s42_f2,deletion_A_target_delete,k2_K03_K05,2,10,2,1,1,1,7,0,38,21,False
deletion_A_target_delete_s42_f2,deletion_A_target_delete,k2_K03_K09,2,1,2,0,1,0,7,0,18,1,False
deletion_A_target_delete_s42_f2,deletion_A_target_delete,k2_K03_K09,2,5,2,1,1,1,7,0,28,11,False
deletion_A_target_delete_s42_f2,deletion_A_target_delete,k2_K03_K09,2,10,2,1,1,1,7,0,41,24,False
deletion_A_target_delete_s42_f2,deletion_A_target_delete,k2_K05_K09,2,1,2,0,1,0,7,0,18,1,False
deletion_A_target_delete_s42_f2,deletion_A_target_delete,k2_K05_K09,2,5,2,1,1,1,7,0,25,8,False
deletion_A_target_delete_s42_f2,deletion_A_target_delete,k2_K05_K09,2,10,2,1,1,1,7,0,37,20,False
deletion_A_target_delete_s42_f2,deletion_A_target_delete,k2_K01_K02,2,1,2,0,1,0,7,0,18,1,False
deletion_A_target_delete_s42_f2,deletion_A_target_delete,k2_K01_K02,2,5,2,1,1,1,7,0,24,7,False
deletion_A_target_delete_s42_f2,deletion_A_target_delete,k2_K01_K02,2,10,2,1,1,1,7,0,37,20,False
deletion_A_target_delete_s42_f2,deletion_A_target_delete,k2_K01_K06,2,1,1,0,0,0,7,0,18,1,False
deletion_A_target_delete_s42_f2,deletion_A_target_delete,k2_K01_K06,2,5,2,0,0,0,7,0,28,11,False
deletion_A_target_delete_s42_f2,deletion_A_target_delete,k2_K01_K06,2,10,2,0,0,0,7,0,41,24,False
deletion_A_target_delete_s42_f2,deletion_A_target_delete,k2_K02_K06,2,1,1,0,0,0,7,0,18,1,False
deletion_A_target_delete_s42_f2,deletion_A_target_delete,k2_K02_K06,2,5,2,0,0,0,7,0,28,11,False
deletion_A_target_delete_s42_f2,deletion_A_target_delete,k2_K02_K06,2,10,2,0,0,0,7,0,41,24,False
deletion_A_target_delete_s42_f2,deletion_A_target_delete,k3_K04_K07_K08,3,1,3,0,1,0,6,0,18,1,False
deletion_A_target_delete_s42_f2,deletion_A_target_delete,k3_K04_K07_K08,3,5,3,1,1,1,6,0,24,7,False
deletion_A_target_delete_s42_f2,deletion_A_target_delete,k3_K04_K07_K08,3,10,3,1,1,1,6,0,36,19,False
deletion_A_target_delete_s42_f2,deletion_A_target_delete,k3_K03_K05_K09,3,1,3,0,1,0,6,0,18,1,False
deletion_A_target_delete_s42_f2,deletion_A_target_delete,k3_K03_K05_K09,3,5,3,1,1,1,6,0,25,8,False
deletion_A_target_delete_s42_f2,deletion_A_target_delete,k3_K03_K05_K09,3,10,3,1,1,1,6,0,39,22,False
deletion_A_target_delete_s42_f2,deletion_A_target_delete,k3_K01_K02_K06,3,1,2,0,0,0,6,0,18,1,False
deletion_A_target_delete_s42_f2,deletion_A_target_delete,k3_K01_K02_K06,3,5,3,0,0,0,6,0,26,9,False
deletion_A_target_delete_s42_f2,deletion_A_target_delete,k3_K01_K02_K06,3,10,3,0,0,0,6,0,41,24,False
deletion_A_matched_delete_s42_f2,deletion_A_matched_delete,k2_K04_K07,2,1,2,0,0,0,7,0,26,1,False
deletion_A_matched_delete_s42_f2,deletion_A_matched_delete,k2_K04_K07,2,5,2,0,0,0,7,0,40,15,False
deletion_A_matched_delete_s42_f2,deletion_A_matched_delete,k2_K04_K07,2,10,2,0,0,0,7,0,56,31,False
deletion_A_matched_delete_s42_f2,deletion_A_matched_delete,k2_K04_K08,2,1,2,0,0,0,7,0,27,2,False
deletion_A_matched_delete_s42_f2,deletion_A_matched_delete,k2_K04_K08,2,5,2,0,0,0,7,0,41,16,False
deletion_A_matched_delete_s42_f2,deletion_A_matched_delete,k2_K04_K08,2,10,2,0,0,0,7,0,56,31,False
deletion_A_matched_delete_s42_f2,deletion_A_matched_delete,k2_K07_K08,2,1,2,0,0,0,7,0,26,1,False
deletion_A_matched_delete_s42_f2,deletion_A_matched_delete,k2_K07_K08,2,5,2,0,0,0,7,0,38,13,False
deletion_A_matched_delete_s42_f2,deletion_A_matched_delete,k2_K07_K08,2,10,2,0,0,0,7,0,53,28,False
deletion_A_matched_delete_s42_f2,deletion_A_matched_delete,k2_K03_K05,2,1,2,0,0,0,7,0,27,2,False
deletion_A_matched_delete_s42_f2,deletion_A_matched_delete,k2_K03_K05,2,5,2,0,0,0,7,0,41,16,False
deletion_A_matched_delete_s42_f2,deletion_A_matched_delete,k2_K03_K05,2,10,2,0,0,0,7,0,56,31,False
deletion_A_matched_delete_s42_f2,deletion_A_matched_delete,k2_K03_K09,2,1,2,0,0,0,7,0,27,2,False
deletion_A_matched_delete_s42_f2,deletion_A_matched_delete,k2_K03_K09,2,5,2,0,0,0,7,0,42,17,False
deletion_A_matched_delete_s42_f2,deletion_A_matched_delete,k2_K03_K09,2,10,2,0,0,0,7,0,59,34,False
deletion_A_matched_delete_s42_f2,deletion_A_matched_delete,k2_K05_K09,2,1,2,0,0,0,7,0,27,2,False
deletion_A_matched_delete_s42_f2,deletion_A_matched_delete,k2_K05_K09,2,5,2,0,0,0,7,0,40,15,False
deletion_A_matched_delete_s42_f2,deletion_A_matched_delete,k2_K05_K09,2,10,2,0,0,0,7,0,56,31,False
deletion_A_matched_delete_s42_f2,deletion_A_matched_delete,k2_K01_K02,2,1,2,0,0,0,7,0,26,1,False
deletion_A_matched_delete_s42_f2,deletion_A_matched_delete,k2_K01_K02,2,5,2,0,0,0,7,0,40,15,False
deletion_A_matched_delete_s42_f2,deletion_A_matched_delete,k2_K01_K02,2,10,2,0,0,0,7,0,56,31,False
deletion_A_matched_delete_s42_f2,deletion_A_matched_delete,k2_K01_K06,2,1,2,0,0,0,7,0,27,2,False
deletion_A_matched_delete_s42_f2,deletion_A_matched_delete,k2_K01_K06,2,5,2,0,0,0,7,0,42,17,False
deletion_A_matched_delete_s42_f2,deletion_A_matched_delete,k2_K01_K06,2,10,2,0,0,0,7,0,59,34,False
deletion_A_matched_delete_s42_f2,deletion_A_matched_delete,k2_K02_K06,2,1,2,0,0,0,7,0,27,2,False
deletion_A_matched_delete_s42_f2,deletion_A_matched_delete,k2_K02_K06,2,5,2,0,0,0,7,0,42,17,False
deletion_A_matched_delete_s42_f2,deletion_A_matched_delete,k2_K02_K06,2,10,2,0,0,0,7,0,58,33,False
deletion_A_matched_delete_s42_f2,deletion_A_matched_delete,k3_K04_K07_K08,3,1,3,0,0,0,6,0,26,1,False
deletion_A_matched_delete_s42_f2,deletion_A_matched_delete,k3_K04_K07_K08,3,5,3,0,0,0,6,0,40,15,False
deletion_A_matched_delete_s42_f2,deletion_A_matched_delete,k3_K04_K07_K08,3,10,3,0,0,0,6,0,56,31,False
deletion_A_matched_delete_s42_f2,deletion_A_matched_delete,k3_K03_K05_K09,3,1,3,0,0,0,6,0,27,2,False
deletion_A_matched_delete_s42_f2,deletion_A_matched_delete,k3_K03_K05_K09,3,5,3,0,0,0,6,0,41,16,False
deletion_A_matched_delete_s42_f2,deletion_A_matched_delete,k3_K03_K05_K09,3,10,3,0,0,0,6,0,57,32,False
deletion_A_matched_delete_s42_f2,deletion_A_matched_delete,k3_K01_K02_K06,3,1,3,0,0,0,6,0,27,2,False
deletion_A_matched_delete_s42_f2,deletion_A_matched_delete,k3_K01_K02_K06,3,5,3,0,0,0,6,0,41,16,False
deletion_A_matched_delete_s42_f2,deletion_A_matched_delete,k3_K01_K02_K06,3,10,3,0,0,0,6,0,57,32,False
deletion_C_keep_s42_f2,deletion_C_keep,k2_K04_K07,2,1,2,1,2,1,7,0,19,2,False
deletion_C_keep_s42_f2,deletion_C_keep,k2_K04_K07,2,5,2,2,2,2,7,0,24,7,False
deletion_C_keep_s42_f2,deletion_C_keep,k2_K04_K07,2,10,2,2,2,2,7,0,38,21,False
deletion_C_keep_s42_f2,deletion_C_keep,k2_K04_K08,2,1,2,1,2,1,7,0,19,2,False
deletion_C_keep_s42_f2,deletion_C_keep,k2_K04_K08,2,5,2,2,2,2,7,0,25,8,False
deletion_C_keep_s42_f2,deletion_C_keep,k2_K04_K08,2,10,2,2,2,2,7,0,40,23,False
deletion_C_keep_s42_f2,deletion_C_keep,k2_K07_K08,2,1,2,1,2,1,7,0,19,2,False
deletion_C_keep_s42_f2,deletion_C_keep,k2_K07_K08,2,5,2,2,2,2,7,0,24,7,False
deletion_C_keep_s42_f2,deletion_C_keep,k2_K07_K08,2,10,2,2,2,2,7,0,34,17,False
deletion_C_keep_s42_f2,deletion_C_keep,k2_K03_K05,2,1,2,0,1,0,7,0,19,2,False
deletion_C_keep_s42_f2,deletion_C_keep,k2_K03_K05,2,5,2,1,1,1,7,0,25,8,False
deletion_C_keep_s42_f2,deletion_C_keep,k2_K03_K05,2,10,2,1,1,1,7,0,40,23,False
deletion_C_keep_s42_f2,deletion_C_keep,k2_K03_K09,2,1,2,0,1,0,7,0,20,3,False
deletion_C_keep_s42_f2,deletion_C_keep,k2_K03_K09,2,5,2,1,1,1,7,0,28,11,False
deletion_C_keep_s42_f2,deletion_C_keep,k2_K03_K09,2,10,2,1,1,1,7,0,41,24,False
deletion_C_keep_s42_f2,deletion_C_keep,k2_K05_K09,2,1,2,1,2,1,7,0,19,2,False
deletion_C_keep_s42_f2,deletion_C_keep,k2_K05_K09,2,5,2,2,2,2,7,0,25,8,False
deletion_C_keep_s42_f2,deletion_C_keep,k2_K05_K09,2,10,2,2,2,2,7,0,39,22,False
deletion_C_keep_s42_f2,deletion_C_keep,k2_K01_K02,2,1,2,1,2,1,7,0,19,2,False
deletion_C_keep_s42_f2,deletion_C_keep,k2_K01_K02,2,5,2,2,2,2,7,0,25,8,False
deletion_C_keep_s42_f2,deletion_C_keep,k2_K01_K02,2,10,2,2,2,2,7,0,38,21,False
deletion_C_keep_s42_f2,deletion_C_keep,k2_K01_K06,2,1,1,1,1,1,7,0,20,3,False
deletion_C_keep_s42_f2,deletion_C_keep,k2_K01_K06,2,5,2,1,1,1,7,0,28,11,False
deletion_C_keep_s42_f2,deletion_C_keep,k2_K01_K06,2,10,2,1,1,1,7,0,41,24,False
deletion_C_keep_s42_f2,deletion_C_keep,k2_K02_K06,2,1,1,1,1,1,7,0,20,3,False
deletion_C_keep_s42_f2,deletion_C_keep,k2_K02_K06,2,5,2,1,1,1,7,0,28,11,False
deletion_C_keep_s42_f2,deletion_C_keep,k2_K02_K06,2,10,2,1,1,1,7,0,41,24,False
deletion_C_keep_s42_f2,deletion_C_keep,k3_K04_K07_K08,3,1,3,1,2,1,6,0,19,2,False
deletion_C_keep_s42_f2,deletion_C_keep,k3_K04_K07_K08,3,5,3,2,2,2,6,0,24,7,False
deletion_C_keep_s42_f2,deletion_C_keep,k3_K04_K07_K08,3,10,3,2,2,2,6,0,38,21,False
deletion_C_keep_s42_f2,deletion_C_keep,k3_K03_K05_K09,3,1,3,0,1,0,6,0,19,2,False
deletion_C_keep_s42_f2,deletion_C_keep,k3_K03_K05_K09,3,5,3,1,1,1,6,0,26,9,False
deletion_C_keep_s42_f2,deletion_C_keep,k3_K03_K05_K09,3,10,3,1,1,1,6,0,41,24,False
deletion_C_keep_s42_f2,deletion_C_keep,k3_K01_K02_K06,3,1,2,1,1,1,6,0,19,2,False
deletion_C_keep_s42_f2,deletion_C_keep,k3_K01_K02_K06,3,5,3,1,1,1,6,0,28,11,False
deletion_C_keep_s42_f2,deletion_C_keep,k3_K01_K02_K06,3,10,3,1,1,1,6,0,41,24,False
deletion_C_half_s42_f2,deletion_C_half,k2_K04_K07,2,1,2,1,2,1,7,0,19,2,False
deletion_C_half_s42_f2,deletion_C_half,k2_K04_K07,2,5,2,2,2,2,7,0,24,7,False
deletion_C_half_s42_f2,deletion_C_half,k2_K04_K07,2,10,2,2,2,2,7,0,38,21,False
deletion_C_half_s42_f2,deletion_C_half,k2_K04_K08,2,1,2,1,2,1,7,0,19,2,False
deletion_C_half_s42_f2,deletion_C_half,k2_K04_K08,2,5,2,2,2,2,7,0,25,8,False
deletion_C_half_s42_f2,deletion_C_half,k2_K04_K08,2,10,2,2,2,2,7,0,41,24,False
deletion_C_half_s42_f2,deletion_C_half,k2_K07_K08,2,1,2,1,2,1,7,0,19,2,False
deletion_C_half_s42_f2,deletion_C_half,k2_K07_K08,2,5,2,2,2,2,7,0,24,7,False
deletion_C_half_s42_f2,deletion_C_half,k2_K07_K08,2,10,2,2,2,2,7,0,34,17,False
deletion_C_half_s42_f2,deletion_C_half,k2_K03_K05,2,1,2,0,1,0,7,0,20,3,False
deletion_C_half_s42_f2,deletion_C_half,k2_K03_K05,2,5,2,1,1,1,7,0,25,8,False
deletion_C_half_s42_f2,deletion_C_half,k2_K03_K05,2,10,2,1,1,1,7,0,41,24,False
deletion_C_half_s42_f2,deletion_C_half,k2_K03_K09,2,1,2,0,1,0,7,0,20,3,False
deletion_C_half_s42_f2,deletion_C_half,k2_K03_K09,2,5,2,1,1,1,7,0,28,11,False
deletion_C_half_s42_f2,deletion_C_half,k2_K03_K09,2,10,2,1,1,1,7,0,41,24,False
deletion_C_half_s42_f2,deletion_C_half,k2_K05_K09,2,1,2,1,2,1,7,0,19,2,False
deletion_C_half_s42_f2,deletion_C_half,k2_K05_K09,2,5,2,2,2,2,7,0,25,8,False
deletion_C_half_s42_f2,deletion_C_half,k2_K05_K09,2,10,2,2,2,2,7,0,39,22,False
deletion_C_half_s42_f2,deletion_C_half,k2_K01_K02,2,1,2,1,2,1,7,0,19,2,False
deletion_C_half_s42_f2,deletion_C_half,k2_K01_K02,2,5,2,2,2,2,7,0,25,8,False
deletion_C_half_s42_f2,deletion_C_half,k2_K01_K02,2,10,2,2,2,2,7,0,38,21,False
deletion_C_half_s42_f2,deletion_C_half,k2_K01_K06,2,1,1,1,1,1,7,0,20,3,False
deletion_C_half_s42_f2,deletion_C_half,k2_K01_K06,2,5,2,1,1,1,7,0,28,11,False
deletion_C_half_s42_f2,deletion_C_half,k2_K01_K06,2,10,2,1,1,1,7,0,41,24,False
deletion_C_half_s42_f2,deletion_C_half,k2_K02_K06,2,1,1,1,1,1,7,0,20,3,False
deletion_C_half_s42_f2,deletion_C_half,k2_K02_K06,2,5,2,1,1,1,7,0,28,11,False
deletion_C_half_s42_f2,deletion_C_half,k2_K02_K06,2,10,2,1,1,1,7,0,41,24,False
deletion_C_half_s42_f2,deletion_C_half,k3_K04_K07_K08,3,1,3,1,2,1,6,0,19,2,False
deletion_C_half_s42_f2,deletion_C_half,k3_K04_K07_K08,3,5,3,2,2,2,6,0,24,7,False
deletion_C_half_s42_f2,deletion_C_half,k3_K04_K07_K08,3,10,3,2,2,2,6,0,38,21,False
deletion_C_half_s42_f2,deletion_C_half,k3_K03_K05_K09,3,1,3,0,1,0,6,0,20,3,False
deletion_C_half_s42_f2,deletion_C_half,k3_K03_K05_K09,3,5,3,1,1,1,6,0,26,9,False
deletion_C_half_s42_f2,deletion_C_half,k3_K03_K05_K09,3,10,3,1,1,1,6,0,41,24,False
deletion_C_half_s42_f2,deletion_C_half,k3_K01_K02_K06,3,1,2,1,1,1,6,0,20,3,False
deletion_C_half_s42_f2,deletion_C_half,k3_K01_K02_K06,3,5,3,1,1,1,6,0,27,10,False
deletion_C_half_s42_f2,deletion_C_half,k3_K01_K02_K06,3,10,3,1,1,1,6,0,41,24,False
deletion_C_target_delete_s42_f2,deletion_C_target_delete,k2_K04_K07,2,1,2,0,1,0,7,0,20,4,False
deletion_C_target_delete_s42_f2,deletion_C_target_delete,k2_K04_K07,2,5,2,1,1,1,7,0,25,9,False
deletion_C_target_delete_s42_f2,deletion_C_target_delete,k2_K04_K07,2,10,2,1,1,1,7,0,37,21,False
deletion_C_target_delete_s42_f2,deletion_C_target_delete,k2_K04_K08,2,1,2,0,1,0,7,0,20,4,False
deletion_C_target_delete_s42_f2,deletion_C_target_delete,k2_K04_K08,2,5,2,1,1,1,7,0,27,11,False
deletion_C_target_delete_s42_f2,deletion_C_target_delete,k2_K04_K08,2,10,2,1,1,1,7,0,41,25,False
deletion_C_target_delete_s42_f2,deletion_C_target_delete,k2_K07_K08,2,1,2,0,1,0,7,0,19,3,False
deletion_C_target_delete_s42_f2,deletion_C_target_delete,k2_K07_K08,2,5,2,1,1,1,7,0,25,9,False
deletion_C_target_delete_s42_f2,deletion_C_target_delete,k2_K07_K08,2,10,2,1,1,1,7,0,34,18,False
deletion_C_target_delete_s42_f2,deletion_C_target_delete,k2_K03_K05,2,1,2,0,1,0,7,0,20,4,False
deletion_C_target_delete_s42_f2,deletion_C_target_delete,k2_K03_K05,2,5,2,1,1,1,7,0,28,12,False
deletion_C_target_delete_s42_f2,deletion_C_target_delete,k2_K03_K05,2,10,2,1,1,1,7,0,41,25,False
deletion_C_target_delete_s42_f2,deletion_C_target_delete,k2_K03_K09,2,1,2,0,1,0,7,0,20,4,False
deletion_C_target_delete_s42_f2,deletion_C_target_delete,k2_K03_K09,2,5,2,1,1,1,7,0,29,13,False
deletion_C_target_delete_s42_f2,deletion_C_target_delete,k2_K03_K09,2,10,2,1,1,1,7,0,41,25,False
deletion_C_target_delete_s42_f2,deletion_C_target_delete,k2_K05_K09,2,1,2,0,1,0,7,0,20,4,False
deletion_C_target_delete_s42_f2,deletion_C_target_delete,k2_K05_K09,2,5,2,1,1,1,7,0,26,10,False
deletion_C_target_delete_s42_f2,deletion_C_target_delete,k2_K05_K09,2,10,2,1,1,1,7,0,41,25,False
deletion_C_target_delete_s42_f2,deletion_C_target_delete,k2_K01_K02,2,1,2,0,1,0,7,0,20,4,False
deletion_C_target_delete_s42_f2,deletion_C_target_delete,k2_K01_K02,2,5,2,1,1,1,7,0,26,10,False
deletion_C_target_delete_s42_f2,deletion_C_target_delete,k2_K01_K02,2,10,2,1,1,1,7,0,40,24,False
deletion_C_target_delete_s42_f2,deletion_C_target_delete,k2_K01_K06,2,1,1,0,0,0,7,0,20,4,False
deletion_C_target_delete_s42_f2,deletion_C_target_delete,k2_K01_K06,2,5,2,0,0,0,7,0,29,13,False
deletion_C_target_delete_s42_f2,deletion_C_target_delete,k2_K01_K06,2,10,2,0,0,0,7,0,41,25,False
deletion_C_target_delete_s42_f2,deletion_C_target_delete,k2_K02_K06,2,1,1,0,0,0,7,0,20,4,False
deletion_C_target_delete_s42_f2,deletion_C_target_delete,k2_K02_K06,2,5,2,0,0,0,7,0,29,13,False
deletion_C_target_delete_s42_f2,deletion_C_target_delete,k2_K02_K06,2,10,2,0,0,0,7,0,41,25,False
deletion_C_target_delete_s42_f2,deletion_C_target_delete,k3_K04_K07_K08,3,1,3,0,1,0,6,0,20,4,False
deletion_C_target_delete_s42_f2,deletion_C_target_delete,k3_K04_K07_K08,3,5,3,1,1,1,6,0,25,9,False
deletion_C_target_delete_s42_f2,deletion_C_target_delete,k3_K04_K07_K08,3,10,3,1,1,1,6,0,36,20,False
deletion_C_target_delete_s42_f2,deletion_C_target_delete,k3_K03_K05_K09,3,1,3,0,1,0,6,0,20,4,False
deletion_C_target_delete_s42_f2,deletion_C_target_delete,k3_K03_K05_K09,3,5,3,1,1,1,6,0,28,12,False
deletion_C_target_delete_s42_f2,deletion_C_target_delete,k3_K03_K05_K09,3,10,3,1,1,1,6,0,41,25,False
deletion_C_target_delete_s42_f2,deletion_C_target_delete,k3_K01_K02_K06,3,1,2,0,0,0,6,0,20,4,False
deletion_C_target_delete_s42_f2,deletion_C_target_delete,k3_K01_K02_K06,3,5,3,0,0,0,6,0,28,12,False
deletion_C_target_delete_s42_f2,deletion_C_target_delete,k3_K01_K02_K06,3,10,3,0,0,0,6,0,41,25,False
deletion_C_matched_delete_s42_f2,deletion_C_matched_delete,k2_K04_K07,2,1,2,0,1,0,7,0,19,2,False
deletion_C_matched_delete_s42_f2,deletion_C_matched_delete,k2_K04_K07,2,5,2,1,1,1,7,0,30,13,False
deletion_C_matched_delete_s42_f2,deletion_C_matched_delete,k2_K04_K07,2,10,2,1,1,1,7,0,41,24,False
deletion_C_matched_delete_s42_f2,deletion_C_matched_delete,k2_K04_K08,2,1,2,0,1,0,7,0,19,2,False
deletion_C_matched_delete_s42_f2,deletion_C_matched_delete,k2_K04_K08,2,5,2,1,1,1,7,0,30,13,False
deletion_C_matched_delete_s42_f2,deletion_C_matched_delete,k2_K04_K08,2,10,2,1,1,1,7,0,41,24,False
deletion_C_matched_delete_s42_f2,deletion_C_matched_delete,k2_K07_K08,2,1,2,0,1,0,7,0,19,2,False
deletion_C_matched_delete_s42_f2,deletion_C_matched_delete,k2_K07_K08,2,5,2,1,1,1,7,0,28,11,False
deletion_C_matched_delete_s42_f2,deletion_C_matched_delete,k2_K07_K08,2,10,2,1,1,1,7,0,37,20,False
deletion_C_matched_delete_s42_f2,deletion_C_matched_delete,k2_K03_K05,2,1,2,0,1,0,7,0,19,2,False
deletion_C_matched_delete_s42_f2,deletion_C_matched_delete,k2_K03_K05,2,5,2,1,1,1,7,0,30,13,False
deletion_C_matched_delete_s42_f2,deletion_C_matched_delete,k2_K03_K05,2,10,2,1,1,1,7,0,41,24,False
deletion_C_matched_delete_s42_f2,deletion_C_matched_delete,k2_K03_K09,2,1,2,0,1,0,7,0,20,3,False
deletion_C_matched_delete_s42_f2,deletion_C_matched_delete,k2_K03_K09,2,5,2,1,1,1,7,0,31,14,False
deletion_C_matched_delete_s42_f2,deletion_C_matched_delete,k2_K03_K09,2,10,2,1,1,1,7,0,42,25,False
deletion_C_matched_delete_s42_f2,deletion_C_matched_delete,k2_K05_K09,2,1,2,0,1,0,7,0,19,2,False
deletion_C_matched_delete_s42_f2,deletion_C_matched_delete,k2_K05_K09,2,5,2,1,1,1,7,0,30,13,False
deletion_C_matched_delete_s42_f2,deletion_C_matched_delete,k2_K05_K09,2,10,2,1,1,1,7,0,41,24,False
deletion_C_matched_delete_s42_f2,deletion_C_matched_delete,k2_K01_K02,2,1,2,0,1,0,7,0,19,2,False
deletion_C_matched_delete_s42_f2,deletion_C_matched_delete,k2_K01_K02,2,5,2,1,1,1,7,0,30,13,False
deletion_C_matched_delete_s42_f2,deletion_C_matched_delete,k2_K01_K02,2,10,2,1,1,1,7,0,41,24,False
deletion_C_matched_delete_s42_f2,deletion_C_matched_delete,k2_K01_K06,2,1,1,0,0,0,7,0,20,3,False
deletion_C_matched_delete_s42_f2,deletion_C_matched_delete,k2_K01_K06,2,5,2,0,0,0,7,0,31,14,False
deletion_C_matched_delete_s42_f2,deletion_C_matched_delete,k2_K01_K06,2,10,2,0,0,0,7,0,42,25,False
deletion_C_matched_delete_s42_f2,deletion_C_matched_delete,k2_K02_K06,2,1,1,0,0,0,7,0,20,3,False
deletion_C_matched_delete_s42_f2,deletion_C_matched_delete,k2_K02_K06,2,5,2,0,0,0,7,0,31,14,False
deletion_C_matched_delete_s42_f2,deletion_C_matched_delete,k2_K02_K06,2,10,2,0,0,0,7,0,42,25,False
deletion_C_matched_delete_s42_f2,deletion_C_matched_delete,k3_K04_K07_K08,3,1,3,0,1,0,6,0,19,2,False
deletion_C_matched_delete_s42_f2,deletion_C_matched_delete,k3_K04_K07_K08,3,5,3,1,1,1,6,0,30,13,False
deletion_C_matched_delete_s42_f2,deletion_C_matched_delete,k3_K04_K07_K08,3,10,3,1,1,1,6,0,41,24,False
deletion_C_matched_delete_s42_f2,deletion_C_matched_delete,k3_K03_K05_K09,3,1,3,0,1,0,6,0,20,3,False
deletion_C_matched_delete_s42_f2,deletion_C_matched_delete,k3_K03_K05_K09,3,5,3,1,1,1,6,0,30,13,False
deletion_C_matched_delete_s42_f2,deletion_C_matched_delete,k3_K03_K05_K09,3,10,3,1,1,1,6,0,41,24,False
deletion_C_matched_delete_s42_f2,deletion_C_matched_delete,k3_K01_K02_K06,3,1,2,0,0,0,6,0,20,3,False
deletion_C_matched_delete_s42_f2,deletion_C_matched_delete,k3_K01_K02_K06,3,5,3,0,0,0,6,0,30,13,False
deletion_C_matched_delete_s42_f2,deletion_C_matched_delete,k3_K01_K02_K06,3,10,3,0,0,0,6,0,41,24,False
deletion_A_keep_s101_f0,deletion_A_keep,k2_K04_K07,2,1,2,1,1,1,7,0,34,6,False
deletion_A_keep_s101_f0,deletion_A_keep,k2_K04_K07,2,5,2,1,1,1,7,0,44,16,False
deletion_A_keep_s101_f0,deletion_A_keep,k2_K04_K07,2,10,2,1,1,1,7,0,57,29,False
deletion_A_keep_s101_f0,deletion_A_keep,k2_K04_K08,2,1,2,1,1,1,7,0,34,6,False
deletion_A_keep_s101_f0,deletion_A_keep,k2_K04_K08,2,5,2,1,1,1,7,0,46,18,False
deletion_A_keep_s101_f0,deletion_A_keep,k2_K04_K08,2,10,2,1,1,1,7,0,58,30,False
deletion_A_keep_s101_f0,deletion_A_keep,k2_K07_K08,2,1,2,1,1,1,7,0,33,5,False
deletion_A_keep_s101_f0,deletion_A_keep,k2_K07_K08,2,5,2,1,1,1,7,0,43,15,False
deletion_A_keep_s101_f0,deletion_A_keep,k2_K07_K08,2,10,2,1,1,1,7,0,56,28,False
deletion_A_keep_s101_f0,deletion_A_keep,k2_K03_K05,2,1,2,1,1,1,7,0,34,6,False
deletion_A_keep_s101_f0,deletion_A_keep,k2_K03_K05,2,5,2,1,1,1,7,0,46,18,False
deletion_A_keep_s101_f0,deletion_A_keep,k2_K03_K05,2,10,2,1,1,1,7,0,58,30,False
deletion_A_keep_s101_f0,deletion_A_keep,k2_K03_K09,2,1,2,1,1,1,7,0,34,6,False
deletion_A_keep_s101_f0,deletion_A_keep,k2_K03_K09,2,5,2,1,1,1,7,0,47,19,False
deletion_A_keep_s101_f0,deletion_A_keep,k2_K03_K09,2,10,2,1,1,1,7,0,63,35,False
deletion_A_keep_s101_f0,deletion_A_keep,k2_K05_K09,2,1,2,1,1,1,7,0,34,6,False
deletion_A_keep_s101_f0,deletion_A_keep,k2_K05_K09,2,5,2,1,1,1,7,0,44,16,False
deletion_A_keep_s101_f0,deletion_A_keep,k2_K05_K09,2,10,2,1,1,1,7,0,57,29,False
deletion_A_keep_s101_f0,deletion_A_keep,k2_K01_K02,2,1,2,1,1,1,7,0,34,6,False
deletion_A_keep_s101_f0,deletion_A_keep,k2_K01_K02,2,5,2,1,1,1,7,0,44,16,False
deletion_A_keep_s101_f0,deletion_A_keep,k2_K01_K02,2,10,2,1,1,1,7,0,57,29,False
deletion_A_keep_s101_f0,deletion_A_keep,k2_K01_K06,2,1,2,0,0,0,7,0,34,6,False
deletion_A_keep_s101_f0,deletion_A_keep,k2_K01_K06,2,5,2,0,0,0,7,0,47,19,False
deletion_A_keep_s101_f0,deletion_A_keep,k2_K01_K06,2,10,2,0,0,0,7,0,63,35,False
deletion_A_keep_s101_f0,deletion_A_keep,k2_K02_K06,2,1,2,0,0,0,7,0,34,6,False
deletion_A_keep_s101_f0,deletion_A_keep,k2_K02_K06,2,5,2,0,0,0,7,0,47,19,False
deletion_A_keep_s101_f0,deletion_A_keep,k2_K02_K06,2,10,2,0,0,0,7,0,63,35,False
deletion_A_keep_s101_f0,deletion_A_keep,k3_K04_K07_K08,3,1,3,1,1,1,6,0,33,5,False
deletion_A_keep_s101_f0,deletion_A_keep,k3_K04_K07_K08,3,5,3,1,1,1,6,0,44,16,False
deletion_A_keep_s101_f0,deletion_A_keep,k3_K04_K07_K08,3,10,3,1,1,1,6,0,57,29,False
deletion_A_keep_s101_f0,deletion_A_keep,k3_K03_K05_K09,3,1,3,1,1,1,6,0,34,6,False
deletion_A_keep_s101_f0,deletion_A_keep,k3_K03_K05_K09,3,5,3,1,1,1,6,0,47,19,False
deletion_A_keep_s101_f0,deletion_A_keep,k3_K03_K05_K09,3,10,3,1,1,1,6,0,62,34,False
deletion_A_keep_s101_f0,deletion_A_keep,k3_K01_K02_K06,3,1,3,0,0,0,6,0,34,6,False
deletion_A_keep_s101_f0,deletion_A_keep,k3_K01_K02_K06,3,5,3,0,0,0,6,0,47,19,False
deletion_A_keep_s101_f0,deletion_A_keep,k3_K01_K02_K06,3,10,3,0,0,0,6,0,62,34,False
deletion_A_half_s101_f0,deletion_A_half,k2_K04_K07,2,1,2,1,1,1,7,0,33,5,False
deletion_A_half_s101_f0,deletion_A_half,k2_K04_K07,2,5,2,1,1,1,7,0,44,16,False
deletion_A_half_s101_f0,deletion_A_half,k2_K04_K07,2,10,2,1,1,1,7,0,57,29,False
deletion_A_half_s101_f0,deletion_A_half,k2_K04_K08,2,1,2,1,1,1,7,0,34,6,False
deletion_A_half_s101_f0,deletion_A_half,k2_K04_K08,2,5,2,1,1,1,7,0,45,17,False
deletion_A_half_s101_f0,deletion_A_half,k2_K04_K08,2,10,2,1,1,1,7,0,58,30,False
deletion_A_half_s101_f0,deletion_A_half,k2_K07_K08,2,1,2,1,1,1,7,0,33,5,False
deletion_A_half_s101_f0,deletion_A_half,k2_K07_K08,2,5,2,1,1,1,7,0,43,15,False
deletion_A_half_s101_f0,deletion_A_half,k2_K07_K08,2,10,2,1,1,1,7,0,56,28,False
deletion_A_half_s101_f0,deletion_A_half,k2_K03_K05,2,1,2,1,1,1,7,0,34,6,False
deletion_A_half_s101_f0,deletion_A_half,k2_K03_K05,2,5,2,1,1,1,7,0,46,18,False
deletion_A_half_s101_f0,deletion_A_half,k2_K03_K05,2,10,2,1,1,1,7,0,58,30,False
deletion_A_half_s101_f0,deletion_A_half,k2_K03_K09,2,1,2,1,1,1,7,0,35,7,False
deletion_A_half_s101_f0,deletion_A_half,k2_K03_K09,2,5,2,1,1,1,7,0,47,19,False
deletion_A_half_s101_f0,deletion_A_half,k2_K03_K09,2,10,2,1,1,1,7,0,63,35,False
deletion_A_half_s101_f0,deletion_A_half,k2_K05_K09,2,1,2,1,1,1,7,0,33,5,False
deletion_A_half_s101_f0,deletion_A_half,k2_K05_K09,2,5,2,1,1,1,7,0,44,16,False
deletion_A_half_s101_f0,deletion_A_half,k2_K05_K09,2,10,2,1,1,1,7,0,57,29,False
deletion_A_half_s101_f0,deletion_A_half,k2_K01_K02,2,1,2,1,1,1,7,0,33,5,False
deletion_A_half_s101_f0,deletion_A_half,k2_K01_K02,2,5,2,1,1,1,7,0,44,16,False
deletion_A_half_s101_f0,deletion_A_half,k2_K01_K02,2,10,2,1,1,1,7,0,57,29,False
deletion_A_half_s101_f0,deletion_A_half,k2_K01_K06,2,1,2,0,0,0,7,0,34,6,False
deletion_A_half_s101_f0,deletion_A_half,k2_K01_K06,2,5,2,0,0,0,7,0,47,19,False
deletion_A_half_s101_f0,deletion_A_half,k2_K01_K06,2,10,2,0,0,0,7,0,63,35,False
deletion_A_half_s101_f0,deletion_A_half,k2_K02_K06,2,1,2,0,0,0,7,0,34,6,False
deletion_A_half_s101_f0,deletion_A_half,k2_K02_K06,2,5,2,0,0,0,7,0,47,19,False
deletion_A_half_s101_f0,deletion_A_half,k2_K02_K06,2,10,2,0,0,0,7,0,63,35,False
deletion_A_half_s101_f0,deletion_A_half,k3_K04_K07_K08,3,1,3,1,1,1,6,0,33,5,False
deletion_A_half_s101_f0,deletion_A_half,k3_K04_K07_K08,3,5,3,1,1,1,6,0,44,16,False
deletion_A_half_s101_f0,deletion_A_half,k3_K04_K07_K08,3,10,3,1,1,1,6,0,57,29,False
deletion_A_half_s101_f0,deletion_A_half,k3_K03_K05_K09,3,1,3,1,1,1,6,0,34,6,False
deletion_A_half_s101_f0,deletion_A_half,k3_K03_K05_K09,3,5,3,1,1,1,6,0,47,19,False
deletion_A_half_s101_f0,deletion_A_half,k3_K03_K05_K09,3,10,3,1,1,1,6,0,62,34,False
deletion_A_half_s101_f0,deletion_A_half,k3_K01_K02_K06,3,1,3,0,0,0,6,0,34,6,False
deletion_A_half_s101_f0,deletion_A_half,k3_K01_K02_K06,3,5,3,0,0,0,6,0,47,19,False
deletion_A_half_s101_f0,deletion_A_half,k3_K01_K02_K06,3,10,3,0,0,0,6,0,62,34,False
deletion_A_target_delete_s101_f0,deletion_A_target_delete,k2_K04_K07,2,1,2,1,1,1,7,0,34,5,False
deletion_A_target_delete_s101_f0,deletion_A_target_delete,k2_K04_K07,2,5,2,1,1,1,7,0,45,16,False
deletion_A_target_delete_s101_f0,deletion_A_target_delete,k2_K04_K07,2,10,2,1,1,1,7,0,57,28,False
deletion_A_target_delete_s101_f0,deletion_A_target_delete,k2_K04_K08,2,1,2,1,1,1,7,0,36,7,False
deletion_A_target_delete_s101_f0,deletion_A_target_delete,k2_K04_K08,2,5,2,1,1,1,7,0,45,16,False
deletion_A_target_delete_s101_f0,deletion_A_target_delete,k2_K04_K08,2,10,2,1,1,1,7,0,61,32,False
deletion_A_target_delete_s101_f0,deletion_A_target_delete,k2_K07_K08,2,1,2,1,1,1,7,0,34,5,False
deletion_A_target_delete_s101_f0,deletion_A_target_delete,k2_K07_K08,2,5,2,1,1,1,7,0,44,15,False
deletion_A_target_delete_s101_f0,deletion_A_target_delete,k2_K07_K08,2,10,2,1,1,1,7,0,56,27,False
deletion_A_target_delete_s101_f0,deletion_A_target_delete,k2_K03_K05,2,1,2,1,1,1,7,0,36,7,False
deletion_A_target_delete_s101_f0,deletion_A_target_delete,k2_K03_K05,2,5,2,1,1,1,7,0,45,16,False
deletion_A_target_delete_s101_f0,deletion_A_target_delete,k2_K03_K05,2,10,2,1,1,1,7,0,61,32,False
deletion_A_target_delete_s101_f0,deletion_A_target_delete,k2_K03_K09,2,1,2,1,1,1,7,0,36,7,False
deletion_A_target_delete_s101_f0,deletion_A_target_delete,k2_K03_K09,2,5,2,1,1,1,7,0,48,19,False
deletion_A_target_delete_s101_f0,deletion_A_target_delete,k2_K03_K09,2,10,2,1,1,1,7,0,64,35,False
deletion_A_target_delete_s101_f0,deletion_A_target_delete,k2_K05_K09,2,1,2,1,1,1,7,0,34,5,False
deletion_A_target_delete_s101_f0,deletion_A_target_delete,k2_K05_K09,2,5,2,1,1,1,7,0,45,16,False
deletion_A_target_delete_s101_f0,deletion_A_target_delete,k2_K05_K09,2,10,2,1,1,1,7,0,57,28,False
deletion_A_target_delete_s101_f0,deletion_A_target_delete,k2_K01_K02,2,1,2,1,1,1,7,0,34,5,False
deletion_A_target_delete_s101_f0,deletion_A_target_delete,k2_K01_K02,2,5,2,1,1,1,7,0,45,16,False
deletion_A_target_delete_s101_f0,deletion_A_target_delete,k2_K01_K02,2,10,2,1,1,1,7,0,57,28,False
deletion_A_target_delete_s101_f0,deletion_A_target_delete,k2_K01_K06,2,1,2,0,0,0,7,0,36,7,False
deletion_A_target_delete_s101_f0,deletion_A_target_delete,k2_K01_K06,2,5,2,0,0,0,7,0,48,19,False
deletion_A_target_delete_s101_f0,deletion_A_target_delete,k2_K01_K06,2,10,2,0,0,0,7,0,64,35,False
deletion_A_target_delete_s101_f0,deletion_A_target_delete,k2_K02_K06,2,1,2,0,0,0,7,0,36,7,False
deletion_A_target_delete_s101_f0,deletion_A_target_delete,k2_K02_K06,2,5,2,0,0,0,7,0,48,19,False
deletion_A_target_delete_s101_f0,deletion_A_target_delete,k2_K02_K06,2,10,2,0,0,0,7,0,64,35,False
deletion_A_target_delete_s101_f0,deletion_A_target_delete,k3_K04_K07_K08,3,1,3,1,1,1,6,0,34,5,False
deletion_A_target_delete_s101_f0,deletion_A_target_delete,k3_K04_K07_K08,3,5,3,1,1,1,6,0,45,16,False
deletion_A_target_delete_s101_f0,deletion_A_target_delete,k3_K04_K07_K08,3,10,3,1,1,1,6,0,57,28,False
deletion_A_target_delete_s101_f0,deletion_A_target_delete,k3_K03_K05_K09,3,1,3,1,1,1,6,0,36,7,False
deletion_A_target_delete_s101_f0,deletion_A_target_delete,k3_K03_K05_K09,3,5,3,1,1,1,6,0,46,17,False
deletion_A_target_delete_s101_f0,deletion_A_target_delete,k3_K03_K05_K09,3,10,3,1,1,1,6,0,61,32,False
deletion_A_target_delete_s101_f0,deletion_A_target_delete,k3_K01_K02_K06,3,1,3,0,0,0,6,0,36,7,False
deletion_A_target_delete_s101_f0,deletion_A_target_delete,k3_K01_K02_K06,3,5,3,0,0,0,6,0,47,18,False
deletion_A_target_delete_s101_f0,deletion_A_target_delete,k3_K01_K02_K06,3,10,3,0,0,0,6,0,61,32,False
deletion_A_matched_delete_s101_f0,deletion_A_matched_delete,k2_K04_K07,2,1,2,1,1,1,7,0,37,8,False
deletion_A_matched_delete_s101_f0,deletion_A_matched_delete,k2_K04_K07,2,5,2,1,1,1,7,0,45,16,False
deletion_A_matched_delete_s101_f0,deletion_A_matched_delete,k2_K04_K07,2,10,2,1,1,1,7,0,61,32,False
deletion_A_matched_delete_s101_f0,deletion_A_matched_delete,k2_K04_K08,2,1,2,1,1,1,7,0,38,9,False
deletion_A_matched_delete_s101_f0,deletion_A_matched_delete,k2_K04_K08,2,5,2,1,1,1,7,0,46,17,False
deletion_A_matched_delete_s101_f0,deletion_A_matched_delete,k2_K04_K08,2,10,2,1,1,1,7,0,61,32,False
deletion_A_matched_delete_s101_f0,deletion_A_matched_delete,k2_K07_K08,2,1,2,1,1,1,7,0,36,7,False
deletion_A_matched_delete_s101_f0,deletion_A_matched_delete,k2_K07_K08,2,5,2,1,1,1,7,0,44,15,False
deletion_A_matched_delete_s101_f0,deletion_A_matched_delete,k2_K07_K08,2,10,2,1,1,1,7,0,57,28,False
deletion_A_matched_delete_s101_f0,deletion_A_matched_delete,k2_K03_K05,2,1,2,1,1,1,7,0,38,9,False
deletion_A_matched_delete_s101_f0,deletion_A_matched_delete,k2_K03_K05,2,5,2,1,1,1,7,0,47,18,False
deletion_A_matched_delete_s101_f0,deletion_A_matched_delete,k2_K03_K05,2,10,2,1,1,1,7,0,62,33,False
deletion_A_matched_delete_s101_f0,deletion_A_matched_delete,k2_K03_K09,2,1,2,1,1,1,7,0,38,9,False
deletion_A_matched_delete_s101_f0,deletion_A_matched_delete,k2_K03_K09,2,5,2,1,1,1,7,0,49,20,False
deletion_A_matched_delete_s101_f0,deletion_A_matched_delete,k2_K03_K09,2,10,2,1,1,1,7,0,66,37,False
deletion_A_matched_delete_s101_f0,deletion_A_matched_delete,k2_K05_K09,2,1,2,1,1,1,7,0,37,8,False
deletion_A_matched_delete_s101_f0,deletion_A_matched_delete,k2_K05_K09,2,5,2,1,1,1,7,0,45,16,False
deletion_A_matched_delete_s101_f0,deletion_A_matched_delete,k2_K05_K09,2,10,2,1,1,1,7,0,61,32,False
deletion_A_matched_delete_s101_f0,deletion_A_matched_delete,k2_K01_K02,2,1,2,1,1,1,7,0,37,8,False
deletion_A_matched_delete_s101_f0,deletion_A_matched_delete,k2_K01_K02,2,5,2,1,1,1,7,0,46,17,False
deletion_A_matched_delete_s101_f0,deletion_A_matched_delete,k2_K01_K02,2,10,2,1,1,1,7,0,60,31,False
deletion_A_matched_delete_s101_f0,deletion_A_matched_delete,k2_K01_K06,2,1,2,0,0,0,7,0,38,9,False
deletion_A_matched_delete_s101_f0,deletion_A_matched_delete,k2_K01_K06,2,5,2,0,0,0,7,0,49,20,False
deletion_A_matched_delete_s101_f0,deletion_A_matched_delete,k2_K01_K06,2,10,2,0,0,0,7,0,64,35,False
deletion_A_matched_delete_s101_f0,deletion_A_matched_delete,k2_K02_K06,2,1,2,0,0,0,7,0,38,9,False
deletion_A_matched_delete_s101_f0,deletion_A_matched_delete,k2_K02_K06,2,5,2,0,0,0,7,0,48,19,False
deletion_A_matched_delete_s101_f0,deletion_A_matched_delete,k2_K02_K06,2,10,2,0,0,0,7,0,64,35,False
deletion_A_matched_delete_s101_f0,deletion_A_matched_delete,k3_K04_K07_K08,3,1,3,1,1,1,6,0,37,8,False
deletion_A_matched_delete_s101_f0,deletion_A_matched_delete,k3_K04_K07_K08,3,5,3,1,1,1,6,0,45,16,False
deletion_A_matched_delete_s101_f0,deletion_A_matched_delete,k3_K04_K07_K08,3,10,3,1,1,1,6,0,61,32,False
deletion_A_matched_delete_s101_f0,deletion_A_matched_delete,k3_K03_K05_K09,3,1,3,1,1,1,6,0,38,9,False
deletion_A_matched_delete_s101_f0,deletion_A_matched_delete,k3_K03_K05_K09,3,5,3,1,1,1,6,0,47,18,False
deletion_A_matched_delete_s101_f0,deletion_A_matched_delete,k3_K03_K05_K09,3,10,3,1,1,1,6,0,63,34,False
deletion_A_matched_delete_s101_f0,deletion_A_matched_delete,k3_K01_K02_K06,3,1,3,0,0,0,6,0,38,9,False
deletion_A_matched_delete_s101_f0,deletion_A_matched_delete,k3_K01_K02_K06,3,5,3,0,0,0,6,0,48,19,False
deletion_A_matched_delete_s101_f0,deletion_A_matched_delete,k3_K01_K02_K06,3,10,3,0,0,0,6,0,63,34,False
deletion_C_keep_s101_f0,deletion_C_keep,k2_K04_K07,2,1,2,1,2,1,7,0,34,7,False
deletion_C_keep_s101_f0,deletion_C_keep,k2_K04_K07,2,5,2,2,2,2,7,0,45,18,False
deletion_C_keep_s101_f0,deletion_C_keep,k2_K04_K07,2,10,2,2,2,2,7,0,59,32,False
deletion_C_keep_s101_f0,deletion_C_keep,k2_K04_K08,2,1,2,1,2,1,7,0,34,7,False
deletion_C_keep_s101_f0,deletion_C_keep,k2_K04_K08,2,5,2,2,2,2,7,0,45,18,False
deletion_C_keep_s101_f0,deletion_C_keep,k2_K04_K08,2,10,2,2,2,2,7,0,59,32,False
deletion_C_keep_s101_f0,deletion_C_keep,k2_K07_K08,2,1,2,1,2,1,7,0,34,7,False
deletion_C_keep_s101_f0,deletion_C_keep,k2_K07_K08,2,5,2,2,2,2,7,0,45,18,False
deletion_C_keep_s101_f0,deletion_C_keep,k2_K07_K08,2,10,2,2,2,2,7,0,59,32,False
deletion_C_keep_s101_f0,deletion_C_keep,k2_K03_K05,2,1,2,0,1,0,7,0,34,7,False
deletion_C_keep_s101_f0,deletion_C_keep,k2_K03_K05,2,5,2,1,1,1,7,0,45,18,False
deletion_C_keep_s101_f0,deletion_C_keep,k2_K03_K05,2,10,2,1,1,1,7,0,59,32,False
deletion_C_keep_s101_f0,deletion_C_keep,k2_K03_K09,2,1,2,0,1,0,7,0,34,7,False
deletion_C_keep_s101_f0,deletion_C_keep,k2_K03_K09,2,5,2,1,1,1,7,0,46,19,False
deletion_C_keep_s101_f0,deletion_C_keep,k2_K03_K09,2,10,2,1,1,1,7,0,63,36,False
deletion_C_keep_s101_f0,deletion_C_keep,k2_K05_K09,2,1,2,1,2,1,7,0,34,7,False
deletion_C_keep_s101_f0,deletion_C_keep,k2_K05_K09,2,5,2,2,2,2,7,0,45,18,False
deletion_C_keep_s101_f0,deletion_C_keep,k2_K05_K09,2,10,2,2,2,2,7,0,59,32,False
deletion_C_keep_s101_f0,deletion_C_keep,k2_K01_K02,2,1,2,1,2,1,7,0,34,7,False
deletion_C_keep_s101_f0,deletion_C_keep,k2_K01_K02,2,5,2,2,2,2,7,0,45,18,False
deletion_C_keep_s101_f0,deletion_C_keep,k2_K01_K02,2,10,2,2,2,2,7,0,59,32,False
deletion_C_keep_s101_f0,deletion_C_keep,k2_K01_K06,2,1,1,1,1,1,7,0,34,7,False
deletion_C_keep_s101_f0,deletion_C_keep,k2_K01_K06,2,5,2,1,1,1,7,0,46,19,False
deletion_C_keep_s101_f0,deletion_C_keep,k2_K01_K06,2,10,2,1,1,1,7,0,62,35,False
deletion_C_keep_s101_f0,deletion_C_keep,k2_K02_K06,2,1,1,1,1,1,7,0,34,7,False
deletion_C_keep_s101_f0,deletion_C_keep,k2_K02_K06,2,5,2,1,1,1,7,0,45,18,False
deletion_C_keep_s101_f0,deletion_C_keep,k2_K02_K06,2,10,2,1,1,1,7,0,62,35,False
deletion_C_keep_s101_f0,deletion_C_keep,k3_K04_K07_K08,3,1,3,1,2,1,6,0,34,7,False
deletion_C_keep_s101_f0,deletion_C_keep,k3_K04_K07_K08,3,5,3,2,2,2,6,0,45,18,False
deletion_C_keep_s101_f0,deletion_C_keep,k3_K04_K07_K08,3,10,3,2,2,2,6,0,59,32,False
deletion_C_keep_s101_f0,deletion_C_keep,k3_K03_K05_K09,3,1,3,0,1,0,6,0,34,7,False
deletion_C_keep_s101_f0,deletion_C_keep,k3_K03_K05_K09,3,5,3,1,1,1,6,0,45,18,False
deletion_C_keep_s101_f0,deletion_C_keep,k3_K03_K05_K09,3,10,3,1,1,1,6,0,62,35,False
deletion_C_keep_s101_f0,deletion_C_keep,k3_K01_K02_K06,3,1,2,1,1,1,6,0,34,7,False
deletion_C_keep_s101_f0,deletion_C_keep,k3_K01_K02_K06,3,5,3,1,1,1,6,0,45,18,False
deletion_C_keep_s101_f0,deletion_C_keep,k3_K01_K02_K06,3,10,3,1,1,1,6,0,62,35,False
deletion_C_half_s101_f0,deletion_C_half,k2_K04_K07,2,1,2,1,2,1,7,0,28,2,False
deletion_C_half_s101_f0,deletion_C_half,k2_K04_K07,2,5,2,2,2,2,7,0,44,18,False
deletion_C_half_s101_f0,deletion_C_half,k2_K04_K07,2,10,2,2,2,2,7,0,58,32,False
deletion_C_half_s101_f0,deletion_C_half,k2_K04_K08,2,1,2,1,2,1,7,0,29,3,False
deletion_C_half_s101_f0,deletion_C_half,k2_K04_K08,2,5,2,2,2,2,7,0,44,18,False
deletion_C_half_s101_f0,deletion_C_half,k2_K04_K08,2,10,2,2,2,2,7,0,58,32,False
deletion_C_half_s101_f0,deletion_C_half,k2_K07_K08,2,1,2,1,2,1,7,0,28,2,False
deletion_C_half_s101_f0,deletion_C_half,k2_K07_K08,2,5,2,2,2,2,7,0,43,17,False
deletion_C_half_s101_f0,deletion_C_half,k2_K07_K08,2,10,2,2,2,2,7,0,56,30,False
deletion_C_half_s101_f0,deletion_C_half,k2_K03_K05,2,1,2,0,1,0,7,0,29,3,False
deletion_C_half_s101_f0,deletion_C_half,k2_K03_K05,2,5,2,1,1,1,7,0,45,19,False
deletion_C_half_s101_f0,deletion_C_half,k2_K03_K05,2,10,2,1,1,1,7,0,58,32,False
deletion_C_half_s101_f0,deletion_C_half,k2_K03_K09,2,1,2,0,1,0,7,0,29,3,False
deletion_C_half_s101_f0,deletion_C_half,k2_K03_K09,2,5,2,1,1,1,7,0,45,19,False
deletion_C_half_s101_f0,deletion_C_half,k2_K03_K09,2,10,2,1,1,1,7,0,60,34,False
deletion_C_half_s101_f0,deletion_C_half,k2_K05_K09,2,1,2,1,2,1,7,0,28,2,False
deletion_C_half_s101_f0,deletion_C_half,k2_K05_K09,2,5,2,2,2,2,7,0,44,18,False
deletion_C_half_s101_f0,deletion_C_half,k2_K05_K09,2,10,2,2,2,2,7,0,58,32,False
deletion_C_half_s101_f0,deletion_C_half,k2_K01_K02,2,1,2,1,2,1,7,0,28,2,False
deletion_C_half_s101_f0,deletion_C_half,k2_K01_K02,2,5,2,2,2,2,7,0,44,18,False
deletion_C_half_s101_f0,deletion_C_half,k2_K01_K02,2,10,2,2,2,2,7,0,58,32,False
deletion_C_half_s101_f0,deletion_C_half,k2_K01_K06,2,1,1,1,1,1,7,0,29,3,False
deletion_C_half_s101_f0,deletion_C_half,k2_K01_K06,2,5,2,1,1,1,7,0,45,19,False
deletion_C_half_s101_f0,deletion_C_half,k2_K01_K06,2,10,2,1,1,1,7,0,60,34,False
deletion_C_half_s101_f0,deletion_C_half,k2_K02_K06,2,1,1,1,1,1,7,0,29,3,False
deletion_C_half_s101_f0,deletion_C_half,k2_K02_K06,2,5,2,1,1,1,7,0,45,19,False
deletion_C_half_s101_f0,deletion_C_half,k2_K02_K06,2,10,2,1,1,1,7,0,60,34,False
deletion_C_half_s101_f0,deletion_C_half,k3_K04_K07_K08,3,1,3,1,2,1,6,0,28,2,False
deletion_C_half_s101_f0,deletion_C_half,k3_K04_K07_K08,3,5,3,2,2,2,6,0,43,17,False
deletion_C_half_s101_f0,deletion_C_half,k3_K04_K07_K08,3,10,3,2,2,2,6,0,58,32,False
deletion_C_half_s101_f0,deletion_C_half,k3_K03_K05_K09,3,1,3,0,1,0,6,0,29,3,False
deletion_C_half_s101_f0,deletion_C_half,k3_K03_K05_K09,3,5,3,1,1,1,6,0,45,19,False
deletion_C_half_s101_f0,deletion_C_half,k3_K03_K05_K09,3,10,3,1,1,1,6,0,59,33,False
deletion_C_half_s101_f0,deletion_C_half,k3_K01_K02_K06,3,1,2,1,1,1,6,0,29,3,False
deletion_C_half_s101_f0,deletion_C_half,k3_K01_K02_K06,3,5,3,1,1,1,6,0,45,19,False
deletion_C_half_s101_f0,deletion_C_half,k3_K01_K02_K06,3,10,3,1,1,1,6,0,59,33,False
deletion_C_target_delete_s101_f0,deletion_C_target_delete,k2_K04_K07,2,1,2,1,2,1,7,0,30,4,False
deletion_C_target_delete_s101_f0,deletion_C_target_delete,k2_K04_K07,2,5,2,2,2,2,7,0,44,18,False
deletion_C_target_delete_s101_f0,deletion_C_target_delete,k2_K04_K07,2,10,2,2,2,2,7,0,57,31,False
deletion_C_target_delete_s101_f0,deletion_C_target_delete,k2_K04_K08,2,1,2,1,2,1,7,0,30,4,False
deletion_C_target_delete_s101_f0,deletion_C_target_delete,k2_K04_K08,2,5,2,2,2,2,7,0,44,18,False
deletion_C_target_delete_s101_f0,deletion_C_target_delete,k2_K04_K08,2,10,2,2,2,2,7,0,58,32,False
deletion_C_target_delete_s101_f0,deletion_C_target_delete,k2_K07_K08,2,1,2,1,2,1,7,0,30,4,False
deletion_C_target_delete_s101_f0,deletion_C_target_delete,k2_K07_K08,2,5,2,2,2,2,7,0,44,18,False
deletion_C_target_delete_s101_f0,deletion_C_target_delete,k2_K07_K08,2,10,2,2,2,2,7,0,53,27,False
deletion_C_target_delete_s101_f0,deletion_C_target_delete,k2_K03_K05,2,1,2,0,1,0,7,0,30,4,False
deletion_C_target_delete_s101_f0,deletion_C_target_delete,k2_K03_K05,2,5,2,1,1,1,7,0,44,18,False
deletion_C_target_delete_s101_f0,deletion_C_target_delete,k2_K03_K05,2,10,2,1,1,1,7,0,59,33,False
deletion_C_target_delete_s101_f0,deletion_C_target_delete,k2_K03_K09,2,1,2,0,1,0,7,0,30,4,False
deletion_C_target_delete_s101_f0,deletion_C_target_delete,k2_K03_K09,2,5,2,1,1,1,7,0,44,18,False
deletion_C_target_delete_s101_f0,deletion_C_target_delete,k2_K03_K09,2,10,2,1,1,1,7,0,60,34,False
deletion_C_target_delete_s101_f0,deletion_C_target_delete,k2_K05_K09,2,1,2,1,2,1,7,0,30,4,False
deletion_C_target_delete_s101_f0,deletion_C_target_delete,k2_K05_K09,2,5,2,2,2,2,7,0,44,18,False
deletion_C_target_delete_s101_f0,deletion_C_target_delete,k2_K05_K09,2,10,2,2,2,2,7,0,57,31,False
deletion_C_target_delete_s101_f0,deletion_C_target_delete,k2_K01_K02,2,1,2,1,2,1,7,0,30,4,False
deletion_C_target_delete_s101_f0,deletion_C_target_delete,k2_K01_K02,2,5,2,2,2,2,7,0,44,18,False
deletion_C_target_delete_s101_f0,deletion_C_target_delete,k2_K01_K02,2,10,2,2,2,2,7,0,57,31,False
deletion_C_target_delete_s101_f0,deletion_C_target_delete,k2_K01_K06,2,1,1,1,1,1,7,0,30,4,False
deletion_C_target_delete_s101_f0,deletion_C_target_delete,k2_K01_K06,2,5,2,1,1,1,7,0,44,18,False
deletion_C_target_delete_s101_f0,deletion_C_target_delete,k2_K01_K06,2,10,2,1,1,1,7,0,59,33,False
deletion_C_target_delete_s101_f0,deletion_C_target_delete,k2_K02_K06,2,1,1,1,1,1,7,0,30,4,False
deletion_C_target_delete_s101_f0,deletion_C_target_delete,k2_K02_K06,2,5,2,1,1,1,7,0,44,18,False
deletion_C_target_delete_s101_f0,deletion_C_target_delete,k2_K02_K06,2,10,2,1,1,1,7,0,59,33,False
deletion_C_target_delete_s101_f0,deletion_C_target_delete,k3_K04_K07_K08,3,1,3,1,2,1,6,0,30,4,False
deletion_C_target_delete_s101_f0,deletion_C_target_delete,k3_K04_K07_K08,3,5,3,2,2,2,6,0,44,18,False
deletion_C_target_delete_s101_f0,deletion_C_target_delete,k3_K04_K07_K08,3,10,3,2,2,2,6,0,56,30,False
deletion_C_target_delete_s101_f0,deletion_C_target_delete,k3_K03_K05_K09,3,1,3,0,1,0,6,0,30,4,False
deletion_C_target_delete_s101_f0,deletion_C_target_delete,k3_K03_K05_K09,3,5,3,1,1,1,6,0,44,18,False
deletion_C_target_delete_s101_f0,deletion_C_target_delete,k3_K03_K05_K09,3,10,3,1,1,1,6,0,59,33,False
deletion_C_target_delete_s101_f0,deletion_C_target_delete,k3_K01_K02_K06,3,1,2,1,1,1,6,0,30,4,False
deletion_C_target_delete_s101_f0,deletion_C_target_delete,k3_K01_K02_K06,3,5,3,1,1,1,6,0,44,18,False
deletion_C_target_delete_s101_f0,deletion_C_target_delete,k3_K01_K02_K06,3,10,3,1,1,1,6,0,59,33,False
deletion_C_matched_delete_s101_f0,deletion_C_matched_delete,k2_K04_K07,2,1,2,1,2,1,7,0,34,7,False
deletion_C_matched_delete_s101_f0,deletion_C_matched_delete,k2_K04_K07,2,5,2,2,2,2,7,0,45,18,False
deletion_C_matched_delete_s101_f0,deletion_C_matched_delete,k2_K04_K07,2,10,2,2,2,2,7,0,60,33,False
deletion_C_matched_delete_s101_f0,deletion_C_matched_delete,k2_K04_K08,2,1,2,1,2,1,7,0,34,7,False
deletion_C_matched_delete_s101_f0,deletion_C_matched_delete,k2_K04_K08,2,5,2,2,2,2,7,0,45,18,False
deletion_C_matched_delete_s101_f0,deletion_C_matched_delete,k2_K04_K08,2,10,2,2,2,2,7,0,60,33,False
deletion_C_matched_delete_s101_f0,deletion_C_matched_delete,k2_K07_K08,2,1,2,1,2,1,7,0,33,6,False
deletion_C_matched_delete_s101_f0,deletion_C_matched_delete,k2_K07_K08,2,5,2,2,2,2,7,0,44,17,False
deletion_C_matched_delete_s101_f0,deletion_C_matched_delete,k2_K07_K08,2,10,2,2,2,2,7,0,58,31,False
deletion_C_matched_delete_s101_f0,deletion_C_matched_delete,k2_K03_K05,2,1,2,0,1,0,7,0,34,7,False
deletion_C_matched_delete_s101_f0,deletion_C_matched_delete,k2_K03_K05,2,5,2,1,1,1,7,0,45,18,False
deletion_C_matched_delete_s101_f0,deletion_C_matched_delete,k2_K03_K05,2,10,2,1,1,1,7,0,60,33,False
deletion_C_matched_delete_s101_f0,deletion_C_matched_delete,k2_K03_K09,2,1,2,0,1,0,7,0,34,7,False
deletion_C_matched_delete_s101_f0,deletion_C_matched_delete,k2_K03_K09,2,5,2,1,1,1,7,0,45,18,False
deletion_C_matched_delete_s101_f0,deletion_C_matched_delete,k2_K03_K09,2,10,2,1,1,1,7,0,63,36,False
deletion_C_matched_delete_s101_f0,deletion_C_matched_delete,k2_K05_K09,2,1,2,1,2,1,7,0,34,7,False
deletion_C_matched_delete_s101_f0,deletion_C_matched_delete,k2_K05_K09,2,5,2,2,2,2,7,0,45,18,False
deletion_C_matched_delete_s101_f0,deletion_C_matched_delete,k2_K05_K09,2,10,2,2,2,2,7,0,60,33,False
deletion_C_matched_delete_s101_f0,deletion_C_matched_delete,k2_K01_K02,2,1,2,1,2,1,7,0,34,7,False
deletion_C_matched_delete_s101_f0,deletion_C_matched_delete,k2_K01_K02,2,5,2,2,2,2,7,0,45,18,False
deletion_C_matched_delete_s101_f0,deletion_C_matched_delete,k2_K01_K02,2,10,2,2,2,2,7,0,60,33,False
deletion_C_matched_delete_s101_f0,deletion_C_matched_delete,k2_K01_K06,2,1,1,1,1,1,7,0,34,7,False
deletion_C_matched_delete_s101_f0,deletion_C_matched_delete,k2_K01_K06,2,5,2,1,1,1,7,0,45,18,False
deletion_C_matched_delete_s101_f0,deletion_C_matched_delete,k2_K01_K06,2,10,2,1,1,1,7,0,61,34,False
deletion_C_matched_delete_s101_f0,deletion_C_matched_delete,k2_K02_K06,2,1,1,1,1,1,7,0,34,7,False
deletion_C_matched_delete_s101_f0,deletion_C_matched_delete,k2_K02_K06,2,5,2,1,1,1,7,0,45,18,False
deletion_C_matched_delete_s101_f0,deletion_C_matched_delete,k2_K02_K06,2,10,2,1,1,1,7,0,61,34,False
deletion_C_matched_delete_s101_f0,deletion_C_matched_delete,k3_K04_K07_K08,3,1,3,1,2,1,6,0,34,7,False
deletion_C_matched_delete_s101_f0,deletion_C_matched_delete,k3_K04_K07_K08,3,5,3,2,2,2,6,0,45,18,False
deletion_C_matched_delete_s101_f0,deletion_C_matched_delete,k3_K04_K07_K08,3,10,3,2,2,2,6,0,60,33,False
deletion_C_matched_delete_s101_f0,deletion_C_matched_delete,k3_K03_K05_K09,3,1,3,0,1,0,6,0,34,7,False
deletion_C_matched_delete_s101_f0,deletion_C_matched_delete,k3_K03_K05_K09,3,5,3,1,1,1,6,0,45,18,False
deletion_C_matched_delete_s101_f0,deletion_C_matched_delete,k3_K03_K05_K09,3,10,3,1,1,1,6,0,60,33,False
deletion_C_matched_delete_s101_f0,deletion_C_matched_delete,k3_K01_K02_K06,3,1,2,1,1,1,6,0,34,7,False
deletion_C_matched_delete_s101_f0,deletion_C_matched_delete,k3_K01_K02_K06,3,5,3,1,1,1,6,0,45,18,False
deletion_C_matched_delete_s101_f0,deletion_C_matched_delete,k3_K01_K02_K06,3,10,3,1,1,1,6,0,61,34,False
deletion_A_keep_s101_f1,deletion_A_keep,k2_K04_K07,2,1,1,1,4,1,7,0,15,1,False
deletion_A_keep_s101_f1,deletion_A_keep,k2_K04_K07,2,5,2,4,4,4,7,0,27,13,False
deletion_A_keep_s101_f1,deletion_A_keep,k2_K04_K07,2,10,2,4,4,4,7,0,35,21,False
deletion_A_keep_s101_f1,deletion_A_keep,k2_K04_K08,2,1,1,1,4,1,7,0,15,1,False
deletion_A_keep_s101_f1,deletion_A_keep,k2_K04_K08,2,5,2,4,4,4,7,0,27,13,False
deletion_A_keep_s101_f1,deletion_A_keep,k2_K04_K08,2,10,2,4,4,4,7,0,36,22,False
deletion_A_keep_s101_f1,deletion_A_keep,k2_K07_K08,2,1,2,1,5,1,7,0,15,1,False
deletion_A_keep_s101_f1,deletion_A_keep,k2_K07_K08,2,5,2,4,5,4,7,0,25,11,False
deletion_A_keep_s101_f1,deletion_A_keep,k2_K07_K08,2,10,2,5,5,5,7,0,33,19,False
deletion_A_keep_s101_f1,deletion_A_keep,k2_K03_K05,2,1,1,1,4,1,7,0,15,1,False
deletion_A_keep_s101_f1,deletion_A_keep,k2_K03_K05,2,5,2,4,4,4,7,0,27,13,False
deletion_A_keep_s101_f1,deletion_A_keep,k2_K03_K05,2,10,2,4,4,4,7,0,36,22,False
deletion_A_keep_s101_f1,deletion_A_keep,k2_K03_K09,2,1,0,1,3,1,7,0,15,1,False
deletion_A_keep_s101_f1,deletion_A_keep,k2_K03_K09,2,5,2,3,3,3,7,0,28,14,False
deletion_A_keep_s101_f1,deletion_A_keep,k2_K03_K09,2,10,2,3,3,3,7,0,37,23,False
deletion_A_keep_s101_f1,deletion_A_keep,k2_K05_K09,2,1,1,1,4,1,7,0,15,1,False
deletion_A_keep_s101_f1,deletion_A_keep,k2_K05_K09,2,5,2,4,4,4,7,0,27,13,False
deletion_A_keep_s101_f1,deletion_A_keep,k2_K05_K09,2,10,2,4,4,4,7,0,35,21,False
deletion_A_keep_s101_f1,deletion_A_keep,k2_K01_K02,2,1,2,0,4,0,7,0,15,1,False
deletion_A_keep_s101_f1,deletion_A_keep,k2_K01_K02,2,5,2,4,4,4,7,0,27,13,False
deletion_A_keep_s101_f1,deletion_A_keep,k2_K01_K02,2,10,2,4,4,4,7,0,35,21,False
deletion_A_keep_s101_f1,deletion_A_keep,k2_K01_K06,2,1,1,0,3,0,7,0,15,1,False
deletion_A_keep_s101_f1,deletion_A_keep,k2_K01_K06,2,5,2,3,3,3,7,0,28,14,False
deletion_A_keep_s101_f1,deletion_A_keep,k2_K01_K06,2,10,2,3,3,3,7,0,37,23,False
deletion_A_keep_s101_f1,deletion_A_keep,k2_K02_K06,2,1,1,1,4,1,7,0,15,1,False
deletion_A_keep_s101_f1,deletion_A_keep,k2_K02_K06,2,5,2,4,4,4,7,0,28,14,False
deletion_A_keep_s101_f1,deletion_A_keep,k2_K02_K06,2,10,2,4,4,4,7,0,37,23,False
deletion_A_keep_s101_f1,deletion_A_keep,k3_K04_K07_K08,3,1,2,1,4,1,6,0,15,1,False
deletion_A_keep_s101_f1,deletion_A_keep,k3_K04_K07_K08,3,5,3,4,4,4,6,0,27,13,False
deletion_A_keep_s101_f1,deletion_A_keep,k3_K04_K07_K08,3,10,3,4,4,4,6,0,35,21,False
deletion_A_keep_s101_f1,deletion_A_keep,k3_K03_K05_K09,3,1,1,1,3,1,6,0,15,1,False
deletion_A_keep_s101_f1,deletion_A_keep,k3_K03_K05_K09,3,5,3,3,3,3,6,0,27,13,False
deletion_A_keep_s101_f1,deletion_A_keep,k3_K03_K05_K09,3,10,3,3,3,3,6,0,36,22,False
deletion_A_keep_s101_f1,deletion_A_keep,k3_K01_K02_K06,3,1,2,0,3,0,6,0,15,1,False
deletion_A_keep_s101_f1,deletion_A_keep,k3_K01_K02_K06,3,5,3,3,3,3,6,0,28,14,False
deletion_A_keep_s101_f1,deletion_A_keep,k3_K01_K02_K06,3,10,3,3,3,3,6,0,36,22,False
deletion_A_half_s101_f1,deletion_A_half,k2_K04_K07,2,1,1,1,4,1,7,0,16,1,False
deletion_A_half_s101_f1,deletion_A_half,k2_K04_K07,2,5,2,4,4,4,7,0,28,13,False
deletion_A_half_s101_f1,deletion_A_half,k2_K04_K07,2,10,2,4,4,4,7,0,36,21,False
deletion_A_half_s101_f1,deletion_A_half,k2_K04_K08,2,1,1,1,4,1,7,0,16,1,False
deletion_A_half_s101_f1,deletion_A_half,k2_K04_K08,2,5,2,4,4,4,7,0,28,13,False
deletion_A_half_s101_f1,deletion_A_half,k2_K04_K08,2,10,2,4,4,4,7,0,37,22,False
deletion_A_half_s101_f1,deletion_A_half,k2_K07_K08,2,1,2,1,5,1,7,0,16,1,False
deletion_A_half_s101_f1,deletion_A_half,k2_K07_K08,2,5,2,5,5,5,7,0,27,12,False
deletion_A_half_s101_f1,deletion_A_half,k2_K07_K08,2,10,2,5,5,5,7,0,36,21,False
deletion_A_half_s101_f1,deletion_A_half,k2_K03_K05,2,1,1,1,4,1,7,0,16,1,False
deletion_A_half_s101_f1,deletion_A_half,k2_K03_K05,2,5,2,4,4,4,7,0,28,13,False
deletion_A_half_s101_f1,deletion_A_half,k2_K03_K05,2,10,2,4,4,4,7,0,37,22,False
deletion_A_half_s101_f1,deletion_A_half,k2_K03_K09,2,1,0,1,3,1,7,0,16,1,False
deletion_A_half_s101_f1,deletion_A_half,k2_K03_K09,2,5,2,3,3,3,7,0,28,13,False
deletion_A_half_s101_f1,deletion_A_half,k2_K03_K09,2,10,2,3,3,3,7,0,38,23,False
deletion_A_half_s101_f1,deletion_A_half,k2_K05_K09,2,1,1,1,4,1,7,0,16,1,False
deletion_A_half_s101_f1,deletion_A_half,k2_K05_K09,2,5,2,4,4,4,7,0,28,13,False
deletion_A_half_s101_f1,deletion_A_half,k2_K05_K09,2,10,2,4,4,4,7,0,36,21,False
deletion_A_half_s101_f1,deletion_A_half,k2_K01_K02,2,1,2,0,4,0,7,0,16,1,False
deletion_A_half_s101_f1,deletion_A_half,k2_K01_K02,2,5,2,4,4,4,7,0,28,13,False
deletion_A_half_s101_f1,deletion_A_half,k2_K01_K02,2,10,2,4,4,4,7,0,36,21,False
deletion_A_half_s101_f1,deletion_A_half,k2_K01_K06,2,1,1,0,3,0,7,0,16,1,False
deletion_A_half_s101_f1,deletion_A_half,k2_K01_K06,2,5,2,3,3,3,7,0,28,13,False
deletion_A_half_s101_f1,deletion_A_half,k2_K01_K06,2,10,2,3,3,3,7,0,38,23,False
deletion_A_half_s101_f1,deletion_A_half,k2_K02_K06,2,1,1,1,4,1,7,0,16,1,False
deletion_A_half_s101_f1,deletion_A_half,k2_K02_K06,2,5,2,4,4,4,7,0,28,13,False
deletion_A_half_s101_f1,deletion_A_half,k2_K02_K06,2,10,2,4,4,4,7,0,38,23,False
deletion_A_half_s101_f1,deletion_A_half,k3_K04_K07_K08,3,1,2,1,4,1,6,0,16,1,False
deletion_A_half_s101_f1,deletion_A_half,k3_K04_K07_K08,3,5,3,4,4,4,6,0,28,13,False
deletion_A_half_s101_f1,deletion_A_half,k3_K04_K07_K08,3,10,3,4,4,4,6,0,36,21,False
deletion_A_half_s101_f1,deletion_A_half,k3_K03_K05_K09,3,1,1,1,3,1,6,0,16,1,False
deletion_A_half_s101_f1,deletion_A_half,k3_K03_K05_K09,3,5,3,3,3,3,6,0,28,13,False
deletion_A_half_s101_f1,deletion_A_half,k3_K03_K05_K09,3,10,3,3,3,3,6,0,38,23,False
deletion_A_half_s101_f1,deletion_A_half,k3_K01_K02_K06,3,1,2,0,3,0,6,0,16,1,False
deletion_A_half_s101_f1,deletion_A_half,k3_K01_K02_K06,3,5,3,3,3,3,6,0,28,13,False
deletion_A_half_s101_f1,deletion_A_half,k3_K01_K02_K06,3,10,3,3,3,3,6,0,38,23,False
deletion_A_target_delete_s101_f1,deletion_A_target_delete,k2_K04_K07,2,1,1,1,3,1,7,0,18,2,False
deletion_A_target_delete_s101_f1,deletion_A_target_delete,k2_K04_K07,2,5,2,3,3,3,7,0,31,15,False
deletion_A_target_delete_s101_f1,deletion_A_target_delete,k2_K04_K07,2,10,2,3,3,3,7,0,38,22,False
deletion_A_target_delete_s101_f1,deletion_A_target_delete,k2_K04_K08,2,1,1,1,3,1,7,0,18,2,False
deletion_A_target_delete_s101_f1,deletion_A_target_delete,k2_K04_K08,2,5,2,3,3,3,7,0,31,15,False
deletion_A_target_delete_s101_f1,deletion_A_target_delete,k2_K04_K08,2,10,2,3,3,3,7,0,38,22,False
deletion_A_target_delete_s101_f1,deletion_A_target_delete,k2_K07_K08,2,1,2,1,4,1,7,0,18,2,False
deletion_A_target_delete_s101_f1,deletion_A_target_delete,k2_K07_K08,2,5,2,4,4,4,7,0,28,12,False
deletion_A_target_delete_s101_f1,deletion_A_target_delete,k2_K07_K08,2,10,2,4,4,4,7,0,38,22,False
deletion_A_target_delete_s101_f1,deletion_A_target_delete,k2_K03_K05,2,1,1,1,3,1,7,0,18,2,False
deletion_A_target_delete_s101_f1,deletion_A_target_delete,k2_K03_K05,2,5,2,3,3,3,7,0,31,15,False
deletion_A_target_delete_s101_f1,deletion_A_target_delete,k2_K03_K05,2,10,2,3,3,3,7,0,38,22,False
deletion_A_target_delete_s101_f1,deletion_A_target_delete,k2_K03_K09,2,1,1,0,2,0,7,0,20,4,False
deletion_A_target_delete_s101_f1,deletion_A_target_delete,k2_K03_K09,2,5,2,2,2,2,7,0,31,15,False
deletion_A_target_delete_s101_f1,deletion_A_target_delete,k2_K03_K09,2,10,2,2,2,2,7,0,43,27,False
deletion_A_target_delete_s101_f1,deletion_A_target_delete,k2_K05_K09,2,1,2,0,3,0,7,0,18,2,False
deletion_A_target_delete_s101_f1,deletion_A_target_delete,k2_K05_K09,2,5,2,3,3,3,7,0,31,15,False
deletion_A_target_delete_s101_f1,deletion_A_target_delete,k2_K05_K09,2,10,2,3,3,3,7,0,38,22,False
deletion_A_target_delete_s101_f1,deletion_A_target_delete,k2_K01_K02,2,1,2,1,4,1,7,0,18,2,False
deletion_A_target_delete_s101_f1,deletion_A_target_delete,k2_K01_K02,2,5,2,4,4,4,7,0,31,15,False
deletion_A_target_delete_s101_f1,deletion_A_target_delete,k2_K01_K02,2,10,2,4,4,4,7,0,38,22,False
deletion_A_target_delete_s101_f1,deletion_A_target_delete,k2_K01_K06,2,1,1,1,3,1,7,0,20,4,False
deletion_A_target_delete_s101_f1,deletion_A_target_delete,k2_K01_K06,2,5,2,3,3,3,7,0,31,15,False
deletion_A_target_delete_s101_f1,deletion_A_target_delete,k2_K01_K06,2,10,2,3,3,3,7,0,43,27,False
deletion_A_target_delete_s101_f1,deletion_A_target_delete,k2_K02_K06,2,1,1,1,3,1,7,0,19,3,False
deletion_A_target_delete_s101_f1,deletion_A_target_delete,k2_K02_K06,2,5,2,3,3,3,7,0,31,15,False
deletion_A_target_delete_s101_f1,deletion_A_target_delete,k2_K02_K06,2,10,2,3,3,3,7,0,43,27,False
deletion_A_target_delete_s101_f1,deletion_A_target_delete,k3_K04_K07_K08,3,1,2,1,3,1,6,0,18,2,False
deletion_A_target_delete_s101_f1,deletion_A_target_delete,k3_K04_K07_K08,3,5,3,3,3,3,6,0,30,14,False
deletion_A_target_delete_s101_f1,deletion_A_target_delete,k3_K04_K07_K08,3,10,3,3,3,3,6,0,38,22,False
deletion_A_target_delete_s101_f1,deletion_A_target_delete,k3_K03_K05_K09,3,1,2,0,2,0,6,0,18,2,False
deletion_A_target_delete_s101_f1,deletion_A_target_delete,k3_K03_K05_K09,3,5,3,2,2,2,6,0,31,15,False
deletion_A_target_delete_s101_f1,deletion_A_target_delete,k3_K03_K05_K09,3,10,3,2,2,2,6,0,40,24,False
deletion_A_target_delete_s101_f1,deletion_A_target_delete,k3_K01_K02_K06,3,1,2,1,3,1,6,0,19,3,False
deletion_A_target_delete_s101_f1,deletion_A_target_delete,k3_K01_K02_K06,3,5,3,3,3,3,6,0,31,15,False
deletion_A_target_delete_s101_f1,deletion_A_target_delete,k3_K01_K02_K06,3,10,3,3,3,3,6,0,41,25,False
deletion_A_matched_delete_s101_f1,deletion_A_matched_delete,k2_K04_K07,2,1,1,1,4,1,7,0,17,3,False
deletion_A_matched_delete_s101_f1,deletion_A_matched_delete,k2_K04_K07,2,5,2,4,4,4,7,0,27,13,False
deletion_A_matched_delete_s101_f1,deletion_A_matched_delete,k2_K04_K07,2,10,2,4,4,4,7,0,35,21,False
deletion_A_matched_delete_s101_f1,deletion_A_matched_delete,k2_K04_K08,2,1,1,1,4,1,7,0,17,3,False
deletion_A_matched_delete_s101_f1,deletion_A_matched_delete,k2_K04_K08,2,5,2,4,4,4,7,0,28,14,False
deletion_A_matched_delete_s101_f1,deletion_A_matched_delete,k2_K04_K08,2,10,2,4,4,4,7,0,36,22,False
deletion_A_matched_delete_s101_f1,deletion_A_matched_delete,k2_K07_K08,2,1,2,1,5,1,7,0,17,3,False
deletion_A_matched_delete_s101_f1,deletion_A_matched_delete,k2_K07_K08,2,5,2,4,5,4,7,0,25,11,False
deletion_A_matched_delete_s101_f1,deletion_A_matched_delete,k2_K07_K08,2,10,2,5,5,5,7,0,35,21,False
deletion_A_matched_delete_s101_f1,deletion_A_matched_delete,k2_K03_K05,2,1,1,1,4,1,7,0,17,3,False
deletion_A_matched_delete_s101_f1,deletion_A_matched_delete,k2_K03_K05,2,5,2,4,4,4,7,0,28,14,False
deletion_A_matched_delete_s101_f1,deletion_A_matched_delete,k2_K03_K05,2,10,2,4,4,4,7,0,36,22,False
deletion_A_matched_delete_s101_f1,deletion_A_matched_delete,k2_K03_K09,2,1,0,1,3,1,7,0,17,3,False
deletion_A_matched_delete_s101_f1,deletion_A_matched_delete,k2_K03_K09,2,5,2,3,3,3,7,0,28,14,False
deletion_A_matched_delete_s101_f1,deletion_A_matched_delete,k2_K03_K09,2,10,2,3,3,3,7,0,39,25,False
deletion_A_matched_delete_s101_f1,deletion_A_matched_delete,k2_K05_K09,2,1,1,1,4,1,7,0,17,3,False
deletion_A_matched_delete_s101_f1,deletion_A_matched_delete,k2_K05_K09,2,5,2,4,4,4,7,0,27,13,False
deletion_A_matched_delete_s101_f1,deletion_A_matched_delete,k2_K05_K09,2,10,2,4,4,4,7,0,35,21,False
deletion_A_matched_delete_s101_f1,deletion_A_matched_delete,k2_K01_K02,2,1,2,0,4,0,7,0,17,3,False
deletion_A_matched_delete_s101_f1,deletion_A_matched_delete,k2_K01_K02,2,5,2,4,4,4,7,0,27,13,False
deletion_A_matched_delete_s101_f1,deletion_A_matched_delete,k2_K01_K02,2,10,2,4,4,4,7,0,35,21,False
deletion_A_matched_delete_s101_f1,deletion_A_matched_delete,k2_K01_K06,2,1,1,0,3,0,7,0,17,3,False
deletion_A_matched_delete_s101_f1,deletion_A_matched_delete,k2_K01_K06,2,5,2,3,3,3,7,0,28,14,False
deletion_A_matched_delete_s101_f1,deletion_A_matched_delete,k2_K01_K06,2,10,2,3,3,3,7,0,39,25,False
deletion_A_matched_delete_s101_f1,deletion_A_matched_delete,k2_K02_K06,2,1,1,1,4,1,7,0,17,3,False
deletion_A_matched_delete_s101_f1,deletion_A_matched_delete,k2_K02_K06,2,5,2,4,4,4,7,0,28,14,False
deletion_A_matched_delete_s101_f1,deletion_A_matched_delete,k2_K02_K06,2,10,2,4,4,4,7,0,39,25,False
deletion_A_matched_delete_s101_f1,deletion_A_matched_delete,k3_K04_K07_K08,3,1,2,1,4,1,6,0,17,3,False
deletion_A_matched_delete_s101_f1,deletion_A_matched_delete,k3_K04_K07_K08,3,5,3,4,4,4,6,0,26,12,False
deletion_A_matched_delete_s101_f1,deletion_A_matched_delete,k3_K04_K07_K08,3,10,3,4,4,4,6,0,35,21,False
deletion_A_matched_delete_s101_f1,deletion_A_matched_delete,k3_K03_K05_K09,3,1,1,1,3,1,6,0,17,3,False
deletion_A_matched_delete_s101_f1,deletion_A_matched_delete,k3_K03_K05_K09,3,5,3,3,3,3,6,0,28,14,False
deletion_A_matched_delete_s101_f1,deletion_A_matched_delete,k3_K03_K05_K09,3,10,3,3,3,3,6,0,37,23,False
deletion_A_matched_delete_s101_f1,deletion_A_matched_delete,k3_K01_K02_K06,3,1,2,0,3,0,6,0,17,3,False
deletion_A_matched_delete_s101_f1,deletion_A_matched_delete,k3_K01_K02_K06,3,5,3,3,3,3,6,0,28,14,False
deletion_A_matched_delete_s101_f1,deletion_A_matched_delete,k3_K01_K02_K06,3,10,3,3,3,3,6,0,37,23,False
deletion_C_keep_s101_f1,deletion_C_keep,k2_K04_K07,2,1,1,1,6,1,7,0,14,3,False
deletion_C_keep_s101_f1,deletion_C_keep,k2_K04_K07,2,5,2,5,6,5,7,0,22,11,False
deletion_C_keep_s101_f1,deletion_C_keep,k2_K04_K07,2,10,2,6,6,6,7,0,34,23,False
deletion_C_keep_s101_f1,deletion_C_keep,k2_K04_K08,2,1,1,0,5,0,7,0,14,3,False
deletion_C_keep_s101_f1,deletion_C_keep,k2_K04_K08,2,5,2,4,5,4,7,0,22,11,False
deletion_C_keep_s101_f1,deletion_C_keep,k2_K04_K08,2,10,2,5,5,5,7,0,34,23,False
deletion_C_keep_s101_f1,deletion_C_keep,k2_K07_K08,2,1,2,0,6,0,7,0,13,2,False
deletion_C_keep_s101_f1,deletion_C_keep,k2_K07_K08,2,5,2,4,6,4,7,0,22,11,False
deletion_C_keep_s101_f1,deletion_C_keep,k2_K07_K08,2,10,2,6,6,6,7,0,31,20,False
deletion_C_keep_s101_f1,deletion_C_keep,k2_K03_K05,2,1,1,1,6,1,7,0,14,3,False
deletion_C_keep_s101_f1,deletion_C_keep,k2_K03_K05,2,5,2,5,6,5,7,0,22,11,False
deletion_C_keep_s101_f1,deletion_C_keep,k2_K03_K05,2,10,2,6,6,6,7,0,34,23,False
deletion_C_keep_s101_f1,deletion_C_keep,k2_K03_K09,2,1,0,1,5,1,7,0,14,3,False
deletion_C_keep_s101_f1,deletion_C_keep,k2_K03_K09,2,5,2,4,5,4,7,0,22,11,False
deletion_C_keep_s101_f1,deletion_C_keep,k2_K03_K09,2,10,2,5,5,5,7,0,35,24,False
deletion_C_keep_s101_f1,deletion_C_keep,k2_K05_K09,2,1,1,1,6,1,7,0,14,3,False
deletion_C_keep_s101_f1,deletion_C_keep,k2_K05_K09,2,5,2,5,6,5,7,0,22,11,False
deletion_C_keep_s101_f1,deletion_C_keep,k2_K05_K09,2,10,2,6,6,6,7,0,34,23,False
deletion_C_keep_s101_f1,deletion_C_keep,k2_K01_K02,2,1,0,1,5,1,7,0,14,3,False
deletion_C_keep_s101_f1,deletion_C_keep,k2_K01_K02,2,5,2,4,5,4,7,0,22,11,False
deletion_C_keep_s101_f1,deletion_C_keep,k2_K01_K02,2,10,2,5,5,5,7,0,34,23,False
deletion_C_keep_s101_f1,deletion_C_keep,k2_K01_K06,2,1,0,1,5,1,7,0,14,3,False
deletion_C_keep_s101_f1,deletion_C_keep,k2_K01_K06,2,5,1,5,5,5,7,0,22,11,False
deletion_C_keep_s101_f1,deletion_C_keep,k2_K01_K06,2,10,2,5,5,5,7,0,36,25,False
deletion_C_keep_s101_f1,deletion_C_keep,k2_K02_K06,2,1,0,1,5,1,7,0,14,3,False
deletion_C_keep_s101_f1,deletion_C_keep,k2_K02_K06,2,5,1,5,5,5,7,0,22,11,False
deletion_C_keep_s101_f1,deletion_C_keep,k2_K02_K06,2,10,2,5,5,5,7,0,35,24,False
deletion_C_keep_s101_f1,deletion_C_keep,k3_K04_K07_K08,3,1,2,0,5,0,6,0,14,3,False
deletion_C_keep_s101_f1,deletion_C_keep,k3_K04_K07_K08,3,5,3,4,5,4,6,0,22,11,False
deletion_C_keep_s101_f1,deletion_C_keep,k3_K04_K07_K08,3,10,3,5,5,5,6,0,34,23,False
deletion_C_keep_s101_f1,deletion_C_keep,k3_K03_K05_K09,3,1,1,1,5,1,6,0,14,3,False
deletion_C_keep_s101_f1,deletion_C_keep,k3_K03_K05_K09,3,5,3,4,5,4,6,0,22,11,False
deletion_C_keep_s101_f1,deletion_C_keep,k3_K03_K05_K09,3,10,3,5,5,5,6,0,34,23,False
deletion_C_keep_s101_f1,deletion_C_keep,k3_K01_K02_K06,3,1,0,1,4,1,6,0,14,3,False
deletion_C_keep_s101_f1,deletion_C_keep,k3_K01_K02_K06,3,5,2,4,4,4,6,0,22,11,False
deletion_C_keep_s101_f1,deletion_C_keep,k3_K01_K02_K06,3,10,3,4,4,4,6,0,35,24,False
deletion_C_half_s101_f1,deletion_C_half,k2_K04_K07,2,1,1,2,7,2,7,0,11,1,False
deletion_C_half_s101_f1,deletion_C_half,k2_K04_K07,2,5,2,5,7,5,7,0,21,11,False
deletion_C_half_s101_f1,deletion_C_half,k2_K04_K07,2,10,2,7,7,7,7,0,30,20,False
deletion_C_half_s101_f1,deletion_C_half,k2_K04_K08,2,1,1,1,6,1,7,0,12,2,False
deletion_C_half_s101_f1,deletion_C_half,k2_K04_K08,2,5,2,5,6,5,7,0,21,11,False
deletion_C_half_s101_f1,deletion_C_half,k2_K04_K08,2,10,2,6,6,6,7,0,31,21,False
deletion_C_half_s101_f1,deletion_C_half,k2_K07_K08,2,1,2,1,7,1,7,0,11,1,False
deletion_C_half_s101_f1,deletion_C_half,k2_K07_K08,2,5,2,5,7,5,7,0,21,11,False
deletion_C_half_s101_f1,deletion_C_half,k2_K07_K08,2,10,2,7,7,7,7,0,30,20,False
deletion_C_half_s101_f1,deletion_C_half,k2_K03_K05,2,1,1,1,6,1,7,0,12,2,False
deletion_C_half_s101_f1,deletion_C_half,k2_K03_K05,2,5,2,5,6,5,7,0,21,11,False
deletion_C_half_s101_f1,deletion_C_half,k2_K03_K05,2,10,2,6,6,6,7,0,31,21,False
deletion_C_half_s101_f1,deletion_C_half,k2_K03_K09,2,1,0,2,6,2,7,0,12,2,False
deletion_C_half_s101_f1,deletion_C_half,k2_K03_K09,2,5,2,5,6,5,7,0,22,12,False
deletion_C_half_s101_f1,deletion_C_half,k2_K03_K09,2,10,2,6,6,6,7,0,34,24,False
deletion_C_half_s101_f1,deletion_C_half,k2_K05_K09,2,1,1,1,6,1,7,0,11,1,False
deletion_C_half_s101_f1,deletion_C_half,k2_K05_K09,2,5,2,5,6,5,7,0,21,11,False
deletion_C_half_s101_f1,deletion_C_half,k2_K05_K09,2,10,2,6,6,6,7,0,30,20,False
deletion_C_half_s101_f1,deletion_C_half,k2_K01_K02,2,1,0,2,6,2,7,0,12,2,False
deletion_C_half_s101_f1,deletion_C_half,k2_K01_K02,2,5,2,5,6,5,7,0,21,11,False
deletion_C_half_s101_f1,deletion_C_half,k2_K01_K02,2,10,2,6,6,6,7,0,30,20,False
deletion_C_half_s101_f1,deletion_C_half,k2_K01_K06,2,1,0,2,6,2,7,0,12,2,False
deletion_C_half_s101_f1,deletion_C_half,k2_K01_K06,2,5,1,6,6,6,7,0,22,12,False
deletion_C_half_s101_f1,deletion_C_half,k2_K01_K06,2,10,2,6,6,6,7,0,34,24,False
deletion_C_half_s101_f1,deletion_C_half,k2_K02_K06,2,1,0,2,6,2,7,0,12,2,False
deletion_C_half_s101_f1,deletion_C_half,k2_K02_K06,2,5,1,6,6,6,7,0,21,11,False
deletion_C_half_s101_f1,deletion_C_half,k2_K02_K06,2,10,2,6,6,6,7,0,34,24,False
deletion_C_half_s101_f1,deletion_C_half,k3_K04_K07_K08,3,1,2,1,6,1,6,0,11,1,False
deletion_C_half_s101_f1,deletion_C_half,k3_K04_K07_K08,3,5,3,4,6,4,6,0,21,11,False
deletion_C_half_s101_f1,deletion_C_half,k3_K04_K07_K08,3,10,3,6,6,6,6,0,30,20,False
deletion_C_half_s101_f1,deletion_C_half,k3_K03_K05_K09,3,1,1,1,5,1,6,0,12,2,False
deletion_C_half_s101_f1,deletion_C_half,k3_K03_K05_K09,3,5,3,4,5,4,6,0,21,11,False
deletion_C_half_s101_f1,deletion_C_half,k3_K03_K05_K09,3,10,3,5,5,5,6,0,33,23,False
deletion_C_half_s101_f1,deletion_C_half,k3_K01_K02_K06,3,1,0,2,5,2,6,0,12,2,False
deletion_C_half_s101_f1,deletion_C_half,k3_K01_K02_K06,3,5,2,5,5,5,6,0,21,11,False
deletion_C_half_s101_f1,deletion_C_half,k3_K01_K02_K06,3,10,3,5,5,5,6,0,33,23,False
deletion_C_target_delete_s101_f1,deletion_C_target_delete,k2_K04_K07,2,1,1,2,5,2,7,0,20,6,False
deletion_C_target_delete_s101_f1,deletion_C_target_delete,k2_K04_K07,2,5,2,5,5,5,7,0,30,16,False
deletion_C_target_delete_s101_f1,deletion_C_target_delete,k2_K04_K07,2,10,2,5,5,5,7,0,38,24,False
deletion_C_target_delete_s101_f1,deletion_C_target_delete,k2_K04_K08,2,1,1,2,5,2,7,0,20,6,False
deletion_C_target_delete_s101_f1,deletion_C_target_delete,k2_K04_K08,2,5,2,5,5,5,7,0,30,16,False
deletion_C_target_delete_s101_f1,deletion_C_target_delete,k2_K04_K08,2,10,2,5,5,5,7,0,38,24,False
deletion_C_target_delete_s101_f1,deletion_C_target_delete,k2_K07_K08,2,1,2,2,6,2,7,0,20,6,False
deletion_C_target_delete_s101_f1,deletion_C_target_delete,k2_K07_K08,2,5,2,5,6,5,7,0,26,12,False
deletion_C_target_delete_s101_f1,deletion_C_target_delete,k2_K07_K08,2,10,2,6,6,6,7,0,37,23,False
deletion_C_target_delete_s101_f1,deletion_C_target_delete,k2_K03_K05,2,1,1,2,5,2,7,0,20,6,False
deletion_C_target_delete_s101_f1,deletion_C_target_delete,k2_K03_K05,2,5,2,5,5,5,7,0,30,16,False
deletion_C_target_delete_s101_f1,deletion_C_target_delete,k2_K03_K05,2,10,2,5,5,5,7,0,39,25,False
deletion_C_target_delete_s101_f1,deletion_C_target_delete,k2_K03_K09,2,1,0,2,4,2,7,0,20,6,False
deletion_C_target_delete_s101_f1,deletion_C_target_delete,k2_K03_K09,2,5,2,4,4,4,7,0,30,16,False
deletion_C_target_delete_s101_f1,deletion_C_target_delete,k2_K03_K09,2,10,2,4,4,4,7,0,40,26,False
deletion_C_target_delete_s101_f1,deletion_C_target_delete,k2_K05_K09,2,1,1,2,5,2,7,0,20,6,False
deletion_C_target_delete_s101_f1,deletion_C_target_delete,k2_K05_K09,2,5,2,5,5,5,7,0,30,16,False
deletion_C_target_delete_s101_f1,deletion_C_target_delete,k2_K05_K09,2,10,2,5,5,5,7,0,38,24,False
deletion_C_target_delete_s101_f1,deletion_C_target_delete,k2_K01_K02,2,1,2,0,4,0,7,0,20,6,False
deletion_C_target_delete_s101_f1,deletion_C_target_delete,k2_K01_K02,2,5,2,4,4,4,7,0,30,16,False
deletion_C_target_delete_s101_f1,deletion_C_target_delete,k2_K01_K02,2,10,2,4,4,4,7,0,38,24,False
deletion_C_target_delete_s101_f1,deletion_C_target_delete,k2_K01_K06,2,1,1,1,4,1,7,0,20,6,False
deletion_C_target_delete_s101_f1,deletion_C_target_delete,k2_K01_K06,2,5,2,4,4,4,7,0,30,16,False
deletion_C_target_delete_s101_f1,deletion_C_target_delete,k2_K01_K06,2,10,2,4,4,4,7,0,40,26,False
deletion_C_target_delete_s101_f1,deletion_C_target_delete,k2_K02_K06,2,1,1,1,4,1,7,0,20,6,False
deletion_C_target_delete_s101_f1,deletion_C_target_delete,k2_K02_K06,2,5,2,4,4,4,7,0,30,16,False
deletion_C_target_delete_s101_f1,deletion_C_target_delete,k2_K02_K06,2,10,2,4,4,4,7,0,40,26,False
deletion_C_target_delete_s101_f1,deletion_C_target_delete,k3_K04_K07_K08,3,1,2,2,5,2,6,0,20,6,False
deletion_C_target_delete_s101_f1,deletion_C_target_delete,k3_K04_K07_K08,3,5,3,5,5,5,6,0,30,16,False
deletion_C_target_delete_s101_f1,deletion_C_target_delete,k3_K04_K07_K08,3,10,3,5,5,5,6,0,38,24,False
deletion_C_target_delete_s101_f1,deletion_C_target_delete,k3_K03_K05_K09,3,1,1,2,4,2,6,0,20,6,False
deletion_C_target_delete_s101_f1,deletion_C_target_delete,k3_K03_K05_K09,3,5,3,4,4,4,6,0,30,16,False
deletion_C_target_delete_s101_f1,deletion_C_target_delete,k3_K03_K05_K09,3,10,3,4,4,4,6,0,40,26,False
deletion_C_target_delete_s101_f1,deletion_C_target_delete,k3_K01_K02_K06,3,1,2,0,3,0,6,0,20,6,False
deletion_C_target_delete_s101_f1,deletion_C_target_delete,k3_K01_K02_K06,3,5,3,3,3,3,6,0,30,16,False
deletion_C_target_delete_s101_f1,deletion_C_target_delete,k3_K01_K02_K06,3,10,3,3,3,3,6,0,40,26,False
deletion_C_matched_delete_s101_f1,deletion_C_matched_delete,k2_K04_K07,2,1,1,1,6,1,7,0,16,4,False
deletion_C_matched_delete_s101_f1,deletion_C_matched_delete,k2_K04_K07,2,5,2,5,6,5,7,0,22,10,False
deletion_C_matched_delete_s101_f1,deletion_C_matched_delete,k2_K04_K07,2,10,2,6,6,6,7,0,35,23,False
deletion_C_matched_delete_s101_f1,deletion_C_matched_delete,k2_K04_K08,2,1,1,0,5,0,7,0,16,4,False
deletion_C_matched_delete_s101_f1,deletion_C_matched_delete,k2_K04_K08,2,5,2,4,5,4,7,0,22,10,False
deletion_C_matched_delete_s101_f1,deletion_C_matched_delete,k2_K04_K08,2,10,2,5,5,5,7,0,35,23,False
deletion_C_matched_delete_s101_f1,deletion_C_matched_delete,k2_K07_K08,2,1,2,0,6,0,7,0,15,3,False
deletion_C_matched_delete_s101_f1,deletion_C_matched_delete,k2_K07_K08,2,5,2,5,6,5,7,0,21,9,False
deletion_C_matched_delete_s101_f1,deletion_C_matched_delete,k2_K07_K08,2,10,2,6,6,6,7,0,33,21,False
deletion_C_matched_delete_s101_f1,deletion_C_matched_delete,k2_K03_K05,2,1,1,1,6,1,7,0,16,4,False
deletion_C_matched_delete_s101_f1,deletion_C_matched_delete,k2_K03_K05,2,5,2,5,6,5,7,0,22,10,False
deletion_C_matched_delete_s101_f1,deletion_C_matched_delete,k2_K03_K05,2,10,2,6,6,6,7,0,35,23,False
deletion_C_matched_delete_s101_f1,deletion_C_matched_delete,k2_K03_K09,2,1,0,2,5,2,7,0,17,5,False
deletion_C_matched_delete_s101_f1,deletion_C_matched_delete,k2_K03_K09,2,5,2,4,5,4,7,0,22,10,False
deletion_C_matched_delete_s101_f1,deletion_C_matched_delete,k2_K03_K09,2,10,2,5,5,5,7,0,36,24,False
deletion_C_matched_delete_s101_f1,deletion_C_matched_delete,k2_K05_K09,2,1,1,1,6,1,7,0,16,4,False
deletion_C_matched_delete_s101_f1,deletion_C_matched_delete,k2_K05_K09,2,5,2,5,6,5,7,0,22,10,False
deletion_C_matched_delete_s101_f1,deletion_C_matched_delete,k2_K05_K09,2,10,2,6,6,6,7,0,35,23,False
deletion_C_matched_delete_s101_f1,deletion_C_matched_delete,k2_K01_K02,2,1,1,1,5,1,7,0,16,4,False
deletion_C_matched_delete_s101_f1,deletion_C_matched_delete,k2_K01_K02,2,5,2,4,5,4,7,0,22,10,False
deletion_C_matched_delete_s101_f1,deletion_C_matched_delete,k2_K01_K02,2,10,2,5,5,5,7,0,35,23,False
deletion_C_matched_delete_s101_f1,deletion_C_matched_delete,k2_K01_K06,2,1,0,2,5,2,7,0,17,5,False
deletion_C_matched_delete_s101_f1,deletion_C_matched_delete,k2_K01_K06,2,5,2,5,5,5,7,0,22,10,False
deletion_C_matched_delete_s101_f1,deletion_C_matched_delete,k2_K01_K06,2,10,2,5,5,5,7,0,36,24,False
deletion_C_matched_delete_s101_f1,deletion_C_matched_delete,k2_K02_K06,2,1,1,1,5,1,7,0,17,5,False
deletion_C_matched_delete_s101_f1,deletion_C_matched_delete,k2_K02_K06,2,5,1,5,5,5,7,0,22,10,False
deletion_C_matched_delete_s101_f1,deletion_C_matched_delete,k2_K02_K06,2,10,2,5,5,5,7,0,35,23,False
deletion_C_matched_delete_s101_f1,deletion_C_matched_delete,k3_K04_K07_K08,3,1,2,0,5,0,6,0,16,4,False
deletion_C_matched_delete_s101_f1,deletion_C_matched_delete,k3_K04_K07_K08,3,5,3,4,5,4,6,0,22,10,False
deletion_C_matched_delete_s101_f1,deletion_C_matched_delete,k3_K04_K07_K08,3,10,3,5,5,5,6,0,34,22,False
deletion_C_matched_delete_s101_f1,deletion_C_matched_delete,k3_K03_K05_K09,3,1,1,1,5,1,6,0,16,4,False
deletion_C_matched_delete_s101_f1,deletion_C_matched_delete,k3_K03_K05_K09,3,5,3,4,5,4,6,0,22,10,False
deletion_C_matched_delete_s101_f1,deletion_C_matched_delete,k3_K03_K05_K09,3,10,3,5,5,5,6,0,35,23,False
deletion_C_matched_delete_s101_f1,deletion_C_matched_delete,k3_K01_K02_K06,3,1,1,1,4,1,6,0,16,4,False
deletion_C_matched_delete_s101_f1,deletion_C_matched_delete,k3_K01_K02_K06,3,5,2,4,4,4,6,0,22,10,False
deletion_C_matched_delete_s101_f1,deletion_C_matched_delete,k3_K01_K02_K06,3,10,3,4,4,4,6,0,35,23,False
deletion_A_keep_s101_f2,deletion_A_keep,k2_K04_K07,2,1,2,0,0,0,7,0,30,2,False
deletion_A_keep_s101_f2,deletion_A_keep,k2_K04_K07,2,5,2,0,0,0,7,0,33,5,False
deletion_A_keep_s101_f2,deletion_A_keep,k2_K04_K07,2,10,2,0,0,0,7,0,46,18,False
deletion_A_keep_s101_f2,deletion_A_keep,k2_K04_K08,2,1,2,0,0,0,7,0,30,2,False
deletion_A_keep_s101_f2,deletion_A_keep,k2_K04_K08,2,5,2,0,0,0,7,0,35,7,False
deletion_A_keep_s101_f2,deletion_A_keep,k2_K04_K08,2,10,2,0,0,0,7,0,47,19,False
deletion_A_keep_s101_f2,deletion_A_keep,k2_K07_K08,2,1,2,0,0,0,7,0,30,2,False
deletion_A_keep_s101_f2,deletion_A_keep,k2_K07_K08,2,5,2,0,0,0,7,0,32,4,False
deletion_A_keep_s101_f2,deletion_A_keep,k2_K07_K08,2,10,2,0,0,0,7,0,43,15,False
deletion_A_keep_s101_f2,deletion_A_keep,k2_K03_K05,2,1,2,0,0,0,7,0,30,2,False
deletion_A_keep_s101_f2,deletion_A_keep,k2_K03_K05,2,5,2,0,0,0,7,0,35,7,False
deletion_A_keep_s101_f2,deletion_A_keep,k2_K03_K05,2,10,2,0,0,0,7,0,48,20,False
deletion_A_keep_s101_f2,deletion_A_keep,k2_K03_K09,2,1,2,0,0,0,7,0,30,2,False
deletion_A_keep_s101_f2,deletion_A_keep,k2_K03_K09,2,5,2,0,0,0,7,0,36,8,False
deletion_A_keep_s101_f2,deletion_A_keep,k2_K03_K09,2,10,2,0,0,0,7,0,49,21,False
deletion_A_keep_s101_f2,deletion_A_keep,k2_K05_K09,2,1,2,0,0,0,7,0,30,2,False
deletion_A_keep_s101_f2,deletion_A_keep,k2_K05_K09,2,5,2,0,0,0,7,0,35,7,False
deletion_A_keep_s101_f2,deletion_A_keep,k2_K05_K09,2,10,2,0,0,0,7,0,46,18,False
deletion_A_keep_s101_f2,deletion_A_keep,k2_K01_K02,2,1,2,0,0,0,7,0,30,2,False
deletion_A_keep_s101_f2,deletion_A_keep,k2_K01_K02,2,5,2,0,0,0,7,0,32,4,False
deletion_A_keep_s101_f2,deletion_A_keep,k2_K01_K02,2,10,2,0,0,0,7,0,44,16,False
deletion_A_keep_s101_f2,deletion_A_keep,k2_K01_K06,2,1,2,0,0,0,7,0,30,2,False
deletion_A_keep_s101_f2,deletion_A_keep,k2_K01_K06,2,5,2,0,0,0,7,0,35,7,False
deletion_A_keep_s101_f2,deletion_A_keep,k2_K01_K06,2,10,2,0,0,0,7,0,48,20,False
deletion_A_keep_s101_f2,deletion_A_keep,k2_K02_K06,2,1,2,0,0,0,7,0,30,2,False
deletion_A_keep_s101_f2,deletion_A_keep,k2_K02_K06,2,5,2,0,0,0,7,0,35,7,False
deletion_A_keep_s101_f2,deletion_A_keep,k2_K02_K06,2,10,2,0,0,0,7,0,48,20,False
deletion_A_keep_s101_f2,deletion_A_keep,k3_K04_K07_K08,3,1,3,0,0,0,6,0,30,2,False
deletion_A_keep_s101_f2,deletion_A_keep,k3_K04_K07_K08,3,5,3,0,0,0,6,0,33,5,False
deletion_A_keep_s101_f2,deletion_A_keep,k3_K04_K07_K08,3,10,3,0,0,0,6,0,45,17,False
deletion_A_keep_s101_f2,deletion_A_keep,k3_K03_K05_K09,3,1,3,0,0,0,6,0,30,2,False
deletion_A_keep_s101_f2,deletion_A_keep,k3_K03_K05_K09,3,5,3,0,0,0,6,0,35,7,False
deletion_A_keep_s101_f2,deletion_A_keep,k3_K03_K05_K09,3,10,3,0,0,0,6,0,48,20,False
deletion_A_keep_s101_f2,deletion_A_keep,k3_K01_K02_K06,3,1,3,0,0,0,6,0,30,2,False
deletion_A_keep_s101_f2,deletion_A_keep,k3_K01_K02_K06,3,5,3,0,0,0,6,0,35,7,False
deletion_A_keep_s101_f2,deletion_A_keep,k3_K01_K02_K06,3,10,3,0,0,0,6,0,48,20,False
deletion_A_half_s101_f2,deletion_A_half,k2_K04_K07,2,1,2,0,0,0,7,0,30,1,False
deletion_A_half_s101_f2,deletion_A_half,k2_K04_K07,2,5,2,0,0,0,7,0,35,6,False
deletion_A_half_s101_f2,deletion_A_half,k2_K04_K07,2,10,2,0,0,0,7,0,47,18,False
deletion_A_half_s101_f2,deletion_A_half,k2_K04_K08,2,1,2,0,0,0,7,0,31,2,False
deletion_A_half_s101_f2,deletion_A_half,k2_K04_K08,2,5,2,0,0,0,7,0,36,7,False
deletion_A_half_s101_f2,deletion_A_half,k2_K04_K08,2,10,2,0,0,0,7,0,48,19,False
deletion_A_half_s101_f2,deletion_A_half,k2_K07_K08,2,1,2,0,0,0,7,0,30,1,False
deletion_A_half_s101_f2,deletion_A_half,k2_K07_K08,2,5,2,0,0,0,7,0,33,4,False
deletion_A_half_s101_f2,deletion_A_half,k2_K07_K08,2,10,2,0,0,0,7,0,45,16,False
deletion_A_half_s101_f2,deletion_A_half,k2_K03_K05,2,1,2,0,0,0,7,0,31,2,False
deletion_A_half_s101_f2,deletion_A_half,k2_K03_K05,2,5,2,0,0,0,7,0,36,7,False
deletion_A_half_s101_f2,deletion_A_half,k2_K03_K05,2,10,2,0,0,0,7,0,48,19,False
deletion_A_half_s101_f2,deletion_A_half,k2_K03_K09,2,1,2,0,0,0,7,0,31,2,False
deletion_A_half_s101_f2,deletion_A_half,k2_K03_K09,2,5,2,0,0,0,7,0,37,8,False
deletion_A_half_s101_f2,deletion_A_half,k2_K03_K09,2,10,2,0,0,0,7,0,50,21,False
deletion_A_half_s101_f2,deletion_A_half,k2_K05_K09,2,1,2,0,0,0,7,0,30,1,False
deletion_A_half_s101_f2,deletion_A_half,k2_K05_K09,2,5,2,0,0,0,7,0,35,6,False
deletion_A_half_s101_f2,deletion_A_half,k2_K05_K09,2,10,2,0,0,0,7,0,47,18,False
deletion_A_half_s101_f2,deletion_A_half,k2_K01_K02,2,1,2,0,0,0,7,0,30,1,False
deletion_A_half_s101_f2,deletion_A_half,k2_K01_K02,2,5,2,0,0,0,7,0,35,6,False
deletion_A_half_s101_f2,deletion_A_half,k2_K01_K02,2,10,2,0,0,0,7,0,46,17,False
deletion_A_half_s101_f2,deletion_A_half,k2_K01_K06,2,1,2,0,0,0,7,0,31,2,False
deletion_A_half_s101_f2,deletion_A_half,k2_K01_K06,2,5,2,0,0,0,7,0,37,8,False
deletion_A_half_s101_f2,deletion_A_half,k2_K01_K06,2,10,2,0,0,0,7,0,49,20,False
deletion_A_half_s101_f2,deletion_A_half,k2_K02_K06,2,1,2,0,0,0,7,0,31,2,False
deletion_A_half_s101_f2,deletion_A_half,k2_K02_K06,2,5,2,0,0,0,7,0,36,7,False
deletion_A_half_s101_f2,deletion_A_half,k2_K02_K06,2,10,2,0,0,0,7,0,49,20,False
deletion_A_half_s101_f2,deletion_A_half,k3_K04_K07_K08,3,1,3,0,0,0,6,0,30,1,False
deletion_A_half_s101_f2,deletion_A_half,k3_K04_K07_K08,3,5,3,0,0,0,6,0,35,6,False
deletion_A_half_s101_f2,deletion_A_half,k3_K04_K07_K08,3,10,3,0,0,0,6,0,47,18,False
deletion_A_half_s101_f2,deletion_A_half,k3_K03_K05_K09,3,1,3,0,0,0,6,0,31,2,False
deletion_A_half_s101_f2,deletion_A_half,k3_K03_K05_K09,3,5,3,0,0,0,6,0,36,7,False
deletion_A_half_s101_f2,deletion_A_half,k3_K03_K05_K09,3,10,3,0,0,0,6,0,49,20,False
deletion_A_half_s101_f2,deletion_A_half,k3_K01_K02_K06,3,1,3,0,0,0,6,0,30,1,False
deletion_A_half_s101_f2,deletion_A_half,k3_K01_K02_K06,3,5,3,0,0,0,6,0,36,7,False
deletion_A_half_s101_f2,deletion_A_half,k3_K01_K02_K06,3,10,3,0,0,0,6,0,48,19,False
deletion_A_target_delete_s101_f2,deletion_A_target_delete,k2_K04_K07,2,1,2,0,0,0,7,0,30,5,False
deletion_A_target_delete_s101_f2,deletion_A_target_delete,k2_K04_K07,2,5,2,0,0,0,7,0,32,7,False
deletion_A_target_delete_s101_f2,deletion_A_target_delete,k2_K04_K07,2,10,2,0,0,0,7,0,47,22,False
deletion_A_target_delete_s101_f2,deletion_A_target_delete,k2_K04_K08,2,1,2,0,0,0,7,0,30,5,False
deletion_A_target_delete_s101_f2,deletion_A_target_delete,k2_K04_K08,2,5,2,0,0,0,7,0,34,9,False
deletion_A_target_delete_s101_f2,deletion_A_target_delete,k2_K04_K08,2,10,2,0,0,0,7,0,48,23,False
deletion_A_target_delete_s101_f2,deletion_A_target_delete,k2_K07_K08,2,1,2,0,0,0,7,0,30,5,False
deletion_A_target_delete_s101_f2,deletion_A_target_delete,k2_K07_K08,2,5,2,0,0,0,7,0,32,7,False
deletion_A_target_delete_s101_f2,deletion_A_target_delete,k2_K07_K08,2,10,2,0,0,0,7,0,44,19,False
deletion_A_target_delete_s101_f2,deletion_A_target_delete,k2_K03_K05,2,1,2,0,0,0,7,0,30,5,False
deletion_A_target_delete_s101_f2,deletion_A_target_delete,k2_K03_K05,2,5,2,0,0,0,7,0,34,9,False
deletion_A_target_delete_s101_f2,deletion_A_target_delete,k2_K03_K05,2,10,2,0,0,0,7,0,48,23,False
deletion_A_target_delete_s101_f2,deletion_A_target_delete,k2_K03_K09,2,1,2,0,0,0,7,0,30,5,False
deletion_A_target_delete_s101_f2,deletion_A_target_delete,k2_K03_K09,2,5,2,0,0,0,7,0,34,9,False
deletion_A_target_delete_s101_f2,deletion_A_target_delete,k2_K03_K09,2,10,2,0,0,0,7,0,49,24,False
deletion_A_target_delete_s101_f2,deletion_A_target_delete,k2_K05_K09,2,1,2,0,0,0,7,0,30,5,False
deletion_A_target_delete_s101_f2,deletion_A_target_delete,k2_K05_K09,2,5,2,0,0,0,7,0,32,7,False
deletion_A_target_delete_s101_f2,deletion_A_target_delete,k2_K05_K09,2,10,2,0,0,0,7,0,47,22,False
deletion_A_target_delete_s101_f2,deletion_A_target_delete,k2_K01_K02,2,1,2,0,0,0,7,0,30,5,False
deletion_A_target_delete_s101_f2,deletion_A_target_delete,k2_K01_K02,2,5,2,0,0,0,7,0,32,7,False
deletion_A_target_delete_s101_f2,deletion_A_target_delete,k2_K01_K02,2,10,2,0,0,0,7,0,45,20,False
deletion_A_target_delete_s101_f2,deletion_A_target_delete,k2_K01_K06,2,1,2,0,0,0,7,0,30,5,False
deletion_A_target_delete_s101_f2,deletion_A_target_delete,k2_K01_K06,2,5,2,0,0,0,7,0,34,9,False
deletion_A_target_delete_s101_f2,deletion_A_target_delete,k2_K01_K06,2,10,2,0,0,0,7,0,49,24,False
deletion_A_target_delete_s101_f2,deletion_A_target_delete,k2_K02_K06,2,1,2,0,0,0,7,0,30,5,False
deletion_A_target_delete_s101_f2,deletion_A_target_delete,k2_K02_K06,2,5,2,0,0,0,7,0,34,9,False
deletion_A_target_delete_s101_f2,deletion_A_target_delete,k2_K02_K06,2,10,2,0,0,0,7,0,49,24,False
deletion_A_target_delete_s101_f2,deletion_A_target_delete,k3_K04_K07_K08,3,1,3,0,0,0,6,0,30,5,False
deletion_A_target_delete_s101_f2,deletion_A_target_delete,k3_K04_K07_K08,3,5,3,0,0,0,6,0,32,7,False
deletion_A_target_delete_s101_f2,deletion_A_target_delete,k3_K04_K07_K08,3,10,3,0,0,0,6,0,47,22,False
deletion_A_target_delete_s101_f2,deletion_A_target_delete,k3_K03_K05_K09,3,1,3,0,0,0,6,0,30,5,False
deletion_A_target_delete_s101_f2,deletion_A_target_delete,k3_K03_K05_K09,3,5,3,0,0,0,6,0,34,9,False
deletion_A_target_delete_s101_f2,deletion_A_target_delete,k3_K03_K05_K09,3,10,3,0,0,0,6,0,49,24,False
deletion_A_target_delete_s101_f2,deletion_A_target_delete,k3_K01_K02_K06,3,1,3,0,0,0,6,0,30,5,False
deletion_A_target_delete_s101_f2,deletion_A_target_delete,k3_K01_K02_K06,3,5,3,0,0,0,6,0,34,9,False
deletion_A_target_delete_s101_f2,deletion_A_target_delete,k3_K01_K02_K06,3,10,3,0,0,0,6,0,48,23,False
deletion_A_matched_delete_s101_f2,deletion_A_matched_delete,k2_K04_K07,2,1,2,0,0,0,7,0,25,5,False
deletion_A_matched_delete_s101_f2,deletion_A_matched_delete,k2_K04_K07,2,5,2,0,0,0,7,0,31,11,False
deletion_A_matched_delete_s101_f2,deletion_A_matched_delete,k2_K04_K07,2,10,2,0,0,0,7,0,39,19,False
deletion_A_matched_delete_s101_f2,deletion_A_matched_delete,k2_K04_K08,2,1,2,0,0,0,7,0,25,5,False
deletion_A_matched_delete_s101_f2,deletion_A_matched_delete,k2_K04_K08,2,5,2,0,0,0,7,0,31,11,False
deletion_A_matched_delete_s101_f2,deletion_A_matched_delete,k2_K04_K08,2,10,2,0,0,0,7,0,40,20,False
deletion_A_matched_delete_s101_f2,deletion_A_matched_delete,k2_K07_K08,2,1,2,0,0,0,7,0,25,5,False
deletion_A_matched_delete_s101_f2,deletion_A_matched_delete,k2_K07_K08,2,5,2,0,0,0,7,0,31,11,False
deletion_A_matched_delete_s101_f2,deletion_A_matched_delete,k2_K07_K08,2,10,2,0,0,0,7,0,37,17,False
deletion_A_matched_delete_s101_f2,deletion_A_matched_delete,k2_K03_K05,2,1,2,0,0,0,7,0,25,5,False
deletion_A_matched_delete_s101_f2,deletion_A_matched_delete,k2_K03_K05,2,5,2,0,0,0,7,0,31,11,False
deletion_A_matched_delete_s101_f2,deletion_A_matched_delete,k2_K03_K05,2,10,2,0,0,0,7,0,39,19,False
deletion_A_matched_delete_s101_f2,deletion_A_matched_delete,k2_K03_K09,2,1,2,0,0,0,7,0,25,5,False
deletion_A_matched_delete_s101_f2,deletion_A_matched_delete,k2_K03_K09,2,5,2,0,0,0,7,0,31,11,False
deletion_A_matched_delete_s101_f2,deletion_A_matched_delete,k2_K03_K09,2,10,2,0,0,0,7,0,44,24,False
deletion_A_matched_delete_s101_f2,deletion_A_matched_delete,k2_K05_K09,2,1,2,0,0,0,7,0,25,5,False
deletion_A_matched_delete_s101_f2,deletion_A_matched_delete,k2_K05_K09,2,5,2,0,0,0,7,0,31,11,False
deletion_A_matched_delete_s101_f2,deletion_A_matched_delete,k2_K05_K09,2,10,2,0,0,0,7,0,39,19,False
deletion_A_matched_delete_s101_f2,deletion_A_matched_delete,k2_K01_K02,2,1,2,0,0,0,7,0,25,5,False
deletion_A_matched_delete_s101_f2,deletion_A_matched_delete,k2_K01_K02,2,5,2,0,0,0,7,0,31,11,False
deletion_A_matched_delete_s101_f2,deletion_A_matched_delete,k2_K01_K02,2,10,2,0,0,0,7,0,38,18,False
deletion_A_matched_delete_s101_f2,deletion_A_matched_delete,k2_K01_K06,2,1,2,0,0,0,7,0,25,5,False
deletion_A_matched_delete_s101_f2,deletion_A_matched_delete,k2_K01_K06,2,5,2,0,0,0,7,0,31,11,False
deletion_A_matched_delete_s101_f2,deletion_A_matched_delete,k2_K01_K06,2,10,2,0,0,0,7,0,43,23,False
deletion_A_matched_delete_s101_f2,deletion_A_matched_delete,k2_K02_K06,2,1,2,0,0,0,7,0,25,5,False
deletion_A_matched_delete_s101_f2,deletion_A_matched_delete,k2_K02_K06,2,5,2,0,0,0,7,0,31,11,False
deletion_A_matched_delete_s101_f2,deletion_A_matched_delete,k2_K02_K06,2,10,2,0,0,0,7,0,42,22,False
deletion_A_matched_delete_s101_f2,deletion_A_matched_delete,k3_K04_K07_K08,3,1,3,0,0,0,6,0,25,5,False
deletion_A_matched_delete_s101_f2,deletion_A_matched_delete,k3_K04_K07_K08,3,5,3,0,0,0,6,0,31,11,False
deletion_A_matched_delete_s101_f2,deletion_A_matched_delete,k3_K04_K07_K08,3,10,3,0,0,0,6,0,39,19,False
deletion_A_matched_delete_s101_f2,deletion_A_matched_delete,k3_K03_K05_K09,3,1,3,0,0,0,6,0,25,5,False
deletion_A_matched_delete_s101_f2,deletion_A_matched_delete,k3_K03_K05_K09,3,5,3,0,0,0,6,0,31,11,False
deletion_A_matched_delete_s101_f2,deletion_A_matched_delete,k3_K03_K05_K09,3,10,3,0,0,0,6,0,42,22,False
deletion_A_matched_delete_s101_f2,deletion_A_matched_delete,k3_K01_K02_K06,3,1,3,0,0,0,6,0,25,5,False
deletion_A_matched_delete_s101_f2,deletion_A_matched_delete,k3_K01_K02_K06,3,5,3,0,0,0,6,0,31,11,False
deletion_A_matched_delete_s101_f2,deletion_A_matched_delete,k3_K01_K02_K06,3,10,3,0,0,0,6,0,40,20,False
deletion_C_keep_s101_f2,deletion_C_keep,k2_K04_K07,2,1,2,0,0,0,7,0,27,4,False
deletion_C_keep_s101_f2,deletion_C_keep,k2_K04_K07,2,5,2,0,0,0,7,0,31,8,False
deletion_C_keep_s101_f2,deletion_C_keep,k2_K04_K07,2,10,2,0,0,0,7,0,44,21,False
deletion_C_keep_s101_f2,deletion_C_keep,k2_K04_K08,2,1,2,0,0,0,7,0,28,5,False
deletion_C_keep_s101_f2,deletion_C_keep,k2_K04_K08,2,5,2,0,0,0,7,0,31,8,False
deletion_C_keep_s101_f2,deletion_C_keep,k2_K04_K08,2,10,2,0,0,0,7,0,44,21,False
deletion_C_keep_s101_f2,deletion_C_keep,k2_K07_K08,2,1,2,0,0,0,7,0,27,4,False
deletion_C_keep_s101_f2,deletion_C_keep,k2_K07_K08,2,5,2,0,0,0,7,0,31,8,False
deletion_C_keep_s101_f2,deletion_C_keep,k2_K07_K08,2,10,2,0,0,0,7,0,42,19,False
deletion_C_keep_s101_f2,deletion_C_keep,k2_K03_K05,2,1,2,0,0,0,7,0,28,5,False
deletion_C_keep_s101_f2,deletion_C_keep,k2_K03_K05,2,5,2,0,0,0,7,0,31,8,False
deletion_C_keep_s101_f2,deletion_C_keep,k2_K03_K05,2,10,2,0,0,0,7,0,44,21,False
deletion_C_keep_s101_f2,deletion_C_keep,k2_K03_K09,2,1,2,0,0,0,7,0,28,5,False
deletion_C_keep_s101_f2,deletion_C_keep,k2_K03_K09,2,5,2,0,0,0,7,0,32,9,False
deletion_C_keep_s101_f2,deletion_C_keep,k2_K03_K09,2,10,2,0,0,0,7,0,47,24,False
deletion_C_keep_s101_f2,deletion_C_keep,k2_K05_K09,2,1,2,0,0,0,7,0,27,4,False
deletion_C_keep_s101_f2,deletion_C_keep,k2_K05_K09,2,5,2,0,0,0,7,0,31,8,False
deletion_C_keep_s101_f2,deletion_C_keep,k2_K05_K09,2,10,2,0,0,0,7,0,44,21,False
deletion_C_keep_s101_f2,deletion_C_keep,k2_K01_K02,2,1,2,0,0,0,7,0,27,4,False
deletion_C_keep_s101_f2,deletion_C_keep,k2_K01_K02,2,5,2,0,0,0,7,0,31,8,False
deletion_C_keep_s101_f2,deletion_C_keep,k2_K01_K02,2,10,2,0,0,0,7,0,44,21,False
deletion_C_keep_s101_f2,deletion_C_keep,k2_K01_K06,2,1,2,0,0,0,7,0,28,5,False
deletion_C_keep_s101_f2,deletion_C_keep,k2_K01_K06,2,5,2,0,0,0,7,0,31,8,False
deletion_C_keep_s101_f2,deletion_C_keep,k2_K01_K06,2,10,2,0,0,0,7,0,46,23,False
deletion_C_keep_s101_f2,deletion_C_keep,k2_K02_K06,2,1,2,0,0,0,7,0,28,5,False
deletion_C_keep_s101_f2,deletion_C_keep,k2_K02_K06,2,5,2,0,0,0,7,0,31,8,False
deletion_C_keep_s101_f2,deletion_C_keep,k2_K02_K06,2,10,2,0,0,0,7,0,46,23,False
deletion_C_keep_s101_f2,deletion_C_keep,k3_K04_K07_K08,3,1,3,0,0,0,6,0,27,4,False
deletion_C_keep_s101_f2,deletion_C_keep,k3_K04_K07_K08,3,5,3,0,0,0,6,0,31,8,False
deletion_C_keep_s101_f2,deletion_C_keep,k3_K04_K07_K08,3,10,3,0,0,0,6,0,44,21,False
deletion_C_keep_s101_f2,deletion_C_keep,k3_K03_K05_K09,3,1,3,0,0,0,6,0,28,5,False
deletion_C_keep_s101_f2,deletion_C_keep,k3_K03_K05_K09,3,5,3,0,0,0,6,0,31,8,False
deletion_C_keep_s101_f2,deletion_C_keep,k3_K03_K05_K09,3,10,3,0,0,0,6,0,45,22,False
deletion_C_keep_s101_f2,deletion_C_keep,k3_K01_K02_K06,3,1,3,0,0,0,6,0,28,5,False
deletion_C_keep_s101_f2,deletion_C_keep,k3_K01_K02_K06,3,5,3,0,0,0,6,0,31,8,False
deletion_C_keep_s101_f2,deletion_C_keep,k3_K01_K02_K06,3,10,3,0,0,0,6,0,45,22,False
deletion_C_half_s101_f2,deletion_C_half,k2_K04_K07,2,1,2,0,0,0,7,0,30,3,False
deletion_C_half_s101_f2,deletion_C_half,k2_K04_K07,2,5,2,0,0,0,7,0,32,5,False
deletion_C_half_s101_f2,deletion_C_half,k2_K04_K07,2,10,2,0,0,0,7,0,45,18,False
deletion_C_half_s101_f2,deletion_C_half,k2_K04_K08,2,1,2,0,0,0,7,0,30,3,False
deletion_C_half_s101_f2,deletion_C_half,k2_K04_K08,2,5,2,0,0,0,7,0,32,5,False
deletion_C_half_s101_f2,deletion_C_half,k2_K04_K08,2,10,2,0,0,0,7,0,46,19,False
deletion_C_half_s101_f2,deletion_C_half,k2_K07_K08,2,1,2,0,0,0,7,0,30,3,False
deletion_C_half_s101_f2,deletion_C_half,k2_K07_K08,2,5,2,0,0,0,7,0,31,4,False
deletion_C_half_s101_f2,deletion_C_half,k2_K07_K08,2,10,2,0,0,0,7,0,44,17,False
deletion_C_half_s101_f2,deletion_C_half,k2_K03_K05,2,1,2,0,0,0,7,0,30,3,False
deletion_C_half_s101_f2,deletion_C_half,k2_K03_K05,2,5,2,0,0,0,7,0,32,5,False
deletion_C_half_s101_f2,deletion_C_half,k2_K03_K05,2,10,2,0,0,0,7,0,46,19,False
deletion_C_half_s101_f2,deletion_C_half,k2_K03_K09,2,1,2,0,0,0,7,0,30,3,False
deletion_C_half_s101_f2,deletion_C_half,k2_K03_K09,2,5,2,0,0,0,7,0,32,5,False
deletion_C_half_s101_f2,deletion_C_half,k2_K03_K09,2,10,2,0,0,0,7,0,49,22,False
deletion_C_half_s101_f2,deletion_C_half,k2_K05_K09,2,1,2,0,0,0,7,0,30,3,False
deletion_C_half_s101_f2,deletion_C_half,k2_K05_K09,2,5,2,0,0,0,7,0,32,5,False
deletion_C_half_s101_f2,deletion_C_half,k2_K05_K09,2,10,2,0,0,0,7,0,46,19,False
deletion_C_half_s101_f2,deletion_C_half,k2_K01_K02,2,1,2,0,0,0,7,0,30,3,False
deletion_C_half_s101_f2,deletion_C_half,k2_K01_K02,2,5,2,0,0,0,7,0,32,5,False
deletion_C_half_s101_f2,deletion_C_half,k2_K01_K02,2,10,2,0,0,0,7,0,44,17,False
deletion_C_half_s101_f2,deletion_C_half,k2_K01_K06,2,1,2,0,0,0,7,0,30,3,False
deletion_C_half_s101_f2,deletion_C_half,k2_K01_K06,2,5,2,0,0,0,7,0,32,5,False
deletion_C_half_s101_f2,deletion_C_half,k2_K01_K06,2,10,2,0,0,0,7,0,47,20,False
deletion_C_half_s101_f2,deletion_C_half,k2_K02_K06,2,1,2,0,0,0,7,0,30,3,False
deletion_C_half_s101_f2,deletion_C_half,k2_K02_K06,2,5,2,0,0,0,7,0,32,5,False
deletion_C_half_s101_f2,deletion_C_half,k2_K02_K06,2,10,2,0,0,0,7,0,47,20,False
deletion_C_half_s101_f2,deletion_C_half,k3_K04_K07_K08,3,1,3,0,0,0,6,0,30,3,False
deletion_C_half_s101_f2,deletion_C_half,k3_K04_K07_K08,3,5,3,0,0,0,6,0,32,5,False
deletion_C_half_s101_f2,deletion_C_half,k3_K04_K07_K08,3,10,3,0,0,0,6,0,44,17,False
deletion_C_half_s101_f2,deletion_C_half,k3_K03_K05_K09,3,1,3,0,0,0,6,0,30,3,False
deletion_C_half_s101_f2,deletion_C_half,k3_K03_K05_K09,3,5,3,0,0,0,6,0,32,5,False
deletion_C_half_s101_f2,deletion_C_half,k3_K03_K05_K09,3,10,3,0,0,0,6,0,47,20,False
deletion_C_half_s101_f2,deletion_C_half,k3_K01_K02_K06,3,1,3,0,0,0,6,0,30,3,False
deletion_C_half_s101_f2,deletion_C_half,k3_K01_K02_K06,3,5,3,0,0,0,6,0,32,5,False
deletion_C_half_s101_f2,deletion_C_half,k3_K01_K02_K06,3,10,3,0,0,0,6,0,46,19,False
deletion_C_target_delete_s101_f2,deletion_C_target_delete,k2_K04_K07,2,1,2,0,0,0,7,0,25,4,False
deletion_C_target_delete_s101_f2,deletion_C_target_delete,k2_K04_K07,2,5,2,0,0,0,7,0,31,10,False
deletion_C_target_delete_s101_f2,deletion_C_target_delete,k2_K04_K07,2,10,2,0,0,0,7,0,39,18,False
deletion_C_target_delete_s101_f2,deletion_C_target_delete,k2_K04_K08,2,1,2,0,0,0,7,0,25,4,False
deletion_C_target_delete_s101_f2,deletion_C_target_delete,k2_K04_K08,2,5,2,0,0,0,7,0,31,10,False
deletion_C_target_delete_s101_f2,deletion_C_target_delete,k2_K04_K08,2,10,2,0,0,0,7,0,41,20,False
deletion_C_target_delete_s101_f2,deletion_C_target_delete,k2_K07_K08,2,1,2,0,0,0,7,0,25,4,False
deletion_C_target_delete_s101_f2,deletion_C_target_delete,k2_K07_K08,2,5,2,0,0,0,7,0,31,10,False
deletion_C_target_delete_s101_f2,deletion_C_target_delete,k2_K07_K08,2,10,2,0,0,0,7,0,36,15,False
deletion_C_target_delete_s101_f2,deletion_C_target_delete,k2_K03_K05,2,1,2,0,0,0,7,0,25,4,False
deletion_C_target_delete_s101_f2,deletion_C_target_delete,k2_K03_K05,2,5,2,0,0,0,7,0,31,10,False
deletion_C_target_delete_s101_f2,deletion_C_target_delete,k2_K03_K05,2,10,2,0,0,0,7,0,41,20,False
deletion_C_target_delete_s101_f2,deletion_C_target_delete,k2_K03_K09,2,1,2,0,0,0,7,0,25,4,False
deletion_C_target_delete_s101_f2,deletion_C_target_delete,k2_K03_K09,2,5,2,0,0,0,7,0,31,10,False
deletion_C_target_delete_s101_f2,deletion_C_target_delete,k2_K03_K09,2,10,2,0,0,0,7,0,44,23,False
deletion_C_target_delete_s101_f2,deletion_C_target_delete,k2_K05_K09,2,1,2,0,0,0,7,0,25,4,False
deletion_C_target_delete_s101_f2,deletion_C_target_delete,k2_K05_K09,2,5,2,0,0,0,7,0,31,10,False
deletion_C_target_delete_s101_f2,deletion_C_target_delete,k2_K05_K09,2,10,2,0,0,0,7,0,40,19,False
deletion_C_target_delete_s101_f2,deletion_C_target_delete,k2_K01_K02,2,1,2,0,0,0,7,0,25,4,False
deletion_C_target_delete_s101_f2,deletion_C_target_delete,k2_K01_K02,2,5,2,0,0,0,7,0,31,10,False
deletion_C_target_delete_s101_f2,deletion_C_target_delete,k2_K01_K02,2,10,2,0,0,0,7,0,39,18,False
deletion_C_target_delete_s101_f2,deletion_C_target_delete,k2_K01_K06,2,1,2,0,0,0,7,0,25,4,False
deletion_C_target_delete_s101_f2,deletion_C_target_delete,k2_K01_K06,2,5,2,0,0,0,7,0,31,10,False
deletion_C_target_delete_s101_f2,deletion_C_target_delete,k2_K01_K06,2,10,2,0,0,0,7,0,42,21,False
deletion_C_target_delete_s101_f2,deletion_C_target_delete,k2_K02_K06,2,1,2,0,0,0,7,0,25,4,False
deletion_C_target_delete_s101_f2,deletion_C_target_delete,k2_K02_K06,2,5,2,0,0,0,7,0,31,10,False
deletion_C_target_delete_s101_f2,deletion_C_target_delete,k2_K02_K06,2,10,2,0,0,0,7,0,42,21,False
deletion_C_target_delete_s101_f2,deletion_C_target_delete,k3_K04_K07_K08,3,1,3,0,0,0,6,0,25,4,False
deletion_C_target_delete_s101_f2,deletion_C_target_delete,k3_K04_K07_K08,3,5,3,0,0,0,6,0,31,10,False
deletion_C_target_delete_s101_f2,deletion_C_target_delete,k3_K04_K07_K08,3,10,3,0,0,0,6,0,39,18,False
deletion_C_target_delete_s101_f2,deletion_C_target_delete,k3_K03_K05_K09,3,1,3,0,0,0,6,0,25,4,False
deletion_C_target_delete_s101_f2,deletion_C_target_delete,k3_K03_K05_K09,3,5,3,0,0,0,6,0,31,10,False
deletion_C_target_delete_s101_f2,deletion_C_target_delete,k3_K03_K05_K09,3,10,3,0,0,0,6,0,41,20,False
deletion_C_target_delete_s101_f2,deletion_C_target_delete,k3_K01_K02_K06,3,1,3,0,0,0,6,0,25,4,False
deletion_C_target_delete_s101_f2,deletion_C_target_delete,k3_K01_K02_K06,3,5,3,0,0,0,6,0,31,10,False
deletion_C_target_delete_s101_f2,deletion_C_target_delete,k3_K01_K02_K06,3,10,3,0,0,0,6,0,42,21,False
deletion_C_matched_delete_s101_f2,deletion_C_matched_delete,k2_K04_K07,2,1,2,0,0,0,7,0,29,3,False
deletion_C_matched_delete_s101_f2,deletion_C_matched_delete,k2_K04_K07,2,5,2,0,0,0,7,0,32,6,False
deletion_C_matched_delete_s101_f2,deletion_C_matched_delete,k2_K04_K07,2,10,2,0,0,0,7,0,47,21,False
deletion_C_matched_delete_s101_f2,deletion_C_matched_delete,k2_K04_K08,2,1,2,0,0,0,7,0,29,3,False
deletion_C_matched_delete_s101_f2,deletion_C_matched_delete,k2_K04_K08,2,5,2,0,0,0,7,0,32,6,False
deletion_C_matched_delete_s101_f2,deletion_C_matched_delete,k2_K04_K08,2,10,2,0,0,0,7,0,47,21,False
deletion_C_matched_delete_s101_f2,deletion_C_matched_delete,k2_K07_K08,2,1,2,0,0,0,7,0,29,3,False
deletion_C_matched_delete_s101_f2,deletion_C_matched_delete,k2_K07_K08,2,5,2,0,0,0,7,0,31,5,False
deletion_C_matched_delete_s101_f2,deletion_C_matched_delete,k2_K07_K08,2,10,2,0,0,0,7,0,45,19,False
deletion_C_matched_delete_s101_f2,deletion_C_matched_delete,k2_K03_K05,2,1,2,0,0,0,7,0,29,3,False
deletion_C_matched_delete_s101_f2,deletion_C_matched_delete,k2_K03_K05,2,5,2,0,0,0,7,0,32,6,False
deletion_C_matched_delete_s101_f2,deletion_C_matched_delete,k2_K03_K05,2,10,2,0,0,0,7,0,47,21,False
deletion_C_matched_delete_s101_f2,deletion_C_matched_delete,k2_K03_K09,2,1,2,0,0,0,7,0,30,4,False
deletion_C_matched_delete_s101_f2,deletion_C_matched_delete,k2_K03_K09,2,5,2,0,0,0,7,0,32,6,False
deletion_C_matched_delete_s101_f2,deletion_C_matched_delete,k2_K03_K09,2,10,2,0,0,0,7,0,49,23,False
deletion_C_matched_delete_s101_f2,deletion_C_matched_delete,k2_K05_K09,2,1,2,0,0,0,7,0,29,3,False
deletion_C_matched_delete_s101_f2,deletion_C_matched_delete,k2_K05_K09,2,5,2,0,0,0,7,0,32,6,False
deletion_C_matched_delete_s101_f2,deletion_C_matched_delete,k2_K05_K09,2,10,2,0,0,0,7,0,47,21,False
deletion_C_matched_delete_s101_f2,deletion_C_matched_delete,k2_K01_K02,2,1,2,0,0,0,7,0,29,3,False
deletion_C_matched_delete_s101_f2,deletion_C_matched_delete,k2_K01_K02,2,5,2,0,0,0,7,0,31,5,False
deletion_C_matched_delete_s101_f2,deletion_C_matched_delete,k2_K01_K02,2,10,2,0,0,0,7,0,46,20,False
deletion_C_matched_delete_s101_f2,deletion_C_matched_delete,k2_K01_K06,2,1,2,0,0,0,7,0,29,3,False
deletion_C_matched_delete_s101_f2,deletion_C_matched_delete,k2_K01_K06,2,5,2,0,0,0,7,0,32,6,False
deletion_C_matched_delete_s101_f2,deletion_C_matched_delete,k2_K01_K06,2,10,2,0,0,0,7,0,49,23,False
deletion_C_matched_delete_s101_f2,deletion_C_matched_delete,k2_K02_K06,2,1,2,0,0,0,7,0,29,3,False
deletion_C_matched_delete_s101_f2,deletion_C_matched_delete,k2_K02_K06,2,5,2,0,0,0,7,0,32,6,False
deletion_C_matched_delete_s101_f2,deletion_C_matched_delete,k2_K02_K06,2,10,2,0,0,0,7,0,49,23,False
deletion_C_matched_delete_s101_f2,deletion_C_matched_delete,k3_K04_K07_K08,3,1,3,0,0,0,6,0,29,3,False
deletion_C_matched_delete_s101_f2,deletion_C_matched_delete,k3_K04_K07_K08,3,5,3,0,0,0,6,0,31,5,False
deletion_C_matched_delete_s101_f2,deletion_C_matched_delete,k3_K04_K07_K08,3,10,3,0,0,0,6,0,47,21,False
deletion_C_matched_delete_s101_f2,deletion_C_matched_delete,k3_K03_K05_K09,3,1,3,0,0,0,6,0,29,3,False
deletion_C_matched_delete_s101_f2,deletion_C_matched_delete,k3_K03_K05_K09,3,5,3,0,0,0,6,0,32,6,False
deletion_C_matched_delete_s101_f2,deletion_C_matched_delete,k3_K03_K05_K09,3,10,3,0,0,0,6,0,48,22,False
deletion_C_matched_delete_s101_f2,deletion_C_matched_delete,k3_K01_K02_K06,3,1,3,0,0,0,6,0,29,3,False
deletion_C_matched_delete_s101_f2,deletion_C_matched_delete,k3_K01_K02_K06,3,5,3,0,0,0,6,0,32,6,False
deletion_C_matched_delete_s101_f2,deletion_C_matched_delete,k3_K01_K02_K06,3,10,3,0,0,0,6,0,48,22,False
deletion_A_keep_s202_f0,deletion_A_keep,k2_K04_K07,2,1,2,0,0,0,7,0,26,0,False
deletion_A_keep_s202_f0,deletion_A_keep,k2_K04_K07,2,5,2,0,0,0,7,0,35,9,False
deletion_A_keep_s202_f0,deletion_A_keep,k2_K04_K07,2,10,2,0,0,0,7,0,48,22,False
deletion_A_keep_s202_f0,deletion_A_keep,k2_K04_K08,2,1,2,0,0,0,7,0,26,0,False
deletion_A_keep_s202_f0,deletion_A_keep,k2_K04_K08,2,5,2,0,0,0,7,0,35,9,False
deletion_A_keep_s202_f0,deletion_A_keep,k2_K04_K08,2,10,2,0,0,0,7,0,49,23,False
deletion_A_keep_s202_f0,deletion_A_keep,k2_K07_K08,2,1,2,0,0,0,7,0,26,0,False
deletion_A_keep_s202_f0,deletion_A_keep,k2_K07_K08,2,5,2,0,0,0,7,0,33,7,False
deletion_A_keep_s202_f0,deletion_A_keep,k2_K07_K08,2,10,2,0,0,0,7,0,42,16,False
deletion_A_keep_s202_f0,deletion_A_keep,k2_K03_K05,2,1,2,0,0,0,7,0,26,0,False
deletion_A_keep_s202_f0,deletion_A_keep,k2_K03_K05,2,5,2,0,0,0,7,0,35,9,False
deletion_A_keep_s202_f0,deletion_A_keep,k2_K03_K05,2,10,2,0,0,0,7,0,47,21,False
deletion_A_keep_s202_f0,deletion_A_keep,k2_K03_K09,2,1,2,0,0,0,7,0,26,0,False
deletion_A_keep_s202_f0,deletion_A_keep,k2_K03_K09,2,5,2,0,0,0,7,0,35,9,False
deletion_A_keep_s202_f0,deletion_A_keep,k2_K03_K09,2,10,2,0,0,0,7,0,51,25,False
deletion_A_keep_s202_f0,deletion_A_keep,k2_K05_K09,2,1,2,0,0,0,7,0,26,0,False
deletion_A_keep_s202_f0,deletion_A_keep,k2_K05_K09,2,5,2,0,0,0,7,0,35,9,False
deletion_A_keep_s202_f0,deletion_A_keep,k2_K05_K09,2,10,2,0,0,0,7,0,44,18,False
deletion_A_keep_s202_f0,deletion_A_keep,k2_K01_K02,2,1,2,0,0,0,7,0,26,0,False
deletion_A_keep_s202_f0,deletion_A_keep,k2_K01_K02,2,5,2,0,0,0,7,0,33,7,False
deletion_A_keep_s202_f0,deletion_A_keep,k2_K01_K02,2,10,2,0,0,0,7,0,43,17,False
deletion_A_keep_s202_f0,deletion_A_keep,k2_K01_K06,2,1,2,0,0,0,7,0,26,0,False
deletion_A_keep_s202_f0,deletion_A_keep,k2_K01_K06,2,5,2,0,0,0,7,0,35,9,False
deletion_A_keep_s202_f0,deletion_A_keep,k2_K01_K06,2,10,2,0,0,0,7,0,50,24,False
deletion_A_keep_s202_f0,deletion_A_keep,k2_K02_K06,2,1,2,0,0,0,7,0,26,0,False
deletion_A_keep_s202_f0,deletion_A_keep,k2_K02_K06,2,5,2,0,0,0,7,0,35,9,False
deletion_A_keep_s202_f0,deletion_A_keep,k2_K02_K06,2,10,2,0,0,0,7,0,50,24,False
deletion_A_keep_s202_f0,deletion_A_keep,k3_K04_K07_K08,3,1,3,0,0,0,6,0,26,0,False
deletion_A_keep_s202_f0,deletion_A_keep,k3_K04_K07_K08,3,5,3,0,0,0,6,0,35,9,False
deletion_A_keep_s202_f0,deletion_A_keep,k3_K04_K07_K08,3,10,3,0,0,0,6,0,46,20,False
deletion_A_keep_s202_f0,deletion_A_keep,k3_K03_K05_K09,3,1,3,0,0,0,6,0,26,0,False
deletion_A_keep_s202_f0,deletion_A_keep,k3_K03_K05_K09,3,5,3,0,0,0,6,0,35,9,False
deletion_A_keep_s202_f0,deletion_A_keep,k3_K03_K05_K09,3,10,3,0,0,0,6,0,49,23,False
deletion_A_keep_s202_f0,deletion_A_keep,k3_K01_K02_K06,3,1,3,0,0,0,6,0,26,0,False
deletion_A_keep_s202_f0,deletion_A_keep,k3_K01_K02_K06,3,5,3,0,0,0,6,0,35,9,False
deletion_A_keep_s202_f0,deletion_A_keep,k3_K01_K02_K06,3,10,3,0,0,0,6,0,49,23,False
deletion_A_half_s202_f0,deletion_A_half,k2_K04_K07,2,1,2,0,0,0,7,0,26,0,False
deletion_A_half_s202_f0,deletion_A_half,k2_K04_K07,2,5,2,0,0,0,7,0,35,9,False
deletion_A_half_s202_f0,deletion_A_half,k2_K04_K07,2,10,2,0,0,0,7,0,46,20,False
deletion_A_half_s202_f0,deletion_A_half,k2_K04_K08,2,1,2,0,0,0,7,0,26,0,False
deletion_A_half_s202_f0,deletion_A_half,k2_K04_K08,2,5,2,0,0,0,7,0,35,9,False
deletion_A_half_s202_f0,deletion_A_half,k2_K04_K08,2,10,2,0,0,0,7,0,47,21,False
deletion_A_half_s202_f0,deletion_A_half,k2_K07_K08,2,1,2,0,0,0,7,0,26,0,False
deletion_A_half_s202_f0,deletion_A_half,k2_K07_K08,2,5,2,0,0,0,7,0,33,7,False
deletion_A_half_s202_f0,deletion_A_half,k2_K07_K08,2,10,2,0,0,0,7,0,42,16,False
deletion_A_half_s202_f0,deletion_A_half,k2_K03_K05,2,1,2,0,0,0,7,0,26,0,False
deletion_A_half_s202_f0,deletion_A_half,k2_K03_K05,2,5,2,0,0,0,7,0,35,9,False
deletion_A_half_s202_f0,deletion_A_half,k2_K03_K05,2,10,2,0,0,0,7,0,46,20,False
deletion_A_half_s202_f0,deletion_A_half,k2_K03_K09,2,1,2,0,0,0,7,0,26,0,False
deletion_A_half_s202_f0,deletion_A_half,k2_K03_K09,2,5,2,0,0,0,7,0,35,9,False
deletion_A_half_s202_f0,deletion_A_half,k2_K03_K09,2,10,2,0,0,0,7,0,50,24,False
deletion_A_half_s202_f0,deletion_A_half,k2_K05_K09,2,1,2,0,0,0,7,0,26,0,False
deletion_A_half_s202_f0,deletion_A_half,k2_K05_K09,2,5,2,0,0,0,7,0,34,8,False
deletion_A_half_s202_f0,deletion_A_half,k2_K05_K09,2,10,2,0,0,0,7,0,44,18,False
deletion_A_half_s202_f0,deletion_A_half,k2_K01_K02,2,1,2,0,0,0,7,0,26,0,False
deletion_A_half_s202_f0,deletion_A_half,k2_K01_K02,2,5,2,0,0,0,7,0,33,7,False
deletion_A_half_s202_f0,deletion_A_half,k2_K01_K02,2,10,2,0,0,0,7,0,43,17,False
deletion_A_half_s202_f0,deletion_A_half,k2_K01_K06,2,1,2,0,0,0,7,0,26,0,False
deletion_A_half_s202_f0,deletion_A_half,k2_K01_K06,2,5,2,0,0,0,7,0,35,9,False
deletion_A_half_s202_f0,deletion_A_half,k2_K01_K06,2,10,2,0,0,0,7,0,50,24,False
deletion_A_half_s202_f0,deletion_A_half,k2_K02_K06,2,1,2,0,0,0,7,0,26,0,False
deletion_A_half_s202_f0,deletion_A_half,k2_K02_K06,2,5,2,0,0,0,7,0,35,9,False
deletion_A_half_s202_f0,deletion_A_half,k2_K02_K06,2,10,2,0,0,0,7,0,50,24,False
deletion_A_half_s202_f0,deletion_A_half,k3_K04_K07_K08,3,1,3,0,0,0,6,0,26,0,False
deletion_A_half_s202_f0,deletion_A_half,k3_K04_K07_K08,3,5,3,0,0,0,6,0,35,9,False
deletion_A_half_s202_f0,deletion_A_half,k3_K04_K07_K08,3,10,3,0,0,0,6,0,46,20,False
deletion_A_half_s202_f0,deletion_A_half,k3_K03_K05_K09,3,1,3,0,0,0,6,0,26,0,False
deletion_A_half_s202_f0,deletion_A_half,k3_K03_K05_K09,3,5,3,0,0,0,6,0,35,9,False
deletion_A_half_s202_f0,deletion_A_half,k3_K03_K05_K09,3,10,3,0,0,0,6,0,48,22,False
deletion_A_half_s202_f0,deletion_A_half,k3_K01_K02_K06,3,1,3,0,0,0,6,0,26,0,False
deletion_A_half_s202_f0,deletion_A_half,k3_K01_K02_K06,3,5,3,0,0,0,6,0,35,9,False
deletion_A_half_s202_f0,deletion_A_half,k3_K01_K02_K06,3,10,3,0,0,0,6,0,48,22,False
deletion_A_target_delete_s202_f0,deletion_A_target_delete,k2_K04_K07,2,1,2,0,0,0,7,0,26,0,False
deletion_A_target_delete_s202_f0,deletion_A_target_delete,k2_K04_K07,2,5,2,0,0,0,7,0,35,9,False
deletion_A_target_delete_s202_f0,deletion_A_target_delete,k2_K04_K07,2,10,2,0,0,0,7,0,46,20,False
deletion_A_target_delete_s202_f0,deletion_A_target_delete,k2_K04_K08,2,1,2,0,0,0,7,0,26,0,False
deletion_A_target_delete_s202_f0,deletion_A_target_delete,k2_K04_K08,2,5,2,0,0,0,7,0,35,9,False
deletion_A_target_delete_s202_f0,deletion_A_target_delete,k2_K04_K08,2,10,2,0,0,0,7,0,46,20,False
deletion_A_target_delete_s202_f0,deletion_A_target_delete,k2_K07_K08,2,1,2,0,0,0,7,0,26,0,False
deletion_A_target_delete_s202_f0,deletion_A_target_delete,k2_K07_K08,2,5,2,0,0,0,7,0,33,7,False
deletion_A_target_delete_s202_f0,deletion_A_target_delete,k2_K07_K08,2,10,2,0,0,0,7,0,41,15,False
deletion_A_target_delete_s202_f0,deletion_A_target_delete,k2_K03_K05,2,1,2,0,0,0,7,0,26,0,False
deletion_A_target_delete_s202_f0,deletion_A_target_delete,k2_K03_K05,2,5,2,0,0,0,7,0,35,9,False
deletion_A_target_delete_s202_f0,deletion_A_target_delete,k2_K03_K05,2,10,2,0,0,0,7,0,45,19,False
deletion_A_target_delete_s202_f0,deletion_A_target_delete,k2_K03_K09,2,1,2,0,0,0,7,0,26,0,False
deletion_A_target_delete_s202_f0,deletion_A_target_delete,k2_K03_K09,2,5,2,0,0,0,7,0,35,9,False
deletion_A_target_delete_s202_f0,deletion_A_target_delete,k2_K03_K09,2,10,2,0,0,0,7,0,50,24,False
deletion_A_target_delete_s202_f0,deletion_A_target_delete,k2_K05_K09,2,1,2,0,0,0,7,0,26,0,False
deletion_A_target_delete_s202_f0,deletion_A_target_delete,k2_K05_K09,2,5,2,0,0,0,7,0,33,7,False
deletion_A_target_delete_s202_f0,deletion_A_target_delete,k2_K05_K09,2,10,2,0,0,0,7,0,44,18,False
deletion_A_target_delete_s202_f0,deletion_A_target_delete,k2_K01_K02,2,1,2,0,0,0,7,0,26,0,False
deletion_A_target_delete_s202_f0,deletion_A_target_delete,k2_K01_K02,2,5,2,0,0,0,7,0,33,7,False
deletion_A_target_delete_s202_f0,deletion_A_target_delete,k2_K01_K02,2,10,2,0,0,0,7,0,42,16,False
deletion_A_target_delete_s202_f0,deletion_A_target_delete,k2_K01_K06,2,1,2,0,0,0,7,0,26,0,False
deletion_A_target_delete_s202_f0,deletion_A_target_delete,k2_K01_K06,2,5,2,0,0,0,7,0,35,9,False
deletion_A_target_delete_s202_f0,deletion_A_target_delete,k2_K01_K06,2,10,2,0,0,0,7,0,50,24,False
deletion_A_target_delete_s202_f0,deletion_A_target_delete,k2_K02_K06,2,1,2,0,0,0,7,0,26,0,False
deletion_A_target_delete_s202_f0,deletion_A_target_delete,k2_K02_K06,2,5,2,0,0,0,7,0,35,9,False
deletion_A_target_delete_s202_f0,deletion_A_target_delete,k2_K02_K06,2,10,2,0,0,0,7,0,48,22,False
deletion_A_target_delete_s202_f0,deletion_A_target_delete,k3_K04_K07_K08,3,1,3,0,0,0,6,0,26,0,False
deletion_A_target_delete_s202_f0,deletion_A_target_delete,k3_K04_K07_K08,3,5,3,0,0,0,6,0,35,9,False
deletion_A_target_delete_s202_f0,deletion_A_target_delete,k3_K04_K07_K08,3,10,3,0,0,0,6,0,45,19,False
deletion_A_target_delete_s202_f0,deletion_A_target_delete,k3_K03_K05_K09,3,1,3,0,0,0,6,0,26,0,False
deletion_A_target_delete_s202_f0,deletion_A_target_delete,k3_K03_K05_K09,3,5,3,0,0,0,6,0,35,9,False
deletion_A_target_delete_s202_f0,deletion_A_target_delete,k3_K03_K05_K09,3,10,3,0,0,0,6,0,46,20,False
deletion_A_target_delete_s202_f0,deletion_A_target_delete,k3_K01_K02_K06,3,1,3,0,0,0,6,0,26,0,False
deletion_A_target_delete_s202_f0,deletion_A_target_delete,k3_K01_K02_K06,3,5,3,0,0,0,6,0,35,9,False
deletion_A_target_delete_s202_f0,deletion_A_target_delete,k3_K01_K02_K06,3,10,3,0,0,0,6,0,48,22,False
deletion_A_matched_delete_s202_f0,deletion_A_matched_delete,k2_K04_K07,2,1,2,0,0,0,7,0,27,2,False
deletion_A_matched_delete_s202_f0,deletion_A_matched_delete,k2_K04_K07,2,5,2,0,0,0,7,0,34,9,False
deletion_A_matched_delete_s202_f0,deletion_A_matched_delete,k2_K04_K07,2,10,2,0,0,0,7,0,49,24,False
deletion_A_matched_delete_s202_f0,deletion_A_matched_delete,k2_K04_K08,2,1,2,0,0,0,7,0,27,2,False
deletion_A_matched_delete_s202_f0,deletion_A_matched_delete,k2_K04_K08,2,5,2,0,0,0,7,0,34,9,False
deletion_A_matched_delete_s202_f0,deletion_A_matched_delete,k2_K04_K08,2,10,2,0,0,0,7,0,49,24,False
deletion_A_matched_delete_s202_f0,deletion_A_matched_delete,k2_K07_K08,2,1,2,0,0,0,7,0,27,2,False
deletion_A_matched_delete_s202_f0,deletion_A_matched_delete,k2_K07_K08,2,5,2,0,0,0,7,0,34,9,False
deletion_A_matched_delete_s202_f0,deletion_A_matched_delete,k2_K07_K08,2,10,2,0,0,0,7,0,42,17,False
deletion_A_matched_delete_s202_f0,deletion_A_matched_delete,k2_K03_K05,2,1,2,0,0,0,7,0,27,2,False
deletion_A_matched_delete_s202_f0,deletion_A_matched_delete,k2_K03_K05,2,5,2,0,0,0,7,0,34,9,False
deletion_A_matched_delete_s202_f0,deletion_A_matched_delete,k2_K03_K05,2,10,2,0,0,0,7,0,49,24,False
deletion_A_matched_delete_s202_f0,deletion_A_matched_delete,k2_K03_K09,2,1,2,0,0,0,7,0,27,2,False
deletion_A_matched_delete_s202_f0,deletion_A_matched_delete,k2_K03_K09,2,5,2,0,0,0,7,0,34,9,False
deletion_A_matched_delete_s202_f0,deletion_A_matched_delete,k2_K03_K09,2,10,2,0,0,0,7,0,51,26,False
deletion_A_matched_delete_s202_f0,deletion_A_matched_delete,k2_K05_K09,2,1,2,0,0,0,7,0,27,2,False
deletion_A_matched_delete_s202_f0,deletion_A_matched_delete,k2_K05_K09,2,5,2,0,0,0,7,0,34,9,False
deletion_A_matched_delete_s202_f0,deletion_A_matched_delete,k2_K05_K09,2,10,2,0,0,0,7,0,43,18,False
deletion_A_matched_delete_s202_f0,deletion_A_matched_delete,k2_K01_K02,2,1,2,0,0,0,7,0,27,2,False
deletion_A_matched_delete_s202_f0,deletion_A_matched_delete,k2_K01_K02,2,5,2,0,0,0,7,0,34,9,False
deletion_A_matched_delete_s202_f0,deletion_A_matched_delete,k2_K01_K02,2,10,2,0,0,0,7,0,42,17,False
deletion_A_matched_delete_s202_f0,deletion_A_matched_delete,k2_K01_K06,2,1,2,0,0,0,7,0,27,2,False
deletion_A_matched_delete_s202_f0,deletion_A_matched_delete,k2_K01_K06,2,5,2,0,0,0,7,0,34,9,False
deletion_A_matched_delete_s202_f0,deletion_A_matched_delete,k2_K01_K06,2,10,2,0,0,0,7,0,51,26,False
deletion_A_matched_delete_s202_f0,deletion_A_matched_delete,k2_K02_K06,2,1,2,0,0,0,7,0,27,2,False
deletion_A_matched_delete_s202_f0,deletion_A_matched_delete,k2_K02_K06,2,5,2,0,0,0,7,0,34,9,False
deletion_A_matched_delete_s202_f0,deletion_A_matched_delete,k2_K02_K06,2,10,2,0,0,0,7,0,50,25,False
deletion_A_matched_delete_s202_f0,deletion_A_matched_delete,k3_K04_K07_K08,3,1,3,0,0,0,6,0,27,2,False
deletion_A_matched_delete_s202_f0,deletion_A_matched_delete,k3_K04_K07_K08,3,5,3,0,0,0,6,0,34,9,False
deletion_A_matched_delete_s202_f0,deletion_A_matched_delete,k3_K04_K07_K08,3,10,3,0,0,0,6,0,48,23,False
deletion_A_matched_delete_s202_f0,deletion_A_matched_delete,k3_K03_K05_K09,3,1,3,0,0,0,6,0,27,2,False
deletion_A_matched_delete_s202_f0,deletion_A_matched_delete,k3_K03_K05_K09,3,5,3,0,0,0,6,0,34,9,False
deletion_A_matched_delete_s202_f0,deletion_A_matched_delete,k3_K03_K05_K09,3,10,3,0,0,0,6,0,49,24,False
deletion_A_matched_delete_s202_f0,deletion_A_matched_delete,k3_K01_K02_K06,3,1,3,0,0,0,6,0,27,2,False
deletion_A_matched_delete_s202_f0,deletion_A_matched_delete,k3_K01_K02_K06,3,5,3,0,0,0,6,0,34,9,False
deletion_A_matched_delete_s202_f0,deletion_A_matched_delete,k3_K01_K02_K06,3,10,3,0,0,0,6,0,49,24,False
deletion_C_keep_s202_f0,deletion_C_keep,k2_K04_K07,2,1,2,0,0,0,7,0,32,4,False
deletion_C_keep_s202_f0,deletion_C_keep,k2_K04_K07,2,5,2,0,0,0,7,0,39,11,False
deletion_C_keep_s202_f0,deletion_C_keep,k2_K04_K07,2,10,2,0,0,0,7,0,56,28,False
deletion_C_keep_s202_f0,deletion_C_keep,k2_K04_K08,2,1,2,0,0,0,7,0,32,4,False
deletion_C_keep_s202_f0,deletion_C_keep,k2_K04_K08,2,5,2,0,0,0,7,0,39,11,False
deletion_C_keep_s202_f0,deletion_C_keep,k2_K04_K08,2,10,2,0,0,0,7,0,56,28,False
deletion_C_keep_s202_f0,deletion_C_keep,k2_K07_K08,2,1,2,0,0,0,7,0,32,4,False
deletion_C_keep_s202_f0,deletion_C_keep,k2_K07_K08,2,5,2,0,0,0,7,0,39,11,False
deletion_C_keep_s202_f0,deletion_C_keep,k2_K07_K08,2,10,2,0,0,0,7,0,54,26,False
deletion_C_keep_s202_f0,deletion_C_keep,k2_K03_K05,2,1,2,0,0,0,7,0,32,4,False
deletion_C_keep_s202_f0,deletion_C_keep,k2_K03_K05,2,5,2,0,0,0,7,0,39,11,False
deletion_C_keep_s202_f0,deletion_C_keep,k2_K03_K05,2,10,2,0,0,0,7,0,56,28,False
deletion_C_keep_s202_f0,deletion_C_keep,k2_K03_K09,2,1,2,0,0,0,7,0,32,4,False
deletion_C_keep_s202_f0,deletion_C_keep,k2_K03_K09,2,5,2,0,0,0,7,0,40,12,False
deletion_C_keep_s202_f0,deletion_C_keep,k2_K03_K09,2,10,2,0,0,0,7,0,57,29,False
deletion_C_keep_s202_f0,deletion_C_keep,k2_K05_K09,2,1,2,0,0,0,7,0,32,4,False
deletion_C_keep_s202_f0,deletion_C_keep,k2_K05_K09,2,5,2,0,0,0,7,0,39,11,False
deletion_C_keep_s202_f0,deletion_C_keep,k2_K05_K09,2,10,2,0,0,0,7,0,56,28,False
deletion_C_keep_s202_f0,deletion_C_keep,k2_K01_K02,2,1,2,0,0,0,7,0,32,4,False
deletion_C_keep_s202_f0,deletion_C_keep,k2_K01_K02,2,5,2,0,0,0,7,0,39,11,False
deletion_C_keep_s202_f0,deletion_C_keep,k2_K01_K02,2,10,2,0,0,0,7,0,56,28,False
deletion_C_keep_s202_f0,deletion_C_keep,k2_K01_K06,2,1,2,0,0,0,7,0,32,4,False
deletion_C_keep_s202_f0,deletion_C_keep,k2_K01_K06,2,5,2,0,0,0,7,0,40,12,False
deletion_C_keep_s202_f0,deletion_C_keep,k2_K01_K06,2,10,2,0,0,0,7,0,56,28,False
deletion_C_keep_s202_f0,deletion_C_keep,k2_K02_K06,2,1,2,0,0,0,7,0,32,4,False
deletion_C_keep_s202_f0,deletion_C_keep,k2_K02_K06,2,5,2,0,0,0,7,0,40,12,False
deletion_C_keep_s202_f0,deletion_C_keep,k2_K02_K06,2,10,2,0,0,0,7,0,56,28,False
deletion_C_keep_s202_f0,deletion_C_keep,k3_K04_K07_K08,3,1,3,0,0,0,6,0,32,4,False
deletion_C_keep_s202_f0,deletion_C_keep,k3_K04_K07_K08,3,5,3,0,0,0,6,0,39,11,False
deletion_C_keep_s202_f0,deletion_C_keep,k3_K04_K07_K08,3,10,3,0,0,0,6,0,56,28,False
deletion_C_keep_s202_f0,deletion_C_keep,k3_K03_K05_K09,3,1,3,0,0,0,6,0,32,4,False
deletion_C_keep_s202_f0,deletion_C_keep,k3_K03_K05_K09,3,5,3,0,0,0,6,0,39,11,False
deletion_C_keep_s202_f0,deletion_C_keep,k3_K03_K05_K09,3,10,3,0,0,0,6,0,56,28,False
deletion_C_keep_s202_f0,deletion_C_keep,k3_K01_K02_K06,3,1,3,0,0,0,6,0,32,4,False
deletion_C_keep_s202_f0,deletion_C_keep,k3_K01_K02_K06,3,5,3,0,0,0,6,0,40,12,False
deletion_C_keep_s202_f0,deletion_C_keep,k3_K01_K02_K06,3,10,3,0,0,0,6,0,56,28,False
deletion_C_half_s202_f0,deletion_C_half,k2_K04_K07,2,1,2,0,0,0,7,0,32,4,False
deletion_C_half_s202_f0,deletion_C_half,k2_K04_K07,2,5,2,0,0,0,7,0,38,10,False
deletion_C_half_s202_f0,deletion_C_half,k2_K04_K07,2,10,2,0,0,0,7,0,55,27,False
deletion_C_half_s202_f0,deletion_C_half,k2_K04_K08,2,1,2,0,0,0,7,0,32,4,False
deletion_C_half_s202_f0,deletion_C_half,k2_K04_K08,2,5,2,0,0,0,7,0,38,10,False
deletion_C_half_s202_f0,deletion_C_half,k2_K04_K08,2,10,2,0,0,0,7,0,55,27,False
deletion_C_half_s202_f0,deletion_C_half,k2_K07_K08,2,1,2,0,0,0,7,0,32,4,False
deletion_C_half_s202_f0,deletion_C_half,k2_K07_K08,2,5,2,0,0,0,7,0,38,10,False
deletion_C_half_s202_f0,deletion_C_half,k2_K07_K08,2,10,2,0,0,0,7,0,53,25,False
deletion_C_half_s202_f0,deletion_C_half,k2_K03_K05,2,1,2,0,0,0,7,0,32,4,False
deletion_C_half_s202_f0,deletion_C_half,k2_K03_K05,2,5,2,0,0,0,7,0,38,10,False
deletion_C_half_s202_f0,deletion_C_half,k2_K03_K05,2,10,2,0,0,0,7,0,55,27,False
deletion_C_half_s202_f0,deletion_C_half,k2_K03_K09,2,1,2,0,0,0,7,0,32,4,False
deletion_C_half_s202_f0,deletion_C_half,k2_K03_K09,2,5,2,0,0,0,7,0,40,12,False
deletion_C_half_s202_f0,deletion_C_half,k2_K03_K09,2,10,2,0,0,0,7,0,56,28,False
deletion_C_half_s202_f0,deletion_C_half,k2_K05_K09,2,1,2,0,0,0,7,0,32,4,False
deletion_C_half_s202_f0,deletion_C_half,k2_K05_K09,2,5,2,0,0,0,7,0,38,10,False
deletion_C_half_s202_f0,deletion_C_half,k2_K05_K09,2,10,2,0,0,0,7,0,54,26,False
deletion_C_half_s202_f0,deletion_C_half,k2_K01_K02,2,1,2,0,0,0,7,0,32,4,False
deletion_C_half_s202_f0,deletion_C_half,k2_K01_K02,2,5,2,0,0,0,7,0,38,10,False
deletion_C_half_s202_f0,deletion_C_half,k2_K01_K02,2,10,2,0,0,0,7,0,53,25,False
deletion_C_half_s202_f0,deletion_C_half,k2_K01_K06,2,1,2,0,0,0,7,0,32,4,False
deletion_C_half_s202_f0,deletion_C_half,k2_K01_K06,2,5,2,0,0,0,7,0,40,12,False
deletion_C_half_s202_f0,deletion_C_half,k2_K01_K06,2,10,2,0,0,0,7,0,56,28,False
deletion_C_half_s202_f0,deletion_C_half,k2_K02_K06,2,1,2,0,0,0,7,0,32,4,False
deletion_C_half_s202_f0,deletion_C_half,k2_K02_K06,2,5,2,0,0,0,7,0,40,12,False
deletion_C_half_s202_f0,deletion_C_half,k2_K02_K06,2,10,2,0,0,0,7,0,56,28,False
deletion_C_half_s202_f0,deletion_C_half,k3_K04_K07_K08,3,1,3,0,0,0,6,0,32,4,False
deletion_C_half_s202_f0,deletion_C_half,k3_K04_K07_K08,3,5,3,0,0,0,6,0,38,10,False
deletion_C_half_s202_f0,deletion_C_half,k3_K04_K07_K08,3,10,3,0,0,0,6,0,55,27,False
deletion_C_half_s202_f0,deletion_C_half,k3_K03_K05_K09,3,1,3,0,0,0,6,0,32,4,False
deletion_C_half_s202_f0,deletion_C_half,k3_K03_K05_K09,3,5,3,0,0,0,6,0,38,10,False
deletion_C_half_s202_f0,deletion_C_half,k3_K03_K05_K09,3,10,3,0,0,0,6,0,55,27,False
deletion_C_half_s202_f0,deletion_C_half,k3_K01_K02_K06,3,1,3,0,0,0,6,0,32,4,False
deletion_C_half_s202_f0,deletion_C_half,k3_K01_K02_K06,3,5,3,0,0,0,6,0,39,11,False
deletion_C_half_s202_f0,deletion_C_half,k3_K01_K02_K06,3,10,3,0,0,0,6,0,55,27,False
deletion_C_target_delete_s202_f0,deletion_C_target_delete,k2_K04_K07,2,1,2,0,0,0,7,0,31,3,False
deletion_C_target_delete_s202_f0,deletion_C_target_delete,k2_K04_K07,2,5,2,0,0,0,7,0,38,10,False
deletion_C_target_delete_s202_f0,deletion_C_target_delete,k2_K04_K07,2,10,2,0,0,0,7,0,55,27,False
deletion_C_target_delete_s202_f0,deletion_C_target_delete,k2_K04_K08,2,1,2,0,0,0,7,0,31,3,False
deletion_C_target_delete_s202_f0,deletion_C_target_delete,k2_K04_K08,2,5,2,0,0,0,7,0,38,10,False
deletion_C_target_delete_s202_f0,deletion_C_target_delete,k2_K04_K08,2,10,2,0,0,0,7,0,55,27,False
deletion_C_target_delete_s202_f0,deletion_C_target_delete,k2_K07_K08,2,1,2,0,0,0,7,0,31,3,False
deletion_C_target_delete_s202_f0,deletion_C_target_delete,k2_K07_K08,2,5,2,0,0,0,7,0,38,10,False
deletion_C_target_delete_s202_f0,deletion_C_target_delete,k2_K07_K08,2,10,2,0,0,0,7,0,53,25,False
deletion_C_target_delete_s202_f0,deletion_C_target_delete,k2_K03_K05,2,1,2,0,0,0,7,0,31,3,False
deletion_C_target_delete_s202_f0,deletion_C_target_delete,k2_K03_K05,2,5,2,0,0,0,7,0,38,10,False
deletion_C_target_delete_s202_f0,deletion_C_target_delete,k2_K03_K05,2,10,2,0,0,0,7,0,55,27,False
deletion_C_target_delete_s202_f0,deletion_C_target_delete,k2_K03_K09,2,1,2,0,0,0,7,0,31,3,False
deletion_C_target_delete_s202_f0,deletion_C_target_delete,k2_K03_K09,2,5,2,0,0,0,7,0,38,10,False
deletion_C_target_delete_s202_f0,deletion_C_target_delete,k2_K03_K09,2,10,2,0,0,0,7,0,55,27,False
deletion_C_target_delete_s202_f0,deletion_C_target_delete,k2_K05_K09,2,1,2,0,0,0,7,0,31,3,False
deletion_C_target_delete_s202_f0,deletion_C_target_delete,k2_K05_K09,2,5,2,0,0,0,7,0,38,10,False
deletion_C_target_delete_s202_f0,deletion_C_target_delete,k2_K05_K09,2,10,2,0,0,0,7,0,53,25,False
deletion_C_target_delete_s202_f0,deletion_C_target_delete,k2_K01_K02,2,1,2,0,0,0,7,0,31,3,False
deletion_C_target_delete_s202_f0,deletion_C_target_delete,k2_K01_K02,2,5,2,0,0,0,7,0,38,10,False
deletion_C_target_delete_s202_f0,deletion_C_target_delete,k2_K01_K02,2,10,2,0,0,0,7,0,53,25,False
deletion_C_target_delete_s202_f0,deletion_C_target_delete,k2_K01_K06,2,1,2,0,0,0,7,0,31,3,False
deletion_C_target_delete_s202_f0,deletion_C_target_delete,k2_K01_K06,2,5,2,0,0,0,7,0,38,10,False
deletion_C_target_delete_s202_f0,deletion_C_target_delete,k2_K01_K06,2,10,2,0,0,0,7,0,55,27,False
deletion_C_target_delete_s202_f0,deletion_C_target_delete,k2_K02_K06,2,1,2,0,0,0,7,0,31,3,False
deletion_C_target_delete_s202_f0,deletion_C_target_delete,k2_K02_K06,2,5,2,0,0,0,7,0,38,10,False
deletion_C_target_delete_s202_f0,deletion_C_target_delete,k2_K02_K06,2,10,2,0,0,0,7,0,55,27,False
deletion_C_target_delete_s202_f0,deletion_C_target_delete,k3_K04_K07_K08,3,1,3,0,0,0,6,0,31,3,False
deletion_C_target_delete_s202_f0,deletion_C_target_delete,k3_K04_K07_K08,3,5,3,0,0,0,6,0,38,10,False
deletion_C_target_delete_s202_f0,deletion_C_target_delete,k3_K04_K07_K08,3,10,3,0,0,0,6,0,54,26,False
deletion_C_target_delete_s202_f0,deletion_C_target_delete,k3_K03_K05_K09,3,1,3,0,0,0,6,0,31,3,False
deletion_C_target_delete_s202_f0,deletion_C_target_delete,k3_K03_K05_K09,3,5,3,0,0,0,6,0,38,10,False
deletion_C_target_delete_s202_f0,deletion_C_target_delete,k3_K03_K05_K09,3,10,3,0,0,0,6,0,55,27,False
deletion_C_target_delete_s202_f0,deletion_C_target_delete,k3_K01_K02_K06,3,1,3,0,0,0,6,0,31,3,False
deletion_C_target_delete_s202_f0,deletion_C_target_delete,k3_K01_K02_K06,3,5,3,0,0,0,6,0,38,10,False
deletion_C_target_delete_s202_f0,deletion_C_target_delete,k3_K01_K02_K06,3,10,3,0,0,0,6,0,55,27,False
deletion_C_matched_delete_s202_f0,deletion_C_matched_delete,k2_K04_K07,2,1,2,0,0,0,7,0,26,2,False
deletion_C_matched_delete_s202_f0,deletion_C_matched_delete,k2_K04_K07,2,5,2,0,0,0,7,0,36,12,False
deletion_C_matched_delete_s202_f0,deletion_C_matched_delete,k2_K04_K07,2,10,2,0,0,0,7,0,50,26,False
deletion_C_matched_delete_s202_f0,deletion_C_matched_delete,k2_K04_K08,2,1,2,0,0,0,7,0,26,2,False
deletion_C_matched_delete_s202_f0,deletion_C_matched_delete,k2_K04_K08,2,5,2,0,0,0,7,0,36,12,False
deletion_C_matched_delete_s202_f0,deletion_C_matched_delete,k2_K04_K08,2,10,2,0,0,0,7,0,50,26,False
deletion_C_matched_delete_s202_f0,deletion_C_matched_delete,k2_K07_K08,2,1,2,0,0,0,7,0,26,2,False
deletion_C_matched_delete_s202_f0,deletion_C_matched_delete,k2_K07_K08,2,5,2,0,0,0,7,0,35,11,False
deletion_C_matched_delete_s202_f0,deletion_C_matched_delete,k2_K07_K08,2,10,2,0,0,0,7,0,49,25,False
deletion_C_matched_delete_s202_f0,deletion_C_matched_delete,k2_K03_K05,2,1,2,0,0,0,7,0,26,2,False
deletion_C_matched_delete_s202_f0,deletion_C_matched_delete,k2_K03_K05,2,5,2,0,0,0,7,0,35,11,False
deletion_C_matched_delete_s202_f0,deletion_C_matched_delete,k2_K03_K05,2,10,2,0,0,0,7,0,50,26,False
deletion_C_matched_delete_s202_f0,deletion_C_matched_delete,k2_K03_K09,2,1,2,0,0,0,7,0,26,2,False
deletion_C_matched_delete_s202_f0,deletion_C_matched_delete,k2_K03_K09,2,5,2,0,0,0,7,0,36,12,False
deletion_C_matched_delete_s202_f0,deletion_C_matched_delete,k2_K03_K09,2,10,2,0,0,0,7,0,52,28,False
deletion_C_matched_delete_s202_f0,deletion_C_matched_delete,k2_K05_K09,2,1,2,0,0,0,7,0,26,2,False
deletion_C_matched_delete_s202_f0,deletion_C_matched_delete,k2_K05_K09,2,5,2,0,0,0,7,0,35,11,False
deletion_C_matched_delete_s202_f0,deletion_C_matched_delete,k2_K05_K09,2,10,2,0,0,0,7,0,49,25,False
deletion_C_matched_delete_s202_f0,deletion_C_matched_delete,k2_K01_K02,2,1,2,0,0,0,7,0,26,2,False
deletion_C_matched_delete_s202_f0,deletion_C_matched_delete,k2_K01_K02,2,5,2,0,0,0,7,0,35,11,False
deletion_C_matched_delete_s202_f0,deletion_C_matched_delete,k2_K01_K02,2,10,2,0,0,0,7,0,49,25,False
deletion_C_matched_delete_s202_f0,deletion_C_matched_delete,k2_K01_K06,2,1,2,0,0,0,7,0,26,2,False
deletion_C_matched_delete_s202_f0,deletion_C_matched_delete,k2_K01_K06,2,5,2,0,0,0,7,0,36,12,False
deletion_C_matched_delete_s202_f0,deletion_C_matched_delete,k2_K01_K06,2,10,2,0,0,0,7,0,52,28,False
deletion_C_matched_delete_s202_f0,deletion_C_matched_delete,k2_K02_K06,2,1,2,0,0,0,7,0,26,2,False
deletion_C_matched_delete_s202_f0,deletion_C_matched_delete,k2_K02_K06,2,5,2,0,0,0,7,0,36,12,False
deletion_C_matched_delete_s202_f0,deletion_C_matched_delete,k2_K02_K06,2,10,2,0,0,0,7,0,52,28,False
deletion_C_matched_delete_s202_f0,deletion_C_matched_delete,k3_K04_K07_K08,3,1,3,0,0,0,6,0,26,2,False
deletion_C_matched_delete_s202_f0,deletion_C_matched_delete,k3_K04_K07_K08,3,5,3,0,0,0,6,0,35,11,False
deletion_C_matched_delete_s202_f0,deletion_C_matched_delete,k3_K04_K07_K08,3,10,3,0,0,0,6,0,50,26,False
deletion_C_matched_delete_s202_f0,deletion_C_matched_delete,k3_K03_K05_K09,3,1,3,0,0,0,6,0,26,2,False
deletion_C_matched_delete_s202_f0,deletion_C_matched_delete,k3_K03_K05_K09,3,5,3,0,0,0,6,0,36,12,False
deletion_C_matched_delete_s202_f0,deletion_C_matched_delete,k3_K03_K05_K09,3,10,3,0,0,0,6,0,50,26,False
deletion_C_matched_delete_s202_f0,deletion_C_matched_delete,k3_K01_K02_K06,3,1,3,0,0,0,6,0,26,2,False
deletion_C_matched_delete_s202_f0,deletion_C_matched_delete,k3_K01_K02_K06,3,5,3,0,0,0,6,0,36,12,False
deletion_C_matched_delete_s202_f0,deletion_C_matched_delete,k3_K01_K02_K06,3,10,3,0,0,0,6,0,51,27,False
deletion_A_keep_s202_f1,deletion_A_keep,k2_K04_K07,2,1,2,0,0,0,7,0,36,5,False
deletion_A_keep_s202_f1,deletion_A_keep,k2_K04_K07,2,5,2,0,0,0,7,0,61,30,False
deletion_A_keep_s202_f1,deletion_A_keep,k2_K04_K07,2,10,2,0,0,0,7,0,77,46,False
deletion_A_keep_s202_f1,deletion_A_keep,k2_K04_K08,2,1,2,0,0,0,7,0,36,5,False
deletion_A_keep_s202_f1,deletion_A_keep,k2_K04_K08,2,5,2,0,0,0,7,0,63,32,False
deletion_A_keep_s202_f1,deletion_A_keep,k2_K04_K08,2,10,2,0,0,0,7,0,82,51,False
deletion_A_keep_s202_f1,deletion_A_keep,k2_K07_K08,2,1,2,0,0,0,7,0,36,5,False
deletion_A_keep_s202_f1,deletion_A_keep,k2_K07_K08,2,5,2,0,0,0,7,0,57,26,False
deletion_A_keep_s202_f1,deletion_A_keep,k2_K07_K08,2,10,2,0,0,0,7,0,76,45,False
deletion_A_keep_s202_f1,deletion_A_keep,k2_K03_K05,2,1,2,0,0,0,7,0,36,5,False
deletion_A_keep_s202_f1,deletion_A_keep,k2_K03_K05,2,5,2,0,0,0,7,0,63,32,False
deletion_A_keep_s202_f1,deletion_A_keep,k2_K03_K05,2,10,2,0,0,0,7,0,82,51,False
deletion_A_keep_s202_f1,deletion_A_keep,k2_K03_K09,2,1,2,0,0,0,7,0,36,5,False
deletion_A_keep_s202_f1,deletion_A_keep,k2_K03_K09,2,5,2,0,0,0,7,0,66,35,False
deletion_A_keep_s202_f1,deletion_A_keep,k2_K03_K09,2,10,2,0,0,0,7,0,86,55,False
deletion_A_keep_s202_f1,deletion_A_keep,k2_K05_K09,2,1,2,0,0,0,7,0,36,5,False
deletion_A_keep_s202_f1,deletion_A_keep,k2_K05_K09,2,5,2,0,0,0,7,0,62,31,False
deletion_A_keep_s202_f1,deletion_A_keep,k2_K05_K09,2,10,2,0,0,0,7,0,78,47,False
deletion_A_keep_s202_f1,deletion_A_keep,k2_K01_K02,2,1,2,0,0,0,7,0,36,5,False
deletion_A_keep_s202_f1,deletion_A_keep,k2_K01_K02,2,5,2,0,0,0,7,0,61,30,False
deletion_A_keep_s202_f1,deletion_A_keep,k2_K01_K02,2,10,2,0,0,0,7,0,78,47,False
deletion_A_keep_s202_f1,deletion_A_keep,k2_K01_K06,2,1,2,0,0,0,7,0,36,5,False
deletion_A_keep_s202_f1,deletion_A_keep,k2_K01_K06,2,5,2,0,0,0,7,0,65,34,False
deletion_A_keep_s202_f1,deletion_A_keep,k2_K01_K06,2,10,2,0,0,0,7,0,85,54,False
deletion_A_keep_s202_f1,deletion_A_keep,k2_K02_K06,2,1,2,0,0,0,7,0,36,5,False
deletion_A_keep_s202_f1,deletion_A_keep,k2_K02_K06,2,5,2,0,0,0,7,0,65,34,False
deletion_A_keep_s202_f1,deletion_A_keep,k2_K02_K06,2,10,2,0,0,0,7,0,83,52,False
deletion_A_keep_s202_f1,deletion_A_keep,k3_K04_K07_K08,3,1,3,0,0,0,6,0,36,5,False
deletion_A_keep_s202_f1,deletion_A_keep,k3_K04_K07_K08,3,5,3,0,0,0,6,0,61,30,False
deletion_A_keep_s202_f1,deletion_A_keep,k3_K04_K07_K08,3,10,3,0,0,0,6,0,77,46,False
deletion_A_keep_s202_f1,deletion_A_keep,k3_K03_K05_K09,3,1,3,0,0,0,6,0,36,5,False
deletion_A_keep_s202_f1,deletion_A_keep,k3_K03_K05_K09,3,5,3,0,0,0,6,0,63,32,False
deletion_A_keep_s202_f1,deletion_A_keep,k3_K03_K05_K09,3,10,3,0,0,0,6,0,82,51,False
deletion_A_keep_s202_f1,deletion_A_keep,k3_K01_K02_K06,3,1,3,0,0,0,6,0,36,5,False
deletion_A_keep_s202_f1,deletion_A_keep,k3_K01_K02_K06,3,5,3,0,0,0,6,0,63,32,False
deletion_A_keep_s202_f1,deletion_A_keep,k3_K01_K02_K06,3,10,3,0,0,0,6,0,83,52,False
deletion_A_half_s202_f1,deletion_A_half,k2_K04_K07,2,1,2,0,0,0,7,0,37,5,False
deletion_A_half_s202_f1,deletion_A_half,k2_K04_K07,2,5,2,0,0,0,7,0,60,28,False
deletion_A_half_s202_f1,deletion_A_half,k2_K04_K07,2,10,2,0,0,0,7,0,78,46,False
deletion_A_half_s202_f1,deletion_A_half,k2_K04_K08,2,1,2,0,0,0,7,0,37,5,False
deletion_A_half_s202_f1,deletion_A_half,k2_K04_K08,2,5,2,0,0,0,7,0,64,32,False
deletion_A_half_s202_f1,deletion_A_half,k2_K04_K08,2,10,2,0,0,0,7,0,82,50,False
deletion_A_half_s202_f1,deletion_A_half,k2_K07_K08,2,1,2,0,0,0,7,0,36,4,False
deletion_A_half_s202_f1,deletion_A_half,k2_K07_K08,2,5,2,0,0,0,7,0,58,26,False
deletion_A_half_s202_f1,deletion_A_half,k2_K07_K08,2,10,2,0,0,0,7,0,77,45,False
deletion_A_half_s202_f1,deletion_A_half,k2_K03_K05,2,1,2,0,0,0,7,0,37,5,False
deletion_A_half_s202_f1,deletion_A_half,k2_K03_K05,2,5,2,0,0,0,7,0,64,32,False
deletion_A_half_s202_f1,deletion_A_half,k2_K03_K05,2,10,2,0,0,0,7,0,82,50,False
deletion_A_half_s202_f1,deletion_A_half,k2_K03_K09,2,1,2,0,0,0,7,0,38,6,False
deletion_A_half_s202_f1,deletion_A_half,k2_K03_K09,2,5,2,0,0,0,7,0,67,35,False
deletion_A_half_s202_f1,deletion_A_half,k2_K03_K09,2,10,2,0,0,0,7,0,86,54,False
deletion_A_half_s202_f1,deletion_A_half,k2_K05_K09,2,1,2,0,0,0,7,0,37,5,False
deletion_A_half_s202_f1,deletion_A_half,k2_K05_K09,2,5,2,0,0,0,7,0,62,30,False
deletion_A_half_s202_f1,deletion_A_half,k2_K05_K09,2,10,2,0,0,0,7,0,78,46,False
deletion_A_half_s202_f1,deletion_A_half,k2_K01_K02,2,1,2,0,0,0,7,0,37,5,False
deletion_A_half_s202_f1,deletion_A_half,k2_K01_K02,2,5,2,0,0,0,7,0,60,28,False
deletion_A_half_s202_f1,deletion_A_half,k2_K01_K02,2,10,2,0,0,0,7,0,78,46,False
deletion_A_half_s202_f1,deletion_A_half,k2_K01_K06,2,1,2,0,0,0,7,0,38,6,False
deletion_A_half_s202_f1,deletion_A_half,k2_K01_K06,2,5,2,0,0,0,7,0,66,34,False
deletion_A_half_s202_f1,deletion_A_half,k2_K01_K06,2,10,2,0,0,0,7,0,85,53,False
deletion_A_half_s202_f1,deletion_A_half,k2_K02_K06,2,1,2,0,0,0,7,0,38,6,False
deletion_A_half_s202_f1,deletion_A_half,k2_K02_K06,2,5,2,0,0,0,7,0,65,33,False
deletion_A_half_s202_f1,deletion_A_half,k2_K02_K06,2,10,2,0,0,0,7,0,84,52,False
deletion_A_half_s202_f1,deletion_A_half,k3_K04_K07_K08,3,1,3,0,0,0,6,0,37,5,False
deletion_A_half_s202_f1,deletion_A_half,k3_K04_K07_K08,3,5,3,0,0,0,6,0,60,28,False
deletion_A_half_s202_f1,deletion_A_half,k3_K04_K07_K08,3,10,3,0,0,0,6,0,78,46,False
deletion_A_half_s202_f1,deletion_A_half,k3_K03_K05_K09,3,1,3,0,0,0,6,0,37,5,False
deletion_A_half_s202_f1,deletion_A_half,k3_K03_K05_K09,3,5,3,0,0,0,6,0,64,32,False
deletion_A_half_s202_f1,deletion_A_half,k3_K03_K05_K09,3,10,3,0,0,0,6,0,82,50,False
deletion_A_half_s202_f1,deletion_A_half,k3_K01_K02_K06,3,1,3,0,0,0,6,0,37,5,False
deletion_A_half_s202_f1,deletion_A_half,k3_K01_K02_K06,3,5,3,0,0,0,6,0,64,32,False
deletion_A_half_s202_f1,deletion_A_half,k3_K01_K02_K06,3,10,3,0,0,0,6,0,83,51,False
deletion_A_target_delete_s202_f1,deletion_A_target_delete,k2_K04_K07,2,1,2,0,0,0,7,0,38,4,False
deletion_A_target_delete_s202_f1,deletion_A_target_delete,k2_K04_K07,2,5,2,0,0,0,7,0,63,29,False
deletion_A_target_delete_s202_f1,deletion_A_target_delete,k2_K04_K07,2,10,2,0,0,0,7,0,79,45,False
deletion_A_target_delete_s202_f1,deletion_A_target_delete,k2_K04_K08,2,1,2,0,0,0,7,0,39,5,False
deletion_A_target_delete_s202_f1,deletion_A_target_delete,k2_K04_K08,2,5,2,0,0,0,7,0,63,29,False
deletion_A_target_delete_s202_f1,deletion_A_target_delete,k2_K04_K08,2,10,2,0,0,0,7,0,82,48,False
deletion_A_target_delete_s202_f1,deletion_A_target_delete,k2_K07_K08,2,1,2,0,0,0,7,0,37,3,False
deletion_A_target_delete_s202_f1,deletion_A_target_delete,k2_K07_K08,2,5,2,0,0,0,7,0,60,26,False
deletion_A_target_delete_s202_f1,deletion_A_target_delete,k2_K07_K08,2,10,2,0,0,0,7,0,77,43,False
deletion_A_target_delete_s202_f1,deletion_A_target_delete,k2_K03_K05,2,1,2,0,0,0,7,0,39,5,False
deletion_A_target_delete_s202_f1,deletion_A_target_delete,k2_K03_K05,2,5,2,0,0,0,7,0,63,29,False
deletion_A_target_delete_s202_f1,deletion_A_target_delete,k2_K03_K05,2,10,2,0,0,0,7,0,82,48,False
deletion_A_target_delete_s202_f1,deletion_A_target_delete,k2_K03_K09,2,1,2,0,0,0,7,0,39,5,False
deletion_A_target_delete_s202_f1,deletion_A_target_delete,k2_K03_K09,2,5,2,0,0,0,7,0,66,32,False
deletion_A_target_delete_s202_f1,deletion_A_target_delete,k2_K03_K09,2,10,2,0,0,0,7,0,87,53,False
deletion_A_target_delete_s202_f1,deletion_A_target_delete,k2_K05_K09,2,1,2,0,0,0,7,0,39,5,False
deletion_A_target_delete_s202_f1,deletion_A_target_delete,k2_K05_K09,2,5,2,0,0,0,7,0,63,29,False
deletion_A_target_delete_s202_f1,deletion_A_target_delete,k2_K05_K09,2,10,2,0,0,0,7,0,80,46,False
deletion_A_target_delete_s202_f1,deletion_A_target_delete,k2_K01_K02,2,1,2,0,0,0,7,0,39,5,False
deletion_A_target_delete_s202_f1,deletion_A_target_delete,k2_K01_K02,2,5,2,0,0,0,7,0,63,29,False
deletion_A_target_delete_s202_f1,deletion_A_target_delete,k2_K01_K02,2,10,2,0,0,0,7,0,80,46,False
deletion_A_target_delete_s202_f1,deletion_A_target_delete,k2_K01_K06,2,1,2,0,0,0,7,0,39,5,False
deletion_A_target_delete_s202_f1,deletion_A_target_delete,k2_K01_K06,2,5,2,0,0,0,7,0,65,31,False
deletion_A_target_delete_s202_f1,deletion_A_target_delete,k2_K01_K06,2,10,2,0,0,0,7,0,86,52,False
deletion_A_target_delete_s202_f1,deletion_A_target_delete,k2_K02_K06,2,1,2,0,0,0,7,0,39,5,False
deletion_A_target_delete_s202_f1,deletion_A_target_delete,k2_K02_K06,2,5,2,0,0,0,7,0,64,30,False
deletion_A_target_delete_s202_f1,deletion_A_target_delete,k2_K02_K06,2,10,2,0,0,0,7,0,85,51,False
deletion_A_target_delete_s202_f1,deletion_A_target_delete,k3_K04_K07_K08,3,1,3,0,0,0,6,0,38,4,False
deletion_A_target_delete_s202_f1,deletion_A_target_delete,k3_K04_K07_K08,3,5,3,0,0,0,6,0,63,29,False
deletion_A_target_delete_s202_f1,deletion_A_target_delete,k3_K04_K07_K08,3,10,3,0,0,0,6,0,80,46,False
deletion_A_target_delete_s202_f1,deletion_A_target_delete,k3_K03_K05_K09,3,1,3,0,0,0,6,0,39,5,False
deletion_A_target_delete_s202_f1,deletion_A_target_delete,k3_K03_K05_K09,3,5,3,0,0,0,6,0,63,29,False
deletion_A_target_delete_s202_f1,deletion_A_target_delete,k3_K03_K05_K09,3,10,3,0,0,0,6,0,84,50,False
deletion_A_target_delete_s202_f1,deletion_A_target_delete,k3_K01_K02_K06,3,1,3,0,0,0,6,0,39,5,False
deletion_A_target_delete_s202_f1,deletion_A_target_delete,k3_K01_K02_K06,3,5,3,0,0,0,6,0,63,29,False
deletion_A_target_delete_s202_f1,deletion_A_target_delete,k3_K01_K02_K06,3,10,3,0,0,0,6,0,83,49,False
deletion_A_matched_delete_s202_f1,deletion_A_matched_delete,k2_K04_K07,2,1,2,2,2,2,7,0,35,5,False
deletion_A_matched_delete_s202_f1,deletion_A_matched_delete,k2_K04_K07,2,5,2,2,2,2,7,0,58,28,False
deletion_A_matched_delete_s202_f1,deletion_A_matched_delete,k2_K04_K07,2,10,2,2,2,2,7,0,76,46,False
deletion_A_matched_delete_s202_f1,deletion_A_matched_delete,k2_K04_K08,2,1,2,2,2,2,7,0,35,5,False
deletion_A_matched_delete_s202_f1,deletion_A_matched_delete,k2_K04_K08,2,5,2,2,2,2,7,0,60,30,False
deletion_A_matched_delete_s202_f1,deletion_A_matched_delete,k2_K04_K08,2,10,2,2,2,2,7,0,78,48,False
deletion_A_matched_delete_s202_f1,deletion_A_matched_delete,k2_K07_K08,2,1,2,2,2,2,7,0,35,5,False
deletion_A_matched_delete_s202_f1,deletion_A_matched_delete,k2_K07_K08,2,5,2,2,2,2,7,0,54,24,False
deletion_A_matched_delete_s202_f1,deletion_A_matched_delete,k2_K07_K08,2,10,2,2,2,2,7,0,73,43,False
deletion_A_matched_delete_s202_f1,deletion_A_matched_delete,k2_K03_K05,2,1,2,1,1,1,7,0,35,5,False
deletion_A_matched_delete_s202_f1,deletion_A_matched_delete,k2_K03_K05,2,5,2,1,1,1,7,0,60,30,False
deletion_A_matched_delete_s202_f1,deletion_A_matched_delete,k2_K03_K05,2,10,2,1,1,1,7,0,78,48,False
deletion_A_matched_delete_s202_f1,deletion_A_matched_delete,k2_K03_K09,2,1,2,1,1,1,7,0,36,6,False
deletion_A_matched_delete_s202_f1,deletion_A_matched_delete,k2_K03_K09,2,5,2,1,1,1,7,0,62,32,False
deletion_A_matched_delete_s202_f1,deletion_A_matched_delete,k2_K03_K09,2,10,2,1,1,1,7,0,86,56,False
deletion_A_matched_delete_s202_f1,deletion_A_matched_delete,k2_K05_K09,2,1,2,2,2,2,7,0,35,5,False
deletion_A_matched_delete_s202_f1,deletion_A_matched_delete,k2_K05_K09,2,5,2,2,2,2,7,0,59,29,False
deletion_A_matched_delete_s202_f1,deletion_A_matched_delete,k2_K05_K09,2,10,2,2,2,2,7,0,76,46,False
deletion_A_matched_delete_s202_f1,deletion_A_matched_delete,k2_K01_K02,2,1,2,2,2,2,7,0,35,5,False
deletion_A_matched_delete_s202_f1,deletion_A_matched_delete,k2_K01_K02,2,5,2,2,2,2,7,0,59,29,False
deletion_A_matched_delete_s202_f1,deletion_A_matched_delete,k2_K01_K02,2,10,2,2,2,2,7,0,76,46,False
deletion_A_matched_delete_s202_f1,deletion_A_matched_delete,k2_K01_K06,2,1,2,1,1,1,7,0,35,5,False
deletion_A_matched_delete_s202_f1,deletion_A_matched_delete,k2_K01_K06,2,5,2,1,1,1,7,0,62,32,False
deletion_A_matched_delete_s202_f1,deletion_A_matched_delete,k2_K01_K06,2,10,2,1,1,1,7,0,83,53,False
deletion_A_matched_delete_s202_f1,deletion_A_matched_delete,k2_K02_K06,2,1,2,1,1,1,7,0,35,5,False
deletion_A_matched_delete_s202_f1,deletion_A_matched_delete,k2_K02_K06,2,5,2,1,1,1,7,0,62,32,False
deletion_A_matched_delete_s202_f1,deletion_A_matched_delete,k2_K02_K06,2,10,2,1,1,1,7,0,81,51,False
deletion_A_matched_delete_s202_f1,deletion_A_matched_delete,k3_K04_K07_K08,3,1,3,2,2,2,6,0,35,5,False
deletion_A_matched_delete_s202_f1,deletion_A_matched_delete,k3_K04_K07_K08,3,5,3,2,2,2,6,0,58,28,False
deletion_A_matched_delete_s202_f1,deletion_A_matched_delete,k3_K04_K07_K08,3,10,3,2,2,2,6,0,76,46,False
deletion_A_matched_delete_s202_f1,deletion_A_matched_delete,k3_K03_K05_K09,3,1,3,1,1,1,6,0,35,5,False
deletion_A_matched_delete_s202_f1,deletion_A_matched_delete,k3_K03_K05_K09,3,5,3,1,1,1,6,0,60,30,False
deletion_A_matched_delete_s202_f1,deletion_A_matched_delete,k3_K03_K05_K09,3,10,3,1,1,1,6,0,80,50,False
deletion_A_matched_delete_s202_f1,deletion_A_matched_delete,k3_K01_K02_K06,3,1,3,1,1,1,6,0,35,5,False
deletion_A_matched_delete_s202_f1,deletion_A_matched_delete,k3_K01_K02_K06,3,5,3,1,1,1,6,0,61,31,False
deletion_A_matched_delete_s202_f1,deletion_A_matched_delete,k3_K01_K02_K06,3,10,3,1,1,1,6,0,79,49,False
deletion_C_keep_s202_f1,deletion_C_keep,k2_K04_K07,2,1,2,1,1,1,7,0,39,10,False
deletion_C_keep_s202_f1,deletion_C_keep,k2_K04_K07,2,5,2,1,1,1,7,0,61,32,False
deletion_C_keep_s202_f1,deletion_C_keep,k2_K04_K07,2,10,2,1,1,1,7,0,82,53,False
deletion_C_keep_s202_f1,deletion_C_keep,k2_K04_K08,2,1,2,1,1,1,7,0,40,11,False
deletion_C_keep_s202_f1,deletion_C_keep,k2_K04_K08,2,5,2,1,1,1,7,0,63,34,False
deletion_C_keep_s202_f1,deletion_C_keep,k2_K04_K08,2,10,2,1,1,1,7,0,86,57,False
deletion_C_keep_s202_f1,deletion_C_keep,k2_K07_K08,2,1,2,1,1,1,7,0,37,8,False
deletion_C_keep_s202_f1,deletion_C_keep,k2_K07_K08,2,5,2,1,1,1,7,0,60,31,False
deletion_C_keep_s202_f1,deletion_C_keep,k2_K07_K08,2,10,2,1,1,1,7,0,78,49,False
deletion_C_keep_s202_f1,deletion_C_keep,k2_K03_K05,2,1,2,1,1,1,7,0,40,11,False
deletion_C_keep_s202_f1,deletion_C_keep,k2_K03_K05,2,5,2,1,1,1,7,0,63,34,False
deletion_C_keep_s202_f1,deletion_C_keep,k2_K03_K05,2,10,2,1,1,1,7,0,88,59,False
deletion_C_keep_s202_f1,deletion_C_keep,k2_K03_K09,2,1,2,1,1,1,7,0,40,11,False
deletion_C_keep_s202_f1,deletion_C_keep,k2_K03_K09,2,5,2,1,1,1,7,0,68,39,False
deletion_C_keep_s202_f1,deletion_C_keep,k2_K03_K09,2,10,2,1,1,1,7,0,91,62,False
deletion_C_keep_s202_f1,deletion_C_keep,k2_K05_K09,2,1,2,1,1,1,7,0,40,11,False
deletion_C_keep_s202_f1,deletion_C_keep,k2_K05_K09,2,5,2,1,1,1,7,0,62,33,False
deletion_C_keep_s202_f1,deletion_C_keep,k2_K05_K09,2,10,2,1,1,1,7,0,84,55,False
deletion_C_keep_s202_f1,deletion_C_keep,k2_K01_K02,2,1,2,1,1,1,7,0,40,11,False
deletion_C_keep_s202_f1,deletion_C_keep,k2_K01_K02,2,5,2,1,1,1,7,0,61,32,False
deletion_C_keep_s202_f1,deletion_C_keep,k2_K01_K02,2,10,2,1,1,1,7,0,82,53,False
deletion_C_keep_s202_f1,deletion_C_keep,k2_K01_K06,2,1,2,0,0,0,7,0,40,11,False
deletion_C_keep_s202_f1,deletion_C_keep,k2_K01_K06,2,5,2,0,0,0,7,0,66,37,False
deletion_C_keep_s202_f1,deletion_C_keep,k2_K01_K06,2,10,2,0,0,0,7,0,90,61,False
deletion_C_keep_s202_f1,deletion_C_keep,k2_K02_K06,2,1,2,0,0,0,7,0,40,11,False
deletion_C_keep_s202_f1,deletion_C_keep,k2_K02_K06,2,5,2,0,0,0,7,0,64,35,False
deletion_C_keep_s202_f1,deletion_C_keep,k2_K02_K06,2,10,2,0,0,0,7,0,89,60,False
deletion_C_keep_s202_f1,deletion_C_keep,k3_K04_K07_K08,3,1,3,1,1,1,6,0,39,10,False
deletion_C_keep_s202_f1,deletion_C_keep,k3_K04_K07_K08,3,5,3,1,1,1,6,0,61,32,False
deletion_C_keep_s202_f1,deletion_C_keep,k3_K04_K07_K08,3,10,3,1,1,1,6,0,82,53,False
deletion_C_keep_s202_f1,deletion_C_keep,k3_K03_K05_K09,3,1,3,1,1,1,6,0,40,11,False
deletion_C_keep_s202_f1,deletion_C_keep,k3_K03_K05_K09,3,5,3,1,1,1,6,0,63,34,False
deletion_C_keep_s202_f1,deletion_C_keep,k3_K03_K05_K09,3,10,3,1,1,1,6,0,89,60,False
deletion_C_keep_s202_f1,deletion_C_keep,k3_K01_K02_K06,3,1,3,0,0,0,6,0,40,11,False
deletion_C_keep_s202_f1,deletion_C_keep,k3_K01_K02_K06,3,5,3,0,0,0,6,0,64,35,False
deletion_C_keep_s202_f1,deletion_C_keep,k3_K01_K02_K06,3,10,3,0,0,0,6,0,89,60,False
deletion_C_half_s202_f1,deletion_C_half,k2_K04_K07,2,1,2,1,1,1,7,0,37,9,False
deletion_C_half_s202_f1,deletion_C_half,k2_K04_K07,2,5,2,1,1,1,7,0,62,34,False
deletion_C_half_s202_f1,deletion_C_half,k2_K04_K07,2,10,2,1,1,1,7,0,82,54,False
deletion_C_half_s202_f1,deletion_C_half,k2_K04_K08,2,1,2,1,1,1,7,0,39,11,False
deletion_C_half_s202_f1,deletion_C_half,k2_K04_K08,2,5,2,1,1,1,7,0,63,35,False
deletion_C_half_s202_f1,deletion_C_half,k2_K04_K08,2,10,2,1,1,1,7,0,85,57,False
deletion_C_half_s202_f1,deletion_C_half,k2_K07_K08,2,1,2,1,1,1,7,0,36,8,False
deletion_C_half_s202_f1,deletion_C_half,k2_K07_K08,2,5,2,1,1,1,7,0,59,31,False
deletion_C_half_s202_f1,deletion_C_half,k2_K07_K08,2,10,2,1,1,1,7,0,77,49,False
deletion_C_half_s202_f1,deletion_C_half,k2_K03_K05,2,1,2,1,1,1,7,0,39,11,False
deletion_C_half_s202_f1,deletion_C_half,k2_K03_K05,2,5,2,1,1,1,7,0,63,35,False
deletion_C_half_s202_f1,deletion_C_half,k2_K03_K05,2,10,2,1,1,1,7,0,86,58,False
deletion_C_half_s202_f1,deletion_C_half,k2_K03_K09,2,1,2,1,1,1,7,0,39,11,False
deletion_C_half_s202_f1,deletion_C_half,k2_K03_K09,2,5,2,1,1,1,7,0,66,38,False
deletion_C_half_s202_f1,deletion_C_half,k2_K03_K09,2,10,2,1,1,1,7,0,90,62,False
deletion_C_half_s202_f1,deletion_C_half,k2_K05_K09,2,1,2,1,1,1,7,0,38,10,False
deletion_C_half_s202_f1,deletion_C_half,k2_K05_K09,2,5,2,1,1,1,7,0,62,34,False
deletion_C_half_s202_f1,deletion_C_half,k2_K05_K09,2,10,2,1,1,1,7,0,83,55,False
deletion_C_half_s202_f1,deletion_C_half,k2_K01_K02,2,1,2,1,1,1,7,0,38,10,False
deletion_C_half_s202_f1,deletion_C_half,k2_K01_K02,2,5,2,1,1,1,7,0,62,34,False
deletion_C_half_s202_f1,deletion_C_half,k2_K01_K02,2,10,2,1,1,1,7,0,82,54,False
deletion_C_half_s202_f1,deletion_C_half,k2_K01_K06,2,1,2,0,0,0,7,0,39,11,False
deletion_C_half_s202_f1,deletion_C_half,k2_K01_K06,2,5,2,0,0,0,7,0,66,38,False
deletion_C_half_s202_f1,deletion_C_half,k2_K01_K06,2,10,2,0,0,0,7,0,89,61,False
deletion_C_half_s202_f1,deletion_C_half,k2_K02_K06,2,1,2,0,0,0,7,0,39,11,False
deletion_C_half_s202_f1,deletion_C_half,k2_K02_K06,2,5,2,0,0,0,7,0,64,36,False
deletion_C_half_s202_f1,deletion_C_half,k2_K02_K06,2,10,2,0,0,0,7,0,89,61,False
deletion_C_half_s202_f1,deletion_C_half,k3_K04_K07_K08,3,1,3,1,1,1,6,0,37,9,False
deletion_C_half_s202_f1,deletion_C_half,k3_K04_K07_K08,3,5,3,1,1,1,6,0,62,34,False
deletion_C_half_s202_f1,deletion_C_half,k3_K04_K07_K08,3,10,3,1,1,1,6,0,82,54,False
deletion_C_half_s202_f1,deletion_C_half,k3_K03_K05_K09,3,1,3,1,1,1,6,0,39,11,False
deletion_C_half_s202_f1,deletion_C_half,k3_K03_K05_K09,3,5,3,1,1,1,6,0,64,36,False
deletion_C_half_s202_f1,deletion_C_half,k3_K03_K05_K09,3,10,3,1,1,1,6,0,86,58,False
deletion_C_half_s202_f1,deletion_C_half,k3_K01_K02_K06,3,1,3,0,0,0,6,0,39,11,False
deletion_C_half_s202_f1,deletion_C_half,k3_K01_K02_K06,3,5,3,0,0,0,6,0,64,36,False
deletion_C_half_s202_f1,deletion_C_half,k3_K01_K02_K06,3,10,3,0,0,0,6,0,87,59,False
deletion_C_target_delete_s202_f1,deletion_C_target_delete,k2_K04_K07,2,1,2,2,2,2,7,0,40,10,False
deletion_C_target_delete_s202_f1,deletion_C_target_delete,k2_K04_K07,2,5,2,2,2,2,7,0,61,31,False
deletion_C_target_delete_s202_f1,deletion_C_target_delete,k2_K04_K07,2,10,2,2,2,2,7,0,83,53,False
deletion_C_target_delete_s202_f1,deletion_C_target_delete,k2_K04_K08,2,1,2,2,2,2,7,0,40,10,False
deletion_C_target_delete_s202_f1,deletion_C_target_delete,k2_K04_K08,2,5,2,2,2,2,7,0,62,32,False
deletion_C_target_delete_s202_f1,deletion_C_target_delete,k2_K04_K08,2,10,2,2,2,2,7,0,85,55,False
deletion_C_target_delete_s202_f1,deletion_C_target_delete,k2_K07_K08,2,1,2,2,2,2,7,0,39,9,False
deletion_C_target_delete_s202_f1,deletion_C_target_delete,k2_K07_K08,2,5,2,2,2,2,7,0,59,29,False
deletion_C_target_delete_s202_f1,deletion_C_target_delete,k2_K07_K08,2,10,2,2,2,2,7,0,76,46,False
deletion_C_target_delete_s202_f1,deletion_C_target_delete,k2_K03_K05,2,1,2,1,1,1,7,0,40,10,False
deletion_C_target_delete_s202_f1,deletion_C_target_delete,k2_K03_K05,2,5,2,1,1,1,7,0,63,33,False
deletion_C_target_delete_s202_f1,deletion_C_target_delete,k2_K03_K05,2,10,2,1,1,1,7,0,85,55,False
deletion_C_target_delete_s202_f1,deletion_C_target_delete,k2_K03_K09,2,1,2,1,1,1,7,0,41,11,False
deletion_C_target_delete_s202_f1,deletion_C_target_delete,k2_K03_K09,2,5,2,1,1,1,7,0,66,36,False
deletion_C_target_delete_s202_f1,deletion_C_target_delete,k2_K03_K09,2,10,2,1,1,1,7,0,90,60,False
deletion_C_target_delete_s202_f1,deletion_C_target_delete,k2_K05_K09,2,1,2,2,2,2,7,0,40,10,False
deletion_C_target_delete_s202_f1,deletion_C_target_delete,k2_K05_K09,2,5,2,2,2,2,7,0,62,32,False
deletion_C_target_delete_s202_f1,deletion_C_target_delete,k2_K05_K09,2,10,2,2,2,2,7,0,85,55,False
deletion_C_target_delete_s202_f1,deletion_C_target_delete,k2_K01_K02,2,1,2,2,2,2,7,0,40,10,False
deletion_C_target_delete_s202_f1,deletion_C_target_delete,k2_K01_K02,2,5,2,2,2,2,7,0,61,31,False
deletion_C_target_delete_s202_f1,deletion_C_target_delete,k2_K01_K02,2,10,2,2,2,2,7,0,84,54,False
deletion_C_target_delete_s202_f1,deletion_C_target_delete,k2_K01_K06,2,1,2,1,1,1,7,0,41,11,False
deletion_C_target_delete_s202_f1,deletion_C_target_delete,k2_K01_K06,2,5,2,1,1,1,7,0,65,35,False
deletion_C_target_delete_s202_f1,deletion_C_target_delete,k2_K01_K06,2,10,2,1,1,1,7,0,87,57,False
deletion_C_target_delete_s202_f1,deletion_C_target_delete,k2_K02_K06,2,1,2,1,1,1,7,0,41,11,False
deletion_C_target_delete_s202_f1,deletion_C_target_delete,k2_K02_K06,2,5,2,1,1,1,7,0,64,34,False
deletion_C_target_delete_s202_f1,deletion_C_target_delete,k2_K02_K06,2,10,2,1,1,1,7,0,87,57,False
deletion_C_target_delete_s202_f1,deletion_C_target_delete,k3_K04_K07_K08,3,1,3,2,2,2,6,0,40,10,False
deletion_C_target_delete_s202_f1,deletion_C_target_delete,k3_K04_K07_K08,3,5,3,2,2,2,6,0,61,31,False
deletion_C_target_delete_s202_f1,deletion_C_target_delete,k3_K04_K07_K08,3,10,3,2,2,2,6,0,83,53,False
deletion_C_target_delete_s202_f1,deletion_C_target_delete,k3_K03_K05_K09,3,1,3,1,1,1,6,0,41,11,False
deletion_C_target_delete_s202_f1,deletion_C_target_delete,k3_K03_K05_K09,3,5,3,1,1,1,6,0,63,33,False
deletion_C_target_delete_s202_f1,deletion_C_target_delete,k3_K03_K05_K09,3,10,3,1,1,1,6,0,86,56,False
deletion_C_target_delete_s202_f1,deletion_C_target_delete,k3_K01_K02_K06,3,1,3,1,1,1,6,0,41,11,False
deletion_C_target_delete_s202_f1,deletion_C_target_delete,k3_K01_K02_K06,3,5,3,1,1,1,6,0,63,33,False
deletion_C_target_delete_s202_f1,deletion_C_target_delete,k3_K01_K02_K06,3,10,3,1,1,1,6,0,86,56,False
deletion_C_matched_delete_s202_f1,deletion_C_matched_delete,k2_K04_K07,2,1,2,2,2,2,7,0,39,9,False
deletion_C_matched_delete_s202_f1,deletion_C_matched_delete,k2_K04_K07,2,5,2,2,2,2,7,0,60,30,False
deletion_C_matched_delete_s202_f1,deletion_C_matched_delete,k2_K04_K07,2,10,2,2,2,2,7,0,83,53,False
deletion_C_matched_delete_s202_f1,deletion_C_matched_delete,k2_K04_K08,2,1,2,2,2,2,7,0,39,9,False
deletion_C_matched_delete_s202_f1,deletion_C_matched_delete,k2_K04_K08,2,5,2,2,2,2,7,0,62,32,False
deletion_C_matched_delete_s202_f1,deletion_C_matched_delete,k2_K04_K08,2,10,2,2,2,2,7,0,87,57,False
deletion_C_matched_delete_s202_f1,deletion_C_matched_delete,k2_K07_K08,2,1,2,2,2,2,7,0,39,9,False
deletion_C_matched_delete_s202_f1,deletion_C_matched_delete,k2_K07_K08,2,5,2,2,2,2,7,0,58,28,False
deletion_C_matched_delete_s202_f1,deletion_C_matched_delete,k2_K07_K08,2,10,2,2,2,2,7,0,76,46,False
deletion_C_matched_delete_s202_f1,deletion_C_matched_delete,k2_K03_K05,2,1,2,1,1,1,7,0,39,9,False
deletion_C_matched_delete_s202_f1,deletion_C_matched_delete,k2_K03_K05,2,5,2,1,1,1,7,0,62,32,False
deletion_C_matched_delete_s202_f1,deletion_C_matched_delete,k2_K03_K05,2,10,2,1,1,1,7,0,87,57,False
deletion_C_matched_delete_s202_f1,deletion_C_matched_delete,k2_K03_K09,2,1,2,1,1,1,7,0,39,9,False
deletion_C_matched_delete_s202_f1,deletion_C_matched_delete,k2_K03_K09,2,5,2,1,1,1,7,0,63,33,False
deletion_C_matched_delete_s202_f1,deletion_C_matched_delete,k2_K03_K09,2,10,2,1,1,1,7,0,92,62,False
deletion_C_matched_delete_s202_f1,deletion_C_matched_delete,k2_K05_K09,2,1,2,2,2,2,7,0,39,9,False
deletion_C_matched_delete_s202_f1,deletion_C_matched_delete,k2_K05_K09,2,5,2,2,2,2,7,0,62,32,False
deletion_C_matched_delete_s202_f1,deletion_C_matched_delete,k2_K05_K09,2,10,2,2,2,2,7,0,84,54,False
deletion_C_matched_delete_s202_f1,deletion_C_matched_delete,k2_K01_K02,2,1,2,2,2,2,7,0,39,9,False
deletion_C_matched_delete_s202_f1,deletion_C_matched_delete,k2_K01_K02,2,5,2,2,2,2,7,0,61,31,False
deletion_C_matched_delete_s202_f1,deletion_C_matched_delete,k2_K01_K02,2,10,2,2,2,2,7,0,83,53,False
deletion_C_matched_delete_s202_f1,deletion_C_matched_delete,k2_K01_K06,2,1,2,1,1,1,7,0,39,9,False
deletion_C_matched_delete_s202_f1,deletion_C_matched_delete,k2_K01_K06,2,5,2,1,1,1,7,0,62,32,False
deletion_C_matched_delete_s202_f1,deletion_C_matched_delete,k2_K01_K06,2,10,2,1,1,1,7,0,89,59,False
deletion_C_matched_delete_s202_f1,deletion_C_matched_delete,k2_K02_K06,2,1,2,1,1,1,7,0,39,9,False
deletion_C_matched_delete_s202_f1,deletion_C_matched_delete,k2_K02_K06,2,5,2,1,1,1,7,0,62,32,False
deletion_C_matched_delete_s202_f1,deletion_C_matched_delete,k2_K02_K06,2,10,2,1,1,1,7,0,89,59,False
deletion_C_matched_delete_s202_f1,deletion_C_matched_delete,k3_K04_K07_K08,3,1,3,2,2,2,6,0,39,9,False
deletion_C_matched_delete_s202_f1,deletion_C_matched_delete,k3_K04_K07_K08,3,5,3,2,2,2,6,0,60,30,False
deletion_C_matched_delete_s202_f1,deletion_C_matched_delete,k3_K04_K07_K08,3,10,3,2,2,2,6,0,83,53,False
deletion_C_matched_delete_s202_f1,deletion_C_matched_delete,k3_K03_K05_K09,3,1,3,1,1,1,6,0,39,9,False
deletion_C_matched_delete_s202_f1,deletion_C_matched_delete,k3_K03_K05_K09,3,5,3,1,1,1,6,0,62,32,False
deletion_C_matched_delete_s202_f1,deletion_C_matched_delete,k3_K03_K05_K09,3,10,3,1,1,1,6,0,89,59,False
deletion_C_matched_delete_s202_f1,deletion_C_matched_delete,k3_K01_K02_K06,3,1,3,1,1,1,6,0,39,9,False
deletion_C_matched_delete_s202_f1,deletion_C_matched_delete,k3_K01_K02_K06,3,5,3,1,1,1,6,0,62,32,False
deletion_C_matched_delete_s202_f1,deletion_C_matched_delete,k3_K01_K02_K06,3,10,3,1,1,1,6,0,89,59,False
deletion_A_keep_s202_f2,deletion_A_keep,k2_K04_K07,2,1,2,0,2,0,7,0,19,1,False
deletion_A_keep_s202_f2,deletion_A_keep,k2_K04_K07,2,5,2,2,2,2,7,0,25,7,False
deletion_A_keep_s202_f2,deletion_A_keep,k2_K04_K07,2,10,2,2,2,2,7,0,36,18,False
deletion_A_keep_s202_f2,deletion_A_keep,k2_K04_K08,2,1,2,1,2,1,7,0,19,1,False
deletion_A_keep_s202_f2,deletion_A_keep,k2_K04_K08,2,5,2,2,2,2,7,0,26,8,False
deletion_A_keep_s202_f2,deletion_A_keep,k2_K04_K08,2,10,2,2,2,2,7,0,38,20,False
deletion_A_keep_s202_f2,deletion_A_keep,k2_K07_K08,2,1,2,1,3,1,7,0,19,1,False
deletion_A_keep_s202_f2,deletion_A_keep,k2_K07_K08,2,5,2,3,3,3,7,0,24,6,False
deletion_A_keep_s202_f2,deletion_A_keep,k2_K07_K08,2,10,2,3,3,3,7,0,34,16,False
deletion_A_keep_s202_f2,deletion_A_keep,k2_K03_K05,2,1,2,1,2,1,7,0,19,1,False
deletion_A_keep_s202_f2,deletion_A_keep,k2_K03_K05,2,5,2,2,2,2,7,0,26,8,False
deletion_A_keep_s202_f2,deletion_A_keep,k2_K03_K05,2,10,2,2,2,2,7,0,39,21,False
deletion_A_keep_s202_f2,deletion_A_keep,k2_K03_K09,2,1,2,1,2,1,7,0,19,1,False
deletion_A_keep_s202_f2,deletion_A_keep,k2_K03_K09,2,5,2,2,2,2,7,0,27,9,False
deletion_A_keep_s202_f2,deletion_A_keep,k2_K03_K09,2,10,2,2,2,2,7,0,41,23,False
deletion_A_keep_s202_f2,deletion_A_keep,k2_K05_K09,2,1,2,2,3,2,7,0,19,1,False
deletion_A_keep_s202_f2,deletion_A_keep,k2_K05_K09,2,5,2,3,3,3,7,0,25,7,False
deletion_A_keep_s202_f2,deletion_A_keep,k2_K05_K09,2,10,2,3,3,3,7,0,38,20,False
deletion_A_keep_s202_f2,deletion_A_keep,k2_K01_K02,2,1,2,1,3,1,7,0,19,1,False
deletion_A_keep_s202_f2,deletion_A_keep,k2_K01_K02,2,5,2,3,3,3,7,0,25,7,False
deletion_A_keep_s202_f2,deletion_A_keep,k2_K01_K02,2,10,2,3,3,3,7,0,38,20,False
deletion_A_keep_s202_f2,deletion_A_keep,k2_K01_K06,2,1,1,2,2,2,7,0,19,1,False
deletion_A_keep_s202_f2,deletion_A_keep,k2_K01_K06,2,5,2,2,2,2,7,0,27,9,False
deletion_A_keep_s202_f2,deletion_A_keep,k2_K01_K06,2,10,2,2,2,2,7,0,41,23,False
deletion_A_keep_s202_f2,deletion_A_keep,k2_K02_K06,2,1,1,2,2,2,7,0,19,1,False
deletion_A_keep_s202_f2,deletion_A_keep,k2_K02_K06,2,5,2,2,2,2,7,0,27,9,False
deletion_A_keep_s202_f2,deletion_A_keep,k2_K02_K06,2,10,2,2,2,2,7,0,40,22,False
deletion_A_keep_s202_f2,deletion_A_keep,k3_K04_K07_K08,3,1,3,0,2,0,6,0,19,1,False
deletion_A_keep_s202_f2,deletion_A_keep,k3_K04_K07_K08,3,5,3,2,2,2,6,0,25,7,False
deletion_A_keep_s202_f2,deletion_A_keep,k3_K04_K07_K08,3,10,3,2,2,2,6,0,36,18,False
deletion_A_keep_s202_f2,deletion_A_keep,k3_K03_K05_K09,3,1,3,1,2,1,6,0,19,1,False
deletion_A_keep_s202_f2,deletion_A_keep,k3_K03_K05_K09,3,5,3,2,2,2,6,0,27,9,False
deletion_A_keep_s202_f2,deletion_A_keep,k3_K03_K05_K09,3,10,3,2,2,2,6,0,39,21,False
deletion_A_keep_s202_f2,deletion_A_keep,k3_K01_K02_K06,3,1,2,2,2,2,6,0,19,1,False
deletion_A_keep_s202_f2,deletion_A_keep,k3_K01_K02_K06,3,5,3,2,2,2,6,0,27,9,False
deletion_A_keep_s202_f2,deletion_A_keep,k3_K01_K02_K06,3,10,3,2,2,2,6,0,40,22,False
deletion_A_half_s202_f2,deletion_A_half,k2_K04_K07,2,1,2,0,2,0,7,0,19,1,False
deletion_A_half_s202_f2,deletion_A_half,k2_K04_K07,2,5,2,2,2,2,7,0,24,6,False
deletion_A_half_s202_f2,deletion_A_half,k2_K04_K07,2,10,2,2,2,2,7,0,36,18,False
deletion_A_half_s202_f2,deletion_A_half,k2_K04_K08,2,1,2,1,2,1,7,0,19,1,False
deletion_A_half_s202_f2,deletion_A_half,k2_K04_K08,2,5,2,2,2,2,7,0,25,7,False
deletion_A_half_s202_f2,deletion_A_half,k2_K04_K08,2,10,2,2,2,2,7,0,38,20,False
deletion_A_half_s202_f2,deletion_A_half,k2_K07_K08,2,1,2,1,3,1,7,0,18,0,True
deletion_A_half_s202_f2,deletion_A_half,k2_K07_K08,2,5,2,3,3,3,7,0,24,6,False
deletion_A_half_s202_f2,deletion_A_half,k2_K07_K08,2,10,2,3,3,3,7,0,33,15,False
deletion_A_half_s202_f2,deletion_A_half,k2_K03_K05,2,1,2,1,2,1,7,0,19,1,False
deletion_A_half_s202_f2,deletion_A_half,k2_K03_K05,2,5,2,2,2,2,7,0,25,7,False
deletion_A_half_s202_f2,deletion_A_half,k2_K03_K05,2,10,2,2,2,2,7,0,38,20,False
deletion_A_half_s202_f2,deletion_A_half,k2_K03_K09,2,1,2,1,2,1,7,0,19,1,False
deletion_A_half_s202_f2,deletion_A_half,k2_K03_K09,2,5,2,2,2,2,7,0,27,9,False
deletion_A_half_s202_f2,deletion_A_half,k2_K03_K09,2,10,2,2,2,2,7,0,40,22,False
deletion_A_half_s202_f2,deletion_A_half,k2_K05_K09,2,1,2,2,3,2,7,0,19,1,False
deletion_A_half_s202_f2,deletion_A_half,k2_K05_K09,2,5,2,3,3,3,7,0,24,6,False
deletion_A_half_s202_f2,deletion_A_half,k2_K05_K09,2,10,2,3,3,3,7,0,36,18,False
deletion_A_half_s202_f2,deletion_A_half,k2_K01_K02,2,1,2,1,3,1,7,0,19,1,False
deletion_A_half_s202_f2,deletion_A_half,k2_K01_K02,2,5,2,3,3,3,7,0,24,6,False
deletion_A_half_s202_f2,deletion_A_half,k2_K01_K02,2,10,2,3,3,3,7,0,36,18,False
deletion_A_half_s202_f2,deletion_A_half,k2_K01_K06,2,1,1,2,2,2,7,0,19,1,False
deletion_A_half_s202_f2,deletion_A_half,k2_K01_K06,2,5,2,2,2,2,7,0,27,9,False
deletion_A_half_s202_f2,deletion_A_half,k2_K01_K06,2,10,2,2,2,2,7,0,40,22,False
deletion_A_half_s202_f2,deletion_A_half,k2_K02_K06,2,1,1,2,2,2,7,0,19,1,False
deletion_A_half_s202_f2,deletion_A_half,k2_K02_K06,2,5,2,2,2,2,7,0,27,9,False
deletion_A_half_s202_f2,deletion_A_half,k2_K02_K06,2,10,2,2,2,2,7,0,40,22,False
deletion_A_half_s202_f2,deletion_A_half,k3_K04_K07_K08,3,1,3,0,2,0,6,0,19,1,False
deletion_A_half_s202_f2,deletion_A_half,k3_K04_K07_K08,3,5,3,2,2,2,6,0,24,6,False
deletion_A_half_s202_f2,deletion_A_half,k3_K04_K07_K08,3,10,3,2,2,2,6,0,36,18,False
deletion_A_half_s202_f2,deletion_A_half,k3_K03_K05_K09,3,1,3,1,2,1,6,0,19,1,False
deletion_A_half_s202_f2,deletion_A_half,k3_K03_K05_K09,3,5,3,2,2,2,6,0,26,8,False
deletion_A_half_s202_f2,deletion_A_half,k3_K03_K05_K09,3,10,3,2,2,2,6,0,39,21,False
deletion_A_half_s202_f2,deletion_A_half,k3_K01_K02_K06,3,1,2,2,2,2,6,0,19,1,False
deletion_A_half_s202_f2,deletion_A_half,k3_K01_K02_K06,3,5,3,2,2,2,6,0,26,8,False
deletion_A_half_s202_f2,deletion_A_half,k3_K01_K02_K06,3,10,3,2,2,2,6,0,39,21,False
deletion_A_target_delete_s202_f2,deletion_A_target_delete,k2_K04_K07,2,1,2,0,2,0,7,0,18,0,False
deletion_A_target_delete_s202_f2,deletion_A_target_delete,k2_K04_K07,2,5,2,2,2,2,7,0,24,6,False
deletion_A_target_delete_s202_f2,deletion_A_target_delete,k2_K04_K07,2,10,2,2,2,2,7,0,32,14,False
deletion_A_target_delete_s202_f2,deletion_A_target_delete,k2_K04_K08,2,1,2,1,2,1,7,0,18,0,True
deletion_A_target_delete_s202_f2,deletion_A_target_delete,k2_K04_K08,2,5,2,2,2,2,7,0,25,7,False
deletion_A_target_delete_s202_f2,deletion_A_target_delete,k2_K04_K08,2,10,2,2,2,2,7,0,34,16,False
deletion_A_target_delete_s202_f2,deletion_A_target_delete,k2_K07_K08,2,1,2,1,3,1,7,0,18,0,True
deletion_A_target_delete_s202_f2,deletion_A_target_delete,k2_K07_K08,2,5,2,3,3,3,7,0,23,5,False
deletion_A_target_delete_s202_f2,deletion_A_target_delete,k2_K07_K08,2,10,2,3,3,3,7,0,31,13,False
deletion_A_target_delete_s202_f2,deletion_A_target_delete,k2_K03_K05,2,1,2,1,2,1,7,0,18,0,True
deletion_A_target_delete_s202_f2,deletion_A_target_delete,k2_K03_K05,2,5,2,2,2,2,7,0,25,7,False
deletion_A_target_delete_s202_f2,deletion_A_target_delete,k2_K03_K05,2,10,2,2,2,2,7,0,35,17,False
deletion_A_target_delete_s202_f2,deletion_A_target_delete,k2_K03_K09,2,1,2,1,2,1,7,0,18,0,True
deletion_A_target_delete_s202_f2,deletion_A_target_delete,k2_K03_K09,2,5,2,2,2,2,7,0,27,9,False
deletion_A_target_delete_s202_f2,deletion_A_target_delete,k2_K03_K09,2,10,2,2,2,2,7,0,39,21,False
deletion_A_target_delete_s202_f2,deletion_A_target_delete,k2_K05_K09,2,1,2,2,3,2,7,0,18,0,True
deletion_A_target_delete_s202_f2,deletion_A_target_delete,k2_K05_K09,2,5,2,3,3,3,7,0,25,7,False
deletion_A_target_delete_s202_f2,deletion_A_target_delete,k2_K05_K09,2,10,2,3,3,3,7,0,33,15,False
deletion_A_target_delete_s202_f2,deletion_A_target_delete,k2_K01_K02,2,1,2,2,3,2,7,0,18,0,True
deletion_A_target_delete_s202_f2,deletion_A_target_delete,k2_K01_K02,2,5,2,3,3,3,7,0,25,7,False
deletion_A_target_delete_s202_f2,deletion_A_target_delete,k2_K01_K02,2,10,2,3,3,3,7,0,32,14,False
deletion_A_target_delete_s202_f2,deletion_A_target_delete,k2_K01_K06,2,1,1,2,2,2,7,0,18,0,True
deletion_A_target_delete_s202_f2,deletion_A_target_delete,k2_K01_K06,2,5,2,2,2,2,7,0,27,9,False
deletion_A_target_delete_s202_f2,deletion_A_target_delete,k2_K01_K06,2,10,2,2,2,2,7,0,39,21,False
deletion_A_target_delete_s202_f2,deletion_A_target_delete,k2_K02_K06,2,1,1,2,2,2,7,0,18,0,True
deletion_A_target_delete_s202_f2,deletion_A_target_delete,k2_K02_K06,2,5,2,2,2,2,7,0,27,9,False
deletion_A_target_delete_s202_f2,deletion_A_target_delete,k2_K02_K06,2,10,2,2,2,2,7,0,39,21,False
deletion_A_target_delete_s202_f2,deletion_A_target_delete,k3_K04_K07_K08,3,1,3,0,2,0,6,0,18,0,False
deletion_A_target_delete_s202_f2,deletion_A_target_delete,k3_K04_K07_K08,3,5,3,2,2,2,6,0,24,6,False
deletion_A_target_delete_s202_f2,deletion_A_target_delete,k3_K04_K07_K08,3,10,3,2,2,2,6,0,32,14,False
deletion_A_target_delete_s202_f2,deletion_A_target_delete,k3_K03_K05_K09,3,1,3,1,2,1,6,0,18,0,True
deletion_A_target_delete_s202_f2,deletion_A_target_delete,k3_K03_K05_K09,3,5,3,2,2,2,6,0,25,7,False
deletion_A_target_delete_s202_f2,deletion_A_target_delete,k3_K03_K05_K09,3,10,3,2,2,2,6,0,36,18,False
deletion_A_target_delete_s202_f2,deletion_A_target_delete,k3_K01_K02_K06,3,1,2,2,2,2,6,0,18,0,True
deletion_A_target_delete_s202_f2,deletion_A_target_delete,k3_K01_K02_K06,3,5,3,2,2,2,6,0,26,8,False
deletion_A_target_delete_s202_f2,deletion_A_target_delete,k3_K01_K02_K06,3,10,3,2,2,2,6,0,37,19,False
deletion_A_matched_delete_s202_f2,deletion_A_matched_delete,k2_K04_K07,2,1,2,1,2,1,7,0,18,0,True
deletion_A_matched_delete_s202_f2,deletion_A_matched_delete,k2_K04_K07,2,5,2,2,2,2,7,0,27,9,False
deletion_A_matched_delete_s202_f2,deletion_A_matched_delete,k2_K04_K07,2,10,2,2,2,2,7,0,37,19,False
deletion_A_matched_delete_s202_f2,deletion_A_matched_delete,k2_K04_K08,2,1,2,1,2,1,7,0,18,0,True
deletion_A_matched_delete_s202_f2,deletion_A_matched_delete,k2_K04_K08,2,5,2,2,2,2,7,0,27,9,False
deletion_A_matched_delete_s202_f2,deletion_A_matched_delete,k2_K04_K08,2,10,2,2,2,2,7,0,38,20,False
deletion_A_matched_delete_s202_f2,deletion_A_matched_delete,k2_K07_K08,2,1,2,1,2,1,7,0,18,0,True
deletion_A_matched_delete_s202_f2,deletion_A_matched_delete,k2_K07_K08,2,5,2,2,2,2,7,0,27,9,False
deletion_A_matched_delete_s202_f2,deletion_A_matched_delete,k2_K07_K08,2,10,2,2,2,2,7,0,35,17,False
deletion_A_matched_delete_s202_f2,deletion_A_matched_delete,k2_K03_K05,2,1,2,0,1,0,7,0,18,0,False
deletion_A_matched_delete_s202_f2,deletion_A_matched_delete,k2_K03_K05,2,5,2,1,1,1,7,0,27,9,False
deletion_A_matched_delete_s202_f2,deletion_A_matched_delete,k2_K03_K05,2,10,2,1,1,1,7,0,38,20,False
deletion_A_matched_delete_s202_f2,deletion_A_matched_delete,k2_K03_K09,2,1,2,0,1,0,7,0,18,0,False
deletion_A_matched_delete_s202_f2,deletion_A_matched_delete,k2_K03_K09,2,5,2,1,1,1,7,0,27,9,False
deletion_A_matched_delete_s202_f2,deletion_A_matched_delete,k2_K03_K09,2,10,2,1,1,1,7,0,40,22,False
deletion_A_matched_delete_s202_f2,deletion_A_matched_delete,k2_K05_K09,2,1,2,1,2,1,7,0,18,0,True
deletion_A_matched_delete_s202_f2,deletion_A_matched_delete,k2_K05_K09,2,5,2,2,2,2,7,0,27,9,False
deletion_A_matched_delete_s202_f2,deletion_A_matched_delete,k2_K05_K09,2,10,2,2,2,2,7,0,38,20,False
deletion_A_matched_delete_s202_f2,deletion_A_matched_delete,k2_K01_K02,2,1,2,1,2,1,7,0,18,0,True
deletion_A_matched_delete_s202_f2,deletion_A_matched_delete,k2_K01_K02,2,5,2,2,2,2,7,0,27,9,False
deletion_A_matched_delete_s202_f2,deletion_A_matched_delete,k2_K01_K02,2,10,2,2,2,2,7,0,38,20,False
deletion_A_matched_delete_s202_f2,deletion_A_matched_delete,k2_K01_K06,2,1,1,1,1,1,7,0,18,0,True
deletion_A_matched_delete_s202_f2,deletion_A_matched_delete,k2_K01_K06,2,5,2,1,1,1,7,0,27,9,False
deletion_A_matched_delete_s202_f2,deletion_A_matched_delete,k2_K01_K06,2,10,2,1,1,1,7,0,40,22,False
deletion_A_matched_delete_s202_f2,deletion_A_matched_delete,k2_K02_K06,2,1,1,1,1,1,7,0,18,0,True
deletion_A_matched_delete_s202_f2,deletion_A_matched_delete,k2_K02_K06,2,5,2,1,1,1,7,0,27,9,False
deletion_A_matched_delete_s202_f2,deletion_A_matched_delete,k2_K02_K06,2,10,2,1,1,1,7,0,40,22,False
deletion_A_matched_delete_s202_f2,deletion_A_matched_delete,k3_K04_K07_K08,3,1,3,1,2,1,6,0,18,0,True
deletion_A_matched_delete_s202_f2,deletion_A_matched_delete,k3_K04_K07_K08,3,5,3,2,2,2,6,0,27,9,False
deletion_A_matched_delete_s202_f2,deletion_A_matched_delete,k3_K04_K07_K08,3,10,3,2,2,2,6,0,37,19,False
deletion_A_matched_delete_s202_f2,deletion_A_matched_delete,k3_K03_K05_K09,3,1,3,0,1,0,6,0,18,0,False
deletion_A_matched_delete_s202_f2,deletion_A_matched_delete,k3_K03_K05_K09,3,5,3,1,1,1,6,0,27,9,False
deletion_A_matched_delete_s202_f2,deletion_A_matched_delete,k3_K03_K05_K09,3,10,3,1,1,1,6,0,39,21,False
deletion_A_matched_delete_s202_f2,deletion_A_matched_delete,k3_K01_K02_K06,3,1,2,1,1,1,6,0,18,0,True
deletion_A_matched_delete_s202_f2,deletion_A_matched_delete,k3_K01_K02_K06,3,5,3,1,1,1,6,0,27,9,False
deletion_A_matched_delete_s202_f2,deletion_A_matched_delete,k3_K01_K02_K06,3,10,3,1,1,1,6,0,39,21,False
deletion_C_keep_s202_f2,deletion_C_keep,k2_K04_K07,2,1,2,1,3,1,7,0,19,1,False
deletion_C_keep_s202_f2,deletion_C_keep,k2_K04_K07,2,5,2,3,3,3,7,0,28,10,False
deletion_C_keep_s202_f2,deletion_C_keep,k2_K04_K07,2,10,2,3,3,3,7,0,43,25,False
deletion_C_keep_s202_f2,deletion_C_keep,k2_K04_K08,2,1,2,2,3,2,7,0,19,1,False
deletion_C_keep_s202_f2,deletion_C_keep,k2_K04_K08,2,5,2,3,3,3,7,0,28,10,False
deletion_C_keep_s202_f2,deletion_C_keep,k2_K04_K08,2,10,2,3,3,3,7,0,43,25,False
deletion_C_keep_s202_f2,deletion_C_keep,k2_K07_K08,2,1,2,2,4,2,7,0,19,1,False
deletion_C_keep_s202_f2,deletion_C_keep,k2_K07_K08,2,5,2,4,4,4,7,0,27,9,False
deletion_C_keep_s202_f2,deletion_C_keep,k2_K07_K08,2,10,2,4,4,4,7,0,41,23,False
deletion_C_keep_s202_f2,deletion_C_keep,k2_K03_K05,2,1,2,2,3,2,7,0,19,1,False
deletion_C_keep_s202_f2,deletion_C_keep,k2_K03_K05,2,5,2,3,3,3,7,0,28,10,False
deletion_C_keep_s202_f2,deletion_C_keep,k2_K03_K05,2,10,2,3,3,3,7,0,43,25,False
deletion_C_keep_s202_f2,deletion_C_keep,k2_K03_K09,2,1,2,1,2,1,7,0,19,1,False
deletion_C_keep_s202_f2,deletion_C_keep,k2_K03_K09,2,5,2,2,2,2,7,0,31,13,False
deletion_C_keep_s202_f2,deletion_C_keep,k2_K03_K09,2,10,2,2,2,2,7,0,45,27,False
deletion_C_keep_s202_f2,deletion_C_keep,k2_K05_K09,2,1,2,2,3,2,7,0,19,1,False
deletion_C_keep_s202_f2,deletion_C_keep,k2_K05_K09,2,5,2,3,3,3,7,0,28,10,False
deletion_C_keep_s202_f2,deletion_C_keep,k2_K05_K09,2,10,2,3,3,3,7,0,43,25,False
deletion_C_keep_s202_f2,deletion_C_keep,k2_K01_K02,2,1,2,2,4,2,7,0,19,1,False
deletion_C_keep_s202_f2,deletion_C_keep,k2_K01_K02,2,5,2,4,4,4,7,0,28,10,False
deletion_C_keep_s202_f2,deletion_C_keep,k2_K01_K02,2,10,2,4,4,4,7,0,43,25,False
deletion_C_keep_s202_f2,deletion_C_keep,k2_K01_K06,2,1,1,3,3,3,7,0,19,1,False
deletion_C_keep_s202_f2,deletion_C_keep,k2_K01_K06,2,5,2,3,3,3,7,0,30,12,False
deletion_C_keep_s202_f2,deletion_C_keep,k2_K01_K06,2,10,2,3,3,3,7,0,45,27,False
deletion_C_keep_s202_f2,deletion_C_keep,k2_K02_K06,2,1,1,3,3,3,7,0,19,1,False
deletion_C_keep_s202_f2,deletion_C_keep,k2_K02_K06,2,5,2,3,3,3,7,0,30,12,False
deletion_C_keep_s202_f2,deletion_C_keep,k2_K02_K06,2,10,2,3,3,3,7,0,45,27,False
deletion_C_keep_s202_f2,deletion_C_keep,k3_K04_K07_K08,3,1,3,1,3,1,6,0,19,1,False
deletion_C_keep_s202_f2,deletion_C_keep,k3_K04_K07_K08,3,5,3,3,3,3,6,0,28,10,False
deletion_C_keep_s202_f2,deletion_C_keep,k3_K04_K07_K08,3,10,3,3,3,3,6,0,41,23,False
deletion_C_keep_s202_f2,deletion_C_keep,k3_K03_K05_K09,3,1,3,1,2,1,6,0,19,1,False
deletion_C_keep_s202_f2,deletion_C_keep,k3_K03_K05_K09,3,5,3,2,2,2,6,0,29,11,False
deletion_C_keep_s202_f2,deletion_C_keep,k3_K03_K05_K09,3,10,3,2,2,2,6,0,43,25,False
deletion_C_keep_s202_f2,deletion_C_keep,k3_K01_K02_K06,3,1,2,3,3,3,6,0,19,1,False
deletion_C_keep_s202_f2,deletion_C_keep,k3_K01_K02_K06,3,5,3,3,3,3,6,0,29,11,False
deletion_C_keep_s202_f2,deletion_C_keep,k3_K01_K02_K06,3,10,3,3,3,3,6,0,44,26,False
deletion_C_half_s202_f2,deletion_C_half,k2_K04_K07,2,1,2,1,3,1,7,0,19,1,False
deletion_C_half_s202_f2,deletion_C_half,k2_K04_K07,2,5,2,3,3,3,7,0,28,10,False
deletion_C_half_s202_f2,deletion_C_half,k2_K04_K07,2,10,2,3,3,3,7,0,42,24,False
deletion_C_half_s202_f2,deletion_C_half,k2_K04_K08,2,1,2,2,3,2,7,0,19,1,False
deletion_C_half_s202_f2,deletion_C_half,k2_K04_K08,2,5,2,3,3,3,7,0,28,10,False
deletion_C_half_s202_f2,deletion_C_half,k2_K04_K08,2,10,2,3,3,3,7,0,42,24,False
deletion_C_half_s202_f2,deletion_C_half,k2_K07_K08,2,1,2,2,4,2,7,0,19,1,False
deletion_C_half_s202_f2,deletion_C_half,k2_K07_K08,2,5,2,4,4,4,7,0,27,9,False
deletion_C_half_s202_f2,deletion_C_half,k2_K07_K08,2,10,2,4,4,4,7,0,40,22,False
deletion_C_half_s202_f2,deletion_C_half,k2_K03_K05,2,1,2,2,3,2,7,0,19,1,False
deletion_C_half_s202_f2,deletion_C_half,k2_K03_K05,2,5,2,3,3,3,7,0,28,10,False
deletion_C_half_s202_f2,deletion_C_half,k2_K03_K05,2,10,2,3,3,3,7,0,42,24,False
deletion_C_half_s202_f2,deletion_C_half,k2_K03_K09,2,1,2,1,2,1,7,0,19,1,False
deletion_C_half_s202_f2,deletion_C_half,k2_K03_K09,2,5,2,2,2,2,7,0,29,11,False
deletion_C_half_s202_f2,deletion_C_half,k2_K03_K09,2,10,2,2,2,2,7,0,44,26,False
deletion_C_half_s202_f2,deletion_C_half,k2_K05_K09,2,1,2,2,3,2,7,0,19,1,False
deletion_C_half_s202_f2,deletion_C_half,k2_K05_K09,2,5,2,3,3,3,7,0,28,10,False
deletion_C_half_s202_f2,deletion_C_half,k2_K05_K09,2,10,2,3,3,3,7,0,42,24,False
deletion_C_half_s202_f2,deletion_C_half,k2_K01_K02,2,1,2,3,4,3,7,0,19,1,False
deletion_C_half_s202_f2,deletion_C_half,k2_K01_K02,2,5,2,4,4,4,7,0,28,10,False
deletion_C_half_s202_f2,deletion_C_half,k2_K01_K02,2,10,2,4,4,4,7,0,42,24,False
deletion_C_half_s202_f2,deletion_C_half,k2_K01_K06,2,1,1,3,3,3,7,0,19,1,False
deletion_C_half_s202_f2,deletion_C_half,k2_K01_K06,2,5,2,3,3,3,7,0,29,11,False
deletion_C_half_s202_f2,deletion_C_half,k2_K01_K06,2,10,2,3,3,3,7,0,44,26,False
deletion_C_half_s202_f2,deletion_C_half,k2_K02_K06,2,1,1,3,3,3,7,0,19,1,False
deletion_C_half_s202_f2,deletion_C_half,k2_K02_K06,2,5,2,3,3,3,7,0,29,11,False
deletion_C_half_s202_f2,deletion_C_half,k2_K02_K06,2,10,2,3,3,3,7,0,44,26,False
deletion_C_half_s202_f2,deletion_C_half,k3_K04_K07_K08,3,1,3,1,3,1,6,0,19,1,False
deletion_C_half_s202_f2,deletion_C_half,k3_K04_K07_K08,3,5,3,3,3,3,6,0,27,9,False
deletion_C_half_s202_f2,deletion_C_half,k3_K04_K07_K08,3,10,3,3,3,3,6,0,41,23,False
deletion_C_half_s202_f2,deletion_C_half,k3_K03_K05_K09,3,1,3,1,2,1,6,0,19,1,False
deletion_C_half_s202_f2,deletion_C_half,k3_K03_K05_K09,3,5,3,2,2,2,6,0,28,10,False
deletion_C_half_s202_f2,deletion_C_half,k3_K03_K05_K09,3,10,3,2,2,2,6,0,42,24,False
deletion_C_half_s202_f2,deletion_C_half,k3_K01_K02_K06,3,1,2,3,3,3,6,0,19,1,False
deletion_C_half_s202_f2,deletion_C_half,k3_K01_K02_K06,3,5,3,3,3,3,6,0,29,11,False
deletion_C_half_s202_f2,deletion_C_half,k3_K01_K02_K06,3,10,3,3,3,3,6,0,43,25,False
deletion_C_target_delete_s202_f2,deletion_C_target_delete,k2_K04_K07,2,1,2,1,3,1,7,0,19,1,False
deletion_C_target_delete_s202_f2,deletion_C_target_delete,k2_K04_K07,2,5,2,3,3,3,7,0,28,10,False
deletion_C_target_delete_s202_f2,deletion_C_target_delete,k2_K04_K07,2,10,2,3,3,3,7,0,40,22,False
deletion_C_target_delete_s202_f2,deletion_C_target_delete,k2_K04_K08,2,1,2,2,3,2,7,0,19,1,False
deletion_C_target_delete_s202_f2,deletion_C_target_delete,k2_K04_K08,2,5,2,3,3,3,7,0,28,10,False
deletion_C_target_delete_s202_f2,deletion_C_target_delete,k2_K04_K08,2,10,2,3,3,3,7,0,41,23,False
deletion_C_target_delete_s202_f2,deletion_C_target_delete,k2_K07_K08,2,1,2,2,4,2,7,0,19,1,False
deletion_C_target_delete_s202_f2,deletion_C_target_delete,k2_K07_K08,2,5,2,4,4,4,7,0,27,9,False
deletion_C_target_delete_s202_f2,deletion_C_target_delete,k2_K07_K08,2,10,2,4,4,4,7,0,36,18,False
deletion_C_target_delete_s202_f2,deletion_C_target_delete,k2_K03_K05,2,1,2,2,3,2,7,0,19,1,False
deletion_C_target_delete_s202_f2,deletion_C_target_delete,k2_K03_K05,2,5,2,3,3,3,7,0,28,10,False
deletion_C_target_delete_s202_f2,deletion_C_target_delete,k2_K03_K05,2,10,2,3,3,3,7,0,42,24,False
deletion_C_target_delete_s202_f2,deletion_C_target_delete,k2_K03_K09,2,1,2,1,2,1,7,0,19,1,False
deletion_C_target_delete_s202_f2,deletion_C_target_delete,k2_K03_K09,2,5,2,2,2,2,7,0,30,12,False
deletion_C_target_delete_s202_f2,deletion_C_target_delete,k2_K03_K09,2,10,2,2,2,2,7,0,42,24,False
deletion_C_target_delete_s202_f2,deletion_C_target_delete,k2_K05_K09,2,1,2,2,3,2,7,0,19,1,False
deletion_C_target_delete_s202_f2,deletion_C_target_delete,k2_K05_K09,2,5,2,3,3,3,7,0,28,10,False
deletion_C_target_delete_s202_f2,deletion_C_target_delete,k2_K05_K09,2,10,2,3,3,3,7,0,41,23,False
deletion_C_target_delete_s202_f2,deletion_C_target_delete,k2_K01_K02,2,1,2,2,4,2,7,0,19,1,False
deletion_C_target_delete_s202_f2,deletion_C_target_delete,k2_K01_K02,2,5,2,4,4,4,7,0,28,10,False
deletion_C_target_delete_s202_f2,deletion_C_target_delete,k2_K01_K02,2,10,2,4,4,4,7,0,41,23,False
deletion_C_target_delete_s202_f2,deletion_C_target_delete,k2_K01_K06,2,1,1,3,3,3,7,0,19,1,False
deletion_C_target_delete_s202_f2,deletion_C_target_delete,k2_K01_K06,2,5,2,3,3,3,7,0,30,12,False
deletion_C_target_delete_s202_f2,deletion_C_target_delete,k2_K01_K06,2,10,2,3,3,3,7,0,42,24,False
deletion_C_target_delete_s202_f2,deletion_C_target_delete,k2_K02_K06,2,1,1,3,3,3,7,0,19,1,False
deletion_C_target_delete_s202_f2,deletion_C_target_delete,k2_K02_K06,2,5,2,3,3,3,7,0,30,12,False
deletion_C_target_delete_s202_f2,deletion_C_target_delete,k2_K02_K06,2,10,2,3,3,3,7,0,42,24,False
deletion_C_target_delete_s202_f2,deletion_C_target_delete,k3_K04_K07_K08,3,1,3,1,3,1,6,0,19,1,False
deletion_C_target_delete_s202_f2,deletion_C_target_delete,k3_K04_K07_K08,3,5,3,3,3,3,6,0,28,10,False
deletion_C_target_delete_s202_f2,deletion_C_target_delete,k3_K04_K07_K08,3,10,3,3,3,3,6,0,38,20,False
deletion_C_target_delete_s202_f2,deletion_C_target_delete,k3_K03_K05_K09,3,1,3,1,2,1,6,0,19,1,False
deletion_C_target_delete_s202_f2,deletion_C_target_delete,k3_K03_K05_K09,3,5,3,2,2,2,6,0,28,10,False
deletion_C_target_delete_s202_f2,deletion_C_target_delete,k3_K03_K05_K09,3,10,3,2,2,2,6,0,42,24,False
deletion_C_target_delete_s202_f2,deletion_C_target_delete,k3_K01_K02_K06,3,1,2,3,3,3,6,0,19,1,False
deletion_C_target_delete_s202_f2,deletion_C_target_delete,k3_K01_K02_K06,3,5,3,3,3,3,6,0,29,11,False
deletion_C_target_delete_s202_f2,deletion_C_target_delete,k3_K01_K02_K06,3,10,3,3,3,3,6,0,42,24,False
deletion_C_matched_delete_s202_f2,deletion_C_matched_delete,k2_K04_K07,2,1,2,2,3,2,7,0,19,0,True
deletion_C_matched_delete_s202_f2,deletion_C_matched_delete,k2_K04_K07,2,5,2,3,3,3,7,0,29,10,False
deletion_C_matched_delete_s202_f2,deletion_C_matched_delete,k2_K04_K07,2,10,2,3,3,3,7,0,42,23,False
deletion_C_matched_delete_s202_f2,deletion_C_matched_delete,k2_K04_K08,2,1,2,2,3,2,7,0,19,0,True
deletion_C_matched_delete_s202_f2,deletion_C_matched_delete,k2_K04_K08,2,5,2,3,3,3,7,0,29,10,False
deletion_C_matched_delete_s202_f2,deletion_C_matched_delete,k2_K04_K08,2,10,2,3,3,3,7,0,43,24,False
deletion_C_matched_delete_s202_f2,deletion_C_matched_delete,k2_K07_K08,2,1,2,2,3,2,7,0,19,0,True
deletion_C_matched_delete_s202_f2,deletion_C_matched_delete,k2_K07_K08,2,5,2,3,3,3,7,0,29,10,False
deletion_C_matched_delete_s202_f2,deletion_C_matched_delete,k2_K07_K08,2,10,2,3,3,3,7,0,41,22,False
deletion_C_matched_delete_s202_f2,deletion_C_matched_delete,k2_K03_K05,2,1,2,1,2,1,7,0,19,0,True
deletion_C_matched_delete_s202_f2,deletion_C_matched_delete,k2_K03_K05,2,5,2,2,2,2,7,0,29,10,False
deletion_C_matched_delete_s202_f2,deletion_C_matched_delete,k2_K03_K05,2,10,2,2,2,2,7,0,44,25,False
deletion_C_matched_delete_s202_f2,deletion_C_matched_delete,k2_K03_K09,2,1,2,0,1,0,7,0,19,0,False
deletion_C_matched_delete_s202_f2,deletion_C_matched_delete,k2_K03_K09,2,5,2,1,1,1,7,0,30,11,False
deletion_C_matched_delete_s202_f2,deletion_C_matched_delete,k2_K03_K09,2,10,2,1,1,1,7,0,46,27,False
deletion_C_matched_delete_s202_f2,deletion_C_matched_delete,k2_K05_K09,2,1,2,1,2,1,7,0,19,0,True
deletion_C_matched_delete_s202_f2,deletion_C_matched_delete,k2_K05_K09,2,5,2,2,2,2,7,0,29,10,False
deletion_C_matched_delete_s202_f2,deletion_C_matched_delete,k2_K05_K09,2,10,2,2,2,2,7,0,44,25,False
deletion_C_matched_delete_s202_f2,deletion_C_matched_delete,k2_K01_K02,2,1,2,2,3,2,7,0,19,0,True
deletion_C_matched_delete_s202_f2,deletion_C_matched_delete,k2_K01_K02,2,5,2,3,3,3,7,0,29,10,False
deletion_C_matched_delete_s202_f2,deletion_C_matched_delete,k2_K01_K02,2,10,2,3,3,3,7,0,44,25,False
deletion_C_matched_delete_s202_f2,deletion_C_matched_delete,k2_K01_K06,2,1,1,2,2,2,7,0,19,0,True
deletion_C_matched_delete_s202_f2,deletion_C_matched_delete,k2_K01_K06,2,5,2,2,2,2,7,0,30,11,False
deletion_C_matched_delete_s202_f2,deletion_C_matched_delete,k2_K01_K06,2,10,2,2,2,2,7,0,47,28,False
deletion_C_matched_delete_s202_f2,deletion_C_matched_delete,k2_K02_K06,2,1,1,2,2,2,7,0,19,0,True
deletion_C_matched_delete_s202_f2,deletion_C_matched_delete,k2_K02_K06,2,5,2,2,2,2,7,0,30,11,False
deletion_C_matched_delete_s202_f2,deletion_C_matched_delete,k2_K02_K06,2,10,2,2,2,2,7,0,46,27,False
deletion_C_matched_delete_s202_f2,deletion_C_matched_delete,k3_K04_K07_K08,3,1,3,2,3,2,6,0,19,0,True
deletion_C_matched_delete_s202_f2,deletion_C_matched_delete,k3_K04_K07_K08,3,5,3,3,3,3,6,0,29,10,False
deletion_C_matched_delete_s202_f2,deletion_C_matched_delete,k3_K04_K07_K08,3,10,3,3,3,3,6,0,41,22,False
deletion_C_matched_delete_s202_f2,deletion_C_matched_delete,k3_K03_K05_K09,3,1,3,0,1,0,6,0,19,0,False
deletion_C_matched_delete_s202_f2,deletion_C_matched_delete,k3_K03_K05_K09,3,5,3,1,1,1,6,0,29,10,False
deletion_C_matched_delete_s202_f2,deletion_C_matched_delete,k3_K03_K05_K09,3,10,3,1,1,1,6,0,46,27,False
deletion_C_matched_delete_s202_f2,deletion_C_matched_delete,k3_K01_K02_K06,3,1,2,2,2,2,6,0,19,0,True
deletion_C_matched_delete_s202_f2,deletion_C_matched_delete,k3_K01_K02_K06,3,5,3,2,2,2,6,0,29,10,False
deletion_C_matched_delete_s202_f2,deletion_C_matched_delete,k3_K01_K02_K06,3,10,3,2,2,2,6,0,46,27,False
deletion_A_keep_s303_f0,deletion_A_keep,k2_K04_K07,2,1,1,1,6,1,7,0,12,1,False
deletion_A_keep_s303_f0,deletion_A_keep,k2_K04_K07,2,5,2,4,6,4,7,0,15,4,False
deletion_A_keep_s303_f0,deletion_A_keep,k2_K04_K07,2,10,2,6,6,6,7,0,22,11,False
deletion_A_keep_s303_f0,deletion_A_keep,k2_K04_K08,2,1,1,2,5,2,7,0,12,1,False
deletion_A_keep_s303_f0,deletion_A_keep,k2_K04_K08,2,5,2,3,5,3,7,0,15,4,False
deletion_A_keep_s303_f0,deletion_A_keep,k2_K04_K08,2,10,2,5,5,5,7,0,25,14,False
deletion_A_keep_s303_f0,deletion_A_keep,k2_K07_K08,2,1,1,1,6,1,7,0,12,1,False
deletion_A_keep_s303_f0,deletion_A_keep,k2_K07_K08,2,5,2,3,6,3,7,0,15,4,False
deletion_A_keep_s303_f0,deletion_A_keep,k2_K07_K08,2,10,2,6,6,6,7,0,20,9,False
deletion_A_keep_s303_f0,deletion_A_keep,k2_K03_K05,2,1,1,3,6,3,7,0,12,1,False
deletion_A_keep_s303_f0,deletion_A_keep,k2_K03_K05,2,5,1,5,6,5,7,0,15,4,False
deletion_A_keep_s303_f0,deletion_A_keep,k2_K03_K05,2,10,2,6,6,6,7,0,25,14,False
deletion_A_keep_s303_f0,deletion_A_keep,k2_K03_K09,2,1,0,3,5,3,7,0,12,1,False
deletion_A_keep_s303_f0,deletion_A_keep,k2_K03_K09,2,5,1,4,5,4,7,0,15,4,False
deletion_A_keep_s303_f0,deletion_A_keep,k2_K03_K09,2,10,2,5,5,5,7,0,28,17,False
deletion_A_keep_s303_f0,deletion_A_keep,k2_K05_K09,2,1,1,2,6,2,7,0,12,1,False
deletion_A_keep_s303_f0,deletion_A_keep,k2_K05_K09,2,5,2,4,6,4,7,0,15,4,False
deletion_A_keep_s303_f0,deletion_A_keep,k2_K05_K09,2,10,2,6,6,6,7,0,24,13,False
deletion_A_keep_s303_f0,deletion_A_keep,k2_K01_K02,2,1,2,0,5,0,7,0,12,1,False
deletion_A_keep_s303_f0,deletion_A_keep,k2_K01_K02,2,5,2,3,5,3,7,0,15,4,False
deletion_A_keep_s303_f0,deletion_A_keep,k2_K01_K02,2,10,2,5,5,5,7,0,21,10,False
deletion_A_keep_s303_f0,deletion_A_keep,k2_K01_K06,2,1,1,2,5,2,7,0,12,1,False
deletion_A_keep_s303_f0,deletion_A_keep,k2_K01_K06,2,5,1,4,5,4,7,0,15,4,False
deletion_A_keep_s303_f0,deletion_A_keep,k2_K01_K06,2,10,2,5,5,5,7,0,27,16,False
deletion_A_keep_s303_f0,deletion_A_keep,k2_K02_K06,2,1,1,2,5,2,7,0,12,1,False
deletion_A_keep_s303_f0,deletion_A_keep,k2_K02_K06,2,5,1,4,5,4,7,0,15,4,False
deletion_A_keep_s303_f0,deletion_A_keep,k2_K02_K06,2,10,2,5,5,5,7,0,27,16,False
deletion_A_keep_s303_f0,deletion_A_keep,k3_K04_K07_K08,3,1,2,1,5,1,6,0,12,1,False
deletion_A_keep_s303_f0,deletion_A_keep,k3_K04_K07_K08,3,5,3,3,5,3,6,0,15,4,False
deletion_A_keep_s303_f0,deletion_A_keep,k3_K04_K07_K08,3,10,3,5,5,5,6,0,22,11,False
deletion_A_keep_s303_f0,deletion_A_keep,k3_K03_K05_K09,3,1,1,3,5,3,6,0,12,1,False
deletion_A_keep_s303_f0,deletion_A_keep,k3_K03_K05_K09,3,5,2,4,5,4,6,0,15,4,False
deletion_A_keep_s303_f0,deletion_A_keep,k3_K03_K05_K09,3,10,3,5,5,5,6,0,26,15,False
deletion_A_keep_s303_f0,deletion_A_keep,k3_K01_K02_K06,3,1,2,1,4,1,6,0,12,1,False
deletion_A_keep_s303_f0,deletion_A_keep,k3_K01_K02_K06,3,5,2,3,4,3,6,0,15,4,False
deletion_A_keep_s303_f0,deletion_A_keep,k3_K01_K02_K06,3,10,3,4,4,4,6,0,26,15,False
deletion_A_half_s303_f0,deletion_A_half,k2_K04_K07,2,1,1,2,6,2,7,0,12,1,False
deletion_A_half_s303_f0,deletion_A_half,k2_K04_K07,2,5,2,4,6,4,7,0,15,4,False
deletion_A_half_s303_f0,deletion_A_half,k2_K04_K07,2,10,2,6,6,6,7,0,24,13,False
deletion_A_half_s303_f0,deletion_A_half,k2_K04_K08,2,1,1,2,5,2,7,0,12,1,False
deletion_A_half_s303_f0,deletion_A_half,k2_K04_K08,2,5,2,3,5,3,7,0,15,4,False
deletion_A_half_s303_f0,deletion_A_half,k2_K04_K08,2,10,2,5,5,5,7,0,26,15,False
deletion_A_half_s303_f0,deletion_A_half,k2_K07_K08,2,1,1,1,6,1,7,0,12,1,False
deletion_A_half_s303_f0,deletion_A_half,k2_K07_K08,2,5,2,3,6,3,7,0,15,4,False
deletion_A_half_s303_f0,deletion_A_half,k2_K07_K08,2,10,2,6,6,6,7,0,20,9,False
deletion_A_half_s303_f0,deletion_A_half,k2_K03_K05,2,1,1,3,6,3,7,0,12,1,False
deletion_A_half_s303_f0,deletion_A_half,k2_K03_K05,2,5,1,5,6,5,7,0,15,4,False
deletion_A_half_s303_f0,deletion_A_half,k2_K03_K05,2,10,2,6,6,6,7,0,26,15,False
deletion_A_half_s303_f0,deletion_A_half,k2_K03_K09,2,1,0,3,5,3,7,0,12,1,False
deletion_A_half_s303_f0,deletion_A_half,k2_K03_K09,2,5,1,4,5,4,7,0,15,4,False
deletion_A_half_s303_f0,deletion_A_half,k2_K03_K09,2,10,2,5,5,5,7,0,29,18,False
deletion_A_half_s303_f0,deletion_A_half,k2_K05_K09,2,1,1,3,6,3,7,0,12,1,False
deletion_A_half_s303_f0,deletion_A_half,k2_K05_K09,2,5,2,4,6,4,7,0,15,4,False
deletion_A_half_s303_f0,deletion_A_half,k2_K05_K09,2,10,2,6,6,6,7,0,25,14,False
deletion_A_half_s303_f0,deletion_A_half,k2_K01_K02,2,1,2,1,5,1,7,0,12,1,False
deletion_A_half_s303_f0,deletion_A_half,k2_K01_K02,2,5,2,3,5,3,7,0,15,4,False
deletion_A_half_s303_f0,deletion_A_half,k2_K01_K02,2,10,2,5,5,5,7,0,22,11,False
deletion_A_half_s303_f0,deletion_A_half,k2_K01_K06,2,1,1,2,5,2,7,0,12,1,False
deletion_A_half_s303_f0,deletion_A_half,k2_K01_K06,2,5,1,4,5,4,7,0,15,4,False
deletion_A_half_s303_f0,deletion_A_half,k2_K01_K06,2,10,2,5,5,5,7,0,27,16,False
deletion_A_half_s303_f0,deletion_A_half,k2_K02_K06,2,1,1,2,5,2,7,0,12,1,False
deletion_A_half_s303_f0,deletion_A_half,k2_K02_K06,2,5,1,4,5,4,7,0,15,4,False
deletion_A_half_s303_f0,deletion_A_half,k2_K02_K06,2,10,2,5,5,5,7,0,27,16,False
deletion_A_half_s303_f0,deletion_A_half,k3_K04_K07_K08,3,1,2,2,5,2,6,0,12,1,False
deletion_A_half_s303_f0,deletion_A_half,k3_K04_K07_K08,3,5,3,3,5,3,6,0,15,4,False
deletion_A_half_s303_f0,deletion_A_half,k3_K04_K07_K08,3,10,3,5,5,5,6,0,24,13,False
deletion_A_half_s303_f0,deletion_A_half,k3_K03_K05_K09,3,1,1,3,5,3,6,0,12,1,False
deletion_A_half_s303_f0,deletion_A_half,k3_K03_K05_K09,3,5,2,4,5,4,6,0,15,4,False
deletion_A_half_s303_f0,deletion_A_half,k3_K03_K05_K09,3,10,3,5,5,5,6,0,26,15,False
deletion_A_half_s303_f0,deletion_A_half,k3_K01_K02_K06,3,1,2,1,4,1,6,0,12,1,False
deletion_A_half_s303_f0,deletion_A_half,k3_K01_K02_K06,3,5,2,3,4,3,6,0,15,4,False
deletion_A_half_s303_f0,deletion_A_half,k3_K01_K02_K06,3,10,3,4,4,4,6,0,26,15,False
deletion_A_target_delete_s303_f0,deletion_A_target_delete,k2_K04_K07,2,1,1,3,6,3,7,0,12,1,False
deletion_A_target_delete_s303_f0,deletion_A_target_delete,k2_K04_K07,2,5,2,4,6,4,7,0,16,5,False
deletion_A_target_delete_s303_f0,deletion_A_target_delete,k2_K04_K07,2,10,2,6,6,6,7,0,29,18,False
deletion_A_target_delete_s303_f0,deletion_A_target_delete,k2_K04_K08,2,1,1,2,5,2,7,0,12,1,False
deletion_A_target_delete_s303_f0,deletion_A_target_delete,k2_K04_K08,2,5,2,3,5,3,7,0,16,5,False
deletion_A_target_delete_s303_f0,deletion_A_target_delete,k2_K04_K08,2,10,2,5,5,5,7,0,30,19,False
deletion_A_target_delete_s303_f0,deletion_A_target_delete,k2_K07_K08,2,1,2,2,6,2,7,0,12,1,False
deletion_A_target_delete_s303_f0,deletion_A_target_delete,k2_K07_K08,2,5,2,4,6,4,7,0,16,5,False
deletion_A_target_delete_s303_f0,deletion_A_target_delete,k2_K07_K08,2,10,2,6,6,6,7,0,26,15,False
deletion_A_target_delete_s303_f0,deletion_A_target_delete,k2_K03_K05,2,1,1,3,6,3,7,0,12,1,False
deletion_A_target_delete_s303_f0,deletion_A_target_delete,k2_K03_K05,2,5,1,5,6,5,7,0,16,5,False
deletion_A_target_delete_s303_f0,deletion_A_target_delete,k2_K03_K05,2,10,2,6,6,6,7,0,30,19,False
deletion_A_target_delete_s303_f0,deletion_A_target_delete,k2_K03_K09,2,1,0,3,5,3,7,0,12,1,False
deletion_A_target_delete_s303_f0,deletion_A_target_delete,k2_K03_K09,2,5,2,5,5,5,7,0,17,6,False
deletion_A_target_delete_s303_f0,deletion_A_target_delete,k2_K03_K09,2,10,2,5,5,5,7,0,34,23,False
deletion_A_target_delete_s303_f0,deletion_A_target_delete,k2_K05_K09,2,1,1,3,6,3,7,0,12,1,False
deletion_A_target_delete_s303_f0,deletion_A_target_delete,k2_K05_K09,2,5,2,4,6,4,7,0,16,5,False
deletion_A_target_delete_s303_f0,deletion_A_target_delete,k2_K05_K09,2,10,2,6,6,6,7,0,29,18,False
deletion_A_target_delete_s303_f0,deletion_A_target_delete,k2_K01_K02,2,1,2,1,5,1,7,0,12,1,False
deletion_A_target_delete_s303_f0,deletion_A_target_delete,k2_K01_K02,2,5,2,3,5,3,7,0,16,5,False
deletion_A_target_delete_s303_f0,deletion_A_target_delete,k2_K01_K02,2,10,2,5,5,5,7,0,29,18,False
deletion_A_target_delete_s303_f0,deletion_A_target_delete,k2_K01_K06,2,1,1,2,5,2,7,0,12,1,False
deletion_A_target_delete_s303_f0,deletion_A_target_delete,k2_K01_K06,2,5,2,4,5,4,7,0,16,5,False
deletion_A_target_delete_s303_f0,deletion_A_target_delete,k2_K01_K06,2,10,2,5,5,5,7,0,33,22,False
deletion_A_target_delete_s303_f0,deletion_A_target_delete,k2_K02_K06,2,1,1,2,5,2,7,0,12,1,False
deletion_A_target_delete_s303_f0,deletion_A_target_delete,k2_K02_K06,2,5,2,4,5,4,7,0,16,5,False
deletion_A_target_delete_s303_f0,deletion_A_target_delete,k2_K02_K06,2,10,2,5,5,5,7,0,33,22,False
deletion_A_target_delete_s303_f0,deletion_A_target_delete,k3_K04_K07_K08,3,1,2,2,5,2,6,0,12,1,False
deletion_A_target_delete_s303_f0,deletion_A_target_delete,k3_K04_K07_K08,3,5,3,3,5,3,6,0,16,5,False
deletion_A_target_delete_s303_f0,deletion_A_target_delete,k3_K04_K07_K08,3,10,3,5,5,5,6,0,29,18,False
deletion_A_target_delete_s303_f0,deletion_A_target_delete,k3_K03_K05_K09,3,1,1,3,5,3,6,0,12,1,False
deletion_A_target_delete_s303_f0,deletion_A_target_delete,k3_K03_K05_K09,3,5,2,4,5,4,6,0,16,5,False
deletion_A_target_delete_s303_f0,deletion_A_target_delete,k3_K03_K05_K09,3,10,3,5,5,5,6,0,30,19,False
deletion_A_target_delete_s303_f0,deletion_A_target_delete,k3_K01_K02_K06,3,1,2,1,4,1,6,0,12,1,False
deletion_A_target_delete_s303_f0,deletion_A_target_delete,k3_K01_K02_K06,3,5,2,3,4,3,6,0,16,5,False
deletion_A_target_delete_s303_f0,deletion_A_target_delete,k3_K01_K02_K06,3,10,3,4,4,4,6,0,30,19,False
deletion_A_matched_delete_s303_f0,deletion_A_matched_delete,k2_K04_K07,2,1,1,1,6,1,7,0,12,1,False
deletion_A_matched_delete_s303_f0,deletion_A_matched_delete,k2_K04_K07,2,5,2,4,6,4,7,0,15,4,False
deletion_A_matched_delete_s303_f0,deletion_A_matched_delete,k2_K04_K07,2,10,2,6,6,6,7,0,23,12,False
deletion_A_matched_delete_s303_f0,deletion_A_matched_delete,k2_K04_K08,2,1,1,1,5,1,7,0,12,1,False
deletion_A_matched_delete_s303_f0,deletion_A_matched_delete,k2_K04_K08,2,5,2,3,5,3,7,0,15,4,False
deletion_A_matched_delete_s303_f0,deletion_A_matched_delete,k2_K04_K08,2,10,2,5,5,5,7,0,26,15,False
deletion_A_matched_delete_s303_f0,deletion_A_matched_delete,k2_K07_K08,2,1,1,1,6,1,7,0,12,1,False
deletion_A_matched_delete_s303_f0,deletion_A_matched_delete,k2_K07_K08,2,5,2,3,6,3,7,0,15,4,False
deletion_A_matched_delete_s303_f0,deletion_A_matched_delete,k2_K07_K08,2,10,2,6,6,6,7,0,20,9,False
deletion_A_matched_delete_s303_f0,deletion_A_matched_delete,k2_K03_K05,2,1,1,2,6,2,7,0,12,1,False
deletion_A_matched_delete_s303_f0,deletion_A_matched_delete,k2_K03_K05,2,5,1,5,6,5,7,0,15,4,False
deletion_A_matched_delete_s303_f0,deletion_A_matched_delete,k2_K03_K05,2,10,2,6,6,6,7,0,26,15,False
deletion_A_matched_delete_s303_f0,deletion_A_matched_delete,k2_K03_K09,2,1,0,3,5,3,7,0,12,1,False
deletion_A_matched_delete_s303_f0,deletion_A_matched_delete,k2_K03_K09,2,5,1,4,5,4,7,0,16,5,False
deletion_A_matched_delete_s303_f0,deletion_A_matched_delete,k2_K03_K09,2,10,2,5,5,5,7,0,29,18,False
deletion_A_matched_delete_s303_f0,deletion_A_matched_delete,k2_K05_K09,2,1,1,1,6,1,7,0,12,1,False
deletion_A_matched_delete_s303_f0,deletion_A_matched_delete,k2_K05_K09,2,5,2,4,6,4,7,0,15,4,False
deletion_A_matched_delete_s303_f0,deletion_A_matched_delete,k2_K05_K09,2,10,2,6,6,6,7,0,23,12,False
deletion_A_matched_delete_s303_f0,deletion_A_matched_delete,k2_K01_K02,2,1,1,0,5,0,7,0,12,1,False
deletion_A_matched_delete_s303_f0,deletion_A_matched_delete,k2_K01_K02,2,5,2,3,5,3,7,0,15,4,False
deletion_A_matched_delete_s303_f0,deletion_A_matched_delete,k2_K01_K02,2,10,2,5,5,5,7,0,22,11,False
deletion_A_matched_delete_s303_f0,deletion_A_matched_delete,k2_K01_K06,2,1,1,2,5,2,7,0,12,1,False
deletion_A_matched_delete_s303_f0,deletion_A_matched_delete,k2_K01_K06,2,5,1,4,5,4,7,0,15,4,False
deletion_A_matched_delete_s303_f0,deletion_A_matched_delete,k2_K01_K06,2,10,2,5,5,5,7,0,27,16,False
deletion_A_matched_delete_s303_f0,deletion_A_matched_delete,k2_K02_K06,2,1,1,2,5,2,7,0,12,1,False
deletion_A_matched_delete_s303_f0,deletion_A_matched_delete,k2_K02_K06,2,5,1,4,5,4,7,0,15,4,False
deletion_A_matched_delete_s303_f0,deletion_A_matched_delete,k2_K02_K06,2,10,2,5,5,5,7,0,27,16,False
deletion_A_matched_delete_s303_f0,deletion_A_matched_delete,k3_K04_K07_K08,3,1,1,1,5,1,6,0,12,1,False
deletion_A_matched_delete_s303_f0,deletion_A_matched_delete,k3_K04_K07_K08,3,5,3,3,5,3,6,0,15,4,False
deletion_A_matched_delete_s303_f0,deletion_A_matched_delete,k3_K04_K07_K08,3,10,3,5,5,5,6,0,22,11,False
deletion_A_matched_delete_s303_f0,deletion_A_matched_delete,k3_K03_K05_K09,3,1,1,2,5,2,6,0,12,1,False
deletion_A_matched_delete_s303_f0,deletion_A_matched_delete,k3_K03_K05_K09,3,5,2,4,5,4,6,0,15,4,False
deletion_A_matched_delete_s303_f0,deletion_A_matched_delete,k3_K03_K05_K09,3,10,3,5,5,5,6,0,26,15,False
deletion_A_matched_delete_s303_f0,deletion_A_matched_delete,k3_K01_K02_K06,3,1,1,1,4,1,6,0,12,1,False
deletion_A_matched_delete_s303_f0,deletion_A_matched_delete,k3_K01_K02_K06,3,5,2,3,4,3,6,0,15,4,False
deletion_A_matched_delete_s303_f0,deletion_A_matched_delete,k3_K01_K02_K06,3,10,3,4,4,4,6,0,26,15,False
deletion_C_keep_s303_f0,deletion_C_keep,k2_K04_K07,2,1,1,0,3,0,7,0,14,2,False
deletion_C_keep_s303_f0,deletion_C_keep,k2_K04_K07,2,5,2,3,3,3,7,0,26,14,False
deletion_C_keep_s303_f0,deletion_C_keep,k2_K04_K07,2,10,2,3,3,3,7,0,38,26,False
deletion_C_keep_s303_f0,deletion_C_keep,k2_K04_K08,2,1,1,0,3,0,7,0,14,2,False
deletion_C_keep_s303_f0,deletion_C_keep,k2_K04_K08,2,5,2,3,3,3,7,0,26,14,False
deletion_C_keep_s303_f0,deletion_C_keep,k2_K04_K08,2,10,2,3,3,3,7,0,39,27,False
deletion_C_keep_s303_f0,deletion_C_keep,k2_K07_K08,2,1,2,0,4,0,7,0,14,2,False
deletion_C_keep_s303_f0,deletion_C_keep,k2_K07_K08,2,5,2,3,4,3,7,0,24,12,False
deletion_C_keep_s303_f0,deletion_C_keep,k2_K07_K08,2,10,2,4,4,4,7,0,36,24,False
deletion_C_keep_s303_f0,deletion_C_keep,k2_K03_K05,2,1,1,0,3,0,7,0,14,2,False
deletion_C_keep_s303_f0,deletion_C_keep,k2_K03_K05,2,5,2,3,3,3,7,0,26,14,False
deletion_C_keep_s303_f0,deletion_C_keep,k2_K03_K05,2,10,2,3,3,3,7,0,39,27,False
deletion_C_keep_s303_f0,deletion_C_keep,k2_K03_K09,2,1,0,0,2,0,7,0,14,2,False
deletion_C_keep_s303_f0,deletion_C_keep,k2_K03_K09,2,5,2,2,2,2,7,0,29,17,False
deletion_C_keep_s303_f0,deletion_C_keep,k2_K03_K09,2,10,2,2,2,2,7,0,43,31,False
deletion_C_keep_s303_f0,deletion_C_keep,k2_K05_K09,2,1,1,0,3,0,7,0,14,2,False
deletion_C_keep_s303_f0,deletion_C_keep,k2_K05_K09,2,5,2,3,3,3,7,0,26,14,False
deletion_C_keep_s303_f0,deletion_C_keep,k2_K05_K09,2,10,2,3,3,3,7,0,39,27,False
deletion_C_keep_s303_f0,deletion_C_keep,k2_K01_K02,2,1,2,0,4,0,7,0,14,2,False
deletion_C_keep_s303_f0,deletion_C_keep,k2_K01_K02,2,5,2,4,4,4,7,0,26,14,False
deletion_C_keep_s303_f0,deletion_C_keep,k2_K01_K02,2,10,2,4,4,4,7,0,38,26,False
deletion_C_keep_s303_f0,deletion_C_keep,k2_K01_K06,2,1,1,0,3,0,7,0,14,2,False
deletion_C_keep_s303_f0,deletion_C_keep,k2_K01_K06,2,5,2,3,3,3,7,0,27,15,False
deletion_C_keep_s303_f0,deletion_C_keep,k2_K01_K06,2,10,2,3,3,3,7,0,42,30,False
deletion_C_keep_s303_f0,deletion_C_keep,k2_K02_K06,2,1,1,0,3,0,7,0,14,2,False
deletion_C_keep_s303_f0,deletion_C_keep,k2_K02_K06,2,5,2,3,3,3,7,0,27,15,False
deletion_C_keep_s303_f0,deletion_C_keep,k2_K02_K06,2,10,2,3,3,3,7,0,40,28,False
deletion_C_keep_s303_f0,deletion_C_keep,k3_K04_K07_K08,3,1,2,0,3,0,6,0,14,2,False
deletion_C_keep_s303_f0,deletion_C_keep,k3_K04_K07_K08,3,5,3,3,3,3,6,0,26,14,False
deletion_C_keep_s303_f0,deletion_C_keep,k3_K04_K07_K08,3,10,3,3,3,3,6,0,38,26,False
deletion_C_keep_s303_f0,deletion_C_keep,k3_K03_K05_K09,3,1,1,0,2,0,6,0,14,2,False
deletion_C_keep_s303_f0,deletion_C_keep,k3_K03_K05_K09,3,5,3,2,2,2,6,0,27,15,False
deletion_C_keep_s303_f0,deletion_C_keep,k3_K03_K05_K09,3,10,3,2,2,2,6,0,39,27,False
deletion_C_keep_s303_f0,deletion_C_keep,k3_K01_K02_K06,3,1,2,0,3,0,6,0,14,2,False
deletion_C_keep_s303_f0,deletion_C_keep,k3_K01_K02_K06,3,5,3,3,3,3,6,0,27,15,False
deletion_C_keep_s303_f0,deletion_C_keep,k3_K01_K02_K06,3,10,3,3,3,3,6,0,39,27,False
deletion_C_half_s303_f0,deletion_C_half,k2_K04_K07,2,1,1,0,3,0,7,0,14,2,False
deletion_C_half_s303_f0,deletion_C_half,k2_K04_K07,2,5,2,3,3,3,7,0,26,14,False
deletion_C_half_s303_f0,deletion_C_half,k2_K04_K07,2,10,2,3,3,3,7,0,38,26,False
deletion_C_half_s303_f0,deletion_C_half,k2_K04_K08,2,1,1,0,3,0,7,0,14,2,False
deletion_C_half_s303_f0,deletion_C_half,k2_K04_K08,2,5,2,3,3,3,7,0,26,14,False
deletion_C_half_s303_f0,deletion_C_half,k2_K04_K08,2,10,2,3,3,3,7,0,39,27,False
deletion_C_half_s303_f0,deletion_C_half,k2_K07_K08,2,1,2,0,4,0,7,0,14,2,False
deletion_C_half_s303_f0,deletion_C_half,k2_K07_K08,2,5,2,3,4,3,7,0,24,12,False
deletion_C_half_s303_f0,deletion_C_half,k2_K07_K08,2,10,2,4,4,4,7,0,36,24,False
deletion_C_half_s303_f0,deletion_C_half,k2_K03_K05,2,1,1,0,3,0,7,0,14,2,False
deletion_C_half_s303_f0,deletion_C_half,k2_K03_K05,2,5,2,3,3,3,7,0,27,15,False
deletion_C_half_s303_f0,deletion_C_half,k2_K03_K05,2,10,2,3,3,3,7,0,39,27,False
deletion_C_half_s303_f0,deletion_C_half,k2_K03_K09,2,1,0,0,2,0,7,0,14,2,False
deletion_C_half_s303_f0,deletion_C_half,k2_K03_K09,2,5,2,2,2,2,7,0,29,17,False
deletion_C_half_s303_f0,deletion_C_half,k2_K03_K09,2,10,2,2,2,2,7,0,43,31,False
deletion_C_half_s303_f0,deletion_C_half,k2_K05_K09,2,1,1,0,3,0,7,0,14,2,False
deletion_C_half_s303_f0,deletion_C_half,k2_K05_K09,2,5,2,3,3,3,7,0,26,14,False
deletion_C_half_s303_f0,deletion_C_half,k2_K05_K09,2,10,2,3,3,3,7,0,39,27,False
deletion_C_half_s303_f0,deletion_C_half,k2_K01_K02,2,1,2,0,4,0,7,0,14,2,False
deletion_C_half_s303_f0,deletion_C_half,k2_K01_K02,2,5,2,4,4,4,7,0,26,14,False
deletion_C_half_s303_f0,deletion_C_half,k2_K01_K02,2,10,2,4,4,4,7,0,38,26,False
deletion_C_half_s303_f0,deletion_C_half,k2_K01_K06,2,1,1,0,3,0,7,0,14,2,False
deletion_C_half_s303_f0,deletion_C_half,k2_K01_K06,2,5,2,3,3,3,7,0,28,16,False
deletion_C_half_s303_f0,deletion_C_half,k2_K01_K06,2,10,2,3,3,3,7,0,43,31,False
deletion_C_half_s303_f0,deletion_C_half,k2_K02_K06,2,1,1,0,3,0,7,0,14,2,False
deletion_C_half_s303_f0,deletion_C_half,k2_K02_K06,2,5,2,3,3,3,7,0,27,15,False
deletion_C_half_s303_f0,deletion_C_half,k2_K02_K06,2,10,2,3,3,3,7,0,40,28,False
deletion_C_half_s303_f0,deletion_C_half,k3_K04_K07_K08,3,1,2,0,3,0,6,0,14,2,False
deletion_C_half_s303_f0,deletion_C_half,k3_K04_K07_K08,3,5,3,3,3,3,6,0,26,14,False
deletion_C_half_s303_f0,deletion_C_half,k3_K04_K07_K08,3,10,3,3,3,3,6,0,38,26,False
deletion_C_half_s303_f0,deletion_C_half,k3_K03_K05_K09,3,1,1,0,2,0,6,0,14,2,False
deletion_C_half_s303_f0,deletion_C_half,k3_K03_K05_K09,3,5,3,2,2,2,6,0,27,15,False
deletion_C_half_s303_f0,deletion_C_half,k3_K03_K05_K09,3,10,3,2,2,2,6,0,39,27,False
deletion_C_half_s303_f0,deletion_C_half,k3_K01_K02_K06,3,1,2,0,3,0,6,0,14,2,False
deletion_C_half_s303_f0,deletion_C_half,k3_K01_K02_K06,3,5,3,3,3,3,6,0,27,15,False
deletion_C_half_s303_f0,deletion_C_half,k3_K01_K02_K06,3,10,3,3,3,3,6,0,39,27,False
deletion_C_target_delete_s303_f0,deletion_C_target_delete,k2_K04_K07,2,1,1,2,5,2,7,0,13,1,False
deletion_C_target_delete_s303_f0,deletion_C_target_delete,k2_K04_K07,2,5,2,3,5,3,7,0,25,13,False
deletion_C_target_delete_s303_f0,deletion_C_target_delete,k2_K04_K07,2,10,2,5,5,5,7,0,35,23,False
deletion_C_target_delete_s303_f0,deletion_C_target_delete,k2_K04_K08,2,1,1,2,5,2,7,0,13,1,False
deletion_C_target_delete_s303_f0,deletion_C_target_delete,k2_K04_K08,2,5,2,5,5,5,7,0,28,16,False
deletion_C_target_delete_s303_f0,deletion_C_target_delete,k2_K04_K08,2,10,2,5,5,5,7,0,37,25,False
deletion_C_target_delete_s303_f0,deletion_C_target_delete,k2_K07_K08,2,1,2,2,6,2,7,0,12,0,True
deletion_C_target_delete_s303_f0,deletion_C_target_delete,k2_K07_K08,2,5,2,4,6,4,7,0,23,11,False
deletion_C_target_delete_s303_f0,deletion_C_target_delete,k2_K07_K08,2,10,2,6,6,6,7,0,34,22,False
deletion_C_target_delete_s303_f0,deletion_C_target_delete,k2_K03_K05,2,1,1,2,5,2,7,0,13,1,False
deletion_C_target_delete_s303_f0,deletion_C_target_delete,k2_K03_K05,2,5,2,5,5,5,7,0,28,16,False
deletion_C_target_delete_s303_f0,deletion_C_target_delete,k2_K03_K05,2,10,2,5,5,5,7,0,37,25,False
deletion_C_target_delete_s303_f0,deletion_C_target_delete,k2_K03_K09,2,1,0,2,4,2,7,0,13,1,False
deletion_C_target_delete_s303_f0,deletion_C_target_delete,k2_K03_K09,2,5,2,4,4,4,7,0,28,16,False
deletion_C_target_delete_s303_f0,deletion_C_target_delete,k2_K03_K09,2,10,2,4,4,4,7,0,39,27,False
deletion_C_target_delete_s303_f0,deletion_C_target_delete,k2_K05_K09,2,1,1,2,5,2,7,0,13,1,False
deletion_C_target_delete_s303_f0,deletion_C_target_delete,k2_K05_K09,2,5,2,5,5,5,7,0,26,14,False
deletion_C_target_delete_s303_f0,deletion_C_target_delete,k2_K05_K09,2,10,2,5,5,5,7,0,35,23,False
deletion_C_target_delete_s303_f0,deletion_C_target_delete,k2_K01_K02,2,1,2,0,4,0,7,0,13,1,False
deletion_C_target_delete_s303_f0,deletion_C_target_delete,k2_K01_K02,2,5,2,3,4,3,7,0,25,13,False
deletion_C_target_delete_s303_f0,deletion_C_target_delete,k2_K01_K02,2,10,2,4,4,4,7,0,36,24,False
deletion_C_target_delete_s303_f0,deletion_C_target_delete,k2_K01_K06,2,1,1,1,4,1,7,0,13,1,False
deletion_C_target_delete_s303_f0,deletion_C_target_delete,k2_K01_K06,2,5,2,4,4,4,7,0,28,16,False
deletion_C_target_delete_s303_f0,deletion_C_target_delete,k2_K01_K06,2,10,2,4,4,4,7,0,37,25,False
deletion_C_target_delete_s303_f0,deletion_C_target_delete,k2_K02_K06,2,1,1,1,4,1,7,0,13,1,False
deletion_C_target_delete_s303_f0,deletion_C_target_delete,k2_K02_K06,2,5,2,4,4,4,7,0,28,16,False
deletion_C_target_delete_s303_f0,deletion_C_target_delete,k2_K02_K06,2,10,2,4,4,4,7,0,37,25,False
deletion_C_target_delete_s303_f0,deletion_C_target_delete,k3_K04_K07_K08,3,1,2,2,5,2,6,0,13,1,False
deletion_C_target_delete_s303_f0,deletion_C_target_delete,k3_K04_K07_K08,3,5,3,4,5,4,6,0,25,13,False
deletion_C_target_delete_s303_f0,deletion_C_target_delete,k3_K04_K07_K08,3,10,3,5,5,5,6,0,35,23,False
deletion_C_target_delete_s303_f0,deletion_C_target_delete,k3_K03_K05_K09,3,1,1,2,4,2,6,0,13,1,False
deletion_C_target_delete_s303_f0,deletion_C_target_delete,k3_K03_K05_K09,3,5,3,4,4,4,6,0,28,16,False
deletion_C_target_delete_s303_f0,deletion_C_target_delete,k3_K03_K05_K09,3,10,3,4,4,4,6,0,37,25,False
deletion_C_target_delete_s303_f0,deletion_C_target_delete,k3_K01_K02_K06,3,1,2,0,3,0,6,0,13,1,False
deletion_C_target_delete_s303_f0,deletion_C_target_delete,k3_K01_K02_K06,3,5,3,3,3,3,6,0,28,16,False
deletion_C_target_delete_s303_f0,deletion_C_target_delete,k3_K01_K02_K06,3,10,3,3,3,3,6,0,37,25,False
deletion_C_matched_delete_s303_f0,deletion_C_matched_delete,k2_K04_K07,2,1,1,0,3,0,7,0,14,2,False
deletion_C_matched_delete_s303_f0,deletion_C_matched_delete,k2_K04_K07,2,5,2,3,3,3,7,0,27,15,False
deletion_C_matched_delete_s303_f0,deletion_C_matched_delete,k2_K04_K07,2,10,2,3,3,3,7,0,39,27,False
deletion_C_matched_delete_s303_f0,deletion_C_matched_delete,k2_K04_K08,2,1,1,0,3,0,7,0,14,2,False
deletion_C_matched_delete_s303_f0,deletion_C_matched_delete,k2_K04_K08,2,5,2,3,3,3,7,0,28,16,False
deletion_C_matched_delete_s303_f0,deletion_C_matched_delete,k2_K04_K08,2,10,2,3,3,3,7,0,41,29,False
deletion_C_matched_delete_s303_f0,deletion_C_matched_delete,k2_K07_K08,2,1,2,0,4,0,7,0,14,2,False
deletion_C_matched_delete_s303_f0,deletion_C_matched_delete,k2_K07_K08,2,5,2,4,4,4,7,0,26,14,False
deletion_C_matched_delete_s303_f0,deletion_C_matched_delete,k2_K07_K08,2,10,2,4,4,4,7,0,38,26,False
deletion_C_matched_delete_s303_f0,deletion_C_matched_delete,k2_K03_K05,2,1,1,0,3,0,7,0,14,2,False
deletion_C_matched_delete_s303_f0,deletion_C_matched_delete,k2_K03_K05,2,5,2,3,3,3,7,0,28,16,False
deletion_C_matched_delete_s303_f0,deletion_C_matched_delete,k2_K03_K05,2,10,2,3,3,3,7,0,41,29,False
deletion_C_matched_delete_s303_f0,deletion_C_matched_delete,k2_K03_K09,2,1,0,0,2,0,7,0,14,2,False
deletion_C_matched_delete_s303_f0,deletion_C_matched_delete,k2_K03_K09,2,5,2,2,2,2,7,0,30,18,False
deletion_C_matched_delete_s303_f0,deletion_C_matched_delete,k2_K03_K09,2,10,2,2,2,2,7,0,43,31,False
deletion_C_matched_delete_s303_f0,deletion_C_matched_delete,k2_K05_K09,2,1,1,0,3,0,7,0,14,2,False
deletion_C_matched_delete_s303_f0,deletion_C_matched_delete,k2_K05_K09,2,5,2,3,3,3,7,0,27,15,False
deletion_C_matched_delete_s303_f0,deletion_C_matched_delete,k2_K05_K09,2,10,2,3,3,3,7,0,40,28,False
deletion_C_matched_delete_s303_f0,deletion_C_matched_delete,k2_K01_K02,2,1,2,0,4,0,7,0,14,2,False
deletion_C_matched_delete_s303_f0,deletion_C_matched_delete,k2_K01_K02,2,5,2,4,4,4,7,0,27,15,False
deletion_C_matched_delete_s303_f0,deletion_C_matched_delete,k2_K01_K02,2,10,2,4,4,4,7,0,39,27,False
deletion_C_matched_delete_s303_f0,deletion_C_matched_delete,k2_K01_K06,2,1,1,0,3,0,7,0,14,2,False
deletion_C_matched_delete_s303_f0,deletion_C_matched_delete,k2_K01_K06,2,5,2,3,3,3,7,0,29,17,False
deletion_C_matched_delete_s303_f0,deletion_C_matched_delete,k2_K01_K06,2,10,2,3,3,3,7,0,43,31,False
deletion_C_matched_delete_s303_f0,deletion_C_matched_delete,k2_K02_K06,2,1,1,0,3,0,7,0,14,2,False
deletion_C_matched_delete_s303_f0,deletion_C_matched_delete,k2_K02_K06,2,5,2,3,3,3,7,0,29,17,False
deletion_C_matched_delete_s303_f0,deletion_C_matched_delete,k2_K02_K06,2,10,2,3,3,3,7,0,43,31,False
deletion_C_matched_delete_s303_f0,deletion_C_matched_delete,k3_K04_K07_K08,3,1,2,0,3,0,6,0,14,2,False
deletion_C_matched_delete_s303_f0,deletion_C_matched_delete,k3_K04_K07_K08,3,5,3,3,3,3,6,0,27,15,False
deletion_C_matched_delete_s303_f0,deletion_C_matched_delete,k3_K04_K07_K08,3,10,3,3,3,3,6,0,39,27,False
deletion_C_matched_delete_s303_f0,deletion_C_matched_delete,k3_K03_K05_K09,3,1,1,0,2,0,6,0,14,2,False
deletion_C_matched_delete_s303_f0,deletion_C_matched_delete,k3_K03_K05_K09,3,5,3,2,2,2,6,0,29,17,False
deletion_C_matched_delete_s303_f0,deletion_C_matched_delete,k3_K03_K05_K09,3,10,3,2,2,2,6,0,41,29,False
deletion_C_matched_delete_s303_f0,deletion_C_matched_delete,k3_K01_K02_K06,3,1,2,0,3,0,6,0,14,2,False
deletion_C_matched_delete_s303_f0,deletion_C_matched_delete,k3_K01_K02_K06,3,5,3,3,3,3,6,0,29,17,False
deletion_C_matched_delete_s303_f0,deletion_C_matched_delete,k3_K01_K02_K06,3,10,3,3,3,3,6,0,41,29,False
deletion_A_keep_s303_f1,deletion_A_keep,k2_K04_K07,2,1,2,0,2,0,7,0,20,3,False
deletion_A_keep_s303_f1,deletion_A_keep,k2_K04_K07,2,5,2,2,2,2,7,0,31,14,False
deletion_A_keep_s303_f1,deletion_A_keep,k2_K04_K07,2,10,2,2,2,2,7,0,35,18,False
deletion_A_keep_s303_f1,deletion_A_keep,k2_K04_K08,2,1,2,0,2,0,7,0,20,3,False
deletion_A_keep_s303_f1,deletion_A_keep,k2_K04_K08,2,5,2,2,2,2,7,0,31,14,False
deletion_A_keep_s303_f1,deletion_A_keep,k2_K04_K08,2,10,2,2,2,2,7,0,35,18,False
deletion_A_keep_s303_f1,deletion_A_keep,k2_K07_K08,2,1,2,1,3,1,7,0,19,2,False
deletion_A_keep_s303_f1,deletion_A_keep,k2_K07_K08,2,5,2,3,3,3,7,0,28,11,False
deletion_A_keep_s303_f1,deletion_A_keep,k2_K07_K08,2,10,2,3,3,3,7,0,34,17,False
deletion_A_keep_s303_f1,deletion_A_keep,k2_K03_K05,2,1,1,1,2,1,7,0,20,3,False
deletion_A_keep_s303_f1,deletion_A_keep,k2_K03_K05,2,5,2,2,2,2,7,0,31,14,False
deletion_A_keep_s303_f1,deletion_A_keep,k2_K03_K05,2,10,2,2,2,2,7,0,35,18,False
deletion_A_keep_s303_f1,deletion_A_keep,k2_K03_K09,2,1,1,1,2,1,7,0,20,3,False
deletion_A_keep_s303_f1,deletion_A_keep,k2_K03_K09,2,5,2,2,2,2,7,0,31,14,False
deletion_A_keep_s303_f1,deletion_A_keep,k2_K03_K09,2,10,2,2,2,2,7,0,37,20,False
deletion_A_keep_s303_f1,deletion_A_keep,k2_K05_K09,2,1,2,1,3,1,7,0,20,3,False
deletion_A_keep_s303_f1,deletion_A_keep,k2_K05_K09,2,5,2,3,3,3,7,0,31,14,False
deletion_A_keep_s303_f1,deletion_A_keep,k2_K05_K09,2,10,2,3,3,3,7,0,35,18,False
deletion_A_keep_s303_f1,deletion_A_keep,k2_K01_K02,2,1,2,1,3,1,7,0,20,3,False
deletion_A_keep_s303_f1,deletion_A_keep,k2_K01_K02,2,5,2,3,3,3,7,0,31,14,False
deletion_A_keep_s303_f1,deletion_A_keep,k2_K01_K02,2,10,2,3,3,3,7,0,35,18,False
deletion_A_keep_s303_f1,deletion_A_keep,k2_K01_K06,2,1,1,1,2,1,7,0,20,3,False
deletion_A_keep_s303_f1,deletion_A_keep,k2_K01_K06,2,5,2,2,2,2,7,0,31,14,False
deletion_A_keep_s303_f1,deletion_A_keep,k2_K01_K06,2,10,2,2,2,2,7,0,37,20,False
deletion_A_keep_s303_f1,deletion_A_keep,k2_K02_K06,2,1,1,1,2,1,7,0,20,3,False
deletion_A_keep_s303_f1,deletion_A_keep,k2_K02_K06,2,5,2,2,2,2,7,0,31,14,False
deletion_A_keep_s303_f1,deletion_A_keep,k2_K02_K06,2,10,2,2,2,2,7,0,37,20,False
deletion_A_keep_s303_f1,deletion_A_keep,k3_K04_K07_K08,3,1,3,0,2,0,6,0,20,3,False
deletion_A_keep_s303_f1,deletion_A_keep,k3_K04_K07_K08,3,5,3,2,2,2,6,0,31,14,False
deletion_A_keep_s303_f1,deletion_A_keep,k3_K04_K07_K08,3,10,3,2,2,2,6,0,35,18,False
deletion_A_keep_s303_f1,deletion_A_keep,k3_K03_K05_K09,3,1,2,1,2,1,6,0,20,3,False
deletion_A_keep_s303_f1,deletion_A_keep,k3_K03_K05_K09,3,5,3,2,2,2,6,0,31,14,False
deletion_A_keep_s303_f1,deletion_A_keep,k3_K03_K05_K09,3,10,3,2,2,2,6,0,35,18,False
deletion_A_keep_s303_f1,deletion_A_keep,k3_K01_K02_K06,3,1,2,1,2,1,6,0,20,3,False
deletion_A_keep_s303_f1,deletion_A_keep,k3_K01_K02_K06,3,5,3,2,2,2,6,0,31,14,False
deletion_A_keep_s303_f1,deletion_A_keep,k3_K01_K02_K06,3,10,3,2,2,2,6,0,35,18,False
deletion_A_half_s303_f1,deletion_A_half,k2_K04_K07,2,1,2,0,2,0,7,0,20,3,False
deletion_A_half_s303_f1,deletion_A_half,k2_K04_K07,2,5,2,2,2,2,7,0,31,14,False
deletion_A_half_s303_f1,deletion_A_half,k2_K04_K07,2,10,2,2,2,2,7,0,35,18,False
deletion_A_half_s303_f1,deletion_A_half,k2_K04_K08,2,1,2,0,2,0,7,0,20,3,False
deletion_A_half_s303_f1,deletion_A_half,k2_K04_K08,2,5,2,2,2,2,7,0,31,14,False
deletion_A_half_s303_f1,deletion_A_half,k2_K04_K08,2,10,2,2,2,2,7,0,35,18,False
deletion_A_half_s303_f1,deletion_A_half,k2_K07_K08,2,1,2,1,3,1,7,0,20,3,False
deletion_A_half_s303_f1,deletion_A_half,k2_K07_K08,2,5,2,3,3,3,7,0,28,11,False
deletion_A_half_s303_f1,deletion_A_half,k2_K07_K08,2,10,2,3,3,3,7,0,34,17,False
deletion_A_half_s303_f1,deletion_A_half,k2_K03_K05,2,1,1,1,2,1,7,0,20,3,False
deletion_A_half_s303_f1,deletion_A_half,k2_K03_K05,2,5,2,2,2,2,7,0,31,14,False
deletion_A_half_s303_f1,deletion_A_half,k2_K03_K05,2,10,2,2,2,2,7,0,36,19,False
deletion_A_half_s303_f1,deletion_A_half,k2_K03_K09,2,1,1,1,2,1,7,0,20,3,False
deletion_A_half_s303_f1,deletion_A_half,k2_K03_K09,2,5,2,2,2,2,7,0,32,15,False
deletion_A_half_s303_f1,deletion_A_half,k2_K03_K09,2,10,2,2,2,2,7,0,37,20,False
deletion_A_half_s303_f1,deletion_A_half,k2_K05_K09,2,1,2,1,3,1,7,0,20,3,False
deletion_A_half_s303_f1,deletion_A_half,k2_K05_K09,2,5,2,3,3,3,7,0,31,14,False
deletion_A_half_s303_f1,deletion_A_half,k2_K05_K09,2,10,2,3,3,3,7,0,35,18,False
deletion_A_half_s303_f1,deletion_A_half,k2_K01_K02,2,1,2,1,3,1,7,0,20,3,False
deletion_A_half_s303_f1,deletion_A_half,k2_K01_K02,2,5,2,3,3,3,7,0,31,14,False
deletion_A_half_s303_f1,deletion_A_half,k2_K01_K02,2,10,2,3,3,3,7,0,35,18,False
deletion_A_half_s303_f1,deletion_A_half,k2_K01_K06,2,1,1,1,2,1,7,0,20,3,False
deletion_A_half_s303_f1,deletion_A_half,k2_K01_K06,2,5,2,2,2,2,7,0,31,14,False
deletion_A_half_s303_f1,deletion_A_half,k2_K01_K06,2,10,2,2,2,2,7,0,37,20,False
deletion_A_half_s303_f1,deletion_A_half,k2_K02_K06,2,1,1,1,2,1,7,0,20,3,False
deletion_A_half_s303_f1,deletion_A_half,k2_K02_K06,2,5,2,2,2,2,7,0,31,14,False
deletion_A_half_s303_f1,deletion_A_half,k2_K02_K06,2,10,2,2,2,2,7,0,37,20,False
deletion_A_half_s303_f1,deletion_A_half,k3_K04_K07_K08,3,1,3,0,2,0,6,0,20,3,False
deletion_A_half_s303_f1,deletion_A_half,k3_K04_K07_K08,3,5,3,2,2,2,6,0,31,14,False
deletion_A_half_s303_f1,deletion_A_half,k3_K04_K07_K08,3,10,3,2,2,2,6,0,35,18,False
deletion_A_half_s303_f1,deletion_A_half,k3_K03_K05_K09,3,1,2,1,2,1,6,0,20,3,False
deletion_A_half_s303_f1,deletion_A_half,k3_K03_K05_K09,3,5,3,2,2,2,6,0,31,14,False
deletion_A_half_s303_f1,deletion_A_half,k3_K03_K05_K09,3,10,3,2,2,2,6,0,36,19,False
deletion_A_half_s303_f1,deletion_A_half,k3_K01_K02_K06,3,1,2,1,2,1,6,0,20,3,False
deletion_A_half_s303_f1,deletion_A_half,k3_K01_K02_K06,3,5,3,2,2,2,6,0,31,14,False
deletion_A_half_s303_f1,deletion_A_half,k3_K01_K02_K06,3,10,3,2,2,2,6,0,36,19,False
deletion_A_target_delete_s303_f1,deletion_A_target_delete,k2_K04_K07,2,1,2,0,2,0,7,0,19,1,False
deletion_A_target_delete_s303_f1,deletion_A_target_delete,k2_K04_K07,2,5,2,2,2,2,7,0,30,12,False
deletion_A_target_delete_s303_f1,deletion_A_target_delete,k2_K04_K07,2,10,2,2,2,2,7,0,35,17,False
deletion_A_target_delete_s303_f1,deletion_A_target_delete,k2_K04_K08,2,1,2,0,2,0,7,0,19,1,False
deletion_A_target_delete_s303_f1,deletion_A_target_delete,k2_K04_K08,2,5,2,2,2,2,7,0,31,13,False
deletion_A_target_delete_s303_f1,deletion_A_target_delete,k2_K04_K08,2,10,2,2,2,2,7,0,35,17,False
deletion_A_target_delete_s303_f1,deletion_A_target_delete,k2_K07_K08,2,1,2,1,3,1,7,0,19,1,False
deletion_A_target_delete_s303_f1,deletion_A_target_delete,k2_K07_K08,2,5,2,3,3,3,7,0,28,10,False
deletion_A_target_delete_s303_f1,deletion_A_target_delete,k2_K07_K08,2,10,2,3,3,3,7,0,34,16,False
deletion_A_target_delete_s303_f1,deletion_A_target_delete,k2_K03_K05,2,1,1,1,2,1,7,0,19,1,False
deletion_A_target_delete_s303_f1,deletion_A_target_delete,k2_K03_K05,2,5,2,2,2,2,7,0,31,13,False
deletion_A_target_delete_s303_f1,deletion_A_target_delete,k2_K03_K05,2,10,2,2,2,2,7,0,35,17,False
deletion_A_target_delete_s303_f1,deletion_A_target_delete,k2_K03_K09,2,1,1,1,2,1,7,0,19,1,False
deletion_A_target_delete_s303_f1,deletion_A_target_delete,k2_K03_K09,2,5,2,2,2,2,7,0,31,13,False
deletion_A_target_delete_s303_f1,deletion_A_target_delete,k2_K03_K09,2,10,2,2,2,2,7,0,37,19,False
deletion_A_target_delete_s303_f1,deletion_A_target_delete,k2_K05_K09,2,1,2,1,3,1,7,0,19,1,False
deletion_A_target_delete_s303_f1,deletion_A_target_delete,k2_K05_K09,2,5,2,3,3,3,7,0,30,12,False
deletion_A_target_delete_s303_f1,deletion_A_target_delete,k2_K05_K09,2,10,2,3,3,3,7,0,35,17,False
deletion_A_target_delete_s303_f1,deletion_A_target_delete,k2_K01_K02,2,1,2,1,3,1,7,0,19,1,False
deletion_A_target_delete_s303_f1,deletion_A_target_delete,k2_K01_K02,2,5,2,3,3,3,7,0,30,12,False
deletion_A_target_delete_s303_f1,deletion_A_target_delete,k2_K01_K02,2,10,2,3,3,3,7,0,35,17,False
deletion_A_target_delete_s303_f1,deletion_A_target_delete,k2_K01_K06,2,1,1,1,2,1,7,0,19,1,False
deletion_A_target_delete_s303_f1,deletion_A_target_delete,k2_K01_K06,2,5,2,2,2,2,7,0,31,13,False
deletion_A_target_delete_s303_f1,deletion_A_target_delete,k2_K01_K06,2,10,2,2,2,2,7,0,36,18,False
deletion_A_target_delete_s303_f1,deletion_A_target_delete,k2_K02_K06,2,1,1,1,2,1,7,0,19,1,False
deletion_A_target_delete_s303_f1,deletion_A_target_delete,k2_K02_K06,2,5,2,2,2,2,7,0,31,13,False
deletion_A_target_delete_s303_f1,deletion_A_target_delete,k2_K02_K06,2,10,2,2,2,2,7,0,35,17,False
deletion_A_target_delete_s303_f1,deletion_A_target_delete,k3_K04_K07_K08,3,1,3,0,2,0,6,0,19,1,False
deletion_A_target_delete_s303_f1,deletion_A_target_delete,k3_K04_K07_K08,3,5,3,2,2,2,6,0,29,11,False
deletion_A_target_delete_s303_f1,deletion_A_target_delete,k3_K04_K07_K08,3,10,3,2,2,2,6,0,35,17,False
deletion_A_target_delete_s303_f1,deletion_A_target_delete,k3_K03_K05_K09,3,1,2,1,2,1,6,0,19,1,False
deletion_A_target_delete_s303_f1,deletion_A_target_delete,k3_K03_K05_K09,3,5,3,2,2,2,6,0,31,13,False
deletion_A_target_delete_s303_f1,deletion_A_target_delete,k3_K03_K05_K09,3,10,3,2,2,2,6,0,35,17,False
deletion_A_target_delete_s303_f1,deletion_A_target_delete,k3_K01_K02_K06,3,1,2,1,2,1,6,0,19,1,False
deletion_A_target_delete_s303_f1,deletion_A_target_delete,k3_K01_K02_K06,3,5,3,2,2,2,6,0,31,13,False
deletion_A_target_delete_s303_f1,deletion_A_target_delete,k3_K01_K02_K06,3,10,3,2,2,2,6,0,35,17,False
deletion_A_matched_delete_s303_f1,deletion_A_matched_delete,k2_K04_K07,2,1,2,0,2,0,7,0,20,2,False
deletion_A_matched_delete_s303_f1,deletion_A_matched_delete,k2_K04_K07,2,5,2,2,2,2,7,0,28,10,False
deletion_A_matched_delete_s303_f1,deletion_A_matched_delete,k2_K04_K07,2,10,2,2,2,2,7,0,35,17,False
deletion_A_matched_delete_s303_f1,deletion_A_matched_delete,k2_K04_K08,2,1,2,0,2,0,7,0,20,2,False
deletion_A_matched_delete_s303_f1,deletion_A_matched_delete,k2_K04_K08,2,5,2,2,2,2,7,0,30,12,False
deletion_A_matched_delete_s303_f1,deletion_A_matched_delete,k2_K04_K08,2,10,2,2,2,2,7,0,35,17,False
deletion_A_matched_delete_s303_f1,deletion_A_matched_delete,k2_K07_K08,2,1,2,1,3,1,7,0,19,1,False
deletion_A_matched_delete_s303_f1,deletion_A_matched_delete,k2_K07_K08,2,5,2,3,3,3,7,0,26,8,False
deletion_A_matched_delete_s303_f1,deletion_A_matched_delete,k2_K07_K08,2,10,2,3,3,3,7,0,34,16,False
deletion_A_matched_delete_s303_f1,deletion_A_matched_delete,k2_K03_K05,2,1,1,1,2,1,7,0,20,2,False
deletion_A_matched_delete_s303_f1,deletion_A_matched_delete,k2_K03_K05,2,5,2,2,2,2,7,0,31,13,False
deletion_A_matched_delete_s303_f1,deletion_A_matched_delete,k2_K03_K05,2,10,2,2,2,2,7,0,35,17,False
deletion_A_matched_delete_s303_f1,deletion_A_matched_delete,k2_K03_K09,2,1,1,1,2,1,7,0,20,2,False
deletion_A_matched_delete_s303_f1,deletion_A_matched_delete,k2_K03_K09,2,5,2,2,2,2,7,0,31,13,False
deletion_A_matched_delete_s303_f1,deletion_A_matched_delete,k2_K03_K09,2,10,2,2,2,2,7,0,37,19,False
deletion_A_matched_delete_s303_f1,deletion_A_matched_delete,k2_K05_K09,2,1,2,1,3,1,7,0,20,2,False
deletion_A_matched_delete_s303_f1,deletion_A_matched_delete,k2_K05_K09,2,5,2,3,3,3,7,0,28,10,False
deletion_A_matched_delete_s303_f1,deletion_A_matched_delete,k2_K05_K09,2,10,2,3,3,3,7,0,34,16,False
deletion_A_matched_delete_s303_f1,deletion_A_matched_delete,k2_K01_K02,2,1,2,1,3,1,7,0,20,2,False
deletion_A_matched_delete_s303_f1,deletion_A_matched_delete,k2_K01_K02,2,5,2,3,3,3,7,0,28,10,False
deletion_A_matched_delete_s303_f1,deletion_A_matched_delete,k2_K01_K02,2,10,2,3,3,3,7,0,34,16,False
deletion_A_matched_delete_s303_f1,deletion_A_matched_delete,k2_K01_K06,2,1,1,1,2,1,7,0,20,2,False
deletion_A_matched_delete_s303_f1,deletion_A_matched_delete,k2_K01_K06,2,5,2,2,2,2,7,0,31,13,False
deletion_A_matched_delete_s303_f1,deletion_A_matched_delete,k2_K01_K06,2,10,2,2,2,2,7,0,37,19,False
deletion_A_matched_delete_s303_f1,deletion_A_matched_delete,k2_K02_K06,2,1,1,1,2,1,7,0,20,2,False
deletion_A_matched_delete_s303_f1,deletion_A_matched_delete,k2_K02_K06,2,5,2,2,2,2,7,0,31,13,False
deletion_A_matched_delete_s303_f1,deletion_A_matched_delete,k2_K02_K06,2,10,2,2,2,2,7,0,37,19,False
deletion_A_matched_delete_s303_f1,deletion_A_matched_delete,k3_K04_K07_K08,3,1,3,0,2,0,6,0,20,2,False
deletion_A_matched_delete_s303_f1,deletion_A_matched_delete,k3_K04_K07_K08,3,5,3,2,2,2,6,0,28,10,False
deletion_A_matched_delete_s303_f1,deletion_A_matched_delete,k3_K04_K07_K08,3,10,3,2,2,2,6,0,34,16,False
deletion_A_matched_delete_s303_f1,deletion_A_matched_delete,k3_K03_K05_K09,3,1,2,1,2,1,6,0,20,2,False
deletion_A_matched_delete_s303_f1,deletion_A_matched_delete,k3_K03_K05_K09,3,5,3,2,2,2,6,0,31,13,False
deletion_A_matched_delete_s303_f1,deletion_A_matched_delete,k3_K03_K05_K09,3,10,3,2,2,2,6,0,35,17,False
deletion_A_matched_delete_s303_f1,deletion_A_matched_delete,k3_K01_K02_K06,3,1,2,1,2,1,6,0,20,2,False
deletion_A_matched_delete_s303_f1,deletion_A_matched_delete,k3_K01_K02_K06,3,5,3,2,2,2,6,0,31,13,False
deletion_A_matched_delete_s303_f1,deletion_A_matched_delete,k3_K01_K02_K06,3,10,3,2,2,2,6,0,35,17,False
deletion_C_keep_s303_f1,deletion_C_keep,k2_K04_K07,2,1,1,0,3,0,7,0,16,2,False
deletion_C_keep_s303_f1,deletion_C_keep,k2_K04_K07,2,5,2,3,3,3,7,0,25,11,False
deletion_C_keep_s303_f1,deletion_C_keep,k2_K04_K07,2,10,2,3,3,3,7,0,35,21,False
deletion_C_keep_s303_f1,deletion_C_keep,k2_K04_K08,2,1,1,0,3,0,7,0,16,2,False
deletion_C_keep_s303_f1,deletion_C_keep,k2_K04_K08,2,5,2,3,3,3,7,0,25,11,False
deletion_C_keep_s303_f1,deletion_C_keep,k2_K04_K08,2,10,2,3,3,3,7,0,35,21,False
deletion_C_keep_s303_f1,deletion_C_keep,k2_K07_K08,2,1,2,0,4,0,7,0,16,2,False
deletion_C_keep_s303_f1,deletion_C_keep,k2_K07_K08,2,5,2,4,4,4,7,0,23,9,False
deletion_C_keep_s303_f1,deletion_C_keep,k2_K07_K08,2,10,2,4,4,4,7,0,35,21,False
deletion_C_keep_s303_f1,deletion_C_keep,k2_K03_K05,2,1,1,0,3,0,7,0,16,2,False
deletion_C_keep_s303_f1,deletion_C_keep,k2_K03_K05,2,5,2,3,3,3,7,0,25,11,False
deletion_C_keep_s303_f1,deletion_C_keep,k2_K03_K05,2,10,2,3,3,3,7,0,35,21,False
deletion_C_keep_s303_f1,deletion_C_keep,k2_K03_K09,2,1,0,0,2,0,7,0,17,3,False
deletion_C_keep_s303_f1,deletion_C_keep,k2_K03_K09,2,5,2,2,2,2,7,0,25,11,False
deletion_C_keep_s303_f1,deletion_C_keep,k2_K03_K09,2,10,2,2,2,2,7,0,36,22,False
deletion_C_keep_s303_f1,deletion_C_keep,k2_K05_K09,2,1,1,0,3,0,7,0,16,2,False
deletion_C_keep_s303_f1,deletion_C_keep,k2_K05_K09,2,5,2,3,3,3,7,0,25,11,False
deletion_C_keep_s303_f1,deletion_C_keep,k2_K05_K09,2,10,2,3,3,3,7,0,35,21,False
deletion_C_keep_s303_f1,deletion_C_keep,k2_K01_K02,2,1,2,0,4,0,7,0,16,2,False
deletion_C_keep_s303_f1,deletion_C_keep,k2_K01_K02,2,5,2,4,4,4,7,0,25,11,False
deletion_C_keep_s303_f1,deletion_C_keep,k2_K01_K02,2,10,2,4,4,4,7,0,35,21,False
deletion_C_keep_s303_f1,deletion_C_keep,k2_K01_K06,2,1,1,0,3,0,7,0,17,3,False
deletion_C_keep_s303_f1,deletion_C_keep,k2_K01_K06,2,5,2,3,3,3,7,0,25,11,False
deletion_C_keep_s303_f1,deletion_C_keep,k2_K01_K06,2,10,2,3,3,3,7,0,36,22,False
deletion_C_keep_s303_f1,deletion_C_keep,k2_K02_K06,2,1,1,0,3,0,7,0,17,3,False
deletion_C_keep_s303_f1,deletion_C_keep,k2_K02_K06,2,5,2,3,3,3,7,0,25,11,False
deletion_C_keep_s303_f1,deletion_C_keep,k2_K02_K06,2,10,2,3,3,3,7,0,36,22,False
deletion_C_keep_s303_f1,deletion_C_keep,k3_K04_K07_K08,3,1,2,0,3,0,6,0,16,2,False
deletion_C_keep_s303_f1,deletion_C_keep,k3_K04_K07_K08,3,5,3,3,3,3,6,0,24,10,False
deletion_C_keep_s303_f1,deletion_C_keep,k3_K04_K07_K08,3,10,3,3,3,3,6,0,35,21,False
deletion_C_keep_s303_f1,deletion_C_keep,k3_K03_K05_K09,3,1,1,0,2,0,6,0,17,3,False
deletion_C_keep_s303_f1,deletion_C_keep,k3_K03_K05_K09,3,5,3,2,2,2,6,0,25,11,False
deletion_C_keep_s303_f1,deletion_C_keep,k3_K03_K05_K09,3,10,3,2,2,2,6,0,35,21,False
deletion_C_keep_s303_f1,deletion_C_keep,k3_K01_K02_K06,3,1,2,0,3,0,6,0,17,3,False
deletion_C_keep_s303_f1,deletion_C_keep,k3_K01_K02_K06,3,5,3,3,3,3,6,0,25,11,False
deletion_C_keep_s303_f1,deletion_C_keep,k3_K01_K02_K06,3,10,3,3,3,3,6,0,35,21,False
deletion_C_half_s303_f1,deletion_C_half,k2_K04_K07,2,1,1,0,3,0,7,0,17,2,False
deletion_C_half_s303_f1,deletion_C_half,k2_K04_K07,2,5,2,3,3,3,7,0,24,9,False
deletion_C_half_s303_f1,deletion_C_half,k2_K04_K07,2,10,2,3,3,3,7,0,35,20,False
deletion_C_half_s303_f1,deletion_C_half,k2_K04_K08,2,1,1,0,3,0,7,0,17,2,False
deletion_C_half_s303_f1,deletion_C_half,k2_K04_K08,2,5,2,3,3,3,7,0,25,10,False
deletion_C_half_s303_f1,deletion_C_half,k2_K04_K08,2,10,2,3,3,3,7,0,35,20,False
deletion_C_half_s303_f1,deletion_C_half,k2_K07_K08,2,1,2,0,4,0,7,0,17,2,False
deletion_C_half_s303_f1,deletion_C_half,k2_K07_K08,2,5,2,4,4,4,7,0,22,7,False
deletion_C_half_s303_f1,deletion_C_half,k2_K07_K08,2,10,2,4,4,4,7,0,35,20,False
deletion_C_half_s303_f1,deletion_C_half,k2_K03_K05,2,1,1,0,3,0,7,0,17,2,False
deletion_C_half_s303_f1,deletion_C_half,k2_K03_K05,2,5,2,3,3,3,7,0,25,10,False
deletion_C_half_s303_f1,deletion_C_half,k2_K03_K05,2,10,2,3,3,3,7,0,35,20,False
deletion_C_half_s303_f1,deletion_C_half,k2_K03_K09,2,1,0,0,2,0,7,0,17,2,False
deletion_C_half_s303_f1,deletion_C_half,k2_K03_K09,2,5,2,2,2,2,7,0,25,10,False
deletion_C_half_s303_f1,deletion_C_half,k2_K03_K09,2,10,2,2,2,2,7,0,35,20,False
deletion_C_half_s303_f1,deletion_C_half,k2_K05_K09,2,1,1,0,3,0,7,0,17,2,False
deletion_C_half_s303_f1,deletion_C_half,k2_K05_K09,2,5,2,3,3,3,7,0,25,10,False
deletion_C_half_s303_f1,deletion_C_half,k2_K05_K09,2,10,2,3,3,3,7,0,35,20,False
deletion_C_half_s303_f1,deletion_C_half,k2_K01_K02,2,1,2,0,4,0,7,0,17,2,False
deletion_C_half_s303_f1,deletion_C_half,k2_K01_K02,2,5,2,4,4,4,7,0,24,9,False
deletion_C_half_s303_f1,deletion_C_half,k2_K01_K02,2,10,2,4,4,4,7,0,35,20,False
deletion_C_half_s303_f1,deletion_C_half,k2_K01_K06,2,1,1,0,3,0,7,0,17,2,False
deletion_C_half_s303_f1,deletion_C_half,k2_K01_K06,2,5,2,3,3,3,7,0,25,10,False
deletion_C_half_s303_f1,deletion_C_half,k2_K01_K06,2,10,2,3,3,3,7,0,35,20,False
deletion_C_half_s303_f1,deletion_C_half,k2_K02_K06,2,1,1,0,3,0,7,0,17,2,False
deletion_C_half_s303_f1,deletion_C_half,k2_K02_K06,2,5,2,3,3,3,7,0,25,10,False
deletion_C_half_s303_f1,deletion_C_half,k2_K02_K06,2,10,2,3,3,3,7,0,35,20,False
deletion_C_half_s303_f1,deletion_C_half,k3_K04_K07_K08,3,1,2,0,3,0,6,0,17,2,False
deletion_C_half_s303_f1,deletion_C_half,k3_K04_K07_K08,3,5,3,3,3,3,6,0,24,9,False
deletion_C_half_s303_f1,deletion_C_half,k3_K04_K07_K08,3,10,3,3,3,3,6,0,35,20,False
deletion_C_half_s303_f1,deletion_C_half,k3_K03_K05_K09,3,1,1,0,2,0,6,0,17,2,False
deletion_C_half_s303_f1,deletion_C_half,k3_K03_K05_K09,3,5,3,2,2,2,6,0,25,10,False
deletion_C_half_s303_f1,deletion_C_half,k3_K03_K05_K09,3,10,3,2,2,2,6,0,35,20,False
deletion_C_half_s303_f1,deletion_C_half,k3_K01_K02_K06,3,1,2,0,3,0,6,0,17,2,False
deletion_C_half_s303_f1,deletion_C_half,k3_K01_K02_K06,3,5,3,3,3,3,6,0,25,10,False
deletion_C_half_s303_f1,deletion_C_half,k3_K01_K02_K06,3,10,3,3,3,3,6,0,35,20,False
deletion_C_target_delete_s303_f1,deletion_C_target_delete,k2_K04_K07,2,1,1,1,3,1,7,0,16,2,False
deletion_C_target_delete_s303_f1,deletion_C_target_delete,k2_K04_K07,2,5,2,3,3,3,7,0,25,11,False
deletion_C_target_delete_s303_f1,deletion_C_target_delete,k2_K04_K07,2,10,2,3,3,3,7,0,36,22,False
deletion_C_target_delete_s303_f1,deletion_C_target_delete,k2_K04_K08,2,1,1,1,3,1,7,0,16,2,False
deletion_C_target_delete_s303_f1,deletion_C_target_delete,k2_K04_K08,2,5,2,3,3,3,7,0,26,12,False
deletion_C_target_delete_s303_f1,deletion_C_target_delete,k2_K04_K08,2,10,2,3,3,3,7,0,36,22,False
deletion_C_target_delete_s303_f1,deletion_C_target_delete,k2_K07_K08,2,1,2,0,4,0,7,0,16,2,False
deletion_C_target_delete_s303_f1,deletion_C_target_delete,k2_K07_K08,2,5,2,4,4,4,7,0,24,10,False
deletion_C_target_delete_s303_f1,deletion_C_target_delete,k2_K07_K08,2,10,2,4,4,4,7,0,35,21,False
deletion_C_target_delete_s303_f1,deletion_C_target_delete,k2_K03_K05,2,1,1,1,3,1,7,0,16,2,False
deletion_C_target_delete_s303_f1,deletion_C_target_delete,k2_K03_K05,2,5,2,3,3,3,7,0,26,12,False
deletion_C_target_delete_s303_f1,deletion_C_target_delete,k2_K03_K05,2,10,2,3,3,3,7,0,36,22,False
deletion_C_target_delete_s303_f1,deletion_C_target_delete,k2_K03_K09,2,1,1,0,2,0,7,0,16,2,False
deletion_C_target_delete_s303_f1,deletion_C_target_delete,k2_K03_K09,2,5,2,2,2,2,7,0,27,13,False
deletion_C_target_delete_s303_f1,deletion_C_target_delete,k2_K03_K09,2,10,2,2,2,2,7,0,36,22,False
deletion_C_target_delete_s303_f1,deletion_C_target_delete,k2_K05_K09,2,1,2,0,3,0,7,0,16,2,False
deletion_C_target_delete_s303_f1,deletion_C_target_delete,k2_K05_K09,2,5,2,3,3,3,7,0,26,12,False
deletion_C_target_delete_s303_f1,deletion_C_target_delete,k2_K05_K09,2,10,2,3,3,3,7,0,36,22,False
deletion_C_target_delete_s303_f1,deletion_C_target_delete,k2_K01_K02,2,1,2,1,4,1,7,0,16,2,False
deletion_C_target_delete_s303_f1,deletion_C_target_delete,k2_K01_K02,2,5,2,4,4,4,7,0,24,10,False
deletion_C_target_delete_s303_f1,deletion_C_target_delete,k2_K01_K02,2,10,2,4,4,4,7,0,36,22,False
deletion_C_target_delete_s303_f1,deletion_C_target_delete,k2_K01_K06,2,1,1,1,3,1,7,0,16,2,False
deletion_C_target_delete_s303_f1,deletion_C_target_delete,k2_K01_K06,2,5,2,3,3,3,7,0,27,13,False
deletion_C_target_delete_s303_f1,deletion_C_target_delete,k2_K01_K06,2,10,2,3,3,3,7,0,36,22,False
deletion_C_target_delete_s303_f1,deletion_C_target_delete,k2_K02_K06,2,1,1,1,3,1,7,0,16,2,False
deletion_C_target_delete_s303_f1,deletion_C_target_delete,k2_K02_K06,2,5,2,3,3,3,7,0,27,13,False
deletion_C_target_delete_s303_f1,deletion_C_target_delete,k2_K02_K06,2,10,2,3,3,3,7,0,36,22,False
deletion_C_target_delete_s303_f1,deletion_C_target_delete,k3_K04_K07_K08,3,1,2,1,3,1,6,0,16,2,False
deletion_C_target_delete_s303_f1,deletion_C_target_delete,k3_K04_K07_K08,3,5,3,3,3,3,6,0,24,10,False
deletion_C_target_delete_s303_f1,deletion_C_target_delete,k3_K04_K07_K08,3,10,3,3,3,3,6,0,35,21,False
deletion_C_target_delete_s303_f1,deletion_C_target_delete,k3_K03_K05_K09,3,1,2,0,2,0,6,0,16,2,False
deletion_C_target_delete_s303_f1,deletion_C_target_delete,k3_K03_K05_K09,3,5,3,2,2,2,6,0,26,12,False
deletion_C_target_delete_s303_f1,deletion_C_target_delete,k3_K03_K05_K09,3,10,3,2,2,2,6,0,36,22,False
deletion_C_target_delete_s303_f1,deletion_C_target_delete,k3_K01_K02_K06,3,1,2,1,3,1,6,0,16,2,False
deletion_C_target_delete_s303_f1,deletion_C_target_delete,k3_K01_K02_K06,3,5,3,3,3,3,6,0,26,12,False
deletion_C_target_delete_s303_f1,deletion_C_target_delete,k3_K01_K02_K06,3,10,3,3,3,3,6,0,36,22,False
deletion_C_matched_delete_s303_f1,deletion_C_matched_delete,k2_K04_K07,2,1,1,0,3,0,7,0,17,2,False
deletion_C_matched_delete_s303_f1,deletion_C_matched_delete,k2_K04_K07,2,5,2,3,3,3,7,0,25,10,False
deletion_C_matched_delete_s303_f1,deletion_C_matched_delete,k2_K04_K07,2,10,2,3,3,3,7,0,35,20,False
deletion_C_matched_delete_s303_f1,deletion_C_matched_delete,k2_K04_K08,2,1,1,0,3,0,7,0,17,2,False
deletion_C_matched_delete_s303_f1,deletion_C_matched_delete,k2_K04_K08,2,5,2,3,3,3,7,0,25,10,False
deletion_C_matched_delete_s303_f1,deletion_C_matched_delete,k2_K04_K08,2,10,2,3,3,3,7,0,35,20,False
deletion_C_matched_delete_s303_f1,deletion_C_matched_delete,k2_K07_K08,2,1,2,0,4,0,7,0,17,2,False
deletion_C_matched_delete_s303_f1,deletion_C_matched_delete,k2_K07_K08,2,5,2,4,4,4,7,0,25,10,False
deletion_C_matched_delete_s303_f1,deletion_C_matched_delete,k2_K07_K08,2,10,2,4,4,4,7,0,35,20,False
deletion_C_matched_delete_s303_f1,deletion_C_matched_delete,k2_K03_K05,2,1,1,0,3,0,7,0,17,2,False
deletion_C_matched_delete_s303_f1,deletion_C_matched_delete,k2_K03_K05,2,5,2,3,3,3,7,0,25,10,False
deletion_C_matched_delete_s303_f1,deletion_C_matched_delete,k2_K03_K05,2,10,2,3,3,3,7,0,35,20,False
deletion_C_matched_delete_s303_f1,deletion_C_matched_delete,k2_K03_K09,2,1,1,0,2,0,7,0,17,2,False
deletion_C_matched_delete_s303_f1,deletion_C_matched_delete,k2_K03_K09,2,5,2,2,2,2,7,0,27,12,False
deletion_C_matched_delete_s303_f1,deletion_C_matched_delete,k2_K03_K09,2,10,2,2,2,2,7,0,36,21,False
deletion_C_matched_delete_s303_f1,deletion_C_matched_delete,k2_K05_K09,2,1,1,0,3,0,7,0,17,2,False
deletion_C_matched_delete_s303_f1,deletion_C_matched_delete,k2_K05_K09,2,5,2,3,3,3,7,0,25,10,False
deletion_C_matched_delete_s303_f1,deletion_C_matched_delete,k2_K05_K09,2,10,2,3,3,3,7,0,35,20,False
deletion_C_matched_delete_s303_f1,deletion_C_matched_delete,k2_K01_K02,2,1,2,0,4,0,7,0,17,2,False
deletion_C_matched_delete_s303_f1,deletion_C_matched_delete,k2_K01_K02,2,5,2,4,4,4,7,0,25,10,False
deletion_C_matched_delete_s303_f1,deletion_C_matched_delete,k2_K01_K02,2,10,2,4,4,4,7,0,35,20,False
deletion_C_matched_delete_s303_f1,deletion_C_matched_delete,k2_K01_K06,2,1,1,0,3,0,7,0,17,2,False
deletion_C_matched_delete_s303_f1,deletion_C_matched_delete,k2_K01_K06,2,5,2,3,3,3,7,0,27,12,False
deletion_C_matched_delete_s303_f1,deletion_C_matched_delete,k2_K01_K06,2,10,2,3,3,3,7,0,36,21,False
deletion_C_matched_delete_s303_f1,deletion_C_matched_delete,k2_K02_K06,2,1,1,0,3,0,7,0,17,2,False
deletion_C_matched_delete_s303_f1,deletion_C_matched_delete,k2_K02_K06,2,5,2,3,3,3,7,0,27,12,False
deletion_C_matched_delete_s303_f1,deletion_C_matched_delete,k2_K02_K06,2,10,2,3,3,3,7,0,36,21,False
deletion_C_matched_delete_s303_f1,deletion_C_matched_delete,k3_K04_K07_K08,3,1,2,0,3,0,6,0,17,2,False
deletion_C_matched_delete_s303_f1,deletion_C_matched_delete,k3_K04_K07_K08,3,5,3,3,3,3,6,0,25,10,False
deletion_C_matched_delete_s303_f1,deletion_C_matched_delete,k3_K04_K07_K08,3,10,3,3,3,3,6,0,35,20,False
deletion_C_matched_delete_s303_f1,deletion_C_matched_delete,k3_K03_K05_K09,3,1,1,0,2,0,6,0,17,2,False
deletion_C_matched_delete_s303_f1,deletion_C_matched_delete,k3_K03_K05_K09,3,5,3,2,2,2,6,0,25,10,False
deletion_C_matched_delete_s303_f1,deletion_C_matched_delete,k3_K03_K05_K09,3,10,3,2,2,2,6,0,35,20,False
deletion_C_matched_delete_s303_f1,deletion_C_matched_delete,k3_K01_K02_K06,3,1,2,0,3,0,6,0,17,2,False
deletion_C_matched_delete_s303_f1,deletion_C_matched_delete,k3_K01_K02_K06,3,5,3,3,3,3,6,0,25,10,False
deletion_C_matched_delete_s303_f1,deletion_C_matched_delete,k3_K01_K02_K06,3,10,3,3,3,3,6,0,36,21,False
deletion_A_keep_s303_f2,deletion_A_keep,k2_K04_K07,2,1,2,0,0,0,7,0,33,4,False
deletion_A_keep_s303_f2,deletion_A_keep,k2_K04_K07,2,5,2,0,0,0,7,0,52,23,False
deletion_A_keep_s303_f2,deletion_A_keep,k2_K04_K07,2,10,2,0,0,0,7,0,74,45,False
deletion_A_keep_s303_f2,deletion_A_keep,k2_K04_K08,2,1,2,0,0,0,7,0,33,4,False
deletion_A_keep_s303_f2,deletion_A_keep,k2_K04_K08,2,5,2,0,0,0,7,0,54,25,False
deletion_A_keep_s303_f2,deletion_A_keep,k2_K04_K08,2,10,2,0,0,0,7,0,75,46,False
deletion_A_keep_s303_f2,deletion_A_keep,k2_K07_K08,2,1,2,0,0,0,7,0,33,4,False
deletion_A_keep_s303_f2,deletion_A_keep,k2_K07_K08,2,5,2,0,0,0,7,0,51,22,False
deletion_A_keep_s303_f2,deletion_A_keep,k2_K07_K08,2,10,2,0,0,0,7,0,72,43,False
deletion_A_keep_s303_f2,deletion_A_keep,k2_K03_K05,2,1,2,0,0,0,7,0,33,4,False
deletion_A_keep_s303_f2,deletion_A_keep,k2_K03_K05,2,5,2,0,0,0,7,0,54,25,False
deletion_A_keep_s303_f2,deletion_A_keep,k2_K03_K05,2,10,2,0,0,0,7,0,75,46,False
deletion_A_keep_s303_f2,deletion_A_keep,k2_K03_K09,2,1,2,0,0,0,7,0,33,4,False
deletion_A_keep_s303_f2,deletion_A_keep,k2_K03_K09,2,5,2,0,0,0,7,0,57,28,False
deletion_A_keep_s303_f2,deletion_A_keep,k2_K03_K09,2,10,2,0,0,0,7,0,83,54,False
deletion_A_keep_s303_f2,deletion_A_keep,k2_K05_K09,2,1,2,0,0,0,7,0,33,4,False
deletion_A_keep_s303_f2,deletion_A_keep,k2_K05_K09,2,5,2,0,0,0,7,0,53,24,False
deletion_A_keep_s303_f2,deletion_A_keep,k2_K05_K09,2,10,2,0,0,0,7,0,74,45,False
deletion_A_keep_s303_f2,deletion_A_keep,k2_K01_K02,2,1,2,0,0,0,7,0,33,4,False
deletion_A_keep_s303_f2,deletion_A_keep,k2_K01_K02,2,5,2,0,0,0,7,0,52,23,False
deletion_A_keep_s303_f2,deletion_A_keep,k2_K01_K02,2,10,2,0,0,0,7,0,73,44,False
deletion_A_keep_s303_f2,deletion_A_keep,k2_K01_K06,2,1,2,0,0,0,7,0,33,4,False
deletion_A_keep_s303_f2,deletion_A_keep,k2_K01_K06,2,5,2,0,0,0,7,0,56,27,False
deletion_A_keep_s303_f2,deletion_A_keep,k2_K01_K06,2,10,2,0,0,0,7,0,83,54,False
deletion_A_keep_s303_f2,deletion_A_keep,k2_K02_K06,2,1,2,0,0,0,7,0,33,4,False
deletion_A_keep_s303_f2,deletion_A_keep,k2_K02_K06,2,5,2,0,0,0,7,0,56,27,False
deletion_A_keep_s303_f2,deletion_A_keep,k2_K02_K06,2,10,2,0,0,0,7,0,81,52,False
deletion_A_keep_s303_f2,deletion_A_keep,k3_K04_K07_K08,3,1,3,0,0,0,6,0,33,4,False
deletion_A_keep_s303_f2,deletion_A_keep,k3_K04_K07_K08,3,5,3,0,0,0,6,0,52,23,False
deletion_A_keep_s303_f2,deletion_A_keep,k3_K04_K07_K08,3,10,3,0,0,0,6,0,73,44,False
deletion_A_keep_s303_f2,deletion_A_keep,k3_K03_K05_K09,3,1,3,0,0,0,6,0,33,4,False
deletion_A_keep_s303_f2,deletion_A_keep,k3_K03_K05_K09,3,5,3,0,0,0,6,0,55,26,False
deletion_A_keep_s303_f2,deletion_A_keep,k3_K03_K05_K09,3,10,3,0,0,0,6,0,77,48,False
deletion_A_keep_s303_f2,deletion_A_keep,k3_K01_K02_K06,3,1,3,0,0,0,6,0,33,4,False
deletion_A_keep_s303_f2,deletion_A_keep,k3_K01_K02_K06,3,5,3,0,0,0,6,0,55,26,False
deletion_A_keep_s303_f2,deletion_A_keep,k3_K01_K02_K06,3,10,3,0,0,0,6,0,80,51,False
deletion_A_half_s303_f2,deletion_A_half,k2_K04_K07,2,1,2,0,0,0,7,0,33,3,False
deletion_A_half_s303_f2,deletion_A_half,k2_K04_K07,2,5,2,0,0,0,7,0,56,26,False
deletion_A_half_s303_f2,deletion_A_half,k2_K04_K07,2,10,2,0,0,0,7,0,76,46,False
deletion_A_half_s303_f2,deletion_A_half,k2_K04_K08,2,1,2,0,0,0,7,0,34,4,False
deletion_A_half_s303_f2,deletion_A_half,k2_K04_K08,2,5,2,0,0,0,7,0,56,26,False
deletion_A_half_s303_f2,deletion_A_half,k2_K04_K08,2,10,2,0,0,0,7,0,79,49,False
deletion_A_half_s303_f2,deletion_A_half,k2_K07_K08,2,1,2,0,0,0,7,0,33,3,False
deletion_A_half_s303_f2,deletion_A_half,k2_K07_K08,2,5,2,0,0,0,7,0,53,23,False
deletion_A_half_s303_f2,deletion_A_half,k2_K07_K08,2,10,2,0,0,0,7,0,72,42,False
deletion_A_half_s303_f2,deletion_A_half,k2_K03_K05,2,1,2,0,0,0,7,0,34,4,False
deletion_A_half_s303_f2,deletion_A_half,k2_K03_K05,2,5,2,0,0,0,7,0,56,26,False
deletion_A_half_s303_f2,deletion_A_half,k2_K03_K05,2,10,2,0,0,0,7,0,79,49,False
deletion_A_half_s303_f2,deletion_A_half,k2_K03_K09,2,1,2,0,0,0,7,0,34,4,False
deletion_A_half_s303_f2,deletion_A_half,k2_K03_K09,2,5,2,0,0,0,7,0,58,28,False
deletion_A_half_s303_f2,deletion_A_half,k2_K03_K09,2,10,2,0,0,0,7,0,88,58,False
deletion_A_half_s303_f2,deletion_A_half,k2_K05_K09,2,1,2,0,0,0,7,0,33,3,False
deletion_A_half_s303_f2,deletion_A_half,k2_K05_K09,2,5,2,0,0,0,7,0,56,26,False
deletion_A_half_s303_f2,deletion_A_half,k2_K05_K09,2,10,2,0,0,0,7,0,77,47,False
deletion_A_half_s303_f2,deletion_A_half,k2_K01_K02,2,1,2,0,0,0,7,0,33,3,False
deletion_A_half_s303_f2,deletion_A_half,k2_K01_K02,2,5,2,0,0,0,7,0,56,26,False
deletion_A_half_s303_f2,deletion_A_half,k2_K01_K02,2,10,2,0,0,0,7,0,75,45,False
deletion_A_half_s303_f2,deletion_A_half,k2_K01_K06,2,1,2,0,0,0,7,0,34,4,False
deletion_A_half_s303_f2,deletion_A_half,k2_K01_K06,2,5,2,0,0,0,7,0,58,28,False
deletion_A_half_s303_f2,deletion_A_half,k2_K01_K06,2,10,2,0,0,0,7,0,86,56,False
deletion_A_half_s303_f2,deletion_A_half,k2_K02_K06,2,1,2,0,0,0,7,0,34,4,False
deletion_A_half_s303_f2,deletion_A_half,k2_K02_K06,2,5,2,0,0,0,7,0,58,28,False
deletion_A_half_s303_f2,deletion_A_half,k2_K02_K06,2,10,2,0,0,0,7,0,84,54,False
deletion_A_half_s303_f2,deletion_A_half,k3_K04_K07_K08,3,1,3,0,0,0,6,0,33,3,False
deletion_A_half_s303_f2,deletion_A_half,k3_K04_K07_K08,3,5,3,0,0,0,6,0,54,24,False
deletion_A_half_s303_f2,deletion_A_half,k3_K04_K07_K08,3,10,3,0,0,0,6,0,76,46,False
deletion_A_half_s303_f2,deletion_A_half,k3_K03_K05_K09,3,1,3,0,0,0,6,0,34,4,False
deletion_A_half_s303_f2,deletion_A_half,k3_K03_K05_K09,3,5,3,0,0,0,6,0,57,27,False
deletion_A_half_s303_f2,deletion_A_half,k3_K03_K05_K09,3,10,3,0,0,0,6,0,82,52,False
deletion_A_half_s303_f2,deletion_A_half,k3_K01_K02_K06,3,1,3,0,0,0,6,0,34,4,False
deletion_A_half_s303_f2,deletion_A_half,k3_K01_K02_K06,3,5,3,0,0,0,6,0,57,27,False
deletion_A_half_s303_f2,deletion_A_half,k3_K01_K02_K06,3,10,3,0,0,0,6,0,83,53,False
deletion_A_target_delete_s303_f2,deletion_A_target_delete,k2_K04_K07,2,1,2,0,0,0,7,0,33,3,False
deletion_A_target_delete_s303_f2,deletion_A_target_delete,k2_K04_K07,2,5,2,0,0,0,7,0,55,25,False
deletion_A_target_delete_s303_f2,deletion_A_target_delete,k2_K04_K07,2,10,2,0,0,0,7,0,77,47,False
deletion_A_target_delete_s303_f2,deletion_A_target_delete,k2_K04_K08,2,1,2,0,0,0,7,0,33,3,False
deletion_A_target_delete_s303_f2,deletion_A_target_delete,k2_K04_K08,2,5,2,0,0,0,7,0,56,26,False
deletion_A_target_delete_s303_f2,deletion_A_target_delete,k2_K04_K08,2,10,2,0,0,0,7,0,77,47,False
deletion_A_target_delete_s303_f2,deletion_A_target_delete,k2_K07_K08,2,1,2,0,0,0,7,0,33,3,False
deletion_A_target_delete_s303_f2,deletion_A_target_delete,k2_K07_K08,2,5,2,0,0,0,7,0,53,23,False
deletion_A_target_delete_s303_f2,deletion_A_target_delete,k2_K07_K08,2,10,2,0,0,0,7,0,72,42,False
deletion_A_target_delete_s303_f2,deletion_A_target_delete,k2_K03_K05,2,1,2,0,0,0,7,0,33,3,False
deletion_A_target_delete_s303_f2,deletion_A_target_delete,k2_K03_K05,2,5,2,0,0,0,7,0,56,26,False
deletion_A_target_delete_s303_f2,deletion_A_target_delete,k2_K03_K05,2,10,2,0,0,0,7,0,77,47,False
deletion_A_target_delete_s303_f2,deletion_A_target_delete,k2_K03_K09,2,1,2,0,0,0,7,0,33,3,False
deletion_A_target_delete_s303_f2,deletion_A_target_delete,k2_K03_K09,2,5,2,0,0,0,7,0,59,29,False
deletion_A_target_delete_s303_f2,deletion_A_target_delete,k2_K03_K09,2,10,2,0,0,0,7,0,87,57,False
deletion_A_target_delete_s303_f2,deletion_A_target_delete,k2_K05_K09,2,1,2,0,0,0,7,0,33,3,False
deletion_A_target_delete_s303_f2,deletion_A_target_delete,k2_K05_K09,2,5,2,0,0,0,7,0,55,25,False
deletion_A_target_delete_s303_f2,deletion_A_target_delete,k2_K05_K09,2,10,2,0,0,0,7,0,76,46,False
deletion_A_target_delete_s303_f2,deletion_A_target_delete,k2_K01_K02,2,1,2,0,0,0,7,0,33,3,False
deletion_A_target_delete_s303_f2,deletion_A_target_delete,k2_K01_K02,2,5,2,0,0,0,7,0,55,25,False
deletion_A_target_delete_s303_f2,deletion_A_target_delete,k2_K01_K02,2,10,2,0,0,0,7,0,76,46,False
deletion_A_target_delete_s303_f2,deletion_A_target_delete,k2_K01_K06,2,1,2,0,0,0,7,0,33,3,False
deletion_A_target_delete_s303_f2,deletion_A_target_delete,k2_K01_K06,2,5,2,0,0,0,7,0,59,29,False
deletion_A_target_delete_s303_f2,deletion_A_target_delete,k2_K01_K06,2,10,2,0,0,0,7,0,86,56,False
deletion_A_target_delete_s303_f2,deletion_A_target_delete,k2_K02_K06,2,1,2,0,0,0,7,0,33,3,False
deletion_A_target_delete_s303_f2,deletion_A_target_delete,k2_K02_K06,2,5,2,0,0,0,7,0,58,28,False
deletion_A_target_delete_s303_f2,deletion_A_target_delete,k2_K02_K06,2,10,2,0,0,0,7,0,85,55,False
deletion_A_target_delete_s303_f2,deletion_A_target_delete,k3_K04_K07_K08,3,1,3,0,0,0,6,0,33,3,False
deletion_A_target_delete_s303_f2,deletion_A_target_delete,k3_K04_K07_K08,3,5,3,0,0,0,6,0,55,25,False
deletion_A_target_delete_s303_f2,deletion_A_target_delete,k3_K04_K07_K08,3,10,3,0,0,0,6,0,76,46,False
deletion_A_target_delete_s303_f2,deletion_A_target_delete,k3_K03_K05_K09,3,1,3,0,0,0,6,0,33,3,False
deletion_A_target_delete_s303_f2,deletion_A_target_delete,k3_K03_K05_K09,3,5,3,0,0,0,6,0,56,26,False
deletion_A_target_delete_s303_f2,deletion_A_target_delete,k3_K03_K05_K09,3,10,3,0,0,0,6,0,82,52,False
deletion_A_target_delete_s303_f2,deletion_A_target_delete,k3_K01_K02_K06,3,1,3,0,0,0,6,0,33,3,False
deletion_A_target_delete_s303_f2,deletion_A_target_delete,k3_K01_K02_K06,3,5,3,0,0,0,6,0,56,26,False
deletion_A_target_delete_s303_f2,deletion_A_target_delete,k3_K01_K02_K06,3,10,3,0,0,0,6,0,82,52,False
deletion_A_matched_delete_s303_f2,deletion_A_matched_delete,k2_K04_K07,2,1,2,0,0,0,7,0,33,4,False
deletion_A_matched_delete_s303_f2,deletion_A_matched_delete,k2_K04_K07,2,5,2,0,0,0,7,0,54,25,False
deletion_A_matched_delete_s303_f2,deletion_A_matched_delete,k2_K04_K07,2,10,2,0,0,0,7,0,75,46,False
deletion_A_matched_delete_s303_f2,deletion_A_matched_delete,k2_K04_K08,2,1,2,0,0,0,7,0,33,4,False
deletion_A_matched_delete_s303_f2,deletion_A_matched_delete,k2_K04_K08,2,5,2,0,0,0,7,0,54,25,False
deletion_A_matched_delete_s303_f2,deletion_A_matched_delete,k2_K04_K08,2,10,2,0,0,0,7,0,75,46,False
deletion_A_matched_delete_s303_f2,deletion_A_matched_delete,k2_K07_K08,2,1,2,0,0,0,7,0,33,4,False
deletion_A_matched_delete_s303_f2,deletion_A_matched_delete,k2_K07_K08,2,5,2,0,0,0,7,0,52,23,False
deletion_A_matched_delete_s303_f2,deletion_A_matched_delete,k2_K07_K08,2,10,2,0,0,0,7,0,72,43,False
deletion_A_matched_delete_s303_f2,deletion_A_matched_delete,k2_K03_K05,2,1,2,0,0,0,7,0,33,4,False
deletion_A_matched_delete_s303_f2,deletion_A_matched_delete,k2_K03_K05,2,5,2,0,0,0,7,0,54,25,False
deletion_A_matched_delete_s303_f2,deletion_A_matched_delete,k2_K03_K05,2,10,2,0,0,0,7,0,75,46,False
deletion_A_matched_delete_s303_f2,deletion_A_matched_delete,k2_K03_K09,2,1,2,0,0,0,7,0,33,4,False
deletion_A_matched_delete_s303_f2,deletion_A_matched_delete,k2_K03_K09,2,5,2,0,0,0,7,0,57,28,False
deletion_A_matched_delete_s303_f2,deletion_A_matched_delete,k2_K03_K09,2,10,2,0,0,0,7,0,83,54,False
deletion_A_matched_delete_s303_f2,deletion_A_matched_delete,k2_K05_K09,2,1,2,0,0,0,7,0,33,4,False
deletion_A_matched_delete_s303_f2,deletion_A_matched_delete,k2_K05_K09,2,5,2,0,0,0,7,0,54,25,False
deletion_A_matched_delete_s303_f2,deletion_A_matched_delete,k2_K05_K09,2,10,2,0,0,0,7,0,75,46,False
deletion_A_matched_delete_s303_f2,deletion_A_matched_delete,k2_K01_K02,2,1,2,0,0,0,7,0,33,4,False
deletion_A_matched_delete_s303_f2,deletion_A_matched_delete,k2_K01_K02,2,5,2,0,0,0,7,0,54,25,False
deletion_A_matched_delete_s303_f2,deletion_A_matched_delete,k2_K01_K02,2,10,2,0,0,0,7,0,75,46,False
deletion_A_matched_delete_s303_f2,deletion_A_matched_delete,k2_K01_K06,2,1,2,0,0,0,7,0,33,4,False
deletion_A_matched_delete_s303_f2,deletion_A_matched_delete,k2_K01_K06,2,5,2,0,0,0,7,0,57,28,False
deletion_A_matched_delete_s303_f2,deletion_A_matched_delete,k2_K01_K06,2,10,2,0,0,0,7,0,83,54,False
deletion_A_matched_delete_s303_f2,deletion_A_matched_delete,k2_K02_K06,2,1,2,0,0,0,7,0,33,4,False
deletion_A_matched_delete_s303_f2,deletion_A_matched_delete,k2_K02_K06,2,5,2,0,0,0,7,0,56,27,False
deletion_A_matched_delete_s303_f2,deletion_A_matched_delete,k2_K02_K06,2,10,2,0,0,0,7,0,81,52,False
deletion_A_matched_delete_s303_f2,deletion_A_matched_delete,k3_K04_K07_K08,3,1,3,0,0,0,6,0,33,4,False
deletion_A_matched_delete_s303_f2,deletion_A_matched_delete,k3_K04_K07_K08,3,5,3,0,0,0,6,0,54,25,False
deletion_A_matched_delete_s303_f2,deletion_A_matched_delete,k3_K04_K07_K08,3,10,3,0,0,0,6,0,74,45,False
deletion_A_matched_delete_s303_f2,deletion_A_matched_delete,k3_K03_K05_K09,3,1,3,0,0,0,6,0,33,4,False
deletion_A_matched_delete_s303_f2,deletion_A_matched_delete,k3_K03_K05_K09,3,5,3,0,0,0,6,0,55,26,False
deletion_A_matched_delete_s303_f2,deletion_A_matched_delete,k3_K03_K05_K09,3,10,3,0,0,0,6,0,76,47,False
deletion_A_matched_delete_s303_f2,deletion_A_matched_delete,k3_K01_K02_K06,3,1,3,0,0,0,6,0,33,4,False
deletion_A_matched_delete_s303_f2,deletion_A_matched_delete,k3_K01_K02_K06,3,5,3,0,0,0,6,0,55,26,False
deletion_A_matched_delete_s303_f2,deletion_A_matched_delete,k3_K01_K02_K06,3,10,3,0,0,0,6,0,79,50,False
deletion_C_keep_s303_f2,deletion_C_keep,k2_K04_K07,2,1,2,0,0,0,7,0,28,3,False
deletion_C_keep_s303_f2,deletion_C_keep,k2_K04_K07,2,5,2,0,0,0,7,0,42,17,False
deletion_C_keep_s303_f2,deletion_C_keep,k2_K04_K07,2,10,2,0,0,0,7,0,70,45,False
deletion_C_keep_s303_f2,deletion_C_keep,k2_K04_K08,2,1,2,0,0,0,7,0,28,3,False
deletion_C_keep_s303_f2,deletion_C_keep,k2_K04_K08,2,5,2,0,0,0,7,0,42,17,False
deletion_C_keep_s303_f2,deletion_C_keep,k2_K04_K08,2,10,2,0,0,0,7,0,70,45,False
deletion_C_keep_s303_f2,deletion_C_keep,k2_K07_K08,2,1,2,0,0,0,7,0,28,3,False
deletion_C_keep_s303_f2,deletion_C_keep,k2_K07_K08,2,5,2,0,0,0,7,0,41,16,False
deletion_C_keep_s303_f2,deletion_C_keep,k2_K07_K08,2,10,2,0,0,0,7,0,65,40,False
deletion_C_keep_s303_f2,deletion_C_keep,k2_K03_K05,2,1,2,0,0,0,7,0,28,3,False
deletion_C_keep_s303_f2,deletion_C_keep,k2_K03_K05,2,5,2,0,0,0,7,0,42,17,False
deletion_C_keep_s303_f2,deletion_C_keep,k2_K03_K05,2,10,2,0,0,0,7,0,70,45,False
deletion_C_keep_s303_f2,deletion_C_keep,k2_K03_K09,2,1,2,0,0,0,7,0,28,3,False
deletion_C_keep_s303_f2,deletion_C_keep,k2_K03_K09,2,5,2,0,0,0,7,0,45,20,False
deletion_C_keep_s303_f2,deletion_C_keep,k2_K03_K09,2,10,2,0,0,0,7,0,73,48,False
deletion_C_keep_s303_f2,deletion_C_keep,k2_K05_K09,2,1,2,0,0,0,7,0,28,3,False
deletion_C_keep_s303_f2,deletion_C_keep,k2_K05_K09,2,5,2,0,0,0,7,0,42,17,False
deletion_C_keep_s303_f2,deletion_C_keep,k2_K05_K09,2,10,2,0,0,0,7,0,70,45,False
deletion_C_keep_s303_f2,deletion_C_keep,k2_K01_K02,2,1,2,0,0,0,7,0,28,3,False
deletion_C_keep_s303_f2,deletion_C_keep,k2_K01_K02,2,5,2,0,0,0,7,0,42,17,False
deletion_C_keep_s303_f2,deletion_C_keep,k2_K01_K02,2,10,2,0,0,0,7,0,70,45,False
deletion_C_keep_s303_f2,deletion_C_keep,k2_K01_K06,2,1,2,0,0,0,7,0,28,3,False
deletion_C_keep_s303_f2,deletion_C_keep,k2_K01_K06,2,5,2,0,0,0,7,0,45,20,False
deletion_C_keep_s303_f2,deletion_C_keep,k2_K01_K06,2,10,2,0,0,0,7,0,72,47,False
deletion_C_keep_s303_f2,deletion_C_keep,k2_K02_K06,2,1,2,0,0,0,7,0,28,3,False
deletion_C_keep_s303_f2,deletion_C_keep,k2_K02_K06,2,5,2,0,0,0,7,0,45,20,False
deletion_C_keep_s303_f2,deletion_C_keep,k2_K02_K06,2,10,2,0,0,0,7,0,70,45,False
deletion_C_keep_s303_f2,deletion_C_keep,k3_K04_K07_K08,3,1,3,0,0,0,6,0,28,3,False
deletion_C_keep_s303_f2,deletion_C_keep,k3_K04_K07_K08,3,5,3,0,0,0,6,0,42,17,False
deletion_C_keep_s303_f2,deletion_C_keep,k3_K04_K07_K08,3,10,3,0,0,0,6,0,69,44,False
deletion_C_keep_s303_f2,deletion_C_keep,k3_K03_K05_K09,3,1,3,0,0,0,6,0,28,3,False
deletion_C_keep_s303_f2,deletion_C_keep,k3_K03_K05_K09,3,5,3,0,0,0,6,0,44,19,False
deletion_C_keep_s303_f2,deletion_C_keep,k3_K03_K05_K09,3,10,3,0,0,0,6,0,70,45,False
deletion_C_keep_s303_f2,deletion_C_keep,k3_K01_K02_K06,3,1,3,0,0,0,6,0,28,3,False
deletion_C_keep_s303_f2,deletion_C_keep,k3_K01_K02_K06,3,5,3,0,0,0,6,0,44,19,False
deletion_C_keep_s303_f2,deletion_C_keep,k3_K01_K02_K06,3,10,3,0,0,0,6,0,70,45,False
deletion_C_half_s303_f2,deletion_C_half,k2_K04_K07,2,1,2,0,1,0,7,0,21,0,False
deletion_C_half_s303_f2,deletion_C_half,k2_K04_K07,2,5,2,1,1,1,7,0,31,10,False
deletion_C_half_s303_f2,deletion_C_half,k2_K04_K07,2,10,2,1,1,1,7,0,51,30,False
deletion_C_half_s303_f2,deletion_C_half,k2_K04_K08,2,1,2,0,1,0,7,0,21,0,False
deletion_C_half_s303_f2,deletion_C_half,k2_K04_K08,2,5,2,1,1,1,7,0,31,10,False
deletion_C_half_s303_f2,deletion_C_half,k2_K04_K08,2,10,2,1,1,1,7,0,52,31,False
deletion_C_half_s303_f2,deletion_C_half,k2_K07_K08,2,1,2,0,1,0,7,0,21,0,False
deletion_C_half_s303_f2,deletion_C_half,k2_K07_K08,2,5,2,1,1,1,7,0,31,10,False
deletion_C_half_s303_f2,deletion_C_half,k2_K07_K08,2,10,2,1,1,1,7,0,49,28,False
deletion_C_half_s303_f2,deletion_C_half,k2_K03_K05,2,1,2,0,1,0,7,0,21,0,False
deletion_C_half_s303_f2,deletion_C_half,k2_K03_K05,2,5,2,1,1,1,7,0,31,10,False
deletion_C_half_s303_f2,deletion_C_half,k2_K03_K05,2,10,2,1,1,1,7,0,52,31,False
deletion_C_half_s303_f2,deletion_C_half,k2_K03_K09,2,1,2,0,1,0,7,0,21,0,False
deletion_C_half_s303_f2,deletion_C_half,k2_K03_K09,2,5,2,1,1,1,7,0,33,12,False
deletion_C_half_s303_f2,deletion_C_half,k2_K03_K09,2,10,2,1,1,1,7,0,56,35,False
deletion_C_half_s303_f2,deletion_C_half,k2_K05_K09,2,1,2,0,1,0,7,0,21,0,False
deletion_C_half_s303_f2,deletion_C_half,k2_K05_K09,2,5,2,1,1,1,7,0,31,10,False
deletion_C_half_s303_f2,deletion_C_half,k2_K05_K09,2,10,2,1,1,1,7,0,51,30,False
deletion_C_half_s303_f2,deletion_C_half,k2_K01_K02,2,1,2,0,1,0,7,0,21,0,False
deletion_C_half_s303_f2,deletion_C_half,k2_K01_K02,2,5,2,1,1,1,7,0,31,10,False
deletion_C_half_s303_f2,deletion_C_half,k2_K01_K02,2,10,2,1,1,1,7,0,51,30,False
deletion_C_half_s303_f2,deletion_C_half,k2_K01_K06,2,1,1,0,0,0,7,0,21,0,False
deletion_C_half_s303_f2,deletion_C_half,k2_K01_K06,2,5,2,0,0,0,7,0,33,12,False
deletion_C_half_s303_f2,deletion_C_half,k2_K01_K06,2,10,2,0,0,0,7,0,55,34,False
deletion_C_half_s303_f2,deletion_C_half,k2_K02_K06,2,1,1,0,0,0,7,0,21,0,False
deletion_C_half_s303_f2,deletion_C_half,k2_K02_K06,2,5,2,0,0,0,7,0,33,12,False
deletion_C_half_s303_f2,deletion_C_half,k2_K02_K06,2,10,2,0,0,0,7,0,54,33,False
deletion_C_half_s303_f2,deletion_C_half,k3_K04_K07_K08,3,1,3,0,1,0,6,0,21,0,False
deletion_C_half_s303_f2,deletion_C_half,k3_K04_K07_K08,3,5,3,1,1,1,6,0,31,10,False
deletion_C_half_s303_f2,deletion_C_half,k3_K04_K07_K08,3,10,3,1,1,1,6,0,51,30,False
deletion_C_half_s303_f2,deletion_C_half,k3_K03_K05_K09,3,1,3,0,1,0,6,0,21,0,False
deletion_C_half_s303_f2,deletion_C_half,k3_K03_K05_K09,3,5,3,1,1,1,6,0,32,11,False
deletion_C_half_s303_f2,deletion_C_half,k3_K03_K05_K09,3,10,3,1,1,1,6,0,53,32,False
deletion_C_half_s303_f2,deletion_C_half,k3_K01_K02_K06,3,1,2,0,0,0,6,0,21,0,False
deletion_C_half_s303_f2,deletion_C_half,k3_K01_K02_K06,3,5,3,0,0,0,6,0,33,12,False
deletion_C_half_s303_f2,deletion_C_half,k3_K01_K02_K06,3,10,3,0,0,0,6,0,54,33,False
deletion_C_target_delete_s303_f2,deletion_C_target_delete,k2_K04_K07,2,1,2,0,0,0,7,0,29,5,False
deletion_C_target_delete_s303_f2,deletion_C_target_delete,k2_K04_K07,2,5,2,0,0,0,7,0,43,19,False
deletion_C_target_delete_s303_f2,deletion_C_target_delete,k2_K04_K07,2,10,2,0,0,0,7,0,69,45,False
deletion_C_target_delete_s303_f2,deletion_C_target_delete,k2_K04_K08,2,1,2,0,0,0,7,0,29,5,False
deletion_C_target_delete_s303_f2,deletion_C_target_delete,k2_K04_K08,2,5,2,0,0,0,7,0,43,19,False
deletion_C_target_delete_s303_f2,deletion_C_target_delete,k2_K04_K08,2,10,2,0,0,0,7,0,69,45,False
deletion_C_target_delete_s303_f2,deletion_C_target_delete,k2_K07_K08,2,1,2,0,0,0,7,0,29,5,False
deletion_C_target_delete_s303_f2,deletion_C_target_delete,k2_K07_K08,2,5,2,0,0,0,7,0,41,17,False
deletion_C_target_delete_s303_f2,deletion_C_target_delete,k2_K07_K08,2,10,2,0,0,0,7,0,66,42,False
deletion_C_target_delete_s303_f2,deletion_C_target_delete,k2_K03_K05,2,1,2,0,0,0,7,0,29,5,False
deletion_C_target_delete_s303_f2,deletion_C_target_delete,k2_K03_K05,2,5,2,0,0,0,7,0,43,19,False
deletion_C_target_delete_s303_f2,deletion_C_target_delete,k2_K03_K05,2,10,2,0,0,0,7,0,70,46,False
deletion_C_target_delete_s303_f2,deletion_C_target_delete,k2_K03_K09,2,1,2,0,0,0,7,0,29,5,False
deletion_C_target_delete_s303_f2,deletion_C_target_delete,k2_K03_K09,2,5,2,0,0,0,7,0,48,24,False
deletion_C_target_delete_s303_f2,deletion_C_target_delete,k2_K03_K09,2,10,2,0,0,0,7,0,74,50,False
deletion_C_target_delete_s303_f2,deletion_C_target_delete,k2_K05_K09,2,1,2,0,0,0,7,0,29,5,False
deletion_C_target_delete_s303_f2,deletion_C_target_delete,k2_K05_K09,2,5,2,0,0,0,7,0,43,19,False
deletion_C_target_delete_s303_f2,deletion_C_target_delete,k2_K05_K09,2,10,2,0,0,0,7,0,69,45,False
deletion_C_target_delete_s303_f2,deletion_C_target_delete,k2_K01_K02,2,1,2,0,0,0,7,0,29,5,False
deletion_C_target_delete_s303_f2,deletion_C_target_delete,k2_K01_K02,2,5,2,0,0,0,7,0,43,19,False
deletion_C_target_delete_s303_f2,deletion_C_target_delete,k2_K01_K02,2,10,2,0,0,0,7,0,69,45,False
deletion_C_target_delete_s303_f2,deletion_C_target_delete,k2_K01_K06,2,1,2,0,0,0,7,0,29,5,False
deletion_C_target_delete_s303_f2,deletion_C_target_delete,k2_K01_K06,2,5,2,0,0,0,7,0,48,24,False
deletion_C_target_delete_s303_f2,deletion_C_target_delete,k2_K01_K06,2,10,2,0,0,0,7,0,74,50,False
deletion_C_target_delete_s303_f2,deletion_C_target_delete,k2_K02_K06,2,1,2,0,0,0,7,0,29,5,False
deletion_C_target_delete_s303_f2,deletion_C_target_delete,k2_K02_K06,2,5,2,0,0,0,7,0,46,22,False
deletion_C_target_delete_s303_f2,deletion_C_target_delete,k2_K02_K06,2,10,2,0,0,0,7,0,73,49,False
deletion_C_target_delete_s303_f2,deletion_C_target_delete,k3_K04_K07_K08,3,1,3,0,0,0,6,0,29,5,False
deletion_C_target_delete_s303_f2,deletion_C_target_delete,k3_K04_K07_K08,3,5,3,0,0,0,6,0,43,19,False
deletion_C_target_delete_s303_f2,deletion_C_target_delete,k3_K04_K07_K08,3,10,3,0,0,0,6,0,69,45,False
deletion_C_target_delete_s303_f2,deletion_C_target_delete,k3_K03_K05_K09,3,1,3,0,0,0,6,0,29,5,False
deletion_C_target_delete_s303_f2,deletion_C_target_delete,k3_K03_K05_K09,3,5,3,0,0,0,6,0,44,20,False
deletion_C_target_delete_s303_f2,deletion_C_target_delete,k3_K03_K05_K09,3,10,3,0,0,0,6,0,70,46,False
deletion_C_target_delete_s303_f2,deletion_C_target_delete,k3_K01_K02_K06,3,1,3,0,0,0,6,0,29,5,False
deletion_C_target_delete_s303_f2,deletion_C_target_delete,k3_K01_K02_K06,3,5,3,0,0,0,6,0,46,22,False
deletion_C_target_delete_s303_f2,deletion_C_target_delete,k3_K01_K02_K06,3,10,3,0,0,0,6,0,71,47,False
deletion_C_matched_delete_s303_f2,deletion_C_matched_delete,k2_K04_K07,2,1,2,1,1,1,7,0,28,4,False
deletion_C_matched_delete_s303_f2,deletion_C_matched_delete,k2_K04_K07,2,5,2,1,1,1,7,0,43,19,False
deletion_C_matched_delete_s303_f2,deletion_C_matched_delete,k2_K04_K07,2,10,2,1,1,1,7,0,70,46,False
deletion_C_matched_delete_s303_f2,deletion_C_matched_delete,k2_K04_K08,2,1,2,1,1,1,7,0,28,4,False
deletion_C_matched_delete_s303_f2,deletion_C_matched_delete,k2_K04_K08,2,5,2,1,1,1,7,0,43,19,False
deletion_C_matched_delete_s303_f2,deletion_C_matched_delete,k2_K04_K08,2,10,2,1,1,1,7,0,70,46,False
deletion_C_matched_delete_s303_f2,deletion_C_matched_delete,k2_K07_K08,2,1,2,1,1,1,7,0,28,4,False
deletion_C_matched_delete_s303_f2,deletion_C_matched_delete,k2_K07_K08,2,5,2,1,1,1,7,0,41,17,False
deletion_C_matched_delete_s303_f2,deletion_C_matched_delete,k2_K07_K08,2,10,2,1,1,1,7,0,65,41,False
deletion_C_matched_delete_s303_f2,deletion_C_matched_delete,k2_K03_K05,2,1,2,1,1,1,7,0,28,4,False
deletion_C_matched_delete_s303_f2,deletion_C_matched_delete,k2_K03_K05,2,5,2,1,1,1,7,0,43,19,False
deletion_C_matched_delete_s303_f2,deletion_C_matched_delete,k2_K03_K05,2,10,2,1,1,1,7,0,70,46,False
deletion_C_matched_delete_s303_f2,deletion_C_matched_delete,k2_K03_K09,2,1,2,1,1,1,7,0,28,4,False
deletion_C_matched_delete_s303_f2,deletion_C_matched_delete,k2_K03_K09,2,5,2,1,1,1,7,0,44,20,False
deletion_C_matched_delete_s303_f2,deletion_C_matched_delete,k2_K03_K09,2,10,2,1,1,1,7,0,74,50,False
deletion_C_matched_delete_s303_f2,deletion_C_matched_delete,k2_K05_K09,2,1,2,1,1,1,7,0,28,4,False
deletion_C_matched_delete_s303_f2,deletion_C_matched_delete,k2_K05_K09,2,5,2,1,1,1,7,0,43,19,False
deletion_C_matched_delete_s303_f2,deletion_C_matched_delete,k2_K05_K09,2,10,2,1,1,1,7,0,70,46,False
deletion_C_matched_delete_s303_f2,deletion_C_matched_delete,k2_K01_K02,2,1,2,1,1,1,7,0,28,4,False
deletion_C_matched_delete_s303_f2,deletion_C_matched_delete,k2_K01_K02,2,5,2,1,1,1,7,0,43,19,False
deletion_C_matched_delete_s303_f2,deletion_C_matched_delete,k2_K01_K02,2,10,2,1,1,1,7,0,70,46,False
deletion_C_matched_delete_s303_f2,deletion_C_matched_delete,k2_K01_K06,2,1,2,0,0,0,7,0,28,4,False
deletion_C_matched_delete_s303_f2,deletion_C_matched_delete,k2_K01_K06,2,5,2,0,0,0,7,0,44,20,False
deletion_C_matched_delete_s303_f2,deletion_C_matched_delete,k2_K01_K06,2,10,2,0,0,0,7,0,72,48,False
deletion_C_matched_delete_s303_f2,deletion_C_matched_delete,k2_K02_K06,2,1,2,0,0,0,7,0,28,4,False
deletion_C_matched_delete_s303_f2,deletion_C_matched_delete,k2_K02_K06,2,5,2,0,0,0,7,0,44,20,False
deletion_C_matched_delete_s303_f2,deletion_C_matched_delete,k2_K02_K06,2,10,2,0,0,0,7,0,72,48,False
deletion_C_matched_delete_s303_f2,deletion_C_matched_delete,k3_K04_K07_K08,3,1,3,1,1,1,6,0,28,4,False
deletion_C_matched_delete_s303_f2,deletion_C_matched_delete,k3_K04_K07_K08,3,5,3,1,1,1,6,0,42,18,False
deletion_C_matched_delete_s303_f2,deletion_C_matched_delete,k3_K04_K07_K08,3,10,3,1,1,1,6,0,69,45,False
deletion_C_matched_delete_s303_f2,deletion_C_matched_delete,k3_K03_K05_K09,3,1,3,1,1,1,6,0,28,4,False
deletion_C_matched_delete_s303_f2,deletion_C_matched_delete,k3_K03_K05_K09,3,5,3,1,1,1,6,0,44,20,False
deletion_C_matched_delete_s303_f2,deletion_C_matched_delete,k3_K03_K05_K09,3,10,3,1,1,1,6,0,70,46,False
deletion_C_matched_delete_s303_f2,deletion_C_matched_delete,k3_K01_K02_K06,3,1,3,0,0,0,6,0,28,4,False
deletion_C_matched_delete_s303_f2,deletion_C_matched_delete,k3_K01_K02_K06,3,5,3,0,0,0,6,0,44,20,False
deletion_C_matched_delete_s303_f2,deletion_C_matched_delete,k3_K01_K02_K06,3,10,3,0,0,0,6,0,71,47,False
deletion_A_keep_s404_f0,deletion_A_keep,k2_K04_K07,2,1,2,1,1,1,7,0,35,3,False
deletion_A_keep_s404_f0,deletion_A_keep,k2_K04_K07,2,5,2,1,1,1,7,0,48,16,False
deletion_A_keep_s404_f0,deletion_A_keep,k2_K04_K07,2,10,2,1,1,1,7,0,58,26,False
deletion_A_keep_s404_f0,deletion_A_keep,k2_K04_K08,2,1,2,1,1,1,7,0,35,3,False
deletion_A_keep_s404_f0,deletion_A_keep,k2_K04_K08,2,5,2,1,1,1,7,0,49,17,False
deletion_A_keep_s404_f0,deletion_A_keep,k2_K04_K08,2,10,2,1,1,1,7,0,60,28,False
deletion_A_keep_s404_f0,deletion_A_keep,k2_K07_K08,2,1,2,1,1,1,7,0,34,2,False
deletion_A_keep_s404_f0,deletion_A_keep,k2_K07_K08,2,5,2,1,1,1,7,0,46,14,False
deletion_A_keep_s404_f0,deletion_A_keep,k2_K07_K08,2,10,2,1,1,1,7,0,57,25,False
deletion_A_keep_s404_f0,deletion_A_keep,k2_K03_K05,2,1,2,1,1,1,7,0,35,3,False
deletion_A_keep_s404_f0,deletion_A_keep,k2_K03_K05,2,5,2,1,1,1,7,0,49,17,False
deletion_A_keep_s404_f0,deletion_A_keep,k2_K03_K05,2,10,2,1,1,1,7,0,60,28,False
deletion_A_keep_s404_f0,deletion_A_keep,k2_K03_K09,2,1,2,1,1,1,7,0,35,3,False
deletion_A_keep_s404_f0,deletion_A_keep,k2_K03_K09,2,5,2,1,1,1,7,0,49,17,False
deletion_A_keep_s404_f0,deletion_A_keep,k2_K03_K09,2,10,2,1,1,1,7,0,62,30,False
deletion_A_keep_s404_f0,deletion_A_keep,k2_K05_K09,2,1,2,1,1,1,7,0,35,3,False
deletion_A_keep_s404_f0,deletion_A_keep,k2_K05_K09,2,5,2,1,1,1,7,0,48,16,False
deletion_A_keep_s404_f0,deletion_A_keep,k2_K05_K09,2,10,2,1,1,1,7,0,59,27,False
deletion_A_keep_s404_f0,deletion_A_keep,k2_K01_K02,2,1,2,1,1,1,7,0,35,3,False
deletion_A_keep_s404_f0,deletion_A_keep,k2_K01_K02,2,5,2,1,1,1,7,0,49,17,False
deletion_A_keep_s404_f0,deletion_A_keep,k2_K01_K02,2,10,2,1,1,1,7,0,59,27,False
deletion_A_keep_s404_f0,deletion_A_keep,k2_K01_K06,2,1,2,0,0,0,7,0,35,3,False
deletion_A_keep_s404_f0,deletion_A_keep,k2_K01_K06,2,5,2,0,0,0,7,0,49,17,False
deletion_A_keep_s404_f0,deletion_A_keep,k2_K01_K06,2,10,2,0,0,0,7,0,62,30,False
deletion_A_keep_s404_f0,deletion_A_keep,k2_K02_K06,2,1,2,0,0,0,7,0,35,3,False
deletion_A_keep_s404_f0,deletion_A_keep,k2_K02_K06,2,5,2,0,0,0,7,0,49,17,False
deletion_A_keep_s404_f0,deletion_A_keep,k2_K02_K06,2,10,2,0,0,0,7,0,62,30,False
deletion_A_keep_s404_f0,deletion_A_keep,k3_K04_K07_K08,3,1,3,1,1,1,6,0,35,3,False
deletion_A_keep_s404_f0,deletion_A_keep,k3_K04_K07_K08,3,5,3,1,1,1,6,0,48,16,False
deletion_A_keep_s404_f0,deletion_A_keep,k3_K04_K07_K08,3,10,3,1,1,1,6,0,59,27,False
deletion_A_keep_s404_f0,deletion_A_keep,k3_K03_K05_K09,3,1,3,1,1,1,6,0,35,3,False
deletion_A_keep_s404_f0,deletion_A_keep,k3_K03_K05_K09,3,5,3,1,1,1,6,0,49,17,False
deletion_A_keep_s404_f0,deletion_A_keep,k3_K03_K05_K09,3,10,3,1,1,1,6,0,60,28,False
deletion_A_keep_s404_f0,deletion_A_keep,k3_K01_K02_K06,3,1,3,0,0,0,6,0,35,3,False
deletion_A_keep_s404_f0,deletion_A_keep,k3_K01_K02_K06,3,5,3,0,0,0,6,0,49,17,False
deletion_A_keep_s404_f0,deletion_A_keep,k3_K01_K02_K06,3,10,3,0,0,0,6,0,61,29,False
deletion_A_half_s404_f0,deletion_A_half,k2_K04_K07,2,1,2,1,2,1,7,0,32,7,False
deletion_A_half_s404_f0,deletion_A_half,k2_K04_K07,2,5,2,2,2,2,7,0,43,18,False
deletion_A_half_s404_f0,deletion_A_half,k2_K04_K07,2,10,2,2,2,2,7,0,54,29,False
deletion_A_half_s404_f0,deletion_A_half,k2_K04_K08,2,1,2,1,2,1,7,0,32,7,False
deletion_A_half_s404_f0,deletion_A_half,k2_K04_K08,2,5,2,2,2,2,7,0,44,19,False
deletion_A_half_s404_f0,deletion_A_half,k2_K04_K08,2,10,2,2,2,2,7,0,55,30,False
deletion_A_half_s404_f0,deletion_A_half,k2_K07_K08,2,1,2,1,2,1,7,0,31,6,False
deletion_A_half_s404_f0,deletion_A_half,k2_K07_K08,2,5,2,2,2,2,7,0,42,17,False
deletion_A_half_s404_f0,deletion_A_half,k2_K07_K08,2,10,2,2,2,2,7,0,52,27,False
deletion_A_half_s404_f0,deletion_A_half,k2_K03_K05,2,1,2,0,1,0,7,0,32,7,False
deletion_A_half_s404_f0,deletion_A_half,k2_K03_K05,2,5,2,1,1,1,7,0,44,19,False
deletion_A_half_s404_f0,deletion_A_half,k2_K03_K05,2,10,2,1,1,1,7,0,55,30,False
deletion_A_half_s404_f0,deletion_A_half,k2_K03_K09,2,1,2,1,1,1,7,0,32,7,False
deletion_A_half_s404_f0,deletion_A_half,k2_K03_K09,2,5,2,1,1,1,7,0,45,20,False
deletion_A_half_s404_f0,deletion_A_half,k2_K03_K09,2,10,2,1,1,1,7,0,57,32,False
deletion_A_half_s404_f0,deletion_A_half,k2_K05_K09,2,1,2,1,2,1,7,0,32,7,False
deletion_A_half_s404_f0,deletion_A_half,k2_K05_K09,2,5,2,2,2,2,7,0,44,19,False
deletion_A_half_s404_f0,deletion_A_half,k2_K05_K09,2,10,2,2,2,2,7,0,55,30,False
deletion_A_half_s404_f0,deletion_A_half,k2_K01_K02,2,1,2,1,2,1,7,0,32,7,False
deletion_A_half_s404_f0,deletion_A_half,k2_K01_K02,2,5,2,2,2,2,7,0,44,19,False
deletion_A_half_s404_f0,deletion_A_half,k2_K01_K02,2,10,2,2,2,2,7,0,55,30,False
deletion_A_half_s404_f0,deletion_A_half,k2_K01_K06,2,1,2,1,1,1,7,0,32,7,False
deletion_A_half_s404_f0,deletion_A_half,k2_K01_K06,2,5,2,1,1,1,7,0,45,20,False
deletion_A_half_s404_f0,deletion_A_half,k2_K01_K06,2,10,2,1,1,1,7,0,57,32,False
deletion_A_half_s404_f0,deletion_A_half,k2_K02_K06,2,1,2,1,1,1,7,0,32,7,False
deletion_A_half_s404_f0,deletion_A_half,k2_K02_K06,2,5,2,1,1,1,7,0,45,20,False
deletion_A_half_s404_f0,deletion_A_half,k2_K02_K06,2,10,2,1,1,1,7,0,56,31,False
deletion_A_half_s404_f0,deletion_A_half,k3_K04_K07_K08,3,1,3,1,2,1,6,0,32,7,False
deletion_A_half_s404_f0,deletion_A_half,k3_K04_K07_K08,3,5,3,2,2,2,6,0,44,19,False
deletion_A_half_s404_f0,deletion_A_half,k3_K04_K07_K08,3,10,3,2,2,2,6,0,54,29,False
deletion_A_half_s404_f0,deletion_A_half,k3_K03_K05_K09,3,1,3,0,1,0,6,0,32,7,False
deletion_A_half_s404_f0,deletion_A_half,k3_K03_K05_K09,3,5,3,1,1,1,6,0,44,19,False
deletion_A_half_s404_f0,deletion_A_half,k3_K03_K05_K09,3,10,3,1,1,1,6,0,55,30,False
deletion_A_half_s404_f0,deletion_A_half,k3_K01_K02_K06,3,1,3,1,1,1,6,0,32,7,False
deletion_A_half_s404_f0,deletion_A_half,k3_K01_K02_K06,3,5,3,1,1,1,6,0,45,20,False
deletion_A_half_s404_f0,deletion_A_half,k3_K01_K02_K06,3,10,3,1,1,1,6,0,56,31,False
deletion_A_target_delete_s404_f0,deletion_A_target_delete,k2_K04_K07,2,1,2,1,2,1,7,0,30,6,False
deletion_A_target_delete_s404_f0,deletion_A_target_delete,k2_K04_K07,2,5,2,2,2,2,7,0,43,19,False
deletion_A_target_delete_s404_f0,deletion_A_target_delete,k2_K04_K07,2,10,2,2,2,2,7,0,53,29,False
deletion_A_target_delete_s404_f0,deletion_A_target_delete,k2_K04_K08,2,1,2,1,2,1,7,0,30,6,False
deletion_A_target_delete_s404_f0,deletion_A_target_delete,k2_K04_K08,2,5,2,2,2,2,7,0,44,20,False
deletion_A_target_delete_s404_f0,deletion_A_target_delete,k2_K04_K08,2,10,2,2,2,2,7,0,54,30,False
deletion_A_target_delete_s404_f0,deletion_A_target_delete,k2_K07_K08,2,1,2,1,2,1,7,0,30,6,False
deletion_A_target_delete_s404_f0,deletion_A_target_delete,k2_K07_K08,2,5,2,2,2,2,7,0,42,18,False
deletion_A_target_delete_s404_f0,deletion_A_target_delete,k2_K07_K08,2,10,2,2,2,2,7,0,51,27,False
deletion_A_target_delete_s404_f0,deletion_A_target_delete,k2_K03_K05,2,1,2,0,1,0,7,0,30,6,False
deletion_A_target_delete_s404_f0,deletion_A_target_delete,k2_K03_K05,2,5,2,1,1,1,7,0,44,20,False
deletion_A_target_delete_s404_f0,deletion_A_target_delete,k2_K03_K05,2,10,2,1,1,1,7,0,54,30,False
deletion_A_target_delete_s404_f0,deletion_A_target_delete,k2_K03_K09,2,1,2,0,1,0,7,0,30,6,False
deletion_A_target_delete_s404_f0,deletion_A_target_delete,k2_K03_K09,2,5,2,1,1,1,7,0,45,21,False
deletion_A_target_delete_s404_f0,deletion_A_target_delete,k2_K03_K09,2,10,2,1,1,1,7,0,57,33,False
deletion_A_target_delete_s404_f0,deletion_A_target_delete,k2_K05_K09,2,1,2,1,2,1,7,0,30,6,False
deletion_A_target_delete_s404_f0,deletion_A_target_delete,k2_K05_K09,2,5,2,2,2,2,7,0,44,20,False
deletion_A_target_delete_s404_f0,deletion_A_target_delete,k2_K05_K09,2,10,2,2,2,2,7,0,53,29,False
deletion_A_target_delete_s404_f0,deletion_A_target_delete,k2_K01_K02,2,1,2,1,2,1,7,0,30,6,False
deletion_A_target_delete_s404_f0,deletion_A_target_delete,k2_K01_K02,2,5,2,2,2,2,7,0,44,20,False
deletion_A_target_delete_s404_f0,deletion_A_target_delete,k2_K01_K02,2,10,2,2,2,2,7,0,53,29,False
deletion_A_target_delete_s404_f0,deletion_A_target_delete,k2_K01_K06,2,1,1,1,1,1,7,0,30,6,False
deletion_A_target_delete_s404_f0,deletion_A_target_delete,k2_K01_K06,2,5,2,1,1,1,7,0,45,21,False
deletion_A_target_delete_s404_f0,deletion_A_target_delete,k2_K01_K06,2,10,2,1,1,1,7,0,57,33,False
deletion_A_target_delete_s404_f0,deletion_A_target_delete,k2_K02_K06,2,1,1,1,1,1,7,0,30,6,False
deletion_A_target_delete_s404_f0,deletion_A_target_delete,k2_K02_K06,2,5,2,1,1,1,7,0,45,21,False
deletion_A_target_delete_s404_f0,deletion_A_target_delete,k2_K02_K06,2,10,2,1,1,1,7,0,56,32,False
deletion_A_target_delete_s404_f0,deletion_A_target_delete,k3_K04_K07_K08,3,1,3,1,2,1,6,0,30,6,False
deletion_A_target_delete_s404_f0,deletion_A_target_delete,k3_K04_K07_K08,3,5,3,2,2,2,6,0,43,19,False
deletion_A_target_delete_s404_f0,deletion_A_target_delete,k3_K04_K07_K08,3,10,3,2,2,2,6,0,53,29,False
deletion_A_target_delete_s404_f0,deletion_A_target_delete,k3_K03_K05_K09,3,1,3,0,1,0,6,0,30,6,False
deletion_A_target_delete_s404_f0,deletion_A_target_delete,k3_K03_K05_K09,3,5,3,1,1,1,6,0,44,20,False
deletion_A_target_delete_s404_f0,deletion_A_target_delete,k3_K03_K05_K09,3,10,3,1,1,1,6,0,54,30,False
deletion_A_target_delete_s404_f0,deletion_A_target_delete,k3_K01_K02_K06,3,1,2,1,1,1,6,0,30,6,False
deletion_A_target_delete_s404_f0,deletion_A_target_delete,k3_K01_K02_K06,3,5,3,1,1,1,6,0,44,20,False
deletion_A_target_delete_s404_f0,deletion_A_target_delete,k3_K01_K02_K06,3,10,3,1,1,1,6,0,54,30,False
deletion_A_matched_delete_s404_f0,deletion_A_matched_delete,k2_K04_K07,2,1,2,1,1,1,7,0,35,3,False
deletion_A_matched_delete_s404_f0,deletion_A_matched_delete,k2_K04_K07,2,5,2,1,1,1,7,0,48,16,False
deletion_A_matched_delete_s404_f0,deletion_A_matched_delete,k2_K04_K07,2,10,2,1,1,1,7,0,59,27,False
deletion_A_matched_delete_s404_f0,deletion_A_matched_delete,k2_K04_K08,2,1,2,1,1,1,7,0,35,3,False
deletion_A_matched_delete_s404_f0,deletion_A_matched_delete,k2_K04_K08,2,5,2,1,1,1,7,0,50,18,False
deletion_A_matched_delete_s404_f0,deletion_A_matched_delete,k2_K04_K08,2,10,2,1,1,1,7,0,61,29,False
deletion_A_matched_delete_s404_f0,deletion_A_matched_delete,k2_K07_K08,2,1,2,1,1,1,7,0,34,2,False
deletion_A_matched_delete_s404_f0,deletion_A_matched_delete,k2_K07_K08,2,5,2,1,1,1,7,0,47,15,False
deletion_A_matched_delete_s404_f0,deletion_A_matched_delete,k2_K07_K08,2,10,2,1,1,1,7,0,57,25,False
deletion_A_matched_delete_s404_f0,deletion_A_matched_delete,k2_K03_K05,2,1,2,1,1,1,7,0,35,3,False
deletion_A_matched_delete_s404_f0,deletion_A_matched_delete,k2_K03_K05,2,5,2,1,1,1,7,0,49,17,False
deletion_A_matched_delete_s404_f0,deletion_A_matched_delete,k2_K03_K05,2,10,2,1,1,1,7,0,61,29,False
deletion_A_matched_delete_s404_f0,deletion_A_matched_delete,k2_K03_K09,2,1,2,1,1,1,7,0,35,3,False
deletion_A_matched_delete_s404_f0,deletion_A_matched_delete,k2_K03_K09,2,5,2,1,1,1,7,0,50,18,False
deletion_A_matched_delete_s404_f0,deletion_A_matched_delete,k2_K03_K09,2,10,2,1,1,1,7,0,63,31,False
deletion_A_matched_delete_s404_f0,deletion_A_matched_delete,k2_K05_K09,2,1,2,1,1,1,7,0,35,3,False
deletion_A_matched_delete_s404_f0,deletion_A_matched_delete,k2_K05_K09,2,5,2,1,1,1,7,0,48,16,False
deletion_A_matched_delete_s404_f0,deletion_A_matched_delete,k2_K05_K09,2,10,2,1,1,1,7,0,59,27,False
deletion_A_matched_delete_s404_f0,deletion_A_matched_delete,k2_K01_K02,2,1,2,1,1,1,7,0,35,3,False
deletion_A_matched_delete_s404_f0,deletion_A_matched_delete,k2_K01_K02,2,5,2,1,1,1,7,0,48,16,False
deletion_A_matched_delete_s404_f0,deletion_A_matched_delete,k2_K01_K02,2,10,2,1,1,1,7,0,59,27,False
deletion_A_matched_delete_s404_f0,deletion_A_matched_delete,k2_K01_K06,2,1,2,0,0,0,7,0,35,3,False
deletion_A_matched_delete_s404_f0,deletion_A_matched_delete,k2_K01_K06,2,5,2,0,0,0,7,0,50,18,False
deletion_A_matched_delete_s404_f0,deletion_A_matched_delete,k2_K01_K06,2,10,2,0,0,0,7,0,63,31,False
deletion_A_matched_delete_s404_f0,deletion_A_matched_delete,k2_K02_K06,2,1,2,0,0,0,7,0,35,3,False
deletion_A_matched_delete_s404_f0,deletion_A_matched_delete,k2_K02_K06,2,5,2,0,0,0,7,0,50,18,False
deletion_A_matched_delete_s404_f0,deletion_A_matched_delete,k2_K02_K06,2,10,2,0,0,0,7,0,62,30,False
deletion_A_matched_delete_s404_f0,deletion_A_matched_delete,k3_K04_K07_K08,3,1,3,1,1,1,6,0,35,3,False
deletion_A_matched_delete_s404_f0,deletion_A_matched_delete,k3_K04_K07_K08,3,5,3,1,1,1,6,0,48,16,False
deletion_A_matched_delete_s404_f0,deletion_A_matched_delete,k3_K04_K07_K08,3,10,3,1,1,1,6,0,59,27,False
deletion_A_matched_delete_s404_f0,deletion_A_matched_delete,k3_K03_K05_K09,3,1,3,1,1,1,6,0,35,3,False
deletion_A_matched_delete_s404_f0,deletion_A_matched_delete,k3_K03_K05_K09,3,5,3,1,1,1,6,0,50,18,False
deletion_A_matched_delete_s404_f0,deletion_A_matched_delete,k3_K03_K05_K09,3,10,3,1,1,1,6,0,61,29,False
deletion_A_matched_delete_s404_f0,deletion_A_matched_delete,k3_K01_K02_K06,3,1,3,0,0,0,6,0,35,3,False
deletion_A_matched_delete_s404_f0,deletion_A_matched_delete,k3_K01_K02_K06,3,5,3,0,0,0,6,0,50,18,False
deletion_A_matched_delete_s404_f0,deletion_A_matched_delete,k3_K01_K02_K06,3,10,3,0,0,0,6,0,61,29,False
deletion_C_keep_s404_f0,deletion_C_keep,k2_K04_K07,2,1,2,1,2,1,7,0,31,5,False
deletion_C_keep_s404_f0,deletion_C_keep,k2_K04_K07,2,5,2,2,2,2,7,0,45,19,False
deletion_C_keep_s404_f0,deletion_C_keep,k2_K04_K07,2,10,2,2,2,2,7,0,58,32,False
deletion_C_keep_s404_f0,deletion_C_keep,k2_K04_K08,2,1,2,1,2,1,7,0,31,5,False
deletion_C_keep_s404_f0,deletion_C_keep,k2_K04_K08,2,5,2,2,2,2,7,0,45,19,False
deletion_C_keep_s404_f0,deletion_C_keep,k2_K04_K08,2,10,2,2,2,2,7,0,58,32,False
deletion_C_keep_s404_f0,deletion_C_keep,k2_K07_K08,2,1,2,1,2,1,7,0,30,4,False
deletion_C_keep_s404_f0,deletion_C_keep,k2_K07_K08,2,5,2,2,2,2,7,0,43,17,False
deletion_C_keep_s404_f0,deletion_C_keep,k2_K07_K08,2,10,2,2,2,2,7,0,55,29,False
deletion_C_keep_s404_f0,deletion_C_keep,k2_K03_K05,2,1,2,0,1,0,7,0,31,5,False
deletion_C_keep_s404_f0,deletion_C_keep,k2_K03_K05,2,5,2,1,1,1,7,0,45,19,False
deletion_C_keep_s404_f0,deletion_C_keep,k2_K03_K05,2,10,2,1,1,1,7,0,58,32,False
deletion_C_keep_s404_f0,deletion_C_keep,k2_K03_K09,2,1,2,0,1,0,7,0,31,5,False
deletion_C_keep_s404_f0,deletion_C_keep,k2_K03_K09,2,5,2,1,1,1,7,0,46,20,False
deletion_C_keep_s404_f0,deletion_C_keep,k2_K03_K09,2,10,2,1,1,1,7,0,60,34,False
deletion_C_keep_s404_f0,deletion_C_keep,k2_K05_K09,2,1,2,1,2,1,7,0,31,5,False
deletion_C_keep_s404_f0,deletion_C_keep,k2_K05_K09,2,5,2,2,2,2,7,0,45,19,False
deletion_C_keep_s404_f0,deletion_C_keep,k2_K05_K09,2,10,2,2,2,2,7,0,58,32,False
deletion_C_keep_s404_f0,deletion_C_keep,k2_K01_K02,2,1,2,1,2,1,7,0,31,5,False
deletion_C_keep_s404_f0,deletion_C_keep,k2_K01_K02,2,5,2,2,2,2,7,0,45,19,False
deletion_C_keep_s404_f0,deletion_C_keep,k2_K01_K02,2,10,2,2,2,2,7,0,58,32,False
deletion_C_keep_s404_f0,deletion_C_keep,k2_K01_K06,2,1,1,1,1,1,7,0,31,5,False
deletion_C_keep_s404_f0,deletion_C_keep,k2_K01_K06,2,5,2,1,1,1,7,0,46,20,False
deletion_C_keep_s404_f0,deletion_C_keep,k2_K01_K06,2,10,2,1,1,1,7,0,60,34,False
deletion_C_keep_s404_f0,deletion_C_keep,k2_K02_K06,2,1,1,1,1,1,7,0,31,5,False
deletion_C_keep_s404_f0,deletion_C_keep,k2_K02_K06,2,5,2,1,1,1,7,0,46,20,False
deletion_C_keep_s404_f0,deletion_C_keep,k2_K02_K06,2,10,2,1,1,1,7,0,59,33,False
deletion_C_keep_s404_f0,deletion_C_keep,k3_K04_K07_K08,3,1,3,1,2,1,6,0,31,5,False
deletion_C_keep_s404_f0,deletion_C_keep,k3_K04_K07_K08,3,5,3,2,2,2,6,0,45,19,False
deletion_C_keep_s404_f0,deletion_C_keep,k3_K04_K07_K08,3,10,3,2,2,2,6,0,58,32,False
deletion_C_keep_s404_f0,deletion_C_keep,k3_K03_K05_K09,3,1,3,0,1,0,6,0,31,5,False
deletion_C_keep_s404_f0,deletion_C_keep,k3_K03_K05_K09,3,5,3,1,1,1,6,0,45,19,False
deletion_C_keep_s404_f0,deletion_C_keep,k3_K03_K05_K09,3,10,3,1,1,1,6,0,58,32,False
deletion_C_keep_s404_f0,deletion_C_keep,k3_K01_K02_K06,3,1,2,1,1,1,6,0,31,5,False
deletion_C_keep_s404_f0,deletion_C_keep,k3_K01_K02_K06,3,5,3,1,1,1,6,0,46,20,False
deletion_C_keep_s404_f0,deletion_C_keep,k3_K01_K02_K06,3,10,3,1,1,1,6,0,58,32,False
deletion_C_half_s404_f0,deletion_C_half,k2_K04_K07,2,1,2,1,2,1,7,0,31,5,False
deletion_C_half_s404_f0,deletion_C_half,k2_K04_K07,2,5,2,2,2,2,7,0,45,19,False
deletion_C_half_s404_f0,deletion_C_half,k2_K04_K07,2,10,2,2,2,2,7,0,58,32,False
deletion_C_half_s404_f0,deletion_C_half,k2_K04_K08,2,1,2,1,2,1,7,0,31,5,False
deletion_C_half_s404_f0,deletion_C_half,k2_K04_K08,2,5,2,2,2,2,7,0,46,20,False
deletion_C_half_s404_f0,deletion_C_half,k2_K04_K08,2,10,2,2,2,2,7,0,58,32,False
deletion_C_half_s404_f0,deletion_C_half,k2_K07_K08,2,1,2,1,2,1,7,0,31,5,False
deletion_C_half_s404_f0,deletion_C_half,k2_K07_K08,2,5,2,2,2,2,7,0,45,19,False
deletion_C_half_s404_f0,deletion_C_half,k2_K07_K08,2,10,2,2,2,2,7,0,54,28,False
deletion_C_half_s404_f0,deletion_C_half,k2_K03_K05,2,1,2,0,1,0,7,0,31,5,False
deletion_C_half_s404_f0,deletion_C_half,k2_K03_K05,2,5,2,1,1,1,7,0,46,20,False
deletion_C_half_s404_f0,deletion_C_half,k2_K03_K05,2,10,2,1,1,1,7,0,58,32,False
deletion_C_half_s404_f0,deletion_C_half,k2_K03_K09,2,1,2,0,1,0,7,0,32,6,False
deletion_C_half_s404_f0,deletion_C_half,k2_K03_K09,2,5,2,1,1,1,7,0,46,20,False
deletion_C_half_s404_f0,deletion_C_half,k2_K03_K09,2,10,2,1,1,1,7,0,60,34,False
deletion_C_half_s404_f0,deletion_C_half,k2_K05_K09,2,1,2,1,2,1,7,0,31,5,False
deletion_C_half_s404_f0,deletion_C_half,k2_K05_K09,2,5,2,2,2,2,7,0,45,19,False
deletion_C_half_s404_f0,deletion_C_half,k2_K05_K09,2,10,2,2,2,2,7,0,58,32,False
deletion_C_half_s404_f0,deletion_C_half,k2_K01_K02,2,1,2,1,2,1,7,0,31,5,False
deletion_C_half_s404_f0,deletion_C_half,k2_K01_K02,2,5,2,2,2,2,7,0,45,19,False
deletion_C_half_s404_f0,deletion_C_half,k2_K01_K02,2,10,2,2,2,2,7,0,58,32,False
deletion_C_half_s404_f0,deletion_C_half,k2_K01_K06,2,1,1,1,1,1,7,0,32,6,False
deletion_C_half_s404_f0,deletion_C_half,k2_K01_K06,2,5,2,1,1,1,7,0,46,20,False
deletion_C_half_s404_f0,deletion_C_half,k2_K01_K06,2,10,2,1,1,1,7,0,59,33,False
deletion_C_half_s404_f0,deletion_C_half,k2_K02_K06,2,1,1,1,1,1,7,0,32,6,False
deletion_C_half_s404_f0,deletion_C_half,k2_K02_K06,2,5,2,1,1,1,7,0,46,20,False
deletion_C_half_s404_f0,deletion_C_half,k2_K02_K06,2,10,2,1,1,1,7,0,58,32,False
deletion_C_half_s404_f0,deletion_C_half,k3_K04_K07_K08,3,1,3,1,2,1,6,0,31,5,False
deletion_C_half_s404_f0,deletion_C_half,k3_K04_K07_K08,3,5,3,2,2,2,6,0,45,19,False
deletion_C_half_s404_f0,deletion_C_half,k3_K04_K07_K08,3,10,3,2,2,2,6,0,58,32,False
deletion_C_half_s404_f0,deletion_C_half,k3_K03_K05_K09,3,1,3,0,1,0,6,0,31,5,False
deletion_C_half_s404_f0,deletion_C_half,k3_K03_K05_K09,3,5,3,1,1,1,6,0,46,20,False
deletion_C_half_s404_f0,deletion_C_half,k3_K03_K05_K09,3,10,3,1,1,1,6,0,58,32,False
deletion_C_half_s404_f0,deletion_C_half,k3_K01_K02_K06,3,1,2,1,1,1,6,0,32,6,False
deletion_C_half_s404_f0,deletion_C_half,k3_K01_K02_K06,3,5,3,1,1,1,6,0,46,20,False
deletion_C_half_s404_f0,deletion_C_half,k3_K01_K02_K06,3,10,3,1,1,1,6,0,58,32,False
deletion_C_target_delete_s404_f0,deletion_C_target_delete,k2_K04_K07,2,1,2,1,1,1,7,0,38,7,False
deletion_C_target_delete_s404_f0,deletion_C_target_delete,k2_K04_K07,2,5,2,1,1,1,7,0,47,16,False
deletion_C_target_delete_s404_f0,deletion_C_target_delete,k2_K04_K07,2,10,2,1,1,1,7,0,63,32,False
deletion_C_target_delete_s404_f0,deletion_C_target_delete,k2_K04_K08,2,1,2,1,1,1,7,0,38,7,False
deletion_C_target_delete_s404_f0,deletion_C_target_delete,k2_K04_K08,2,5,2,1,1,1,7,0,49,18,False
deletion_C_target_delete_s404_f0,deletion_C_target_delete,k2_K04_K08,2,10,2,1,1,1,7,0,67,36,False
deletion_C_target_delete_s404_f0,deletion_C_target_delete,k2_K07_K08,2,1,2,1,1,1,7,0,38,7,False
deletion_C_target_delete_s404_f0,deletion_C_target_delete,k2_K07_K08,2,5,2,1,1,1,7,0,47,16,False
deletion_C_target_delete_s404_f0,deletion_C_target_delete,k2_K07_K08,2,10,2,1,1,1,7,0,60,29,False
deletion_C_target_delete_s404_f0,deletion_C_target_delete,k2_K03_K05,2,1,2,1,1,1,7,0,38,7,False
deletion_C_target_delete_s404_f0,deletion_C_target_delete,k2_K03_K05,2,5,2,1,1,1,7,0,49,18,False
deletion_C_target_delete_s404_f0,deletion_C_target_delete,k2_K03_K05,2,10,2,1,1,1,7,0,67,36,False
deletion_C_target_delete_s404_f0,deletion_C_target_delete,k2_K03_K09,2,1,2,1,1,1,7,0,38,7,False
deletion_C_target_delete_s404_f0,deletion_C_target_delete,k2_K03_K09,2,5,2,1,1,1,7,0,50,19,False
deletion_C_target_delete_s404_f0,deletion_C_target_delete,k2_K03_K09,2,10,2,1,1,1,7,0,69,38,False
deletion_C_target_delete_s404_f0,deletion_C_target_delete,k2_K05_K09,2,1,2,1,1,1,7,0,38,7,False
deletion_C_target_delete_s404_f0,deletion_C_target_delete,k2_K05_K09,2,5,2,1,1,1,7,0,48,17,False
deletion_C_target_delete_s404_f0,deletion_C_target_delete,k2_K05_K09,2,10,2,1,1,1,7,0,63,32,False
deletion_C_target_delete_s404_f0,deletion_C_target_delete,k2_K01_K02,2,1,2,1,1,1,7,0,38,7,False
deletion_C_target_delete_s404_f0,deletion_C_target_delete,k2_K01_K02,2,5,2,1,1,1,7,0,48,17,False
deletion_C_target_delete_s404_f0,deletion_C_target_delete,k2_K01_K02,2,10,2,1,1,1,7,0,63,32,False
deletion_C_target_delete_s404_f0,deletion_C_target_delete,k2_K01_K06,2,1,2,0,0,0,7,0,38,7,False
deletion_C_target_delete_s404_f0,deletion_C_target_delete,k2_K01_K06,2,5,2,0,0,0,7,0,50,19,False
deletion_C_target_delete_s404_f0,deletion_C_target_delete,k2_K01_K06,2,10,2,0,0,0,7,0,68,37,False
deletion_C_target_delete_s404_f0,deletion_C_target_delete,k2_K02_K06,2,1,2,0,0,0,7,0,38,7,False
deletion_C_target_delete_s404_f0,deletion_C_target_delete,k2_K02_K06,2,5,2,0,0,0,7,0,49,18,False
deletion_C_target_delete_s404_f0,deletion_C_target_delete,k2_K02_K06,2,10,2,0,0,0,7,0,68,37,False
deletion_C_target_delete_s404_f0,deletion_C_target_delete,k3_K04_K07_K08,3,1,3,1,1,1,6,0,38,7,False
deletion_C_target_delete_s404_f0,deletion_C_target_delete,k3_K04_K07_K08,3,5,3,1,1,1,6,0,47,16,False
deletion_C_target_delete_s404_f0,deletion_C_target_delete,k3_K04_K07_K08,3,10,3,1,1,1,6,0,63,32,False
deletion_C_target_delete_s404_f0,deletion_C_target_delete,k3_K03_K05_K09,3,1,3,1,1,1,6,0,38,7,False
deletion_C_target_delete_s404_f0,deletion_C_target_delete,k3_K03_K05_K09,3,5,3,1,1,1,6,0,49,18,False
deletion_C_target_delete_s404_f0,deletion_C_target_delete,k3_K03_K05_K09,3,10,3,1,1,1,6,0,67,36,False
deletion_C_target_delete_s404_f0,deletion_C_target_delete,k3_K01_K02_K06,3,1,3,0,0,0,6,0,38,7,False
deletion_C_target_delete_s404_f0,deletion_C_target_delete,k3_K01_K02_K06,3,5,3,0,0,0,6,0,49,18,False
deletion_C_target_delete_s404_f0,deletion_C_target_delete,k3_K01_K02_K06,3,10,3,0,0,0,6,0,67,36,False
deletion_C_matched_delete_s404_f0,deletion_C_matched_delete,k2_K04_K07,2,1,2,2,2,2,7,0,35,3,False
deletion_C_matched_delete_s404_f0,deletion_C_matched_delete,k2_K04_K07,2,5,2,2,2,2,7,0,47,15,False
deletion_C_matched_delete_s404_f0,deletion_C_matched_delete,k2_K04_K07,2,10,2,2,2,2,7,0,61,29,False
deletion_C_matched_delete_s404_f0,deletion_C_matched_delete,k2_K04_K08,2,1,2,2,2,2,7,0,36,4,False
deletion_C_matched_delete_s404_f0,deletion_C_matched_delete,k2_K04_K08,2,5,2,2,2,2,7,0,47,15,False
deletion_C_matched_delete_s404_f0,deletion_C_matched_delete,k2_K04_K08,2,10,2,2,2,2,7,0,67,35,False
deletion_C_matched_delete_s404_f0,deletion_C_matched_delete,k2_K07_K08,2,1,2,2,2,2,7,0,35,3,False
deletion_C_matched_delete_s404_f0,deletion_C_matched_delete,k2_K07_K08,2,5,2,2,2,2,7,0,47,15,False
deletion_C_matched_delete_s404_f0,deletion_C_matched_delete,k2_K07_K08,2,10,2,2,2,2,7,0,59,27,False
deletion_C_matched_delete_s404_f0,deletion_C_matched_delete,k2_K03_K05,2,1,2,1,1,1,7,0,36,4,False
deletion_C_matched_delete_s404_f0,deletion_C_matched_delete,k2_K03_K05,2,5,2,1,1,1,7,0,47,15,False
deletion_C_matched_delete_s404_f0,deletion_C_matched_delete,k2_K03_K05,2,10,2,1,1,1,7,0,67,35,False
deletion_C_matched_delete_s404_f0,deletion_C_matched_delete,k2_K03_K09,2,1,2,1,1,1,7,0,36,4,False
deletion_C_matched_delete_s404_f0,deletion_C_matched_delete,k2_K03_K09,2,5,2,1,1,1,7,0,50,18,False
deletion_C_matched_delete_s404_f0,deletion_C_matched_delete,k2_K03_K09,2,10,2,1,1,1,7,0,69,37,False
deletion_C_matched_delete_s404_f0,deletion_C_matched_delete,k2_K05_K09,2,1,2,2,2,2,7,0,36,4,False
deletion_C_matched_delete_s404_f0,deletion_C_matched_delete,k2_K05_K09,2,5,2,2,2,2,7,0,47,15,False
deletion_C_matched_delete_s404_f0,deletion_C_matched_delete,k2_K05_K09,2,10,2,2,2,2,7,0,61,29,False
deletion_C_matched_delete_s404_f0,deletion_C_matched_delete,k2_K01_K02,2,1,2,2,2,2,7,0,35,3,False
deletion_C_matched_delete_s404_f0,deletion_C_matched_delete,k2_K01_K02,2,5,2,2,2,2,7,0,47,15,False
deletion_C_matched_delete_s404_f0,deletion_C_matched_delete,k2_K01_K02,2,10,2,2,2,2,7,0,61,29,False
deletion_C_matched_delete_s404_f0,deletion_C_matched_delete,k2_K01_K06,2,1,2,1,1,1,7,0,36,4,False
deletion_C_matched_delete_s404_f0,deletion_C_matched_delete,k2_K01_K06,2,5,2,1,1,1,7,0,50,18,False
deletion_C_matched_delete_s404_f0,deletion_C_matched_delete,k2_K01_K06,2,10,2,1,1,1,7,0,69,37,False
deletion_C_matched_delete_s404_f0,deletion_C_matched_delete,k2_K02_K06,2,1,2,1,1,1,7,0,36,4,False
deletion_C_matched_delete_s404_f0,deletion_C_matched_delete,k2_K02_K06,2,5,2,1,1,1,7,0,50,18,False
deletion_C_matched_delete_s404_f0,deletion_C_matched_delete,k2_K02_K06,2,10,2,1,1,1,7,0,68,36,False
deletion_C_matched_delete_s404_f0,deletion_C_matched_delete,k3_K04_K07_K08,3,1,3,2,2,2,6,0,35,3,False
deletion_C_matched_delete_s404_f0,deletion_C_matched_delete,k3_K04_K07_K08,3,5,3,2,2,2,6,0,47,15,False
deletion_C_matched_delete_s404_f0,deletion_C_matched_delete,k3_K04_K07_K08,3,10,3,2,2,2,6,0,61,29,False
deletion_C_matched_delete_s404_f0,deletion_C_matched_delete,k3_K03_K05_K09,3,1,3,1,1,1,6,0,36,4,False
deletion_C_matched_delete_s404_f0,deletion_C_matched_delete,k3_K03_K05_K09,3,5,3,1,1,1,6,0,48,16,False
deletion_C_matched_delete_s404_f0,deletion_C_matched_delete,k3_K03_K05_K09,3,10,3,1,1,1,6,0,67,35,False
deletion_C_matched_delete_s404_f0,deletion_C_matched_delete,k3_K01_K02_K06,3,1,3,1,1,1,6,0,36,4,False
deletion_C_matched_delete_s404_f0,deletion_C_matched_delete,k3_K01_K02_K06,3,5,3,1,1,1,6,0,50,18,False
deletion_C_matched_delete_s404_f0,deletion_C_matched_delete,k3_K01_K02_K06,3,10,3,1,1,1,6,0,68,36,False
deletion_A_keep_s404_f1,deletion_A_keep,k2_K04_K07,2,1,0,0,7,0,7,0,7,0,False
deletion_A_keep_s404_f1,deletion_A_keep,k2_K04_K07,2,5,1,2,7,2,7,0,9,2,False
deletion_A_keep_s404_f1,deletion_A_keep,k2_K04_K07,2,10,2,5,7,5,7,0,10,3,False
deletion_A_keep_s404_f1,deletion_A_keep,k2_K04_K08,2,1,0,0,7,0,7,0,7,0,False
deletion_A_keep_s404_f1,deletion_A_keep,k2_K04_K08,2,5,1,2,7,2,7,0,9,2,False
deletion_A_keep_s404_f1,deletion_A_keep,k2_K04_K08,2,10,2,5,7,5,7,0,10,3,False
deletion_A_keep_s404_f1,deletion_A_keep,k2_K07_K08,2,1,0,0,7,0,7,0,7,0,False
deletion_A_keep_s404_f1,deletion_A_keep,k2_K07_K08,2,5,2,1,7,1,7,0,9,2,False
deletion_A_keep_s404_f1,deletion_A_keep,k2_K07_K08,2,10,2,3,7,3,7,0,10,3,False
deletion_A_keep_s404_f1,deletion_A_keep,k2_K03_K05,2,1,0,0,7,0,7,0,7,0,False
deletion_A_keep_s404_f1,deletion_A_keep,k2_K03_K05,2,5,1,2,7,2,7,0,9,2,False
deletion_A_keep_s404_f1,deletion_A_keep,k2_K03_K05,2,10,2,6,7,6,7,0,10,3,False
deletion_A_keep_s404_f1,deletion_A_keep,k2_K03_K09,2,1,0,0,7,0,7,0,7,0,False
deletion_A_keep_s404_f1,deletion_A_keep,k2_K03_K09,2,5,0,4,7,4,7,0,9,2,False
deletion_A_keep_s404_f1,deletion_A_keep,k2_K03_K09,2,10,2,6,7,6,7,0,11,4,False
deletion_A_keep_s404_f1,deletion_A_keep,k2_K05_K09,2,1,0,0,7,0,7,0,7,0,False
deletion_A_keep_s404_f1,deletion_A_keep,k2_K05_K09,2,5,1,2,7,2,7,0,9,2,False
deletion_A_keep_s404_f1,deletion_A_keep,k2_K05_K09,2,10,2,5,7,5,7,0,10,3,False
deletion_A_keep_s404_f1,deletion_A_keep,k2_K01_K02,2,1,0,0,7,0,7,0,7,0,False
deletion_A_keep_s404_f1,deletion_A_keep,k2_K01_K02,2,5,0,3,7,3,7,0,9,2,False
deletion_A_keep_s404_f1,deletion_A_keep,k2_K01_K02,2,10,2,5,7,5,7,0,10,3,False
deletion_A_keep_s404_f1,deletion_A_keep,k2_K01_K06,2,1,0,0,7,0,7,0,7,0,False
deletion_A_keep_s404_f1,deletion_A_keep,k2_K01_K06,2,5,0,4,7,4,7,0,9,2,False
deletion_A_keep_s404_f1,deletion_A_keep,k2_K01_K06,2,10,1,6,7,6,7,0,11,4,False
deletion_A_keep_s404_f1,deletion_A_keep,k2_K02_K06,2,1,0,0,7,0,7,0,7,0,False
deletion_A_keep_s404_f1,deletion_A_keep,k2_K02_K06,2,5,1,3,7,3,7,0,9,2,False
deletion_A_keep_s404_f1,deletion_A_keep,k2_K02_K06,2,10,1,6,7,6,7,0,11,4,False
deletion_A_keep_s404_f1,deletion_A_keep,k3_K04_K07_K08,3,1,0,0,6,0,6,0,7,0,False
deletion_A_keep_s404_f1,deletion_A_keep,k3_K04_K07_K08,3,5,2,1,6,1,6,0,9,2,False
deletion_A_keep_s404_f1,deletion_A_keep,k3_K04_K07_K08,3,10,3,4,6,4,6,0,10,3,False
deletion_A_keep_s404_f1,deletion_A_keep,k3_K03_K05_K09,3,1,0,0,6,0,6,0,7,0,False
deletion_A_keep_s404_f1,deletion_A_keep,k3_K03_K05_K09,3,5,1,2,6,2,6,0,9,2,False
deletion_A_keep_s404_f1,deletion_A_keep,k3_K03_K05_K09,3,10,3,5,6,5,6,0,11,4,False
deletion_A_keep_s404_f1,deletion_A_keep,k3_K01_K02_K06,3,1,0,0,6,0,6,0,7,0,False
deletion_A_keep_s404_f1,deletion_A_keep,k3_K01_K02_K06,3,5,1,3,6,3,6,0,9,2,False
deletion_A_keep_s404_f1,deletion_A_keep,k3_K01_K02_K06,3,10,2,5,6,5,6,0,11,4,False
deletion_A_half_s404_f1,deletion_A_half,k2_K04_K07,2,1,0,0,7,0,7,0,7,0,False
deletion_A_half_s404_f1,deletion_A_half,k2_K04_K07,2,5,1,2,7,2,7,0,9,2,False
deletion_A_half_s404_f1,deletion_A_half,k2_K04_K07,2,10,2,5,7,5,7,0,10,3,False
deletion_A_half_s404_f1,deletion_A_half,k2_K04_K08,2,1,0,0,7,0,7,0,7,0,False
deletion_A_half_s404_f1,deletion_A_half,k2_K04_K08,2,5,1,2,7,2,7,0,9,2,False
deletion_A_half_s404_f1,deletion_A_half,k2_K04_K08,2,10,2,5,7,5,7,0,10,3,False
deletion_A_half_s404_f1,deletion_A_half,k2_K07_K08,2,1,0,0,7,0,7,0,7,0,False
deletion_A_half_s404_f1,deletion_A_half,k2_K07_K08,2,5,2,1,7,1,7,0,9,2,False
deletion_A_half_s404_f1,deletion_A_half,k2_K07_K08,2,10,2,3,7,3,7,0,10,3,False
deletion_A_half_s404_f1,deletion_A_half,k2_K03_K05,2,1,0,0,7,0,7,0,7,0,False
deletion_A_half_s404_f1,deletion_A_half,k2_K03_K05,2,5,1,2,7,2,7,0,9,2,False
deletion_A_half_s404_f1,deletion_A_half,k2_K03_K05,2,10,2,6,7,6,7,0,10,3,False
deletion_A_half_s404_f1,deletion_A_half,k2_K03_K09,2,1,0,0,7,0,7,0,7,0,False
deletion_A_half_s404_f1,deletion_A_half,k2_K03_K09,2,5,0,4,7,4,7,0,9,2,False
deletion_A_half_s404_f1,deletion_A_half,k2_K03_K09,2,10,2,6,7,6,7,0,11,4,False
deletion_A_half_s404_f1,deletion_A_half,k2_K05_K09,2,1,0,0,7,0,7,0,7,0,False
deletion_A_half_s404_f1,deletion_A_half,k2_K05_K09,2,5,1,2,7,2,7,0,9,2,False
deletion_A_half_s404_f1,deletion_A_half,k2_K05_K09,2,10,2,5,7,5,7,0,10,3,False
deletion_A_half_s404_f1,deletion_A_half,k2_K01_K02,2,1,0,0,7,0,7,0,7,0,False
deletion_A_half_s404_f1,deletion_A_half,k2_K01_K02,2,5,0,3,7,3,7,0,9,2,False
deletion_A_half_s404_f1,deletion_A_half,k2_K01_K02,2,10,2,5,7,5,7,0,10,3,False
deletion_A_half_s404_f1,deletion_A_half,k2_K01_K06,2,1,0,0,7,0,7,0,7,0,False
deletion_A_half_s404_f1,deletion_A_half,k2_K01_K06,2,5,1,4,7,4,7,0,9,2,False
deletion_A_half_s404_f1,deletion_A_half,k2_K01_K06,2,10,1,6,7,6,7,0,11,4,False
deletion_A_half_s404_f1,deletion_A_half,k2_K02_K06,2,1,0,0,7,0,7,0,7,0,False
deletion_A_half_s404_f1,deletion_A_half,k2_K02_K06,2,5,1,3,7,3,7,0,9,2,False
deletion_A_half_s404_f1,deletion_A_half,k2_K02_K06,2,10,1,6,7,6,7,0,11,4,False
deletion_A_half_s404_f1,deletion_A_half,k3_K04_K07_K08,3,1,0,0,6,0,6,0,7,0,False
deletion_A_half_s404_f1,deletion_A_half,k3_K04_K07_K08,3,5,2,1,6,1,6,0,9,2,False
deletion_A_half_s404_f1,deletion_A_half,k3_K04_K07_K08,3,10,3,4,6,4,6,0,10,3,False
deletion_A_half_s404_f1,deletion_A_half,k3_K03_K05_K09,3,1,0,0,6,0,6,0,7,0,False
deletion_A_half_s404_f1,deletion_A_half,k3_K03_K05_K09,3,5,1,2,6,2,6,0,9,2,False
deletion_A_half_s404_f1,deletion_A_half,k3_K03_K05_K09,3,10,3,5,6,5,6,0,11,4,False
deletion_A_half_s404_f1,deletion_A_half,k3_K01_K02_K06,3,1,0,0,6,0,6,0,7,0,False
deletion_A_half_s404_f1,deletion_A_half,k3_K01_K02_K06,3,5,1,3,6,3,6,0,9,2,False
deletion_A_half_s404_f1,deletion_A_half,k3_K01_K02_K06,3,10,2,5,6,5,6,0,11,4,False
deletion_A_target_delete_s404_f1,deletion_A_target_delete,k2_K04_K07,2,1,0,0,7,0,7,0,6,1,False
deletion_A_target_delete_s404_f1,deletion_A_target_delete,k2_K04_K07,2,5,1,1,7,1,7,0,7,2,False
deletion_A_target_delete_s404_f1,deletion_A_target_delete,k2_K04_K07,2,10,1,4,7,4,7,0,10,5,False
deletion_A_target_delete_s404_f1,deletion_A_target_delete,k2_K04_K08,2,1,0,0,7,0,7,0,6,1,False
deletion_A_target_delete_s404_f1,deletion_A_target_delete,k2_K04_K08,2,5,1,2,7,2,7,0,7,2,False
deletion_A_target_delete_s404_f1,deletion_A_target_delete,k2_K04_K08,2,10,2,5,7,5,7,0,10,5,False
deletion_A_target_delete_s404_f1,deletion_A_target_delete,k2_K07_K08,2,1,0,0,7,0,7,0,6,1,False
deletion_A_target_delete_s404_f1,deletion_A_target_delete,k2_K07_K08,2,5,1,1,7,1,7,0,7,2,False
deletion_A_target_delete_s404_f1,deletion_A_target_delete,k2_K07_K08,2,10,2,3,7,3,7,0,9,4,False
deletion_A_target_delete_s404_f1,deletion_A_target_delete,k2_K03_K05,2,1,0,0,7,0,7,0,6,1,False
deletion_A_target_delete_s404_f1,deletion_A_target_delete,k2_K03_K05,2,5,1,2,7,2,7,0,8,3,False
deletion_A_target_delete_s404_f1,deletion_A_target_delete,k2_K03_K05,2,10,1,6,7,6,7,0,10,5,False
deletion_A_target_delete_s404_f1,deletion_A_target_delete,k2_K03_K09,2,1,0,0,7,0,7,0,7,2,False
deletion_A_target_delete_s404_f1,deletion_A_target_delete,k2_K03_K09,2,5,0,3,7,3,7,0,8,3,False
deletion_A_target_delete_s404_f1,deletion_A_target_delete,k2_K03_K09,2,10,1,6,7,6,7,0,10,5,False
deletion_A_target_delete_s404_f1,deletion_A_target_delete,k2_K05_K09,2,1,0,0,7,0,7,0,6,1,False
deletion_A_target_delete_s404_f1,deletion_A_target_delete,k2_K05_K09,2,5,1,2,7,2,7,0,7,2,False
deletion_A_target_delete_s404_f1,deletion_A_target_delete,k2_K05_K09,2,10,2,5,7,5,7,0,10,5,False
deletion_A_target_delete_s404_f1,deletion_A_target_delete,k2_K01_K02,2,1,0,0,7,0,7,0,6,1,False
deletion_A_target_delete_s404_f1,deletion_A_target_delete,k2_K01_K02,2,5,0,2,7,2,7,0,7,2,False
deletion_A_target_delete_s404_f1,deletion_A_target_delete,k2_K01_K02,2,10,2,3,7,3,7,0,10,5,False
deletion_A_target_delete_s404_f1,deletion_A_target_delete,k2_K01_K06,2,1,0,0,7,0,7,0,7,2,False
deletion_A_target_delete_s404_f1,deletion_A_target_delete,k2_K01_K06,2,5,0,3,7,3,7,0,8,3,False
deletion_A_target_delete_s404_f1,deletion_A_target_delete,k2_K01_K06,2,10,1,6,7,6,7,0,10,5,False
deletion_A_target_delete_s404_f1,deletion_A_target_delete,k2_K02_K06,2,1,0,0,7,0,7,0,7,2,False
deletion_A_target_delete_s404_f1,deletion_A_target_delete,k2_K02_K06,2,5,0,3,7,3,7,0,8,3,False
deletion_A_target_delete_s404_f1,deletion_A_target_delete,k2_K02_K06,2,10,1,6,7,6,7,0,10,5,False
deletion_A_target_delete_s404_f1,deletion_A_target_delete,k3_K04_K07_K08,3,1,0,0,6,0,6,0,6,1,False
deletion_A_target_delete_s404_f1,deletion_A_target_delete,k3_K04_K07_K08,3,5,1,1,6,1,6,0,7,2,False
deletion_A_target_delete_s404_f1,deletion_A_target_delete,k3_K04_K07_K08,3,10,2,3,6,3,6,0,10,5,False
deletion_A_target_delete_s404_f1,deletion_A_target_delete,k3_K03_K05_K09,3,1,0,0,6,0,6,0,6,1,False
deletion_A_target_delete_s404_f1,deletion_A_target_delete,k3_K03_K05_K09,3,5,1,2,6,2,6,0,8,3,False
deletion_A_target_delete_s404_f1,deletion_A_target_delete,k3_K03_K05_K09,3,10,2,5,6,5,6,0,10,5,False
deletion_A_target_delete_s404_f1,deletion_A_target_delete,k3_K01_K02_K06,3,1,0,0,6,0,6,0,7,2,False
deletion_A_target_delete_s404_f1,deletion_A_target_delete,k3_K01_K02_K06,3,5,0,3,6,3,6,0,8,3,False
deletion_A_target_delete_s404_f1,deletion_A_target_delete,k3_K01_K02_K06,3,10,2,5,6,5,6,0,10,5,False
deletion_A_matched_delete_s404_f1,deletion_A_matched_delete,k2_K04_K07,2,1,0,0,7,0,7,0,7,0,False
deletion_A_matched_delete_s404_f1,deletion_A_matched_delete,k2_K04_K07,2,5,1,2,7,2,7,0,9,2,False
deletion_A_matched_delete_s404_f1,deletion_A_matched_delete,k2_K04_K07,2,10,2,5,7,5,7,0,10,3,False
deletion_A_matched_delete_s404_f1,deletion_A_matched_delete,k2_K04_K08,2,1,0,0,7,0,7,0,7,0,False
deletion_A_matched_delete_s404_f1,deletion_A_matched_delete,k2_K04_K08,2,5,1,2,7,2,7,0,9,2,False
deletion_A_matched_delete_s404_f1,deletion_A_matched_delete,k2_K04_K08,2,10,2,5,7,5,7,0,10,3,False
deletion_A_matched_delete_s404_f1,deletion_A_matched_delete,k2_K07_K08,2,1,0,0,7,0,7,0,7,0,False
deletion_A_matched_delete_s404_f1,deletion_A_matched_delete,k2_K07_K08,2,5,1,1,7,1,7,0,9,2,False
deletion_A_matched_delete_s404_f1,deletion_A_matched_delete,k2_K07_K08,2,10,2,3,7,3,7,0,10,3,False
deletion_A_matched_delete_s404_f1,deletion_A_matched_delete,k2_K03_K05,2,1,0,0,7,0,7,0,7,0,False
deletion_A_matched_delete_s404_f1,deletion_A_matched_delete,k2_K03_K05,2,5,1,2,7,2,7,0,9,2,False
deletion_A_matched_delete_s404_f1,deletion_A_matched_delete,k2_K03_K05,2,10,1,6,7,6,7,0,10,3,False
deletion_A_matched_delete_s404_f1,deletion_A_matched_delete,k2_K03_K09,2,1,0,0,7,0,7,0,7,0,False
deletion_A_matched_delete_s404_f1,deletion_A_matched_delete,k2_K03_K09,2,5,0,3,7,3,7,0,9,2,False
deletion_A_matched_delete_s404_f1,deletion_A_matched_delete,k2_K03_K09,2,10,2,6,7,6,7,0,11,4,False
deletion_A_matched_delete_s404_f1,deletion_A_matched_delete,k2_K05_K09,2,1,0,0,7,0,7,0,7,0,False
deletion_A_matched_delete_s404_f1,deletion_A_matched_delete,k2_K05_K09,2,5,1,2,7,2,7,0,9,2,False
deletion_A_matched_delete_s404_f1,deletion_A_matched_delete,k2_K05_K09,2,10,2,5,7,5,7,0,10,3,False
deletion_A_matched_delete_s404_f1,deletion_A_matched_delete,k2_K01_K02,2,1,0,0,7,0,7,0,7,0,False
deletion_A_matched_delete_s404_f1,deletion_A_matched_delete,k2_K01_K02,2,5,0,3,7,3,7,0,9,2,False
deletion_A_matched_delete_s404_f1,deletion_A_matched_delete,k2_K01_K02,2,10,2,5,7,5,7,0,10,3,False
deletion_A_matched_delete_s404_f1,deletion_A_matched_delete,k2_K01_K06,2,1,0,0,7,0,7,0,7,0,False
deletion_A_matched_delete_s404_f1,deletion_A_matched_delete,k2_K01_K06,2,5,0,3,7,3,7,0,9,2,False
deletion_A_matched_delete_s404_f1,deletion_A_matched_delete,k2_K01_K06,2,10,1,6,7,6,7,0,11,4,False
deletion_A_matched_delete_s404_f1,deletion_A_matched_delete,k2_K02_K06,2,1,0,0,7,0,7,0,7,0,False
deletion_A_matched_delete_s404_f1,deletion_A_matched_delete,k2_K02_K06,2,5,0,3,7,3,7,0,9,2,False
deletion_A_matched_delete_s404_f1,deletion_A_matched_delete,k2_K02_K06,2,10,1,6,7,6,7,0,10,3,False
deletion_A_matched_delete_s404_f1,deletion_A_matched_delete,k3_K04_K07_K08,3,1,0,0,6,0,6,0,7,0,False
deletion_A_matched_delete_s404_f1,deletion_A_matched_delete,k3_K04_K07_K08,3,5,2,1,6,1,6,0,9,2,False
deletion_A_matched_delete_s404_f1,deletion_A_matched_delete,k3_K04_K07_K08,3,10,3,4,6,4,6,0,10,3,False
deletion_A_matched_delete_s404_f1,deletion_A_matched_delete,k3_K03_K05_K09,3,1,0,0,6,0,6,0,7,0,False
deletion_A_matched_delete_s404_f1,deletion_A_matched_delete,k3_K03_K05_K09,3,5,1,2,6,2,6,0,9,2,False
deletion_A_matched_delete_s404_f1,deletion_A_matched_delete,k3_K03_K05_K09,3,10,2,5,6,5,6,0,10,3,False
deletion_A_matched_delete_s404_f1,deletion_A_matched_delete,k3_K01_K02_K06,3,1,0,0,6,0,6,0,7,0,False
deletion_A_matched_delete_s404_f1,deletion_A_matched_delete,k3_K01_K02_K06,3,5,0,3,6,3,6,0,9,2,False
deletion_A_matched_delete_s404_f1,deletion_A_matched_delete,k3_K01_K02_K06,3,10,2,5,6,5,6,0,10,3,False
deletion_C_keep_s404_f1,deletion_C_keep,k2_K04_K07,2,1,0,0,7,0,7,0,9,0,False
deletion_C_keep_s404_f1,deletion_C_keep,k2_K04_K07,2,5,1,2,7,2,7,0,10,1,False
deletion_C_keep_s404_f1,deletion_C_keep,k2_K04_K07,2,10,2,5,7,5,7,0,12,3,False
deletion_C_keep_s404_f1,deletion_C_keep,k2_K04_K08,2,1,0,0,7,0,7,0,9,0,False
deletion_C_keep_s404_f1,deletion_C_keep,k2_K04_K08,2,5,1,2,7,2,7,0,10,1,False
deletion_C_keep_s404_f1,deletion_C_keep,k2_K04_K08,2,10,2,6,7,6,7,0,12,3,False
deletion_C_keep_s404_f1,deletion_C_keep,k2_K07_K08,2,1,0,0,7,0,7,0,9,0,False
deletion_C_keep_s404_f1,deletion_C_keep,k2_K07_K08,2,5,2,1,7,1,7,0,9,0,True
deletion_C_keep_s404_f1,deletion_C_keep,k2_K07_K08,2,10,2,5,7,5,7,0,12,3,False
deletion_C_keep_s404_f1,deletion_C_keep,k2_K03_K05,2,1,0,0,7,0,7,0,9,0,False
deletion_C_keep_s404_f1,deletion_C_keep,k2_K03_K05,2,5,1,2,7,2,7,0,10,1,False
deletion_C_keep_s404_f1,deletion_C_keep,k2_K03_K05,2,10,2,6,7,6,7,0,12,3,False
deletion_C_keep_s404_f1,deletion_C_keep,k2_K03_K09,2,1,0,0,7,0,7,0,9,0,False
deletion_C_keep_s404_f1,deletion_C_keep,k2_K03_K09,2,5,0,4,7,4,7,0,10,1,False
deletion_C_keep_s404_f1,deletion_C_keep,k2_K03_K09,2,10,2,6,7,6,7,0,14,5,False
deletion_C_keep_s404_f1,deletion_C_keep,k2_K05_K09,2,1,0,0,7,0,7,0,9,0,False
deletion_C_keep_s404_f1,deletion_C_keep,k2_K05_K09,2,5,1,2,7,2,7,0,10,1,False
deletion_C_keep_s404_f1,deletion_C_keep,k2_K05_K09,2,10,2,6,7,6,7,0,12,3,False
deletion_C_keep_s404_f1,deletion_C_keep,k2_K01_K02,2,1,0,0,7,0,7,0,9,0,False
deletion_C_keep_s404_f1,deletion_C_keep,k2_K01_K02,2,5,1,3,7,3,7,0,10,1,False
deletion_C_keep_s404_f1,deletion_C_keep,k2_K01_K02,2,10,2,5,7,5,7,0,12,3,False
deletion_C_keep_s404_f1,deletion_C_keep,k2_K01_K06,2,1,0,0,7,0,7,0,9,0,False
deletion_C_keep_s404_f1,deletion_C_keep,k2_K01_K06,2,5,1,4,7,4,7,0,10,1,False
deletion_C_keep_s404_f1,deletion_C_keep,k2_K01_K06,2,10,1,7,7,7,7,0,14,5,False
deletion_C_keep_s404_f1,deletion_C_keep,k2_K02_K06,2,1,0,0,7,0,7,0,9,0,False
deletion_C_keep_s404_f1,deletion_C_keep,k2_K02_K06,2,5,1,4,7,4,7,0,10,1,False
deletion_C_keep_s404_f1,deletion_C_keep,k2_K02_K06,2,10,1,7,7,7,7,0,14,5,False
deletion_C_keep_s404_f1,deletion_C_keep,k3_K04_K07_K08,3,1,0,0,6,0,6,0,9,0,False
deletion_C_keep_s404_f1,deletion_C_keep,k3_K04_K07_K08,3,5,2,1,6,1,6,0,10,1,False
deletion_C_keep_s404_f1,deletion_C_keep,k3_K04_K07_K08,3,10,3,4,6,4,6,0,12,3,False
deletion_C_keep_s404_f1,deletion_C_keep,k3_K03_K05_K09,3,1,0,0,6,0,6,0,9,0,False
deletion_C_keep_s404_f1,deletion_C_keep,k3_K03_K05_K09,3,5,1,2,6,2,6,0,10,1,False
deletion_C_keep_s404_f1,deletion_C_keep,k3_K03_K05_K09,3,10,3,5,6,5,6,0,13,4,False
deletion_C_keep_s404_f1,deletion_C_keep,k3_K01_K02_K06,3,1,0,0,6,0,6,0,9,0,False
deletion_C_keep_s404_f1,deletion_C_keep,k3_K01_K02_K06,3,5,1,3,6,3,6,0,10,1,False
deletion_C_keep_s404_f1,deletion_C_keep,k3_K01_K02_K06,3,10,2,6,6,6,6,0,13,4,False
deletion_C_half_s404_f1,deletion_C_half,k2_K04_K07,2,1,0,0,7,0,7,0,9,0,False
deletion_C_half_s404_f1,deletion_C_half,k2_K04_K07,2,5,1,2,7,2,7,0,10,1,False
deletion_C_half_s404_f1,deletion_C_half,k2_K04_K07,2,10,2,5,7,5,7,0,12,3,False
deletion_C_half_s404_f1,deletion_C_half,k2_K04_K08,2,1,0,0,7,0,7,0,9,0,False
deletion_C_half_s404_f1,deletion_C_half,k2_K04_K08,2,5,1,2,7,2,7,0,10,1,False
deletion_C_half_s404_f1,deletion_C_half,k2_K04_K08,2,10,2,6,7,6,7,0,12,3,False
deletion_C_half_s404_f1,deletion_C_half,k2_K07_K08,2,1,0,0,7,0,7,0,9,0,False
deletion_C_half_s404_f1,deletion_C_half,k2_K07_K08,2,5,2,1,7,1,7,0,9,0,True
deletion_C_half_s404_f1,deletion_C_half,k2_K07_K08,2,10,2,5,7,5,7,0,12,3,False
deletion_C_half_s404_f1,deletion_C_half,k2_K03_K05,2,1,0,0,7,0,7,0,9,0,False
deletion_C_half_s404_f1,deletion_C_half,k2_K03_K05,2,5,1,2,7,2,7,0,10,1,False
deletion_C_half_s404_f1,deletion_C_half,k2_K03_K05,2,10,2,6,7,6,7,0,12,3,False
deletion_C_half_s404_f1,deletion_C_half,k2_K03_K09,2,1,0,0,7,0,7,0,9,0,False
deletion_C_half_s404_f1,deletion_C_half,k2_K03_K09,2,5,0,4,7,4,7,0,11,2,False
deletion_C_half_s404_f1,deletion_C_half,k2_K03_K09,2,10,2,6,7,6,7,0,14,5,False
deletion_C_half_s404_f1,deletion_C_half,k2_K05_K09,2,1,0,0,7,0,7,0,9,0,False
deletion_C_half_s404_f1,deletion_C_half,k2_K05_K09,2,5,1,2,7,2,7,0,10,1,False
deletion_C_half_s404_f1,deletion_C_half,k2_K05_K09,2,10,2,6,7,6,7,0,12,3,False
deletion_C_half_s404_f1,deletion_C_half,k2_K01_K02,2,1,0,0,7,0,7,0,9,0,False
deletion_C_half_s404_f1,deletion_C_half,k2_K01_K02,2,5,0,3,7,3,7,0,10,1,False
deletion_C_half_s404_f1,deletion_C_half,k2_K01_K02,2,10,2,5,7,5,7,0,12,3,False
deletion_C_half_s404_f1,deletion_C_half,k2_K01_K06,2,1,0,0,7,0,7,0,9,0,False
deletion_C_half_s404_f1,deletion_C_half,k2_K01_K06,2,5,1,4,7,4,7,0,10,1,False
deletion_C_half_s404_f1,deletion_C_half,k2_K01_K06,2,10,1,7,7,7,7,0,14,5,False
deletion_C_half_s404_f1,deletion_C_half,k2_K02_K06,2,1,0,0,7,0,7,0,9,0,False
deletion_C_half_s404_f1,deletion_C_half,k2_K02_K06,2,5,1,4,7,4,7,0,10,1,False
deletion_C_half_s404_f1,deletion_C_half,k2_K02_K06,2,10,1,7,7,7,7,0,13,4,False
deletion_C_half_s404_f1,deletion_C_half,k3_K04_K07_K08,3,1,0,0,6,0,6,0,9,0,False
deletion_C_half_s404_f1,deletion_C_half,k3_K04_K07_K08,3,5,2,1,6,1,6,0,10,1,False
deletion_C_half_s404_f1,deletion_C_half,k3_K04_K07_K08,3,10,3,4,6,4,6,0,12,3,False
deletion_C_half_s404_f1,deletion_C_half,k3_K03_K05_K09,3,1,0,0,6,0,6,0,9,0,False
deletion_C_half_s404_f1,deletion_C_half,k3_K03_K05_K09,3,5,1,2,6,2,6,0,10,1,False
deletion_C_half_s404_f1,deletion_C_half,k3_K03_K05_K09,3,10,3,5,6,5,6,0,12,3,False
deletion_C_half_s404_f1,deletion_C_half,k3_K01_K02_K06,3,1,0,0,6,0,6,0,9,0,False
deletion_C_half_s404_f1,deletion_C_half,k3_K01_K02_K06,3,5,1,3,6,3,6,0,10,1,False
deletion_C_half_s404_f1,deletion_C_half,k3_K01_K02_K06,3,10,2,6,6,6,6,0,13,4,False
deletion_C_target_delete_s404_f1,deletion_C_target_delete,k2_K04_K07,2,1,0,0,7,0,7,0,6,1,False
deletion_C_target_delete_s404_f1,deletion_C_target_delete,k2_K04_K07,2,5,1,2,7,2,7,0,9,4,False
deletion_C_target_delete_s404_f1,deletion_C_target_delete,k2_K04_K07,2,10,2,4,7,4,7,0,11,6,False
deletion_C_target_delete_s404_f1,deletion_C_target_delete,k2_K04_K08,2,1,0,0,7,0,7,0,6,1,False
deletion_C_target_delete_s404_f1,deletion_C_target_delete,k2_K04_K08,2,5,1,2,7,2,7,0,9,4,False
deletion_C_target_delete_s404_f1,deletion_C_target_delete,k2_K04_K08,2,10,2,5,7,5,7,0,11,6,False
deletion_C_target_delete_s404_f1,deletion_C_target_delete,k2_K07_K08,2,1,0,0,7,0,7,0,5,0,False
deletion_C_target_delete_s404_f1,deletion_C_target_delete,k2_K07_K08,2,5,1,1,7,1,7,0,9,4,False
deletion_C_target_delete_s404_f1,deletion_C_target_delete,k2_K07_K08,2,10,2,3,7,3,7,0,11,6,False
deletion_C_target_delete_s404_f1,deletion_C_target_delete,k2_K03_K05,2,1,0,0,7,0,7,0,6,1,False
deletion_C_target_delete_s404_f1,deletion_C_target_delete,k2_K03_K05,2,5,1,2,7,2,7,0,9,4,False
deletion_C_target_delete_s404_f1,deletion_C_target_delete,k2_K03_K05,2,10,1,6,7,6,7,0,11,6,False
deletion_C_target_delete_s404_f1,deletion_C_target_delete,k2_K03_K09,2,1,0,0,7,0,7,0,6,1,False
deletion_C_target_delete_s404_f1,deletion_C_target_delete,k2_K03_K09,2,5,0,3,7,3,7,0,9,4,False
deletion_C_target_delete_s404_f1,deletion_C_target_delete,k2_K03_K09,2,10,2,6,7,6,7,0,12,7,False
deletion_C_target_delete_s404_f1,deletion_C_target_delete,k2_K05_K09,2,1,0,0,7,0,7,0,6,1,False
deletion_C_target_delete_s404_f1,deletion_C_target_delete,k2_K05_K09,2,5,1,2,7,2,7,0,9,4,False
deletion_C_target_delete_s404_f1,deletion_C_target_delete,k2_K05_K09,2,10,2,5,7,5,7,0,11,6,False
deletion_C_target_delete_s404_f1,deletion_C_target_delete,k2_K01_K02,2,1,0,0,7,0,7,0,5,0,False
deletion_C_target_delete_s404_f1,deletion_C_target_delete,k2_K01_K02,2,5,0,3,7,3,7,0,9,4,False
deletion_C_target_delete_s404_f1,deletion_C_target_delete,k2_K01_K02,2,10,2,5,7,5,7,0,11,6,False
deletion_C_target_delete_s404_f1,deletion_C_target_delete,k2_K01_K06,2,1,0,0,7,0,7,0,6,1,False
deletion_C_target_delete_s404_f1,deletion_C_target_delete,k2_K01_K06,2,5,0,3,7,3,7,0,9,4,False
deletion_C_target_delete_s404_f1,deletion_C_target_delete,k2_K01_K06,2,10,1,6,7,6,7,0,12,7,False
deletion_C_target_delete_s404_f1,deletion_C_target_delete,k2_K02_K06,2,1,0,0,7,0,7,0,6,1,False
deletion_C_target_delete_s404_f1,deletion_C_target_delete,k2_K02_K06,2,5,0,3,7,3,7,0,9,4,False
deletion_C_target_delete_s404_f1,deletion_C_target_delete,k2_K02_K06,2,10,1,6,7,6,7,0,12,7,False
deletion_C_target_delete_s404_f1,deletion_C_target_delete,k3_K04_K07_K08,3,1,0,0,6,0,6,0,6,1,False
deletion_C_target_delete_s404_f1,deletion_C_target_delete,k3_K04_K07_K08,3,5,2,1,6,1,6,0,9,4,False
deletion_C_target_delete_s404_f1,deletion_C_target_delete,k3_K04_K07_K08,3,10,3,3,6,3,6,0,11,6,False
deletion_C_target_delete_s404_f1,deletion_C_target_delete,k3_K03_K05_K09,3,1,0,0,6,0,6,0,6,1,False
deletion_C_target_delete_s404_f1,deletion_C_target_delete,k3_K03_K05_K09,3,5,1,2,6,2,6,0,9,4,False
deletion_C_target_delete_s404_f1,deletion_C_target_delete,k3_K03_K05_K09,3,10,2,5,6,5,6,0,12,7,False
deletion_C_target_delete_s404_f1,deletion_C_target_delete,k3_K01_K02_K06,3,1,0,0,6,0,6,0,6,1,False
deletion_C_target_delete_s404_f1,deletion_C_target_delete,k3_K01_K02_K06,3,5,0,3,6,3,6,0,9,4,False
deletion_C_target_delete_s404_f1,deletion_C_target_delete,k3_K01_K02_K06,3,10,2,5,6,5,6,0,12,7,False
deletion_C_matched_delete_s404_f1,deletion_C_matched_delete,k2_K04_K07,2,1,0,0,7,0,7,0,8,3,False
deletion_C_matched_delete_s404_f1,deletion_C_matched_delete,k2_K04_K07,2,5,1,2,7,2,7,0,9,4,False
deletion_C_matched_delete_s404_f1,deletion_C_matched_delete,k2_K04_K07,2,10,2,5,7,5,7,0,12,7,False
deletion_C_matched_delete_s404_f1,deletion_C_matched_delete,k2_K04_K08,2,1,0,0,7,0,7,0,8,3,False
deletion_C_matched_delete_s404_f1,deletion_C_matched_delete,k2_K04_K08,2,5,1,2,7,2,7,0,9,4,False
deletion_C_matched_delete_s404_f1,deletion_C_matched_delete,k2_K04_K08,2,10,2,5,7,5,7,0,12,7,False
deletion_C_matched_delete_s404_f1,deletion_C_matched_delete,k2_K07_K08,2,1,0,0,7,0,7,0,7,2,False
deletion_C_matched_delete_s404_f1,deletion_C_matched_delete,k2_K07_K08,2,5,1,1,7,1,7,0,9,4,False
deletion_C_matched_delete_s404_f1,deletion_C_matched_delete,k2_K07_K08,2,10,2,3,7,3,7,0,12,7,False
deletion_C_matched_delete_s404_f1,deletion_C_matched_delete,k2_K03_K05,2,1,0,0,7,0,7,0,8,3,False
deletion_C_matched_delete_s404_f1,deletion_C_matched_delete,k2_K03_K05,2,5,1,2,7,2,7,0,9,4,False
deletion_C_matched_delete_s404_f1,deletion_C_matched_delete,k2_K03_K05,2,10,1,6,7,6,7,0,12,7,False
deletion_C_matched_delete_s404_f1,deletion_C_matched_delete,k2_K03_K09,2,1,0,0,7,0,7,0,8,3,False
deletion_C_matched_delete_s404_f1,deletion_C_matched_delete,k2_K03_K09,2,5,0,3,7,3,7,0,9,4,False
deletion_C_matched_delete_s404_f1,deletion_C_matched_delete,k2_K03_K09,2,10,2,6,7,6,7,0,12,7,False
deletion_C_matched_delete_s404_f1,deletion_C_matched_delete,k2_K05_K09,2,1,0,0,7,0,7,0,8,3,False
deletion_C_matched_delete_s404_f1,deletion_C_matched_delete,k2_K05_K09,2,5,1,2,7,2,7,0,9,4,False
deletion_C_matched_delete_s404_f1,deletion_C_matched_delete,k2_K05_K09,2,10,2,5,7,5,7,0,12,7,False
deletion_C_matched_delete_s404_f1,deletion_C_matched_delete,k2_K01_K02,2,1,0,0,7,0,7,0,8,3,False
deletion_C_matched_delete_s404_f1,deletion_C_matched_delete,k2_K01_K02,2,5,0,3,7,3,7,0,9,4,False
deletion_C_matched_delete_s404_f1,deletion_C_matched_delete,k2_K01_K02,2,10,2,5,7,5,7,0,12,7,False
deletion_C_matched_delete_s404_f1,deletion_C_matched_delete,k2_K01_K06,2,1,0,0,7,0,7,0,8,3,False
deletion_C_matched_delete_s404_f1,deletion_C_matched_delete,k2_K01_K06,2,5,0,3,7,3,7,0,9,4,False
deletion_C_matched_delete_s404_f1,deletion_C_matched_delete,k2_K01_K06,2,10,1,6,7,6,7,0,12,7,False
deletion_C_matched_delete_s404_f1,deletion_C_matched_delete,k2_K02_K06,2,1,0,0,7,0,7,0,8,3,False
deletion_C_matched_delete_s404_f1,deletion_C_matched_delete,k2_K02_K06,2,5,0,3,7,3,7,0,9,4,False
deletion_C_matched_delete_s404_f1,deletion_C_matched_delete,k2_K02_K06,2,10,1,6,7,6,7,0,12,7,False
deletion_C_matched_delete_s404_f1,deletion_C_matched_delete,k3_K04_K07_K08,3,1,0,0,6,0,6,0,8,3,False
deletion_C_matched_delete_s404_f1,deletion_C_matched_delete,k3_K04_K07_K08,3,5,2,1,6,1,6,0,9,4,False
deletion_C_matched_delete_s404_f1,deletion_C_matched_delete,k3_K04_K07_K08,3,10,3,3,6,3,6,0,12,7,False
deletion_C_matched_delete_s404_f1,deletion_C_matched_delete,k3_K03_K05_K09,3,1,0,0,6,0,6,0,8,3,False
deletion_C_matched_delete_s404_f1,deletion_C_matched_delete,k3_K03_K05_K09,3,5,1,2,6,2,6,0,9,4,False
deletion_C_matched_delete_s404_f1,deletion_C_matched_delete,k3_K03_K05_K09,3,10,2,5,6,5,6,0,12,7,False
deletion_C_matched_delete_s404_f1,deletion_C_matched_delete,k3_K01_K02_K06,3,1,0,0,6,0,6,0,8,3,False
deletion_C_matched_delete_s404_f1,deletion_C_matched_delete,k3_K01_K02_K06,3,5,0,3,6,3,6,0,9,4,False
deletion_C_matched_delete_s404_f1,deletion_C_matched_delete,k3_K01_K02_K06,3,10,2,5,6,5,6,0,12,7,False
deletion_A_keep_s404_f2,deletion_A_keep,k2_K04_K07,2,1,1,0,3,0,7,0,17,3,False
deletion_A_keep_s404_f2,deletion_A_keep,k2_K04_K07,2,5,2,3,3,3,7,0,22,8,False
deletion_A_keep_s404_f2,deletion_A_keep,k2_K04_K07,2,10,2,3,3,3,7,0,33,19,False
deletion_A_keep_s404_f2,deletion_A_keep,k2_K04_K08,2,1,1,0,3,0,7,0,17,3,False
deletion_A_keep_s404_f2,deletion_A_keep,k2_K04_K08,2,5,2,3,3,3,7,0,22,8,False
deletion_A_keep_s404_f2,deletion_A_keep,k2_K04_K08,2,10,2,3,3,3,7,0,35,21,False
deletion_A_keep_s404_f2,deletion_A_keep,k2_K07_K08,2,1,2,0,4,0,7,0,17,3,False
deletion_A_keep_s404_f2,deletion_A_keep,k2_K07_K08,2,5,2,3,4,3,7,0,21,7,False
deletion_A_keep_s404_f2,deletion_A_keep,k2_K07_K08,2,10,2,4,4,4,7,0,31,17,False
deletion_A_keep_s404_f2,deletion_A_keep,k2_K03_K05,2,1,1,0,3,0,7,0,17,3,False
deletion_A_keep_s404_f2,deletion_A_keep,k2_K03_K05,2,5,2,3,3,3,7,0,22,8,False
deletion_A_keep_s404_f2,deletion_A_keep,k2_K03_K05,2,10,2,3,3,3,7,0,35,21,False
deletion_A_keep_s404_f2,deletion_A_keep,k2_K03_K09,2,1,0,0,2,0,7,0,17,3,False
deletion_A_keep_s404_f2,deletion_A_keep,k2_K03_K09,2,5,2,2,2,2,7,0,22,8,False
deletion_A_keep_s404_f2,deletion_A_keep,k2_K03_K09,2,10,2,2,2,2,7,0,36,22,False
deletion_A_keep_s404_f2,deletion_A_keep,k2_K05_K09,2,1,1,0,3,0,7,0,17,3,False
deletion_A_keep_s404_f2,deletion_A_keep,k2_K05_K09,2,5,2,3,3,3,7,0,22,8,False
deletion_A_keep_s404_f2,deletion_A_keep,k2_K05_K09,2,10,2,3,3,3,7,0,33,19,False
deletion_A_keep_s404_f2,deletion_A_keep,k2_K01_K02,2,1,2,0,4,0,7,0,17,3,False
deletion_A_keep_s404_f2,deletion_A_keep,k2_K01_K02,2,5,2,4,4,4,7,0,22,8,False
deletion_A_keep_s404_f2,deletion_A_keep,k2_K01_K02,2,10,2,4,4,4,7,0,32,18,False
deletion_A_keep_s404_f2,deletion_A_keep,k2_K01_K06,2,1,1,0,3,0,7,0,17,3,False
deletion_A_keep_s404_f2,deletion_A_keep,k2_K01_K06,2,5,2,3,3,3,7,0,22,8,False
deletion_A_keep_s404_f2,deletion_A_keep,k2_K01_K06,2,10,2,3,3,3,7,0,35,21,False
deletion_A_keep_s404_f2,deletion_A_keep,k2_K02_K06,2,1,1,0,3,0,7,0,17,3,False
deletion_A_keep_s404_f2,deletion_A_keep,k2_K02_K06,2,5,2,3,3,3,7,0,22,8,False
deletion_A_keep_s404_f2,deletion_A_keep,k2_K02_K06,2,10,2,3,3,3,7,0,35,21,False
deletion_A_keep_s404_f2,deletion_A_keep,k3_K04_K07_K08,3,1,2,0,3,0,6,0,17,3,False
deletion_A_keep_s404_f2,deletion_A_keep,k3_K04_K07_K08,3,5,3,3,3,3,6,0,22,8,False
deletion_A_keep_s404_f2,deletion_A_keep,k3_K04_K07_K08,3,10,3,3,3,3,6,0,32,18,False
deletion_A_keep_s404_f2,deletion_A_keep,k3_K03_K05_K09,3,1,1,0,2,0,6,0,17,3,False
deletion_A_keep_s404_f2,deletion_A_keep,k3_K03_K05_K09,3,5,3,2,2,2,6,0,22,8,False
deletion_A_keep_s404_f2,deletion_A_keep,k3_K03_K05_K09,3,10,3,2,2,2,6,0,35,21,False
deletion_A_keep_s404_f2,deletion_A_keep,k3_K01_K02_K06,3,1,2,0,3,0,6,0,17,3,False
deletion_A_keep_s404_f2,deletion_A_keep,k3_K01_K02_K06,3,5,3,3,3,3,6,0,22,8,False
deletion_A_keep_s404_f2,deletion_A_keep,k3_K01_K02_K06,3,10,3,3,3,3,6,0,35,21,False
deletion_A_half_s404_f2,deletion_A_half,k2_K04_K07,2,1,1,0,3,0,7,0,17,3,False
deletion_A_half_s404_f2,deletion_A_half,k2_K04_K07,2,5,2,3,3,3,7,0,22,8,False
deletion_A_half_s404_f2,deletion_A_half,k2_K04_K07,2,10,2,3,3,3,7,0,35,21,False
deletion_A_half_s404_f2,deletion_A_half,k2_K04_K08,2,1,1,0,3,0,7,0,17,3,False
deletion_A_half_s404_f2,deletion_A_half,k2_K04_K08,2,5,2,3,3,3,7,0,22,8,False
deletion_A_half_s404_f2,deletion_A_half,k2_K04_K08,2,10,2,3,3,3,7,0,35,21,False
deletion_A_half_s404_f2,deletion_A_half,k2_K07_K08,2,1,2,0,4,0,7,0,17,3,False
deletion_A_half_s404_f2,deletion_A_half,k2_K07_K08,2,5,2,4,4,4,7,0,22,8,False
deletion_A_half_s404_f2,deletion_A_half,k2_K07_K08,2,10,2,4,4,4,7,0,32,18,False
deletion_A_half_s404_f2,deletion_A_half,k2_K03_K05,2,1,1,0,3,0,7,0,17,3,False
deletion_A_half_s404_f2,deletion_A_half,k2_K03_K05,2,5,2,3,3,3,7,0,22,8,False
deletion_A_half_s404_f2,deletion_A_half,k2_K03_K05,2,10,2,3,3,3,7,0,35,21,False
deletion_A_half_s404_f2,deletion_A_half,k2_K03_K09,2,1,0,0,2,0,7,0,17,3,False
deletion_A_half_s404_f2,deletion_A_half,k2_K03_K09,2,5,2,2,2,2,7,0,22,8,False
deletion_A_half_s404_f2,deletion_A_half,k2_K03_K09,2,10,2,2,2,2,7,0,37,23,False
deletion_A_half_s404_f2,deletion_A_half,k2_K05_K09,2,1,1,0,3,0,7,0,17,3,False
deletion_A_half_s404_f2,deletion_A_half,k2_K05_K09,2,5,2,3,3,3,7,0,22,8,False
deletion_A_half_s404_f2,deletion_A_half,k2_K05_K09,2,10,2,3,3,3,7,0,35,21,False
deletion_A_half_s404_f2,deletion_A_half,k2_K01_K02,2,1,2,0,4,0,7,0,17,3,False
deletion_A_half_s404_f2,deletion_A_half,k2_K01_K02,2,5,2,4,4,4,7,0,22,8,False
deletion_A_half_s404_f2,deletion_A_half,k2_K01_K02,2,10,2,4,4,4,7,0,33,19,False
deletion_A_half_s404_f2,deletion_A_half,k2_K01_K06,2,1,1,0,3,0,7,0,17,3,False
deletion_A_half_s404_f2,deletion_A_half,k2_K01_K06,2,5,2,3,3,3,7,0,22,8,False
deletion_A_half_s404_f2,deletion_A_half,k2_K01_K06,2,10,2,3,3,3,7,0,36,22,False
deletion_A_half_s404_f2,deletion_A_half,k2_K02_K06,2,1,1,0,3,0,7,0,17,3,False
deletion_A_half_s404_f2,deletion_A_half,k2_K02_K06,2,5,2,3,3,3,7,0,22,8,False
deletion_A_half_s404_f2,deletion_A_half,k2_K02_K06,2,10,2,3,3,3,7,0,36,22,False
deletion_A_half_s404_f2,deletion_A_half,k3_K04_K07_K08,3,1,2,0,3,0,6,0,17,3,False
deletion_A_half_s404_f2,deletion_A_half,k3_K04_K07_K08,3,5,3,3,3,3,6,0,22,8,False
deletion_A_half_s404_f2,deletion_A_half,k3_K04_K07_K08,3,10,3,3,3,3,6,0,34,20,False
deletion_A_half_s404_f2,deletion_A_half,k3_K03_K05_K09,3,1,1,0,2,0,6,0,17,3,False
deletion_A_half_s404_f2,deletion_A_half,k3_K03_K05_K09,3,5,3,2,2,2,6,0,22,8,False
deletion_A_half_s404_f2,deletion_A_half,k3_K03_K05_K09,3,10,3,2,2,2,6,0,35,21,False
deletion_A_half_s404_f2,deletion_A_half,k3_K01_K02_K06,3,1,2,0,3,0,6,0,17,3,False
deletion_A_half_s404_f2,deletion_A_half,k3_K01_K02_K06,3,5,3,3,3,3,6,0,22,8,False
deletion_A_half_s404_f2,deletion_A_half,k3_K01_K02_K06,3,10,3,3,3,3,6,0,35,21,False
deletion_A_target_delete_s404_f2,deletion_A_target_delete,k2_K04_K07,2,1,1,0,3,0,7,0,17,2,False
deletion_A_target_delete_s404_f2,deletion_A_target_delete,k2_K04_K07,2,5,2,3,3,3,7,0,22,7,False
deletion_A_target_delete_s404_f2,deletion_A_target_delete,k2_K04_K07,2,10,2,3,3,3,7,0,36,21,False
deletion_A_target_delete_s404_f2,deletion_A_target_delete,k2_K04_K08,2,1,1,1,3,1,7,0,17,2,False
deletion_A_target_delete_s404_f2,deletion_A_target_delete,k2_K04_K08,2,5,2,3,3,3,7,0,22,7,False
deletion_A_target_delete_s404_f2,deletion_A_target_delete,k2_K04_K08,2,10,2,3,3,3,7,0,36,21,False
deletion_A_target_delete_s404_f2,deletion_A_target_delete,k2_K07_K08,2,1,2,0,4,0,7,0,17,2,False
deletion_A_target_delete_s404_f2,deletion_A_target_delete,k2_K07_K08,2,5,2,4,4,4,7,0,22,7,False
deletion_A_target_delete_s404_f2,deletion_A_target_delete,k2_K07_K08,2,10,2,4,4,4,7,0,33,18,False
deletion_A_target_delete_s404_f2,deletion_A_target_delete,k2_K03_K05,2,1,1,1,3,1,7,0,17,2,False
deletion_A_target_delete_s404_f2,deletion_A_target_delete,k2_K03_K05,2,5,2,3,3,3,7,0,22,7,False
deletion_A_target_delete_s404_f2,deletion_A_target_delete,k2_K03_K05,2,10,2,3,3,3,7,0,36,21,False
deletion_A_target_delete_s404_f2,deletion_A_target_delete,k2_K03_K09,2,1,1,0,2,0,7,0,17,2,False
deletion_A_target_delete_s404_f2,deletion_A_target_delete,k2_K03_K09,2,5,2,2,2,2,7,0,22,7,False
deletion_A_target_delete_s404_f2,deletion_A_target_delete,k2_K03_K09,2,10,2,2,2,2,7,0,37,22,False
deletion_A_target_delete_s404_f2,deletion_A_target_delete,k2_K05_K09,2,1,2,0,3,0,7,0,17,2,False
deletion_A_target_delete_s404_f2,deletion_A_target_delete,k2_K05_K09,2,5,2,3,3,3,7,0,22,7,False
deletion_A_target_delete_s404_f2,deletion_A_target_delete,k2_K05_K09,2,10,2,3,3,3,7,0,36,21,False
deletion_A_target_delete_s404_f2,deletion_A_target_delete,k2_K01_K02,2,1,2,0,4,0,7,0,17,2,False
deletion_A_target_delete_s404_f2,deletion_A_target_delete,k2_K01_K02,2,5,2,4,4,4,7,0,22,7,False
deletion_A_target_delete_s404_f2,deletion_A_target_delete,k2_K01_K02,2,10,2,4,4,4,7,0,34,19,False
deletion_A_target_delete_s404_f2,deletion_A_target_delete,k2_K01_K06,2,1,1,1,3,1,7,0,17,2,False
deletion_A_target_delete_s404_f2,deletion_A_target_delete,k2_K01_K06,2,5,2,3,3,3,7,0,22,7,False
deletion_A_target_delete_s404_f2,deletion_A_target_delete,k2_K01_K06,2,10,2,3,3,3,7,0,37,22,False
deletion_A_target_delete_s404_f2,deletion_A_target_delete,k2_K02_K06,2,1,1,1,3,1,7,0,17,2,False
deletion_A_target_delete_s404_f2,deletion_A_target_delete,k2_K02_K06,2,5,2,3,3,3,7,0,22,7,False
deletion_A_target_delete_s404_f2,deletion_A_target_delete,k2_K02_K06,2,10,2,3,3,3,7,0,37,22,False
deletion_A_target_delete_s404_f2,deletion_A_target_delete,k3_K04_K07_K08,3,1,2,0,3,0,6,0,17,2,False
deletion_A_target_delete_s404_f2,deletion_A_target_delete,k3_K04_K07_K08,3,5,3,3,3,3,6,0,22,7,False
deletion_A_target_delete_s404_f2,deletion_A_target_delete,k3_K04_K07_K08,3,10,3,3,3,3,6,0,35,20,False
deletion_A_target_delete_s404_f2,deletion_A_target_delete,k3_K03_K05_K09,3,1,2,0,2,0,6,0,17,2,False
deletion_A_target_delete_s404_f2,deletion_A_target_delete,k3_K03_K05_K09,3,5,3,2,2,2,6,0,22,7,False
deletion_A_target_delete_s404_f2,deletion_A_target_delete,k3_K03_K05_K09,3,10,3,2,2,2,6,0,36,21,False
deletion_A_target_delete_s404_f2,deletion_A_target_delete,k3_K01_K02_K06,3,1,2,1,3,1,6,0,17,2,False
deletion_A_target_delete_s404_f2,deletion_A_target_delete,k3_K01_K02_K06,3,5,3,3,3,3,6,0,22,7,False
deletion_A_target_delete_s404_f2,deletion_A_target_delete,k3_K01_K02_K06,3,10,3,3,3,3,6,0,36,21,False
deletion_A_matched_delete_s404_f2,deletion_A_matched_delete,k2_K04_K07,2,1,1,1,3,1,7,0,18,1,False
deletion_A_matched_delete_s404_f2,deletion_A_matched_delete,k2_K04_K07,2,5,2,3,3,3,7,0,24,7,False
deletion_A_matched_delete_s404_f2,deletion_A_matched_delete,k2_K04_K07,2,10,2,3,3,3,7,0,38,21,False
deletion_A_matched_delete_s404_f2,deletion_A_matched_delete,k2_K04_K08,2,1,1,1,3,1,7,0,18,1,False
deletion_A_matched_delete_s404_f2,deletion_A_matched_delete,k2_K04_K08,2,5,2,3,3,3,7,0,25,8,False
deletion_A_matched_delete_s404_f2,deletion_A_matched_delete,k2_K04_K08,2,10,2,3,3,3,7,0,39,22,False
deletion_A_matched_delete_s404_f2,deletion_A_matched_delete,k2_K07_K08,2,1,2,1,4,1,7,0,18,1,False
deletion_A_matched_delete_s404_f2,deletion_A_matched_delete,k2_K07_K08,2,5,2,4,4,4,7,0,23,6,False
deletion_A_matched_delete_s404_f2,deletion_A_matched_delete,k2_K07_K08,2,10,2,4,4,4,7,0,36,19,False
deletion_A_matched_delete_s404_f2,deletion_A_matched_delete,k2_K03_K05,2,1,1,1,3,1,7,0,18,1,False
deletion_A_matched_delete_s404_f2,deletion_A_matched_delete,k2_K03_K05,2,5,2,3,3,3,7,0,25,8,False
deletion_A_matched_delete_s404_f2,deletion_A_matched_delete,k2_K03_K05,2,10,2,3,3,3,7,0,39,22,False
deletion_A_matched_delete_s404_f2,deletion_A_matched_delete,k2_K03_K09,2,1,1,0,2,0,7,0,18,1,False
deletion_A_matched_delete_s404_f2,deletion_A_matched_delete,k2_K03_K09,2,5,2,2,2,2,7,0,25,8,False
deletion_A_matched_delete_s404_f2,deletion_A_matched_delete,k2_K03_K09,2,10,2,2,2,2,7,0,40,23,False
deletion_A_matched_delete_s404_f2,deletion_A_matched_delete,k2_K05_K09,2,1,2,0,3,0,7,0,18,1,False
deletion_A_matched_delete_s404_f2,deletion_A_matched_delete,k2_K05_K09,2,5,2,3,3,3,7,0,24,7,False
deletion_A_matched_delete_s404_f2,deletion_A_matched_delete,k2_K05_K09,2,10,2,3,3,3,7,0,38,21,False
deletion_A_matched_delete_s404_f2,deletion_A_matched_delete,k2_K01_K02,2,1,2,1,4,1,7,0,18,1,False
deletion_A_matched_delete_s404_f2,deletion_A_matched_delete,k2_K01_K02,2,5,2,4,4,4,7,0,24,7,False
deletion_A_matched_delete_s404_f2,deletion_A_matched_delete,k2_K01_K02,2,10,2,4,4,4,7,0,37,20,False
deletion_A_matched_delete_s404_f2,deletion_A_matched_delete,k2_K01_K06,2,1,1,1,3,1,7,0,18,1,False
deletion_A_matched_delete_s404_f2,deletion_A_matched_delete,k2_K01_K06,2,5,2,3,3,3,7,0,25,8,False
deletion_A_matched_delete_s404_f2,deletion_A_matched_delete,k2_K01_K06,2,10,2,3,3,3,7,0,40,23,False
deletion_A_matched_delete_s404_f2,deletion_A_matched_delete,k2_K02_K06,2,1,1,1,3,1,7,0,18,1,False
deletion_A_matched_delete_s404_f2,deletion_A_matched_delete,k2_K02_K06,2,5,2,3,3,3,7,0,25,8,False
deletion_A_matched_delete_s404_f2,deletion_A_matched_delete,k2_K02_K06,2,10,2,3,3,3,7,0,40,23,False
deletion_A_matched_delete_s404_f2,deletion_A_matched_delete,k3_K04_K07_K08,3,1,2,1,3,1,6,0,18,1,False
deletion_A_matched_delete_s404_f2,deletion_A_matched_delete,k3_K04_K07_K08,3,5,3,3,3,3,6,0,24,7,False
deletion_A_matched_delete_s404_f2,deletion_A_matched_delete,k3_K04_K07_K08,3,10,3,3,3,3,6,0,38,21,False
deletion_A_matched_delete_s404_f2,deletion_A_matched_delete,k3_K03_K05_K09,3,1,2,0,2,0,6,0,18,1,False
deletion_A_matched_delete_s404_f2,deletion_A_matched_delete,k3_K03_K05_K09,3,5,3,2,2,2,6,0,25,8,False
deletion_A_matched_delete_s404_f2,deletion_A_matched_delete,k3_K03_K05_K09,3,10,3,2,2,2,6,0,39,22,False
deletion_A_matched_delete_s404_f2,deletion_A_matched_delete,k3_K01_K02_K06,3,1,2,1,3,1,6,0,18,1,False
deletion_A_matched_delete_s404_f2,deletion_A_matched_delete,k3_K01_K02_K06,3,5,3,3,3,3,6,0,25,8,False
deletion_A_matched_delete_s404_f2,deletion_A_matched_delete,k3_K01_K02_K06,3,10,3,3,3,3,6,0,39,22,False
deletion_C_keep_s404_f2,deletion_C_keep,k2_K04_K07,2,1,1,1,4,1,7,0,17,1,False
deletion_C_keep_s404_f2,deletion_C_keep,k2_K04_K07,2,5,2,4,4,4,7,0,26,10,False
deletion_C_keep_s404_f2,deletion_C_keep,k2_K04_K07,2,10,2,4,4,4,7,0,40,24,False
deletion_C_keep_s404_f2,deletion_C_keep,k2_K04_K08,2,1,1,1,4,1,7,0,17,1,False
deletion_C_keep_s404_f2,deletion_C_keep,k2_K04_K08,2,5,2,4,4,4,7,0,26,10,False
deletion_C_keep_s404_f2,deletion_C_keep,k2_K04_K08,2,10,2,4,4,4,7,0,40,24,False
deletion_C_keep_s404_f2,deletion_C_keep,k2_K07_K08,2,1,2,1,5,1,7,0,17,1,False
deletion_C_keep_s404_f2,deletion_C_keep,k2_K07_K08,2,5,2,5,5,5,7,0,24,8,False
deletion_C_keep_s404_f2,deletion_C_keep,k2_K07_K08,2,10,2,5,5,5,7,0,39,23,False
deletion_C_keep_s404_f2,deletion_C_keep,k2_K03_K05,2,1,1,1,4,1,7,0,17,1,False
deletion_C_keep_s404_f2,deletion_C_keep,k2_K03_K05,2,5,2,4,4,4,7,0,26,10,False
deletion_C_keep_s404_f2,deletion_C_keep,k2_K03_K05,2,10,2,4,4,4,7,0,40,24,False
deletion_C_keep_s404_f2,deletion_C_keep,k2_K03_K09,2,1,0,1,3,1,7,0,17,1,False
deletion_C_keep_s404_f2,deletion_C_keep,k2_K03_K09,2,5,2,3,3,3,7,0,28,12,False
deletion_C_keep_s404_f2,deletion_C_keep,k2_K03_K09,2,10,2,3,3,3,7,0,41,25,False
deletion_C_keep_s404_f2,deletion_C_keep,k2_K05_K09,2,1,1,1,4,1,7,0,17,1,False
deletion_C_keep_s404_f2,deletion_C_keep,k2_K05_K09,2,5,2,4,4,4,7,0,26,10,False
deletion_C_keep_s404_f2,deletion_C_keep,k2_K05_K09,2,10,2,4,4,4,7,0,40,24,False
deletion_C_keep_s404_f2,deletion_C_keep,k2_K01_K02,2,1,2,0,4,0,7,0,17,1,False
deletion_C_keep_s404_f2,deletion_C_keep,k2_K01_K02,2,5,2,4,4,4,7,0,26,10,False
deletion_C_keep_s404_f2,deletion_C_keep,k2_K01_K02,2,10,2,4,4,4,7,0,40,24,False
deletion_C_keep_s404_f2,deletion_C_keep,k2_K01_K06,2,1,1,0,3,0,7,0,17,1,False
deletion_C_keep_s404_f2,deletion_C_keep,k2_K01_K06,2,5,2,3,3,3,7,0,28,12,False
deletion_C_keep_s404_f2,deletion_C_keep,k2_K01_K06,2,10,2,3,3,3,7,0,41,25,False
deletion_C_keep_s404_f2,deletion_C_keep,k2_K02_K06,2,1,1,1,4,1,7,0,17,1,False
deletion_C_keep_s404_f2,deletion_C_keep,k2_K02_K06,2,5,2,4,4,4,7,0,28,12,False
deletion_C_keep_s404_f2,deletion_C_keep,k2_K02_K06,2,10,2,4,4,4,7,0,40,24,False
deletion_C_keep_s404_f2,deletion_C_keep,k3_K04_K07_K08,3,1,2,1,4,1,6,0,17,1,False
deletion_C_keep_s404_f2,deletion_C_keep,k3_K04_K07_K08,3,5,3,4,4,4,6,0,26,10,False
deletion_C_keep_s404_f2,deletion_C_keep,k3_K04_K07_K08,3,10,3,4,4,4,6,0,40,24,False
deletion_C_keep_s404_f2,deletion_C_keep,k3_K03_K05_K09,3,1,1,1,3,1,6,0,17,1,False
deletion_C_keep_s404_f2,deletion_C_keep,k3_K03_K05_K09,3,5,3,3,3,3,6,0,26,10,False
deletion_C_keep_s404_f2,deletion_C_keep,k3_K03_K05_K09,3,10,3,3,3,3,6,0,40,24,False
deletion_C_keep_s404_f2,deletion_C_keep,k3_K01_K02_K06,3,1,2,0,3,0,6,0,17,1,False
deletion_C_keep_s404_f2,deletion_C_keep,k3_K01_K02_K06,3,5,3,3,3,3,6,0,27,11,False
deletion_C_keep_s404_f2,deletion_C_keep,k3_K01_K02_K06,3,10,3,3,3,3,6,0,40,24,False
deletion_C_half_s404_f2,deletion_C_half,k2_K04_K07,2,1,1,0,3,0,7,0,17,1,False
deletion_C_half_s404_f2,deletion_C_half,k2_K04_K07,2,5,2,3,3,3,7,0,28,12,False
deletion_C_half_s404_f2,deletion_C_half,k2_K04_K07,2,10,2,3,3,3,7,0,40,24,False
deletion_C_half_s404_f2,deletion_C_half,k2_K04_K08,2,1,1,0,3,0,7,0,17,1,False
deletion_C_half_s404_f2,deletion_C_half,k2_K04_K08,2,5,2,3,3,3,7,0,29,13,False
deletion_C_half_s404_f2,deletion_C_half,k2_K04_K08,2,10,2,3,3,3,7,0,40,24,False
deletion_C_half_s404_f2,deletion_C_half,k2_K07_K08,2,1,2,0,4,0,7,0,17,1,False
deletion_C_half_s404_f2,deletion_C_half,k2_K07_K08,2,5,2,4,4,4,7,0,26,10,False
deletion_C_half_s404_f2,deletion_C_half,k2_K07_K08,2,10,2,4,4,4,7,0,39,23,False
deletion_C_half_s404_f2,deletion_C_half,k2_K03_K05,2,1,1,0,3,0,7,0,17,1,False
deletion_C_half_s404_f2,deletion_C_half,k2_K03_K05,2,5,2,3,3,3,7,0,29,13,False
deletion_C_half_s404_f2,deletion_C_half,k2_K03_K05,2,10,2,3,3,3,7,0,40,24,False
deletion_C_half_s404_f2,deletion_C_half,k2_K03_K09,2,1,0,0,2,0,7,0,17,1,False
deletion_C_half_s404_f2,deletion_C_half,k2_K03_K09,2,5,2,2,2,2,7,0,29,13,False
deletion_C_half_s404_f2,deletion_C_half,k2_K03_K09,2,10,2,2,2,2,7,0,45,29,False
deletion_C_half_s404_f2,deletion_C_half,k2_K05_K09,2,1,1,0,3,0,7,0,17,1,False
deletion_C_half_s404_f2,deletion_C_half,k2_K05_K09,2,5,2,3,3,3,7,0,27,11,False
deletion_C_half_s404_f2,deletion_C_half,k2_K05_K09,2,10,2,3,3,3,7,0,40,24,False
deletion_C_half_s404_f2,deletion_C_half,k2_K01_K02,2,1,2,0,4,0,7,0,17,1,False
deletion_C_half_s404_f2,deletion_C_half,k2_K01_K02,2,5,2,4,4,4,7,0,27,11,False
deletion_C_half_s404_f2,deletion_C_half,k2_K01_K02,2,10,2,4,4,4,7,0,40,24,False
deletion_C_half_s404_f2,deletion_C_half,k2_K01_K06,2,1,1,0,3,0,7,0,17,1,False
deletion_C_half_s404_f2,deletion_C_half,k2_K01_K06,2,5,2,3,3,3,7,0,29,13,False
deletion_C_half_s404_f2,deletion_C_half,k2_K01_K06,2,10,2,3,3,3,7,0,42,26,False
deletion_C_half_s404_f2,deletion_C_half,k2_K02_K06,2,1,1,0,3,0,7,0,17,1,False
deletion_C_half_s404_f2,deletion_C_half,k2_K02_K06,2,5,2,3,3,3,7,0,29,13,False
deletion_C_half_s404_f2,deletion_C_half,k2_K02_K06,2,10,2,3,3,3,7,0,42,26,False
deletion_C_half_s404_f2,deletion_C_half,k3_K04_K07_K08,3,1,2,0,3,0,6,0,17,1,False
deletion_C_half_s404_f2,deletion_C_half,k3_K04_K07_K08,3,5,3,3,3,3,6,0,27,11,False
deletion_C_half_s404_f2,deletion_C_half,k3_K04_K07_K08,3,10,3,3,3,3,6,0,40,24,False
deletion_C_half_s404_f2,deletion_C_half,k3_K03_K05_K09,3,1,1,0,2,0,6,0,17,1,False
deletion_C_half_s404_f2,deletion_C_half,k3_K03_K05_K09,3,5,3,2,2,2,6,0,29,13,False
deletion_C_half_s404_f2,deletion_C_half,k3_K03_K05_K09,3,10,3,2,2,2,6,0,41,25,False
deletion_C_half_s404_f2,deletion_C_half,k3_K01_K02_K06,3,1,2,0,3,0,6,0,17,1,False
deletion_C_half_s404_f2,deletion_C_half,k3_K01_K02_K06,3,5,3,3,3,3,6,0,29,13,False
deletion_C_half_s404_f2,deletion_C_half,k3_K01_K02_K06,3,10,3,3,3,3,6,0,41,25,False
deletion_C_target_delete_s404_f2,deletion_C_target_delete,k2_K04_K07,2,1,1,0,3,0,7,0,17,1,False
deletion_C_target_delete_s404_f2,deletion_C_target_delete,k2_K04_K07,2,5,2,3,3,3,7,0,26,10,False
deletion_C_target_delete_s404_f2,deletion_C_target_delete,k2_K04_K07,2,10,2,3,3,3,7,0,39,23,False
deletion_C_target_delete_s404_f2,deletion_C_target_delete,k2_K04_K08,2,1,1,0,3,0,7,0,17,1,False
deletion_C_target_delete_s404_f2,deletion_C_target_delete,k2_K04_K08,2,5,2,3,3,3,7,0,27,11,False
deletion_C_target_delete_s404_f2,deletion_C_target_delete,k2_K04_K08,2,10,2,3,3,3,7,0,39,23,False
deletion_C_target_delete_s404_f2,deletion_C_target_delete,k2_K07_K08,2,1,2,0,4,0,7,0,17,1,False
deletion_C_target_delete_s404_f2,deletion_C_target_delete,k2_K07_K08,2,5,2,4,4,4,7,0,25,9,False
deletion_C_target_delete_s404_f2,deletion_C_target_delete,k2_K07_K08,2,10,2,4,4,4,7,0,39,23,False
deletion_C_target_delete_s404_f2,deletion_C_target_delete,k2_K03_K05,2,1,1,0,3,0,7,0,17,1,False
deletion_C_target_delete_s404_f2,deletion_C_target_delete,k2_K03_K05,2,5,2,3,3,3,7,0,27,11,False
deletion_C_target_delete_s404_f2,deletion_C_target_delete,k2_K03_K05,2,10,2,3,3,3,7,0,39,23,False
deletion_C_target_delete_s404_f2,deletion_C_target_delete,k2_K03_K09,2,1,0,0,2,0,7,0,17,1,False
deletion_C_target_delete_s404_f2,deletion_C_target_delete,k2_K03_K09,2,5,2,2,2,2,7,0,28,12,False
deletion_C_target_delete_s404_f2,deletion_C_target_delete,k2_K03_K09,2,10,2,2,2,2,7,0,42,26,False
deletion_C_target_delete_s404_f2,deletion_C_target_delete,k2_K05_K09,2,1,1,0,3,0,7,0,17,1,False
deletion_C_target_delete_s404_f2,deletion_C_target_delete,k2_K05_K09,2,5,2,3,3,3,7,0,26,10,False
deletion_C_target_delete_s404_f2,deletion_C_target_delete,k2_K05_K09,2,10,2,3,3,3,7,0,39,23,False
deletion_C_target_delete_s404_f2,deletion_C_target_delete,k2_K01_K02,2,1,2,0,4,0,7,0,17,1,False
deletion_C_target_delete_s404_f2,deletion_C_target_delete,k2_K01_K02,2,5,2,4,4,4,7,0,26,10,False
deletion_C_target_delete_s404_f2,deletion_C_target_delete,k2_K01_K02,2,10,2,4,4,4,7,0,39,23,False
deletion_C_target_delete_s404_f2,deletion_C_target_delete,k2_K01_K06,2,1,1,0,3,0,7,0,17,1,False
deletion_C_target_delete_s404_f2,deletion_C_target_delete,k2_K01_K06,2,5,2,3,3,3,7,0,28,12,False
deletion_C_target_delete_s404_f2,deletion_C_target_delete,k2_K01_K06,2,10,2,3,3,3,7,0,41,25,False
deletion_C_target_delete_s404_f2,deletion_C_target_delete,k2_K02_K06,2,1,1,0,3,0,7,0,17,1,False
deletion_C_target_delete_s404_f2,deletion_C_target_delete,k2_K02_K06,2,5,2,3,3,3,7,0,28,12,False
deletion_C_target_delete_s404_f2,deletion_C_target_delete,k2_K02_K06,2,10,2,3,3,3,7,0,41,25,False
deletion_C_target_delete_s404_f2,deletion_C_target_delete,k3_K04_K07_K08,3,1,2,0,3,0,6,0,17,1,False
deletion_C_target_delete_s404_f2,deletion_C_target_delete,k3_K04_K07_K08,3,5,3,3,3,3,6,0,26,10,False
deletion_C_target_delete_s404_f2,deletion_C_target_delete,k3_K04_K07_K08,3,10,3,3,3,3,6,0,39,23,False
deletion_C_target_delete_s404_f2,deletion_C_target_delete,k3_K03_K05_K09,3,1,1,0,2,0,6,0,17,1,False
deletion_C_target_delete_s404_f2,deletion_C_target_delete,k3_K03_K05_K09,3,5,3,2,2,2,6,0,28,12,False
deletion_C_target_delete_s404_f2,deletion_C_target_delete,k3_K03_K05_K09,3,10,3,2,2,2,6,0,41,25,False
deletion_C_target_delete_s404_f2,deletion_C_target_delete,k3_K01_K02_K06,3,1,2,0,3,0,6,0,17,1,False
deletion_C_target_delete_s404_f2,deletion_C_target_delete,k3_K01_K02_K06,3,5,3,3,3,3,6,0,28,12,False
deletion_C_target_delete_s404_f2,deletion_C_target_delete,k3_K01_K02_K06,3,10,3,3,3,3,6,0,41,25,False
deletion_C_matched_delete_s404_f2,deletion_C_matched_delete,k2_K04_K07,2,1,1,0,3,0,7,0,17,1,False
deletion_C_matched_delete_s404_f2,deletion_C_matched_delete,k2_K04_K07,2,5,2,3,3,3,7,0,25,9,False
deletion_C_matched_delete_s404_f2,deletion_C_matched_delete,k2_K04_K07,2,10,2,3,3,3,7,0,39,23,False
deletion_C_matched_delete_s404_f2,deletion_C_matched_delete,k2_K04_K08,2,1,1,0,3,0,7,0,17,1,False
deletion_C_matched_delete_s404_f2,deletion_C_matched_delete,k2_K04_K08,2,5,2,3,3,3,7,0,25,9,False
deletion_C_matched_delete_s404_f2,deletion_C_matched_delete,k2_K04_K08,2,10,2,3,3,3,7,0,39,23,False
deletion_C_matched_delete_s404_f2,deletion_C_matched_delete,k2_K07_K08,2,1,2,0,4,0,7,0,17,1,False
deletion_C_matched_delete_s404_f2,deletion_C_matched_delete,k2_K07_K08,2,5,2,4,4,4,7,0,25,9,False
deletion_C_matched_delete_s404_f2,deletion_C_matched_delete,k2_K07_K08,2,10,2,4,4,4,7,0,38,22,False
deletion_C_matched_delete_s404_f2,deletion_C_matched_delete,k2_K03_K05,2,1,1,0,3,0,7,0,17,1,False
deletion_C_matched_delete_s404_f2,deletion_C_matched_delete,k2_K03_K05,2,5,2,3,3,3,7,0,25,9,False
deletion_C_matched_delete_s404_f2,deletion_C_matched_delete,k2_K03_K05,2,10,2,3,3,3,7,0,39,23,False
deletion_C_matched_delete_s404_f2,deletion_C_matched_delete,k2_K03_K09,2,1,0,0,2,0,7,0,17,1,False
deletion_C_matched_delete_s404_f2,deletion_C_matched_delete,k2_K03_K09,2,5,2,2,2,2,7,0,27,11,False
deletion_C_matched_delete_s404_f2,deletion_C_matched_delete,k2_K03_K09,2,10,2,2,2,2,7,0,42,26,False
deletion_C_matched_delete_s404_f2,deletion_C_matched_delete,k2_K05_K09,2,1,1,0,3,0,7,0,17,1,False
deletion_C_matched_delete_s404_f2,deletion_C_matched_delete,k2_K05_K09,2,5,2,3,3,3,7,0,25,9,False
deletion_C_matched_delete_s404_f2,deletion_C_matched_delete,k2_K05_K09,2,10,2,3,3,3,7,0,39,23,False
deletion_C_matched_delete_s404_f2,deletion_C_matched_delete,k2_K01_K02,2,1,2,0,4,0,7,0,17,1,False
deletion_C_matched_delete_s404_f2,deletion_C_matched_delete,k2_K01_K02,2,5,2,4,4,4,7,0,25,9,False
deletion_C_matched_delete_s404_f2,deletion_C_matched_delete,k2_K01_K02,2,10,2,4,4,4,7,0,39,23,False
deletion_C_matched_delete_s404_f2,deletion_C_matched_delete,k2_K01_K06,2,1,1,0,3,0,7,0,17,1,False
deletion_C_matched_delete_s404_f2,deletion_C_matched_delete,k2_K01_K06,2,5,2,3,3,3,7,0,27,11,False
deletion_C_matched_delete_s404_f2,deletion_C_matched_delete,k2_K01_K06,2,10,2,3,3,3,7,0,42,26,False
deletion_C_matched_delete_s404_f2,deletion_C_matched_delete,k2_K02_K06,2,1,1,0,3,0,7,0,17,1,False
deletion_C_matched_delete_s404_f2,deletion_C_matched_delete,k2_K02_K06,2,5,2,3,3,3,7,0,27,11,False
deletion_C_matched_delete_s404_f2,deletion_C_matched_delete,k2_K02_K06,2,10,2,3,3,3,7,0,42,26,False
deletion_C_matched_delete_s404_f2,deletion_C_matched_delete,k3_K04_K07_K08,3,1,2,0,3,0,6,0,17,1,False
deletion_C_matched_delete_s404_f2,deletion_C_matched_delete,k3_K04_K07_K08,3,5,3,3,3,3,6,0,25,9,False
deletion_C_matched_delete_s404_f2,deletion_C_matched_delete,k3_K04_K07_K08,3,10,3,3,3,3,6,0,39,23,False
deletion_C_matched_delete_s404_f2,deletion_C_matched_delete,k3_K03_K05_K09,3,1,1,0,2,0,6,0,17,1,False
deletion_C_matched_delete_s404_f2,deletion_C_matched_delete,k3_K03_K05_K09,3,5,3,2,2,2,6,0,25,9,False
deletion_C_matched_delete_s404_f2,deletion_C_matched_delete,k3_K03_K05_K09,3,10,3,2,2,2,6,0,39,23,False
deletion_C_matched_delete_s404_f2,deletion_C_matched_delete,k3_K01_K02_K06,3,1,2,0,3,0,6,0,17,1,False
deletion_C_matched_delete_s404_f2,deletion_C_matched_delete,k3_K01_K02_K06,3,5,3,3,3,3,6,0,25,9,False
deletion_C_matched_delete_s404_f2,deletion_C_matched_delete,k3_K01_K02_K06,3,10,3,3,3,3,6,0,39,23,False
word_expert_s42,word_expert,k2_K04_K07,2,1,1,1,6,1,7,0,8,0,True
word_expert_s42,word_expert,k2_K04_K07,2,5,2,3,6,2,7,0,9,1,False
word_expert_s42,word_expert,k2_K04_K07,2,10,2,4,6,3,7,0,10,2,False
word_expert_s42,word_expert,k2_K04_K08,2,1,2,1,6,1,7,0,8,0,True
word_expert_s42,word_expert,k2_K04_K08,2,5,2,3,6,2,7,0,9,1,False
word_expert_s42,word_expert,k2_K04_K08,2,10,2,4,6,3,7,0,10,2,False
word_expert_s42,word_expert,k2_K07_K08,2,1,2,1,7,1,7,0,8,0,True
word_expert_s42,word_expert,k2_K07_K08,2,5,2,3,7,3,7,0,9,1,False
word_expert_s42,word_expert,k2_K07_K08,2,10,2,5,7,4,7,0,9,1,False
word_expert_s42,word_expert,k2_K03_K05,2,1,1,2,6,2,7,0,8,0,True
word_expert_s42,word_expert,k2_K03_K05,2,5,1,4,6,3,7,0,9,1,False
word_expert_s42,word_expert,k2_K03_K05,2,10,2,4,6,3,7,0,10,2,False
word_expert_s42,word_expert,k2_K03_K09,2,1,0,2,5,2,7,0,8,0,True
word_expert_s42,word_expert,k2_K03_K09,2,5,1,3,5,2,7,0,9,1,False
word_expert_s42,word_expert,k2_K03_K09,2,10,2,3,5,2,7,0,10,2,False
word_expert_s42,word_expert,k2_K05_K09,2,1,1,1,6,1,7,0,8,0,True
word_expert_s42,word_expert,k2_K05_K09,2,5,2,3,6,2,7,0,9,1,False
word_expert_s42,word_expert,k2_K05_K09,2,10,2,4,6,3,7,0,10,2,False
word_expert_s42,word_expert,k2_K01_K02,2,1,2,0,6,0,7,0,8,0,False
word_expert_s42,word_expert,k2_K01_K02,2,5,2,3,6,2,7,0,9,1,False
word_expert_s42,word_expert,k2_K01_K02,2,10,2,4,6,3,7,0,10,2,False
word_expert_s42,word_expert,k2_K01_K06,2,1,1,2,6,2,7,0,8,0,True
word_expert_s42,word_expert,k2_K01_K06,2,5,1,4,6,3,7,0,9,1,False
word_expert_s42,word_expert,k2_K01_K06,2,10,1,5,6,4,7,0,10,2,False
word_expert_s42,word_expert,k2_K02_K06,2,1,1,1,5,1,7,0,8,0,True
word_expert_s42,word_expert,k2_K02_K06,2,5,1,3,5,2,7,0,9,1,False
word_expert_s42,word_expert,k2_K02_K06,2,10,1,4,5,3,7,0,10,2,False
word_expert_s42,word_expert,k3_K04_K07_K08,3,1,2,1,6,1,6,0,8,0,True
word_expert_s42,word_expert,k3_K04_K07_K08,3,5,3,3,6,2,6,0,9,1,False
word_expert_s42,word_expert,k3_K04_K07_K08,3,10,3,4,6,3,6,0,10,2,False
word_expert_s42,word_expert,k3_K03_K05_K09,3,1,1,2,5,2,6,0,8,0,True
word_expert_s42,word_expert,k3_K03_K05_K09,3,5,2,3,5,2,6,0,9,1,False
word_expert_s42,word_expert,k3_K03_K05_K09,3,10,3,3,5,2,6,0,10,2,False
word_expert_s42,word_expert,k3_K01_K02_K06,3,1,2,1,5,1,6,0,8,0,True
word_expert_s42,word_expert,k3_K01_K02_K06,3,5,2,3,5,2,6,0,9,1,False
word_expert_s42,word_expert,k3_K01_K02_K06,3,10,2,4,5,3,6,0,10,2,False
stacking_s42,stacking,k2_K04_K07,2,1,0,0,7,0,7,0,17,2,False
stacking_s42,stacking,k2_K04_K07,2,5,1,4,7,4,7,0,24,9,False
stacking_s42,stacking,k2_K04_K07,2,10,2,7,7,7,7,0,46,31,False
stacking_s42,stacking,k2_K04_K08,2,1,0,0,7,0,7,0,17,2,False
stacking_s42,stacking,k2_K04_K08,2,5,1,4,7,4,7,0,24,9,False
stacking_s42,stacking,k2_K04_K08,2,10,2,7,7,7,7,0,47,32,False
stacking_s42,stacking,k2_K07_K08,2,1,0,0,7,0,7,0,17,2,False
stacking_s42,stacking,k2_K07_K08,2,5,2,3,7,3,7,0,24,9,False
stacking_s42,stacking,k2_K07_K08,2,10,2,7,7,7,7,0,46,31,False
stacking_s42,stacking,k2_K03_K05,2,1,0,0,7,0,7,0,17,2,False
stacking_s42,stacking,k2_K03_K05,2,5,1,4,7,4,7,0,24,9,False
stacking_s42,stacking,k2_K03_K05,2,10,2,7,7,7,7,0,47,32,False
stacking_s42,stacking,k2_K03_K09,2,1,0,0,7,0,7,0,17,2,False
stacking_s42,stacking,k2_K03_K09,2,5,0,5,7,5,7,0,24,9,False
stacking_s42,stacking,k2_K03_K09,2,10,2,7,7,7,7,0,47,32,False
stacking_s42,stacking,k2_K05_K09,2,1,0,0,7,0,7,0,17,2,False
stacking_s42,stacking,k2_K05_K09,2,5,1,4,7,4,7,0,24,9,False
stacking_s42,stacking,k2_K05_K09,2,10,2,7,7,7,7,0,47,32,False
stacking_s42,stacking,k2_K01_K02,2,1,0,0,7,0,7,0,17,2,False
stacking_s42,stacking,k2_K01_K02,2,5,2,3,7,3,7,0,24,9,False
stacking_s42,stacking,k2_K01_K02,2,10,2,7,7,7,7,0,46,31,False
stacking_s42,stacking,k2_K01_K06,2,1,0,0,7,0,7,0,17,2,False
stacking_s42,stacking,k2_K01_K06,2,5,1,4,7,4,7,0,24,9,False
stacking_s42,stacking,k2_K01_K06,2,10,2,7,7,7,7,0,47,32,False
stacking_s42,stacking,k2_K02_K06,2,1,0,0,7,0,7,0,17,2,False
stacking_s42,stacking,k2_K02_K06,2,5,1,4,7,4,7,0,24,9,False
stacking_s42,stacking,k2_K02_K06,2,10,2,7,7,7,7,0,47,32,False
stacking_s42,stacking,k3_K04_K07_K08,3,1,0,0,6,0,6,0,17,2,False
stacking_s42,stacking,k3_K04_K07_K08,3,5,2,3,6,3,6,0,24,9,False
stacking_s42,stacking,k3_K04_K07_K08,3,10,3,6,6,6,6,0,46,31,False
stacking_s42,stacking,k3_K03_K05_K09,3,1,0,0,6,0,6,0,17,2,False
stacking_s42,stacking,k3_K03_K05_K09,3,5,1,4,6,4,6,0,24,9,False
stacking_s42,stacking,k3_K03_K05_K09,3,10,3,6,6,6,6,0,47,32,False
stacking_s42,stacking,k3_K01_K02_K06,3,1,0,0,6,0,6,0,17,2,False
stacking_s42,stacking,k3_K01_K02_K06,3,5,2,3,6,3,6,0,24,9,False
stacking_s42,stacking,k3_K01_K02_K06,3,10,3,6,6,6,6,0,47,32,False
fage_s42,fage,k2_K04_K07,2,1,1,1,7,1,7,0,16,2,False
fage_s42,fage,k2_K04_K07,2,5,2,6,7,6,7,0,29,15,False
fage_s42,fage,k2_K04_K07,2,10,2,7,7,7,7,0,59,45,False
fage_s42,fage,k2_K04_K08,2,1,0,2,7,2,7,0,16,2,False
fage_s42,fage,k2_K04_K08,2,5,2,6,7,6,7,0,29,15,False
fage_s42,fage,k2_K04_K08,2,10,2,7,7,7,7,0,61,47,False
fage_s42,fage,k2_K07_K08,2,1,1,1,7,1,7,0,16,2,False
fage_s42,fage,k2_K07_K08,2,5,2,6,7,6,7,0,29,15,False
fage_s42,fage,k2_K07_K08,2,10,2,7,7,7,7,0,58,44,False
fage_s42,fage,k2_K03_K05,2,1,1,1,7,1,7,0,16,2,False
fage_s42,fage,k2_K03_K05,2,5,2,6,7,6,7,0,29,15,False
fage_s42,fage,k2_K03_K05,2,10,2,7,7,7,7,0,61,47,False
fage_s42,fage,k2_K03_K09,2,1,0,2,7,2,7,0,16,2,False
fage_s42,fage,k2_K03_K09,2,5,2,6,7,6,7,0,29,15,False
fage_s42,fage,k2_K03_K09,2,10,2,7,7,7,7,0,61,47,False
fage_s42,fage,k2_K05_K09,2,1,1,1,7,1,7,0,16,2,False
fage_s42,fage,k2_K05_K09,2,5,2,6,7,6,7,0,29,15,False
fage_s42,fage,k2_K05_K09,2,10,2,7,7,7,7,0,59,45,False
fage_s42,fage,k2_K01_K02,2,1,0,2,7,2,7,0,16,2,False
fage_s42,fage,k2_K01_K02,2,5,2,6,7,6,7,0,28,14,False
fage_s42,fage,k2_K01_K02,2,10,2,7,7,7,7,0,58,44,False
fage_s42,fage,k2_K01_K06,2,1,0,2,7,2,7,0,16,2,False
fage_s42,fage,k2_K01_K06,2,5,1,7,7,7,7,0,29,15,False
fage_s42,fage,k2_K01_K06,2,10,2,7,7,7,7,0,61,47,False
fage_s42,fage,k2_K02_K06,2,1,0,2,7,2,7,0,16,2,False
fage_s42,fage,k2_K02_K06,2,5,1,7,7,7,7,0,29,15,False
fage_s42,fage,k2_K02_K06,2,10,2,7,7,7,7,0,61,47,False
fage_s42,fage,k3_K04_K07_K08,3,1,1,1,6,1,6,0,16,2,False
fage_s42,fage,k3_K04_K07_K08,3,5,3,5,6,5,6,0,29,15,False
fage_s42,fage,k3_K04_K07_K08,3,10,3,6,6,6,6,0,59,45,False
fage_s42,fage,k3_K03_K05_K09,3,1,1,1,6,1,6,0,16,2,False
fage_s42,fage,k3_K03_K05_K09,3,5,3,5,6,5,6,0,29,15,False
fage_s42,fage,k3_K03_K05_K09,3,10,3,6,6,6,6,0,61,47,False
fage_s42,fage,k3_K01_K02_K06,3,1,0,2,6,2,6,0,16,2,False
fage_s42,fage,k3_K01_K02_K06,3,5,2,6,6,6,6,0,29,15,False
fage_s42,fage,k3_K01_K02_K06,3,10,3,6,6,6,6,0,61,47,False
fage_no_has_url_s42,fage_no_has_url,k2_K04_K07,2,1,1,1,7,1,7,0,16,2,False
fage_no_has_url_s42,fage_no_has_url,k2_K04_K07,2,5,2,6,7,6,7,0,27,13,False
fage_no_has_url_s42,fage_no_has_url,k2_K04_K07,2,10,2,7,7,7,7,0,54,40,False
fage_no_has_url_s42,fage_no_has_url,k2_K04_K08,2,1,0,2,7,2,7,0,16,2,False
fage_no_has_url_s42,fage_no_has_url,k2_K04_K08,2,5,2,6,7,6,7,0,27,13,False
fage_no_has_url_s42,fage_no_has_url,k2_K04_K08,2,10,2,7,7,7,7,0,55,41,False
fage_no_has_url_s42,fage_no_has_url,k2_K07_K08,2,1,1,1,7,1,7,0,16,2,False
fage_no_has_url_s42,fage_no_has_url,k2_K07_K08,2,5,2,6,7,6,7,0,27,13,False
fage_no_has_url_s42,fage_no_has_url,k2_K07_K08,2,10,2,7,7,7,7,0,54,40,False
fage_no_has_url_s42,fage_no_has_url,k2_K03_K05,2,1,1,1,7,1,7,0,16,2,False
fage_no_has_url_s42,fage_no_has_url,k2_K03_K05,2,5,2,6,7,6,7,0,27,13,False
fage_no_has_url_s42,fage_no_has_url,k2_K03_K05,2,10,2,7,7,7,7,0,55,41,False
fage_no_has_url_s42,fage_no_has_url,k2_K03_K09,2,1,0,2,7,2,7,0,16,2,False
fage_no_has_url_s42,fage_no_has_url,k2_K03_K09,2,5,2,6,7,6,7,0,27,13,False
fage_no_has_url_s42,fage_no_has_url,k2_K03_K09,2,10,2,7,7,7,7,0,56,42,False
fage_no_has_url_s42,fage_no_has_url,k2_K05_K09,2,1,1,1,7,1,7,0,16,2,False
fage_no_has_url_s42,fage_no_has_url,k2_K05_K09,2,5,2,6,7,6,7,0,27,13,False
fage_no_has_url_s42,fage_no_has_url,k2_K05_K09,2,10,2,7,7,7,7,0,54,40,False
fage_no_has_url_s42,fage_no_has_url,k2_K01_K02,2,1,0,2,7,2,7,0,16,2,False
fage_no_has_url_s42,fage_no_has_url,k2_K01_K02,2,5,2,6,7,6,7,0,27,13,False
fage_no_has_url_s42,fage_no_has_url,k2_K01_K02,2,10,2,7,7,7,7,0,54,40,False
fage_no_has_url_s42,fage_no_has_url,k2_K01_K06,2,1,0,2,7,2,7,0,16,2,False
fage_no_has_url_s42,fage_no_has_url,k2_K01_K06,2,5,1,7,7,7,7,0,27,13,False
fage_no_has_url_s42,fage_no_has_url,k2_K01_K06,2,10,2,7,7,7,7,0,58,44,False
fage_no_has_url_s42,fage_no_has_url,k2_K02_K06,2,1,0,2,7,2,7,0,16,2,False
fage_no_has_url_s42,fage_no_has_url,k2_K02_K06,2,5,1,7,7,7,7,0,27,13,False
fage_no_has_url_s42,fage_no_has_url,k2_K02_K06,2,10,2,7,7,7,7,0,56,42,False
fage_no_has_url_s42,fage_no_has_url,k3_K04_K07_K08,3,1,1,1,6,1,6,0,16,2,False
fage_no_has_url_s42,fage_no_has_url,k3_K04_K07_K08,3,5,3,5,6,5,6,0,27,13,False
fage_no_has_url_s42,fage_no_has_url,k3_K04_K07_K08,3,10,3,6,6,6,6,0,54,40,False
fage_no_has_url_s42,fage_no_has_url,k3_K03_K05_K09,3,1,1,1,6,1,6,0,16,2,False
fage_no_has_url_s42,fage_no_has_url,k3_K03_K05_K09,3,5,3,5,6,5,6,0,27,13,False
fage_no_has_url_s42,fage_no_has_url,k3_K03_K05_K09,3,10,3,6,6,6,6,0,55,41,False
fage_no_has_url_s42,fage_no_has_url,k3_K01_K02_K06,3,1,0,2,6,2,6,0,16,2,False
fage_no_has_url_s42,fage_no_has_url,k3_K01_K02_K06,3,5,2,6,6,6,6,0,27,13,False
fage_no_has_url_s42,fage_no_has_url,k3_K01_K02_K06,3,10,3,6,6,6,6,0,56,42,False
fage_no_similarity_s42,fage_no_similarity,k2_K04_K07,2,1,1,0,7,0,7,0,17,2,False
fage_no_similarity_s42,fage_no_similarity,k2_K04_K07,2,5,2,6,7,6,7,0,30,15,False
fage_no_similarity_s42,fage_no_similarity,k2_K04_K07,2,10,2,7,7,7,7,0,60,45,False
fage_no_similarity_s42,fage_no_similarity,k2_K04_K08,2,1,0,1,7,1,7,0,17,2,False
fage_no_similarity_s42,fage_no_similarity,k2_K04_K08,2,5,2,6,7,6,7,0,30,15,False
fage_no_similarity_s42,fage_no_similarity,k2_K04_K08,2,10,2,7,7,7,7,0,60,45,False
fage_no_similarity_s42,fage_no_similarity,k2_K07_K08,2,1,1,0,7,0,7,0,17,2,False
fage_no_similarity_s42,fage_no_similarity,k2_K07_K08,2,5,2,6,7,6,7,0,30,15,False
fage_no_similarity_s42,fage_no_similarity,k2_K07_K08,2,10,2,7,7,7,7,0,58,43,False
fage_no_similarity_s42,fage_no_similarity,k2_K03_K05,2,1,0,1,7,1,7,0,17,2,False
fage_no_similarity_s42,fage_no_similarity,k2_K03_K05,2,5,2,6,7,6,7,0,30,15,False
fage_no_similarity_s42,fage_no_similarity,k2_K03_K05,2,10,2,7,7,7,7,0,63,48,False
fage_no_similarity_s42,fage_no_similarity,k2_K03_K09,2,1,0,1,7,1,7,0,17,2,False
fage_no_similarity_s42,fage_no_similarity,k2_K03_K09,2,5,2,6,7,6,7,0,30,15,False
fage_no_similarity_s42,fage_no_similarity,k2_K03_K09,2,10,2,7,7,7,7,0,65,50,False
fage_no_similarity_s42,fage_no_similarity,k2_K05_K09,2,1,0,1,7,1,7,0,17,2,False
fage_no_similarity_s42,fage_no_similarity,k2_K05_K09,2,5,2,6,7,6,7,0,30,15,False
fage_no_similarity_s42,fage_no_similarity,k2_K05_K09,2,10,2,7,7,7,7,0,60,45,False
fage_no_similarity_s42,fage_no_similarity,k2_K01_K02,2,1,0,1,7,1,7,0,17,2,False
fage_no_similarity_s42,fage_no_similarity,k2_K01_K02,2,5,2,6,7,6,7,0,30,15,False
fage_no_similarity_s42,fage_no_similarity,k2_K01_K02,2,10,2,7,7,7,7,0,60,45,False
fage_no_similarity_s42,fage_no_similarity,k2_K01_K06,2,1,0,1,7,1,7,0,17,2,False
fage_no_similarity_s42,fage_no_similarity,k2_K01_K06,2,5,1,7,7,7,7,0,30,15,False
fage_no_similarity_s42,fage_no_similarity,k2_K01_K06,2,10,2,7,7,7,7,0,65,50,False
fage_no_similarity_s42,fage_no_similarity,k2_K02_K06,2,1,0,1,7,1,7,0,17,2,False
fage_no_similarity_s42,fage_no_similarity,k2_K02_K06,2,5,1,7,7,7,7,0,30,15,False
fage_no_similarity_s42,fage_no_similarity,k2_K02_K06,2,10,2,7,7,7,7,0,65,50,False
fage_no_similarity_s42,fage_no_similarity,k3_K04_K07_K08,3,1,1,0,6,0,6,0,17,2,False
fage_no_similarity_s42,fage_no_similarity,k3_K04_K07_K08,3,5,3,5,6,5,6,0,30,15,False
fage_no_similarity_s42,fage_no_similarity,k3_K04_K07_K08,3,10,3,6,6,6,6,0,60,45,False
fage_no_similarity_s42,fage_no_similarity,k3_K03_K05_K09,3,1,0,1,6,1,6,0,17,2,False
fage_no_similarity_s42,fage_no_similarity,k3_K03_K05_K09,3,5,3,5,6,5,6,0,30,15,False
fage_no_similarity_s42,fage_no_similarity,k3_K03_K05_K09,3,10,3,6,6,6,6,0,63,48,False
fage_no_similarity_s42,fage_no_similarity,k3_K01_K02_K06,3,1,0,1,6,1,6,0,17,2,False
fage_no_similarity_s42,fage_no_similarity,k3_K01_K02_K06,3,5,2,6,6,6,6,0,30,15,False
fage_no_similarity_s42,fage_no_similarity,k3_K01_K02_K06,3,10,3,6,6,6,6,0,64,49,False
fage_no_lr_c_s42,fage_no_lr_c,k2_K04_K07,2,1,1,3,6,3,7,0,18,2,False
fage_no_lr_c_s42,fage_no_lr_c,k2_K04_K07,2,5,2,6,6,6,7,0,33,17,False
fage_no_lr_c_s42,fage_no_lr_c,k2_K04_K07,2,10,2,6,6,6,7,0,78,62,False
fage_no_lr_c_s42,fage_no_lr_c,k2_K04_K08,2,1,1,2,5,2,7,0,18,2,False
fage_no_lr_c_s42,fage_no_lr_c,k2_K04_K08,2,5,2,5,5,5,7,0,33,17,False
fage_no_lr_c_s42,fage_no_lr_c,k2_K04_K08,2,10,2,5,5,5,7,0,80,64,False
fage_no_lr_c_s42,fage_no_lr_c,k2_K07_K08,2,1,2,2,6,2,7,0,18,2,False
fage_no_lr_c_s42,fage_no_lr_c,k2_K07_K08,2,5,2,6,6,6,7,0,33,17,False
fage_no_lr_c_s42,fage_no_lr_c,k2_K07_K08,2,10,2,6,6,6,7,0,74,58,False
fage_no_lr_c_s42,fage_no_lr_c,k2_K03_K05,2,1,1,3,6,3,7,0,18,2,False
fage_no_lr_c_s42,fage_no_lr_c,k2_K03_K05,2,5,2,6,6,6,7,0,33,17,False
fage_no_lr_c_s42,fage_no_lr_c,k2_K03_K05,2,10,2,6,6,6,7,0,82,66,False
fage_no_lr_c_s42,fage_no_lr_c,k2_K03_K09,2,1,0,3,5,3,7,0,18,2,False
fage_no_lr_c_s42,fage_no_lr_c,k2_K03_K09,2,5,2,5,5,5,7,0,33,17,False
fage_no_lr_c_s42,fage_no_lr_c,k2_K03_K09,2,10,2,5,5,5,7,0,85,69,False
fage_no_lr_c_s42,fage_no_lr_c,k2_K05_K09,2,1,1,3,6,3,7,0,18,2,False
fage_no_lr_c_s42,fage_no_lr_c,k2_K05_K09,2,5,2,6,6,6,7,0,33,17,False
fage_no_lr_c_s42,fage_no_lr_c,k2_K05_K09,2,10,2,6,6,6,7,0,79,63,False
fage_no_lr_c_s42,fage_no_lr_c,k2_K01_K02,2,1,2,1,5,1,7,0,18,2,False
fage_no_lr_c_s42,fage_no_lr_c,k2_K01_K02,2,5,2,5,5,5,7,0,33,17,False
fage_no_lr_c_s42,fage_no_lr_c,k2_K01_K02,2,10,2,5,5,5,7,0,78,62,False
fage_no_lr_c_s42,fage_no_lr_c,k2_K01_K06,2,1,1,2,5,2,7,0,18,2,False
fage_no_lr_c_s42,fage_no_lr_c,k2_K01_K06,2,5,2,5,5,5,7,0,33,17,False
fage_no_lr_c_s42,fage_no_lr_c,k2_K01_K06,2,10,2,5,5,5,7,0,87,71,False
fage_no_lr_c_s42,fage_no_lr_c,k2_K02_K06,2,1,1,2,5,2,7,0,18,2,False
fage_no_lr_c_s42,fage_no_lr_c,k2_K02_K06,2,5,2,5,5,5,7,0,33,17,False
fage_no_lr_c_s42,fage_no_lr_c,k2_K02_K06,2,10,2,5,5,5,7,0,87,71,False
fage_no_lr_c_s42,fage_no_lr_c,k3_K04_K07_K08,3,1,2,2,5,2,6,0,18,2,False
fage_no_lr_c_s42,fage_no_lr_c,k3_K04_K07_K08,3,5,3,5,5,5,6,0,33,17,False
fage_no_lr_c_s42,fage_no_lr_c,k3_K04_K07_K08,3,10,3,5,5,5,6,0,79,63,False
fage_no_lr_c_s42,fage_no_lr_c,k3_K03_K05_K09,3,1,1,3,5,3,6,0,18,2,False
fage_no_lr_c_s42,fage_no_lr_c,k3_K03_K05_K09,3,5,3,5,5,5,6,0,33,17,False
fage_no_lr_c_s42,fage_no_lr_c,k3_K03_K05_K09,3,10,3,5,5,5,6,0,82,66,False
fage_no_lr_c_s42,fage_no_lr_c,k3_K01_K02_K06,3,1,2,1,4,1,6,0,18,2,False
fage_no_lr_c_s42,fage_no_lr_c,k3_K01_K02_K06,3,5,3,4,4,4,6,0,33,17,False
fage_no_lr_c_s42,fage_no_lr_c,k3_K01_K02_K06,3,10,3,4,4,4,6,0,85,69,False
fage_no_kcbert_s42,fage_no_kcbert,k2_K04_K07,2,1,1,0,7,0,7,0,10,0,False
fage_no_kcbert_s42,fage_no_kcbert,k2_K04_K07,2,5,1,4,7,4,7,0,12,2,False
fage_no_kcbert_s42,fage_no_kcbert,k2_K04_K07,2,10,2,5,7,5,7,0,17,7,False
fage_no_kcbert_s42,fage_no_kcbert,k2_K04_K08,2,1,0,1,7,1,7,0,10,0,True
fage_no_kcbert_s42,fage_no_kcbert,k2_K04_K08,2,5,1,4,7,4,7,0,13,3,False
fage_no_kcbert_s42,fage_no_kcbert,k2_K04_K08,2,10,2,5,7,5,7,0,19,9,False
fage_no_kcbert_s42,fage_no_kcbert,k2_K07_K08,2,1,1,0,7,0,7,0,10,0,False
fage_no_kcbert_s42,fage_no_kcbert,k2_K07_K08,2,5,2,2,7,2,7,0,12,2,False
fage_no_kcbert_s42,fage_no_kcbert,k2_K07_K08,2,10,2,3,7,3,7,0,15,5,False
fage_no_kcbert_s42,fage_no_kcbert,k2_K03_K05,2,1,0,1,7,1,7,0,10,0,True
fage_no_kcbert_s42,fage_no_kcbert,k2_K03_K05,2,5,1,4,7,4,7,0,14,4,False
fage_no_kcbert_s42,fage_no_kcbert,k2_K03_K05,2,10,1,6,7,6,7,0,19,9,False
fage_no_kcbert_s42,fage_no_kcbert,k2_K03_K09,2,1,0,2,7,2,7,0,10,0,True
fage_no_kcbert_s42,fage_no_kcbert,k2_K03_K09,2,5,0,5,7,5,7,0,15,5,False
fage_no_kcbert_s42,fage_no_kcbert,k2_K03_K09,2,10,2,6,7,6,7,0,20,10,False
fage_no_kcbert_s42,fage_no_kcbert,k2_K05_K09,2,1,0,1,7,1,7,0,10,0,True
fage_no_kcbert_s42,fage_no_kcbert,k2_K05_K09,2,5,1,4,7,4,7,0,13,3,False
fage_no_kcbert_s42,fage_no_kcbert,k2_K05_K09,2,10,2,5,7,5,7,0,18,8,False
fage_no_kcbert_s42,fage_no_kcbert,k2_K01_K02,2,1,0,1,7,1,7,0,10,0,True
fage_no_kcbert_s42,fage_no_kcbert,k2_K01_K02,2,5,2,3,7,3,7,0,12,2,False
fage_no_kcbert_s42,fage_no_kcbert,k2_K01_K02,2,10,2,3,7,3,7,0,17,7,False
fage_no_kcbert_s42,fage_no_kcbert,k2_K01_K06,2,1,0,2,7,2,7,0,10,0,True
fage_no_kcbert_s42,fage_no_kcbert,k2_K01_K06,2,5,1,4,7,4,7,0,15,5,False
fage_no_kcbert_s42,fage_no_kcbert,k2_K01_K06,2,10,1,7,7,7,7,0,20,10,False
fage_no_kcbert_s42,fage_no_kcbert,k2_K02_K06,2,1,0,1,7,1,7,0,10,0,True
fage_no_kcbert_s42,fage_no_kcbert,k2_K02_K06,2,5,1,4,7,4,7,0,15,5,False
fage_no_kcbert_s42,fage_no_kcbert,k2_K02_K06,2,10,1,7,7,7,7,0,20,10,False
fage_no_kcbert_s42,fage_no_kcbert,k3_K04_K07_K08,3,1,1,0,6,0,6,0,10,0,False
fage_no_kcbert_s42,fage_no_kcbert,k3_K04_K07_K08,3,5,2,3,6,3,6,0,12,2,False
fage_no_kcbert_s42,fage_no_kcbert,k3_K04_K07_K08,3,10,3,4,6,4,6,0,17,7,False
fage_no_kcbert_s42,fage_no_kcbert,k3_K03_K05_K09,3,1,0,1,6,1,6,0,10,0,True
fage_no_kcbert_s42,fage_no_kcbert,k3_K03_K05_K09,3,5,1,4,6,4,6,0,15,5,False
fage_no_kcbert_s42,fage_no_kcbert,k3_K03_K05_K09,3,10,2,5,6,5,6,0,19,9,False
fage_no_kcbert_s42,fage_no_kcbert,k3_K01_K02_K06,3,1,0,1,6,1,6,0,10,0,True
fage_no_kcbert_s42,fage_no_kcbert,k3_K01_K02_K06,3,5,2,3,6,3,6,0,15,5,False
fage_no_kcbert_s42,fage_no_kcbert,k3_K01_K02_K06,3,10,2,5,6,5,6,0,19,9,False
fage_no_url_s42,fage_no_url,k2_K04_K07,2,1,0,0,7,0,7,0,14,0,False
fage_no_url_s42,fage_no_url,k2_K04_K07,2,5,1,4,7,4,7,0,20,6,False
fage_no_url_s42,fage_no_url,k2_K04_K07,2,10,2,6,7,6,7,0,31,17,False
fage_no_url_s42,fage_no_url,k2_K04_K08,2,1,0,0,7,0,7,0,14,0,False
fage_no_url_s42,fage_no_url,k2_K04_K08,2,5,1,4,7,4,7,0,20,6,False
fage_no_url_s42,fage_no_url,k2_K04_K08,2,10,2,6,7,6,7,0,32,18,False
fage_no_url_s42,fage_no_url,k2_K07_K08,2,1,0,0,7,0,7,0,14,0,False
fage_no_url_s42,fage_no_url,k2_K07_K08,2,5,2,3,7,3,7,0,20,6,False
fage_no_url_s42,fage_no_url,k2_K07_K08,2,10,2,6,7,6,7,0,30,16,False
fage_no_url_s42,fage_no_url,k2_K03_K05,2,1,0,0,7,0,7,0,14,0,False
fage_no_url_s42,fage_no_url,k2_K03_K05,2,5,1,4,7,4,7,0,20,6,False
fage_no_url_s42,fage_no_url,k2_K03_K05,2,10,2,6,7,6,7,0,32,18,False
fage_no_url_s42,fage_no_url,k2_K03_K09,2,1,0,0,7,0,7,0,14,0,False
fage_no_url_s42,fage_no_url,k2_K03_K09,2,5,0,5,7,5,7,0,20,6,False
fage_no_url_s42,fage_no_url,k2_K03_K09,2,10,2,6,7,6,7,0,32,18,False
fage_no_url_s42,fage_no_url,k2_K05_K09,2,1,0,0,7,0,7,0,14,0,False
fage_no_url_s42,fage_no_url,k2_K05_K09,2,5,1,4,7,4,7,0,20,6,False
fage_no_url_s42,fage_no_url,k2_K05_K09,2,10,2,6,7,6,7,0,32,18,False
fage_no_url_s42,fage_no_url,k2_K01_K02,2,1,0,0,7,0,7,0,14,0,False
fage_no_url_s42,fage_no_url,k2_K01_K02,2,5,2,3,7,3,7,0,20,6,False
fage_no_url_s42,fage_no_url,k2_K01_K02,2,10,2,6,7,6,7,0,31,17,False
fage_no_url_s42,fage_no_url,k2_K01_K06,2,1,0,0,7,0,7,0,14,0,False
fage_no_url_s42,fage_no_url,k2_K01_K06,2,5,1,4,7,4,7,0,20,6,False
fage_no_url_s42,fage_no_url,k2_K01_K06,2,10,1,7,7,7,7,0,32,18,False
fage_no_url_s42,fage_no_url,k2_K02_K06,2,1,0,0,7,0,7,0,14,0,False
fage_no_url_s42,fage_no_url,k2_K02_K06,2,5,1,4,7,4,7,0,20,6,False
fage_no_url_s42,fage_no_url,k2_K02_K06,2,10,1,7,7,7,7,0,32,18,False
fage_no_url_s42,fage_no_url,k3_K04_K07_K08,3,1,0,0,6,0,6,0,14,0,False
fage_no_url_s42,fage_no_url,k3_K04_K07_K08,3,5,2,3,6,3,6,0,20,6,False
fage_no_url_s42,fage_no_url,k3_K04_K07_K08,3,10,3,5,6,5,6,0,31,17,False
fage_no_url_s42,fage_no_url,k3_K03_K05_K09,3,1,0,0,6,0,6,0,14,0,False
fage_no_url_s42,fage_no_url,k3_K03_K05_K09,3,5,1,4,6,4,6,0,20,6,False
fage_no_url_s42,fage_no_url,k3_K03_K05_K09,3,10,3,5,6,5,6,0,32,18,False
fage_no_url_s42,fage_no_url,k3_K01_K02_K06,3,1,0,0,6,0,6,0,14,0,False
fage_no_url_s42,fage_no_url,k3_K01_K02_K06,3,5,2,3,6,3,6,0,20,6,False
fage_no_url_s42,fage_no_url,k3_K01_K02_K06,3,10,2,6,6,6,6,0,32,18,False
fage_no_disagreement_s42,fage_no_disagreement,k2_K04_K07,2,1,1,0,7,0,7,0,15,1,False
fage_no_disagreement_s42,fage_no_disagreement,k2_K04_K07,2,5,2,6,7,6,7,0,27,13,False
fage_no_disagreement_s42,fage_no_disagreement,k2_K04_K07,2,10,2,7,7,7,7,0,54,40,False
fage_no_disagreement_s42,fage_no_disagreement,k2_K04_K08,2,1,0,1,7,1,7,0,15,1,False
fage_no_disagreement_s42,fage_no_disagreement,k2_K04_K08,2,5,2,6,7,6,7,0,27,13,False
fage_no_disagreement_s42,fage_no_disagreement,k2_K04_K08,2,10,2,7,7,7,7,0,55,41,False
fage_no_disagreement_s42,fage_no_disagreement,k2_K07_K08,2,1,1,0,7,0,7,0,15,1,False
fage_no_disagreement_s42,fage_no_disagreement,k2_K07_K08,2,5,2,6,7,6,7,0,27,13,False
fage_no_disagreement_s42,fage_no_disagreement,k2_K07_K08,2,10,2,7,7,7,7,0,52,38,False
fage_no_disagreement_s42,fage_no_disagreement,k2_K03_K05,2,1,0,1,7,1,7,0,15,1,False
fage_no_disagreement_s42,fage_no_disagreement,k2_K03_K05,2,5,2,6,7,6,7,0,27,13,False
fage_no_disagreement_s42,fage_no_disagreement,k2_K03_K05,2,10,2,7,7,7,7,0,55,41,False
fage_no_disagreement_s42,fage_no_disagreement,k2_K03_K09,2,1,0,1,7,1,7,0,15,1,False
fage_no_disagreement_s42,fage_no_disagreement,k2_K03_K09,2,5,2,6,7,6,7,0,27,13,False
fage_no_disagreement_s42,fage_no_disagreement,k2_K03_K09,2,10,2,7,7,7,7,0,55,41,False
fage_no_disagreement_s42,fage_no_disagreement,k2_K05_K09,2,1,0,1,7,1,7,0,15,1,False
fage_no_disagreement_s42,fage_no_disagreement,k2_K05_K09,2,5,2,6,7,6,7,0,27,13,False
fage_no_disagreement_s42,fage_no_disagreement,k2_K05_K09,2,10,2,7,7,7,7,0,54,40,False
fage_no_disagreement_s42,fage_no_disagreement,k2_K01_K02,2,1,0,1,7,1,7,0,15,1,False
fage_no_disagreement_s42,fage_no_disagreement,k2_K01_K02,2,5,2,6,7,6,7,0,27,13,False
fage_no_disagreement_s42,fage_no_disagreement,k2_K01_K02,2,10,2,7,7,7,7,0,54,40,False
fage_no_disagreement_s42,fage_no_disagreement,k2_K01_K06,2,1,0,1,7,1,7,0,15,1,False
fage_no_disagreement_s42,fage_no_disagreement,k2_K01_K06,2,5,1,7,7,7,7,0,27,13,False
fage_no_disagreement_s42,fage_no_disagreement,k2_K01_K06,2,10,2,7,7,7,7,0,57,43,False
fage_no_disagreement_s42,fage_no_disagreement,k2_K02_K06,2,1,0,1,7,1,7,0,15,1,False
fage_no_disagreement_s42,fage_no_disagreement,k2_K02_K06,2,5,1,7,7,7,7,0,27,13,False
fage_no_disagreement_s42,fage_no_disagreement,k2_K02_K06,2,10,2,7,7,7,7,0,57,43,False
fage_no_disagreement_s42,fage_no_disagreement,k3_K04_K07_K08,3,1,1,0,6,0,6,0,15,1,False
fage_no_disagreement_s42,fage_no_disagreement,k3_K04_K07_K08,3,5,3,5,6,5,6,0,27,13,False
fage_no_disagreement_s42,fage_no_disagreement,k3_K04_K07_K08,3,10,3,6,6,6,6,0,54,40,False
fage_no_disagreement_s42,fage_no_disagreement,k3_K03_K05_K09,3,1,0,1,6,1,6,0,15,1,False
fage_no_disagreement_s42,fage_no_disagreement,k3_K03_K05_K09,3,5,3,5,6,5,6,0,27,13,False
fage_no_disagreement_s42,fage_no_disagreement,k3_K03_K05_K09,3,10,3,6,6,6,6,0,55,41,False
fage_no_disagreement_s42,fage_no_disagreement,k3_K01_K02_K06,3,1,0,1,6,1,6,0,15,1,False
fage_no_disagreement_s42,fage_no_disagreement,k3_K01_K02_K06,3,5,2,6,6,6,6,0,27,13,False
fage_no_disagreement_s42,fage_no_disagreement,k3_K01_K02_K06,3,10,3,6,6,6,6,0,55,41,False
fage_no_url_free_weight_s42,fage_no_url_free_weight,k2_K04_K07,2,1,1,4,7,4,7,0,18,2,False
fage_no_url_free_weight_s42,fage_no_url_free_weight,k2_K04_K07,2,5,2,7,7,7,7,0,33,17,False
fage_no_url_free_weight_s42,fage_no_url_free_weight,k2_K04_K07,2,10,2,7,7,7,7,0,71,55,False
fage_no_url_free_weight_s42,fage_no_url_free_weight,k2_K04_K08,2,1,1,3,6,3,7,0,18,2,False
fage_no_url_free_weight_s42,fage_no_url_free_weight,k2_K04_K08,2,5,2,6,6,6,7,0,33,17,False
fage_no_url_free_weight_s42,fage_no_url_free_weight,k2_K04_K08,2,10,2,6,6,6,7,0,72,56,False
fage_no_url_free_weight_s42,fage_no_url_free_weight,k2_K07_K08,2,1,2,3,7,3,7,0,18,2,False
fage_no_url_free_weight_s42,fage_no_url_free_weight,k2_K07_K08,2,5,2,7,7,7,7,0,33,17,False
fage_no_url_free_weight_s42,fage_no_url_free_weight,k2_K07_K08,2,10,2,7,7,7,7,0,70,54,False
fage_no_url_free_weight_s42,fage_no_url_free_weight,k2_K03_K05,2,1,1,3,6,3,7,0,18,2,False
fage_no_url_free_weight_s42,fage_no_url_free_weight,k2_K03_K05,2,5,2,6,6,6,7,0,33,17,False
fage_no_url_free_weight_s42,fage_no_url_free_weight,k2_K03_K05,2,10,2,6,6,6,7,0,74,58,False
fage_no_url_free_weight_s42,fage_no_url_free_weight,k2_K03_K09,2,1,0,4,6,4,7,0,18,2,False
fage_no_url_free_weight_s42,fage_no_url_free_weight,k2_K03_K09,2,5,2,6,6,6,7,0,33,17,False
fage_no_url_free_weight_s42,fage_no_url_free_weight,k2_K03_K09,2,10,2,6,6,6,7,0,75,59,False
fage_no_url_free_weight_s42,fage_no_url_free_weight,k2_K05_K09,2,1,1,3,6,3,7,0,18,2,False
fage_no_url_free_weight_s42,fage_no_url_free_weight,k2_K05_K09,2,5,2,6,6,6,7,0,33,17,False
fage_no_url_free_weight_s42,fage_no_url_free_weight,k2_K05_K09,2,10,2,6,6,6,7,0,71,55,False
fage_no_url_free_weight_s42,fage_no_url_free_weight,k2_K01_K02,2,1,2,2,6,2,7,0,18,2,False
fage_no_url_free_weight_s42,fage_no_url_free_weight,k2_K01_K02,2,5,2,6,6,6,7,0,33,17,False
fage_no_url_free_weight_s42,fage_no_url_free_weight,k2_K01_K02,2,10,2,6,6,6,7,0,71,55,False
fage_no_url_free_weight_s42,fage_no_url_free_weight,k2_K01_K06,2,1,1,3,6,3,7,0,18,2,False
fage_no_url_free_weight_s42,fage_no_url_free_weight,k2_K01_K06,2,5,2,6,6,6,7,0,33,17,False
fage_no_url_free_weight_s42,fage_no_url_free_weight,k2_K01_K06,2,10,2,6,6,6,7,0,75,59,False
fage_no_url_free_weight_s42,fage_no_url_free_weight,k2_K02_K06,2,1,1,3,6,3,7,0,18,2,False
fage_no_url_free_weight_s42,fage_no_url_free_weight,k2_K02_K06,2,5,2,6,6,6,7,0,33,17,False
fage_no_url_free_weight_s42,fage_no_url_free_weight,k2_K02_K06,2,10,2,6,6,6,7,0,75,59,False
fage_no_url_free_weight_s42,fage_no_url_free_weight,k3_K04_K07_K08,3,1,2,3,6,3,6,0,18,2,False
fage_no_url_free_weight_s42,fage_no_url_free_weight,k3_K04_K07_K08,3,5,3,6,6,6,6,0,33,17,False
fage_no_url_free_weight_s42,fage_no_url_free_weight,k3_K04_K07_K08,3,10,3,6,6,6,6,0,71,55,False
fage_no_url_free_weight_s42,fage_no_url_free_weight,k3_K03_K05_K09,3,1,1,3,5,3,6,0,18,2,False
fage_no_url_free_weight_s42,fage_no_url_free_weight,k3_K03_K05_K09,3,5,3,5,5,5,6,0,33,17,False
fage_no_url_free_weight_s42,fage_no_url_free_weight,k3_K03_K05_K09,3,10,3,5,5,5,6,0,74,58,False
fage_no_url_free_weight_s42,fage_no_url_free_weight,k3_K01_K02_K06,3,1,2,2,5,2,6,0,18,2,False
fage_no_url_free_weight_s42,fage_no_url_free_weight,k3_K01_K02_K06,3,5,3,5,5,5,6,0,33,17,False
fage_no_url_free_weight_s42,fage_no_url_free_weight,k3_K01_K02_K06,3,10,3,5,5,5,6,0,74,58,False
equal_weight_s42,equal_weight,k2_K04_K07,2,1,2,3,3,3,7,0,33,18,False
equal_weight_s42,equal_weight,k2_K04_K07,2,5,2,3,3,3,7,0,163,148,False
equal_weight_s42,equal_weight,k2_K04_K07,2,10,2,3,3,3,7,0,175,160,False
equal_weight_s42,equal_weight,k2_K04_K08,2,1,2,3,3,3,7,0,34,19,False
equal_weight_s42,equal_weight,k2_K04_K08,2,5,2,3,3,3,7,0,163,148,False
equal_weight_s42,equal_weight,k2_K04_K08,2,10,2,3,3,3,7,0,177,162,False
equal_weight_s42,equal_weight,k2_K07_K08,2,1,2,4,4,4,7,0,32,17,False
equal_weight_s42,equal_weight,k2_K07_K08,2,5,2,4,4,4,7,0,159,144,False
equal_weight_s42,equal_weight,k2_K07_K08,2,10,2,4,4,4,7,0,173,158,False
equal_weight_s42,equal_weight,k2_K03_K05,2,1,2,3,3,3,7,0,34,19,False
equal_weight_s42,equal_weight,k2_K03_K05,2,5,2,3,3,3,7,0,163,148,False
equal_weight_s42,equal_weight,k2_K03_K05,2,10,2,3,3,3,7,0,177,162,False
equal_weight_s42,equal_weight,k2_K03_K09,2,1,2,2,2,2,7,0,30,15,False
equal_weight_s42,equal_weight,k2_K03_K09,2,5,2,2,2,2,7,0,165,150,False
equal_weight_s42,equal_weight,k2_K03_K09,2,10,2,2,2,2,7,0,181,166,False
equal_weight_s42,equal_weight,k2_K05_K09,2,1,2,3,3,3,7,0,31,16,False
equal_weight_s42,equal_weight,k2_K05_K09,2,5,2,3,3,3,7,0,163,148,False
equal_weight_s42,equal_weight,k2_K05_K09,2,10,2,3,3,3,7,0,177,162,False
equal_weight_s42,equal_weight,k2_K01_K02,2,1,2,4,4,4,7,0,32,17,False
equal_weight_s42,equal_weight,k2_K01_K02,2,5,2,4,4,4,7,0,162,147,False
equal_weight_s42,equal_weight,k2_K01_K02,2,10,2,4,4,4,7,0,175,160,False
equal_weight_s42,equal_weight,k2_K01_K06,2,1,2,3,3,3,7,0,31,16,False
equal_weight_s42,equal_weight,k2_K01_K06,2,5,2,3,3,3,7,0,165,150,False
equal_weight_s42,equal_weight,k2_K01_K06,2,10,2,3,3,3,7,0,180,165,False
equal_weight_s42,equal_weight,k2_K02_K06,2,1,2,3,3,3,7,0,31,16,False
equal_weight_s42,equal_weight,k2_K02_K06,2,5,2,3,3,3,7,0,165,150,False
equal_weight_s42,equal_weight,k2_K02_K06,2,10,2,3,3,3,7,0,179,164,False
equal_weight_s42,equal_weight,k3_K04_K07_K08,3,1,3,3,3,3,6,0,34,19,False
equal_weight_s42,equal_weight,k3_K04_K07_K08,3,5,3,3,3,3,6,0,163,148,False
equal_weight_s42,equal_weight,k3_K04_K07_K08,3,10,3,3,3,3,6,0,175,160,False
equal_weight_s42,equal_weight,k3_K03_K05_K09,3,1,3,2,2,2,6,0,35,20,False
equal_weight_s42,equal_weight,k3_K03_K05_K09,3,5,3,2,2,2,6,0,163,148,False
equal_weight_s42,equal_weight,k3_K03_K05_K09,3,10,3,2,2,2,6,0,178,163,False
equal_weight_s42,equal_weight,k3_K01_K02_K06,3,1,3,3,3,3,6,0,34,19,False
equal_weight_s42,equal_weight,k3_K01_K02_K06,3,5,3,3,3,3,6,0,164,149,False
equal_weight_s42,equal_weight,k3_K01_K02_K06,3,10,3,3,3,3,6,0,178,163,False
fixed_weight_s42,fixed_weight,k2_K04_K07,2,1,2,3,3,3,7,0,31,17,False
fixed_weight_s42,fixed_weight,k2_K04_K07,2,5,2,3,3,3,7,0,156,142,False
fixed_weight_s42,fixed_weight,k2_K04_K07,2,10,2,3,3,3,7,0,166,152,False
fixed_weight_s42,fixed_weight,k2_K04_K08,2,1,2,3,3,3,7,0,31,17,False
fixed_weight_s42,fixed_weight,k2_K04_K08,2,5,2,3,3,3,7,0,157,143,False
fixed_weight_s42,fixed_weight,k2_K04_K08,2,10,2,3,3,3,7,0,166,152,False
fixed_weight_s42,fixed_weight,k2_K07_K08,2,1,2,4,4,4,7,0,30,16,False
fixed_weight_s42,fixed_weight,k2_K07_K08,2,5,2,4,4,4,7,0,154,140,False
fixed_weight_s42,fixed_weight,k2_K07_K08,2,10,2,4,4,4,7,0,165,151,False
fixed_weight_s42,fixed_weight,k2_K03_K05,2,1,2,3,3,3,7,0,32,18,False
fixed_weight_s42,fixed_weight,k2_K03_K05,2,5,2,3,3,3,7,0,157,143,False
fixed_weight_s42,fixed_weight,k2_K03_K05,2,10,2,3,3,3,7,0,166,152,False
fixed_weight_s42,fixed_weight,k2_K03_K09,2,1,2,2,2,2,7,0,28,14,False
fixed_weight_s42,fixed_weight,k2_K03_K09,2,5,2,2,2,2,7,0,159,145,False
fixed_weight_s42,fixed_weight,k2_K03_K09,2,10,2,2,2,2,7,0,168,154,False
fixed_weight_s42,fixed_weight,k2_K05_K09,2,1,2,3,3,3,7,0,29,15,False
fixed_weight_s42,fixed_weight,k2_K05_K09,2,5,2,3,3,3,7,0,156,142,False
fixed_weight_s42,fixed_weight,k2_K05_K09,2,10,2,3,3,3,7,0,166,152,False
fixed_weight_s42,fixed_weight,k2_K01_K02,2,1,2,4,4,4,7,0,30,16,False
fixed_weight_s42,fixed_weight,k2_K01_K02,2,5,2,4,4,4,7,0,156,142,False
fixed_weight_s42,fixed_weight,k2_K01_K02,2,10,2,4,4,4,7,0,166,152,False
fixed_weight_s42,fixed_weight,k2_K01_K06,2,1,2,3,3,3,7,0,29,15,False
fixed_weight_s42,fixed_weight,k2_K01_K06,2,5,2,3,3,3,7,0,158,144,False
fixed_weight_s42,fixed_weight,k2_K01_K06,2,10,2,3,3,3,7,0,168,154,False
fixed_weight_s42,fixed_weight,k2_K02_K06,2,1,2,3,3,3,7,0,29,15,False
fixed_weight_s42,fixed_weight,k2_K02_K06,2,5,2,3,3,3,7,0,158,144,False
fixed_weight_s42,fixed_weight,k2_K02_K06,2,10,2,3,3,3,7,0,168,154,False
fixed_weight_s42,fixed_weight,k3_K04_K07_K08,3,1,3,3,3,3,6,0,32,18,False
fixed_weight_s42,fixed_weight,k3_K04_K07_K08,3,5,3,3,3,3,6,0,156,142,False
fixed_weight_s42,fixed_weight,k3_K04_K07_K08,3,10,3,3,3,3,6,0,166,152,False
fixed_weight_s42,fixed_weight,k3_K03_K05_K09,3,1,3,2,2,2,6,0,33,19,False
fixed_weight_s42,fixed_weight,k3_K03_K05_K09,3,5,3,2,2,2,6,0,157,143,False
fixed_weight_s42,fixed_weight,k3_K03_K05_K09,3,10,3,2,2,2,6,0,167,153,False
fixed_weight_s42,fixed_weight,k3_K01_K02_K06,3,1,3,3,3,3,6,0,31,17,False
fixed_weight_s42,fixed_weight,k3_K01_K02_K06,3,5,3,3,3,3,6,0,157,143,False
fixed_weight_s42,fixed_weight,k3_K01_K02_K06,3,10,3,3,3,3,6,0,167,153,False
word_expert_s101,word_expert,k2_K04_K07,2,1,2,0,2,0,7,0,9,1,False
word_expert_s101,word_expert,k2_K04_K07,2,5,2,0,2,0,7,0,11,3,False
word_expert_s101,word_expert,k2_K04_K07,2,10,2,1,2,1,7,0,17,9,False
word_expert_s101,word_expert,k2_K04_K08,2,1,2,0,2,0,7,0,9,1,False
word_expert_s101,word_expert,k2_K04_K08,2,5,2,1,2,1,7,0,14,6,False
word_expert_s101,word_expert,k2_K04_K08,2,10,2,2,2,2,7,0,19,11,False
word_expert_s101,word_expert,k2_K07_K08,2,1,2,0,2,0,7,0,9,1,False
word_expert_s101,word_expert,k2_K07_K08,2,5,2,0,2,0,7,0,10,2,False
word_expert_s101,word_expert,k2_K07_K08,2,10,2,1,2,1,7,0,16,8,False
word_expert_s101,word_expert,k2_K03_K05,2,1,1,0,1,0,7,0,9,1,False
word_expert_s101,word_expert,k2_K03_K05,2,5,2,0,1,0,7,0,15,7,False
word_expert_s101,word_expert,k2_K03_K05,2,10,2,1,1,1,7,0,21,13,False
word_expert_s101,word_expert,k2_K03_K09,2,1,1,0,1,0,7,0,9,1,False
word_expert_s101,word_expert,k2_K03_K09,2,5,2,0,1,0,7,0,15,7,False
word_expert_s101,word_expert,k2_K03_K09,2,10,2,1,1,1,7,0,23,15,False
word_expert_s101,word_expert,k2_K05_K09,2,1,2,0,2,0,7,0,9,1,False
word_expert_s101,word_expert,k2_K05_K09,2,5,2,0,2,0,7,0,13,5,False
word_expert_s101,word_expert,k2_K05_K09,2,10,2,2,2,2,7,0,18,10,False
word_expert_s101,word_expert,k2_K01_K02,2,1,2,0,2,0,7,0,9,1,False
word_expert_s101,word_expert,k2_K01_K02,2,5,2,0,2,0,7,0,13,5,False
word_expert_s101,word_expert,k2_K01_K02,2,10,2,2,2,2,7,0,18,10,False
word_expert_s101,word_expert,k2_K01_K06,2,1,1,0,1,0,7,0,9,1,False
word_expert_s101,word_expert,k2_K01_K06,2,5,1,1,1,1,7,0,15,7,False
word_expert_s101,word_expert,k2_K01_K06,2,10,2,1,1,1,7,0,21,13,False
word_expert_s101,word_expert,k2_K02_K06,2,1,1,0,1,0,7,0,9,1,False
word_expert_s101,word_expert,k2_K02_K06,2,5,1,1,1,1,7,0,15,7,False
word_expert_s101,word_expert,k2_K02_K06,2,10,2,1,1,1,7,0,25,17,False
word_expert_s101,word_expert,k3_K04_K07_K08,3,1,3,0,2,0,6,0,9,1,False
word_expert_s101,word_expert,k3_K04_K07_K08,3,5,3,0,2,0,6,0,12,4,False
word_expert_s101,word_expert,k3_K04_K07_K08,3,10,3,1,2,1,6,0,17,9,False
word_expert_s101,word_expert,k3_K03_K05_K09,3,1,2,0,1,0,6,0,9,1,False
word_expert_s101,word_expert,k3_K03_K05_K09,3,5,3,0,1,0,6,0,15,7,False
word_expert_s101,word_expert,k3_K03_K05_K09,3,10,3,1,1,1,6,0,21,13,False
word_expert_s101,word_expert,k3_K01_K02_K06,3,1,2,0,1,0,6,0,9,1,False
word_expert_s101,word_expert,k3_K01_K02_K06,3,5,2,1,1,1,6,0,15,7,False
word_expert_s101,word_expert,k3_K01_K02_K06,3,10,3,1,1,1,6,0,21,13,False
stacking_s101,stacking,k2_K04_K07,2,1,0,0,7,0,7,0,14,0,False
stacking_s101,stacking,k2_K04_K07,2,5,1,1,7,1,7,0,16,2,False
stacking_s101,stacking,k2_K04_K07,2,10,2,5,7,5,7,0,26,12,False
stacking_s101,stacking,k2_K04_K08,2,1,0,0,7,0,7,0,14,0,False
stacking_s101,stacking,k2_K04_K08,2,5,0,2,7,2,7,0,16,2,False
stacking_s101,stacking,k2_K04_K08,2,10,2,5,7,5,7,0,26,12,False
stacking_s101,stacking,k2_K07_K08,2,1,0,0,7,0,7,0,14,0,False
stacking_s101,stacking,k2_K07_K08,2,5,1,1,7,1,7,0,16,2,False
stacking_s101,stacking,k2_K07_K08,2,10,2,5,7,5,7,0,24,10,False
stacking_s101,stacking,k2_K03_K05,2,1,0,0,7,0,7,0,14,0,False
stacking_s101,stacking,k2_K03_K05,2,5,1,1,7,1,7,0,16,2,False
stacking_s101,stacking,k2_K03_K05,2,10,1,6,7,6,7,0,27,13,False
stacking_s101,stacking,k2_K03_K09,2,1,0,0,7,0,7,0,14,0,False
stacking_s101,stacking,k2_K03_K09,2,5,0,2,7,2,7,0,16,2,False
stacking_s101,stacking,k2_K03_K09,2,10,2,6,7,6,7,0,27,13,False
stacking_s101,stacking,k2_K05_K09,2,1,0,0,7,0,7,0,14,0,False
stacking_s101,stacking,k2_K05_K09,2,5,1,1,7,1,7,0,16,2,False
stacking_s101,stacking,k2_K05_K09,2,10,2,5,7,5,7,0,26,12,False
stacking_s101,stacking,k2_K01_K02,2,1,0,0,7,0,7,0,14,0,False
stacking_s101,stacking,k2_K01_K02,2,5,0,2,7,2,7,0,16,2,False
stacking_s101,stacking,k2_K01_K02,2,10,2,5,7,5,7,0,26,12,False
stacking_s101,stacking,k2_K01_K06,2,1,0,0,7,0,7,0,14,0,False
stacking_s101,stacking,k2_K01_K06,2,5,0,2,7,2,7,0,16,2,False
stacking_s101,stacking,k2_K01_K06,2,10,1,6,7,6,7,0,27,13,False
stacking_s101,stacking,k2_K02_K06,2,1,0,0,7,0,7,0,14,0,False
stacking_s101,stacking,k2_K02_K06,2,5,0,2,7,2,7,0,16,2,False
stacking_s101,stacking,k2_K02_K06,2,10,1,6,7,6,7,0,27,13,False
stacking_s101,stacking,k3_K04_K07_K08,3,1,0,0,6,0,6,0,14,0,False
stacking_s101,stacking,k3_K04_K07_K08,3,5,1,1,6,1,6,0,16,2,False
stacking_s101,stacking,k3_K04_K07_K08,3,10,3,4,6,4,6,0,26,12,False
stacking_s101,stacking,k3_K03_K05_K09,3,1,0,0,6,0,6,0,14,0,False
stacking_s101,stacking,k3_K03_K05_K09,3,5,1,1,6,1,6,0,16,2,False
stacking_s101,stacking,k3_K03_K05_K09,3,10,2,5,6,5,6,0,27,13,False
stacking_s101,stacking,k3_K01_K02_K06,3,1,0,0,6,0,6,0,14,0,False
stacking_s101,stacking,k3_K01_K02_K06,3,5,0,2,6,2,6,0,16,2,False
stacking_s101,stacking,k3_K01_K02_K06,3,10,2,5,6,5,6,0,27,13,False
fage_s101,fage,k2_K04_K07,2,1,0,0,7,0,7,0,13,0,False
fage_s101,fage,k2_K04_K07,2,5,1,1,7,1,7,0,15,2,False
fage_s101,fage,k2_K04_K07,2,10,2,6,7,6,7,0,27,14,False
fage_s101,fage,k2_K04_K08,2,1,0,0,7,0,7,0,13,0,False
fage_s101,fage,k2_K04_K08,2,5,0,2,7,2,7,0,15,2,False
fage_s101,fage,k2_K04_K08,2,10,2,6,7,6,7,0,28,15,False
fage_s101,fage,k2_K07_K08,2,1,0,0,7,0,7,0,13,0,False
fage_s101,fage,k2_K07_K08,2,5,1,1,7,1,7,0,15,2,False
fage_s101,fage,k2_K07_K08,2,10,2,6,7,6,7,0,26,13,False
fage_s101,fage,k2_K03_K05,2,1,0,0,7,0,7,0,13,0,False
fage_s101,fage,k2_K03_K05,2,5,1,1,7,1,7,0,15,2,False
fage_s101,fage,k2_K03_K05,2,10,2,6,7,6,7,0,30,17,False
fage_s101,fage,k2_K03_K09,2,1,0,0,7,0,7,0,13,0,False
fage_s101,fage,k2_K03_K09,2,5,0,2,7,2,7,0,15,2,False
fage_s101,fage,k2_K03_K09,2,10,2,6,7,6,7,0,31,18,False
fage_s101,fage,k2_K05_K09,2,1,0,0,7,0,7,0,13,0,False
fage_s101,fage,k2_K05_K09,2,5,1,1,7,1,7,0,15,2,False
fage_s101,fage,k2_K05_K09,2,10,2,6,7,6,7,0,28,15,False
fage_s101,fage,k2_K01_K02,2,1,0,0,7,0,7,0,13,0,False
fage_s101,fage,k2_K01_K02,2,5,0,2,7,2,7,0,15,2,False
fage_s101,fage,k2_K01_K02,2,10,2,6,7,6,7,0,27,14,False
fage_s101,fage,k2_K01_K06,2,1,0,0,7,0,7,0,13,0,False
fage_s101,fage,k2_K01_K06,2,5,0,2,7,2,7,0,15,2,False
fage_s101,fage,k2_K01_K06,2,10,1,7,7,7,7,0,31,18,False
fage_s101,fage,k2_K02_K06,2,1,0,0,7,0,7,0,13,0,False
fage_s101,fage,k2_K02_K06,2,5,0,2,7,2,7,0,15,2,False
fage_s101,fage,k2_K02_K06,2,10,1,7,7,7,7,0,31,18,False
fage_s101,fage,k3_K04_K07_K08,3,1,0,0,6,0,6,0,13,0,False
fage_s101,fage,k3_K04_K07_K08,3,5,1,1,6,1,6,0,15,2,False
fage_s101,fage,k3_K04_K07_K08,3,10,3,5,6,5,6,0,27,14,False
fage_s101,fage,k3_K03_K05_K09,3,1,0,0,6,0,6,0,13,0,False
fage_s101,fage,k3_K03_K05_K09,3,5,1,1,6,1,6,0,15,2,False
fage_s101,fage,k3_K03_K05_K09,3,10,3,5,6,5,6,0,30,17,False
fage_s101,fage,k3_K01_K02_K06,3,1,0,0,6,0,6,0,13,0,False
fage_s101,fage,k3_K01_K02_K06,3,5,0,2,6,2,6,0,15,2,False
fage_s101,fage,k3_K01_K02_K06,3,10,2,6,6,6,6,0,31,18,False
fage_no_has_url_s101,fage_no_has_url,k2_K04_K07,2,1,0,0,7,0,7,0,13,0,False
fage_no_has_url_s101,fage_no_has_url,k2_K04_K07,2,5,1,0,7,0,7,0,15,2,False
fage_no_has_url_s101,fage_no_has_url,k2_K04_K07,2,10,2,5,7,5,7,0,25,12,False
fage_no_has_url_s101,fage_no_has_url,k2_K04_K08,2,1,0,0,7,0,7,0,13,0,False
fage_no_has_url_s101,fage_no_has_url,k2_K04_K08,2,5,0,1,7,1,7,0,15,2,False
fage_no_has_url_s101,fage_no_has_url,k2_K04_K08,2,10,2,6,7,6,7,0,25,12,False
fage_no_has_url_s101,fage_no_has_url,k2_K07_K08,2,1,0,0,7,0,7,0,13,0,False
fage_no_has_url_s101,fage_no_has_url,k2_K07_K08,2,5,1,0,7,0,7,0,15,2,False
fage_no_has_url_s101,fage_no_has_url,k2_K07_K08,2,10,2,5,7,5,7,0,24,11,False
fage_no_has_url_s101,fage_no_has_url,k2_K03_K05,2,1,0,0,7,0,7,0,13,0,False
fage_no_has_url_s101,fage_no_has_url,k2_K03_K05,2,5,0,1,7,1,7,0,15,2,False
fage_no_has_url_s101,fage_no_has_url,k2_K03_K05,2,10,2,6,7,6,7,0,27,14,False
fage_no_has_url_s101,fage_no_has_url,k2_K03_K09,2,1,0,0,7,0,7,0,13,0,False
fage_no_has_url_s101,fage_no_has_url,k2_K03_K09,2,5,0,1,7,1,7,0,15,2,False
fage_no_has_url_s101,fage_no_has_url,k2_K03_K09,2,10,2,6,7,6,7,0,27,14,False
fage_no_has_url_s101,fage_no_has_url,k2_K05_K09,2,1,0,0,7,0,7,0,13,0,False
fage_no_has_url_s101,fage_no_has_url,k2_K05_K09,2,5,0,1,7,1,7,0,15,2,False
fage_no_has_url_s101,fage_no_has_url,k2_K05_K09,2,10,2,5,7,5,7,0,25,12,False
fage_no_has_url_s101,fage_no_has_url,k2_K01_K02,2,1,0,0,7,0,7,0,13,0,False
fage_no_has_url_s101,fage_no_has_url,k2_K01_K02,2,5,0,1,7,1,7,0,15,2,False
fage_no_has_url_s101,fage_no_has_url,k2_K01_K02,2,10,2,5,7,5,7,0,25,12,False
fage_no_has_url_s101,fage_no_has_url,k2_K01_K06,2,1,0,0,7,0,7,0,13,0,False
fage_no_has_url_s101,fage_no_has_url,k2_K01_K06,2,5,0,1,7,1,7,0,15,2,False
fage_no_has_url_s101,fage_no_has_url,k2_K01_K06,2,10,1,7,7,7,7,0,27,14,False
fage_no_has_url_s101,fage_no_has_url,k2_K02_K06,2,1,0,0,7,0,7,0,13,0,False
fage_no_has_url_s101,fage_no_has_url,k2_K02_K06,2,5,0,1,7,1,7,0,15,2,False
fage_no_has_url_s101,fage_no_has_url,k2_K02_K06,2,10,1,7,7,7,7,0,27,14,False
fage_no_has_url_s101,fage_no_has_url,k3_K04_K07_K08,3,1,0,0,6,0,6,0,13,0,False
fage_no_has_url_s101,fage_no_has_url,k3_K04_K07_K08,3,5,1,0,6,0,6,0,15,2,False
fage_no_has_url_s101,fage_no_has_url,k3_K04_K07_K08,3,10,3,4,6,4,6,0,25,12,False
fage_no_has_url_s101,fage_no_has_url,k3_K03_K05_K09,3,1,0,0,6,0,6,0,13,0,False
fage_no_has_url_s101,fage_no_has_url,k3_K03_K05_K09,3,5,0,1,6,1,6,0,15,2,False
fage_no_has_url_s101,fage_no_has_url,k3_K03_K05_K09,3,10,3,5,6,5,6,0,27,14,False
fage_no_has_url_s101,fage_no_has_url,k3_K01_K02_K06,3,1,0,0,6,0,6,0,13,0,False
fage_no_has_url_s101,fage_no_has_url,k3_K01_K02_K06,3,5,0,1,6,1,6,0,15,2,False
fage_no_has_url_s101,fage_no_has_url,k3_K01_K02_K06,3,10,2,6,6,6,6,0,27,14,False
fage_no_similarity_s101,fage_no_similarity,k2_K04_K07,2,1,0,0,7,0,7,0,13,0,False
fage_no_similarity_s101,fage_no_similarity,k2_K04_K07,2,5,1,0,7,0,7,0,16,3,False
fage_no_similarity_s101,fage_no_similarity,k2_K04_K07,2,10,2,6,7,6,7,0,31,18,False
fage_no_similarity_s101,fage_no_similarity,k2_K04_K08,2,1,0,0,7,0,7,0,13,0,False
fage_no_similarity_s101,fage_no_similarity,k2_K04_K08,2,5,0,1,7,1,7,0,16,3,False
fage_no_similarity_s101,fage_no_similarity,k2_K04_K08,2,10,2,6,7,6,7,0,32,19,False
fage_no_similarity_s101,fage_no_similarity,k2_K07_K08,2,1,0,0,7,0,7,0,13,0,False
fage_no_similarity_s101,fage_no_similarity,k2_K07_K08,2,5,1,0,7,0,7,0,16,3,False
fage_no_similarity_s101,fage_no_similarity,k2_K07_K08,2,10,2,5,7,5,7,0,27,14,False
fage_no_similarity_s101,fage_no_similarity,k2_K03_K05,2,1,0,0,7,0,7,0,13,0,False
fage_no_similarity_s101,fage_no_similarity,k2_K03_K05,2,5,0,1,7,1,7,0,16,3,False
fage_no_similarity_s101,fage_no_similarity,k2_K03_K05,2,10,2,6,7,6,7,0,32,19,False
fage_no_similarity_s101,fage_no_similarity,k2_K03_K09,2,1,0,0,7,0,7,0,13,0,False
fage_no_similarity_s101,fage_no_similarity,k2_K03_K09,2,5,0,1,7,1,7,0,16,3,False
fage_no_similarity_s101,fage_no_similarity,k2_K03_K09,2,10,2,6,7,6,7,0,34,21,False
fage_no_similarity_s101,fage_no_similarity,k2_K05_K09,2,1,0,0,7,0,7,0,13,0,False
fage_no_similarity_s101,fage_no_similarity,k2_K05_K09,2,5,0,1,7,1,7,0,16,3,False
fage_no_similarity_s101,fage_no_similarity,k2_K05_K09,2,10,2,6,7,6,7,0,31,18,False
fage_no_similarity_s101,fage_no_similarity,k2_K01_K02,2,1,0,0,7,0,7,0,13,0,False
fage_no_similarity_s101,fage_no_similarity,k2_K01_K02,2,5,0,1,7,1,7,0,16,3,False
fage_no_similarity_s101,fage_no_similarity,k2_K01_K02,2,10,2,6,7,6,7,0,31,18,False
fage_no_similarity_s101,fage_no_similarity,k2_K01_K06,2,1,0,0,7,0,7,0,13,0,False
fage_no_similarity_s101,fage_no_similarity,k2_K01_K06,2,5,0,1,7,1,7,0,16,3,False
fage_no_similarity_s101,fage_no_similarity,k2_K01_K06,2,10,1,7,7,7,7,0,34,21,False
fage_no_similarity_s101,fage_no_similarity,k2_K02_K06,2,1,0,0,7,0,7,0,13,0,False
fage_no_similarity_s101,fage_no_similarity,k2_K02_K06,2,5,0,1,7,1,7,0,16,3,False
fage_no_similarity_s101,fage_no_similarity,k2_K02_K06,2,10,1,7,7,7,7,0,34,21,False
fage_no_similarity_s101,fage_no_similarity,k3_K04_K07_K08,3,1,0,0,6,0,6,0,13,0,False
fage_no_similarity_s101,fage_no_similarity,k3_K04_K07_K08,3,5,1,0,6,0,6,0,16,3,False
fage_no_similarity_s101,fage_no_similarity,k3_K04_K07_K08,3,10,3,5,6,5,6,0,31,18,False
fage_no_similarity_s101,fage_no_similarity,k3_K03_K05_K09,3,1,0,0,6,0,6,0,13,0,False
fage_no_similarity_s101,fage_no_similarity,k3_K03_K05_K09,3,5,0,1,6,1,6,0,16,3,False
fage_no_similarity_s101,fage_no_similarity,k3_K03_K05_K09,3,10,3,5,6,5,6,0,33,20,False
fage_no_similarity_s101,fage_no_similarity,k3_K01_K02_K06,3,1,0,0,6,0,6,0,13,0,False
fage_no_similarity_s101,fage_no_similarity,k3_K01_K02_K06,3,5,0,1,6,1,6,0,16,3,False
fage_no_similarity_s101,fage_no_similarity,k3_K01_K02_K06,3,10,2,6,6,6,6,0,33,20,False
fage_no_lr_c_s101,fage_no_lr_c,k2_K04_K07,2,1,0,0,7,0,7,0,12,0,False
fage_no_lr_c_s101,fage_no_lr_c,k2_K04_K07,2,5,0,0,7,0,7,0,13,1,False
fage_no_lr_c_s101,fage_no_lr_c,k2_K04_K07,2,10,2,5,7,5,7,0,20,8,False
fage_no_lr_c_s101,fage_no_lr_c,k2_K04_K08,2,1,0,0,7,0,7,0,12,0,False
fage_no_lr_c_s101,fage_no_lr_c,k2_K04_K08,2,5,0,0,7,0,7,0,13,1,False
fage_no_lr_c_s101,fage_no_lr_c,k2_K04_K08,2,10,2,5,7,5,7,0,21,9,False
fage_no_lr_c_s101,fage_no_lr_c,k2_K07_K08,2,1,0,0,7,0,7,0,12,0,False
fage_no_lr_c_s101,fage_no_lr_c,k2_K07_K08,2,5,0,0,7,0,7,0,13,1,False
fage_no_lr_c_s101,fage_no_lr_c,k2_K07_K08,2,10,2,4,7,4,7,0,19,7,False
fage_no_lr_c_s101,fage_no_lr_c,k2_K03_K05,2,1,0,0,7,0,7,0,12,0,False
fage_no_lr_c_s101,fage_no_lr_c,k2_K03_K05,2,5,0,0,7,0,7,0,13,1,False
fage_no_lr_c_s101,fage_no_lr_c,k2_K03_K05,2,10,1,6,7,6,7,0,22,10,False
fage_no_lr_c_s101,fage_no_lr_c,k2_K03_K09,2,1,0,0,7,0,7,0,12,0,False
fage_no_lr_c_s101,fage_no_lr_c,k2_K03_K09,2,5,0,0,7,0,7,0,13,1,False
fage_no_lr_c_s101,fage_no_lr_c,k2_K03_K09,2,10,1,6,7,6,7,0,22,10,False
fage_no_lr_c_s101,fage_no_lr_c,k2_K05_K09,2,1,0,0,7,0,7,0,12,0,False
fage_no_lr_c_s101,fage_no_lr_c,k2_K05_K09,2,5,0,0,7,0,7,0,13,1,False
fage_no_lr_c_s101,fage_no_lr_c,k2_K05_K09,2,10,2,5,7,5,7,0,20,8,False
fage_no_lr_c_s101,fage_no_lr_c,k2_K01_K02,2,1,0,0,7,0,7,0,12,0,False
fage_no_lr_c_s101,fage_no_lr_c,k2_K01_K02,2,5,0,0,7,0,7,0,13,1,False
fage_no_lr_c_s101,fage_no_lr_c,k2_K01_K02,2,10,2,5,7,5,7,0,20,8,False
fage_no_lr_c_s101,fage_no_lr_c,k2_K01_K06,2,1,0,0,7,0,7,0,12,0,False
fage_no_lr_c_s101,fage_no_lr_c,k2_K01_K06,2,5,0,0,7,0,7,0,13,1,False
fage_no_lr_c_s101,fage_no_lr_c,k2_K01_K06,2,10,1,6,7,6,7,0,22,10,False
fage_no_lr_c_s101,fage_no_lr_c,k2_K02_K06,2,1,0,0,7,0,7,0,12,0,False
fage_no_lr_c_s101,fage_no_lr_c,k2_K02_K06,2,5,0,0,7,0,7,0,13,1,False
fage_no_lr_c_s101,fage_no_lr_c,k2_K02_K06,2,10,1,6,7,6,7,0,22,10,False
fage_no_lr_c_s101,fage_no_lr_c,k3_K04_K07_K08,3,1,0,0,6,0,6,0,12,0,False
fage_no_lr_c_s101,fage_no_lr_c,k3_K04_K07_K08,3,5,0,0,6,0,6,0,13,1,False
fage_no_lr_c_s101,fage_no_lr_c,k3_K04_K07_K08,3,10,3,4,6,4,6,0,20,8,False
fage_no_lr_c_s101,fage_no_lr_c,k3_K03_K05_K09,3,1,0,0,6,0,6,0,12,0,False
fage_no_lr_c_s101,fage_no_lr_c,k3_K03_K05_K09,3,5,0,0,6,0,6,0,13,1,False
fage_no_lr_c_s101,fage_no_lr_c,k3_K03_K05_K09,3,10,2,5,6,5,6,0,22,10,False
fage_no_lr_c_s101,fage_no_lr_c,k3_K01_K02_K06,3,1,0,0,6,0,6,0,12,0,False
fage_no_lr_c_s101,fage_no_lr_c,k3_K01_K02_K06,3,5,0,0,6,0,6,0,13,1,False
fage_no_lr_c_s101,fage_no_lr_c,k3_K01_K02_K06,3,10,2,5,6,5,6,0,22,10,False
fage_no_kcbert_s101,fage_no_kcbert,k2_K04_K07,2,1,2,0,2,0,7,0,18,1,False
fage_no_kcbert_s101,fage_no_kcbert,k2_K04_K07,2,5,2,1,2,1,7,0,26,9,False
fage_no_kcbert_s101,fage_no_kcbert,k2_K04_K07,2,10,2,2,2,2,7,0,28,11,False
fage_no_kcbert_s101,fage_no_kcbert,k2_K04_K08,2,1,2,0,2,0,7,0,18,1,False
fage_no_kcbert_s101,fage_no_kcbert,k2_K04_K08,2,5,2,1,2,1,7,0,26,9,False
fage_no_kcbert_s101,fage_no_kcbert,k2_K04_K08,2,10,2,2,2,2,7,0,32,15,False
fage_no_kcbert_s101,fage_no_kcbert,k2_K07_K08,2,1,2,0,2,0,7,0,17,0,False
fage_no_kcbert_s101,fage_no_kcbert,k2_K07_K08,2,5,2,1,2,1,7,0,20,3,False
fage_no_kcbert_s101,fage_no_kcbert,k2_K07_K08,2,10,2,1,2,1,7,0,26,9,False
fage_no_kcbert_s101,fage_no_kcbert,k2_K03_K05,2,1,1,0,1,0,7,0,18,1,False
fage_no_kcbert_s101,fage_no_kcbert,k2_K03_K05,2,5,2,1,1,1,7,0,26,9,False
fage_no_kcbert_s101,fage_no_kcbert,k2_K03_K05,2,10,2,1,1,1,7,0,33,16,False
fage_no_kcbert_s101,fage_no_kcbert,k2_K03_K09,2,1,1,0,1,0,7,0,18,1,False
fage_no_kcbert_s101,fage_no_kcbert,k2_K03_K09,2,5,2,1,1,1,7,0,27,10,False
fage_no_kcbert_s101,fage_no_kcbert,k2_K03_K09,2,10,2,1,1,1,7,0,43,26,False
fage_no_kcbert_s101,fage_no_kcbert,k2_K05_K09,2,1,2,0,2,0,7,0,18,1,False
fage_no_kcbert_s101,fage_no_kcbert,k2_K05_K09,2,5,2,1,2,1,7,0,26,9,False
fage_no_kcbert_s101,fage_no_kcbert,k2_K05_K09,2,10,2,2,2,2,7,0,28,11,False
fage_no_kcbert_s101,fage_no_kcbert,k2_K01_K02,2,1,2,0,2,0,7,0,18,1,False
fage_no_kcbert_s101,fage_no_kcbert,k2_K01_K02,2,5,2,1,2,1,7,0,26,9,False
fage_no_kcbert_s101,fage_no_kcbert,k2_K01_K02,2,10,2,2,2,2,7,0,27,10,False
fage_no_kcbert_s101,fage_no_kcbert,k2_K01_K06,2,1,1,0,1,0,7,0,18,1,False
fage_no_kcbert_s101,fage_no_kcbert,k2_K01_K06,2,5,2,1,1,1,7,0,27,10,False
fage_no_kcbert_s101,fage_no_kcbert,k2_K01_K06,2,10,2,1,1,1,7,0,44,27,False
fage_no_kcbert_s101,fage_no_kcbert,k2_K02_K06,2,1,1,0,1,0,7,0,18,1,False
fage_no_kcbert_s101,fage_no_kcbert,k2_K02_K06,2,5,2,1,1,1,7,0,27,10,False
fage_no_kcbert_s101,fage_no_kcbert,k2_K02_K06,2,10,2,1,1,1,7,0,44,27,False
fage_no_kcbert_s101,fage_no_kcbert,k3_K04_K07_K08,3,1,3,0,2,0,6,0,18,1,False
fage_no_kcbert_s101,fage_no_kcbert,k3_K04_K07_K08,3,5,3,1,2,1,6,0,25,8,False
fage_no_kcbert_s101,fage_no_kcbert,k3_K04_K07_K08,3,10,3,2,2,2,6,0,27,10,False
fage_no_kcbert_s101,fage_no_kcbert,k3_K03_K05_K09,3,1,2,0,1,0,6,0,18,1,False
fage_no_kcbert_s101,fage_no_kcbert,k3_K03_K05_K09,3,5,3,1,1,1,6,0,26,9,False
fage_no_kcbert_s101,fage_no_kcbert,k3_K03_K05_K09,3,10,3,1,1,1,6,0,33,16,False
fage_no_kcbert_s101,fage_no_kcbert,k3_K01_K02_K06,3,1,2,0,1,0,6,0,18,1,False
fage_no_kcbert_s101,fage_no_kcbert,k3_K01_K02_K06,3,5,3,1,1,1,6,0,27,10,False
fage_no_kcbert_s101,fage_no_kcbert,k3_K01_K02_K06,3,10,3,1,1,1,6,0,39,22,False
fage_no_url_s101,fage_no_url,k2_K04_K07,2,1,0,0,7,0,7,0,13,0,False
fage_no_url_s101,fage_no_url,k2_K04_K07,2,5,0,0,7,0,7,0,15,2,False
fage_no_url_s101,fage_no_url,k2_K04_K07,2,10,1,4,7,4,7,0,19,6,False
fage_no_url_s101,fage_no_url,k2_K04_K08,2,1,0,0,7,0,7,0,13,0,False
fage_no_url_s101,fage_no_url,k2_K04_K08,2,5,0,0,7,0,7,0,15,2,False
fage_no_url_s101,fage_no_url,k2_K04_K08,2,10,1,4,7,4,7,0,20,7,False
fage_no_url_s101,fage_no_url,k2_K07_K08,2,1,0,0,7,0,7,0,13,0,False
fage_no_url_s101,fage_no_url,k2_K07_K08,2,5,0,0,7,0,7,0,15,2,False
fage_no_url_s101,fage_no_url,k2_K07_K08,2,10,2,3,7,3,7,0,19,6,False
fage_no_url_s101,fage_no_url,k2_K03_K05,2,1,0,0,7,0,7,0,13,0,False
fage_no_url_s101,fage_no_url,k2_K03_K05,2,5,0,0,7,0,7,0,15,2,False
fage_no_url_s101,fage_no_url,k2_K03_K05,2,10,1,4,7,4,7,0,20,7,False
fage_no_url_s101,fage_no_url,k2_K03_K09,2,1,0,0,7,0,7,0,13,0,False
fage_no_url_s101,fage_no_url,k2_K03_K09,2,5,0,0,7,0,7,0,15,2,False
fage_no_url_s101,fage_no_url,k2_K03_K09,2,10,0,5,7,5,7,0,20,7,False
fage_no_url_s101,fage_no_url,k2_K05_K09,2,1,0,0,7,0,7,0,13,0,False
fage_no_url_s101,fage_no_url,k2_K05_K09,2,5,0,0,7,0,7,0,15,2,False
fage_no_url_s101,fage_no_url,k2_K05_K09,2,10,1,4,7,4,7,0,20,7,False
fage_no_url_s101,fage_no_url,k2_K01_K02,2,1,0,0,7,0,7,0,13,0,False
fage_no_url_s101,fage_no_url,k2_K01_K02,2,5,0,0,7,0,7,0,15,2,False
fage_no_url_s101,fage_no_url,k2_K01_K02,2,10,2,3,7,3,7,0,20,7,False
fage_no_url_s101,fage_no_url,k2_K01_K06,2,1,0,0,7,0,7,0,13,0,False
fage_no_url_s101,fage_no_url,k2_K01_K06,2,5,0,0,7,0,7,0,15,2,False
fage_no_url_s101,fage_no_url,k2_K01_K06,2,10,1,4,7,4,7,0,20,7,False
fage_no_url_s101,fage_no_url,k2_K02_K06,2,1,0,0,7,0,7,0,13,0,False
fage_no_url_s101,fage_no_url,k2_K02_K06,2,5,0,0,7,0,7,0,15,2,False
fage_no_url_s101,fage_no_url,k2_K02_K06,2,10,1,4,7,4,7,0,20,7,False
fage_no_url_s101,fage_no_url,k3_K04_K07_K08,3,1,0,0,6,0,6,0,13,0,False
fage_no_url_s101,fage_no_url,k3_K04_K07_K08,3,5,0,0,6,0,6,0,15,2,False
fage_no_url_s101,fage_no_url,k3_K04_K07_K08,3,10,2,3,6,3,6,0,19,6,False
fage_no_url_s101,fage_no_url,k3_K03_K05_K09,3,1,0,0,6,0,6,0,13,0,False
fage_no_url_s101,fage_no_url,k3_K03_K05_K09,3,5,0,0,6,0,6,0,15,2,False
fage_no_url_s101,fage_no_url,k3_K03_K05_K09,3,10,1,4,6,4,6,0,20,7,False
fage_no_url_s101,fage_no_url,k3_K01_K02_K06,3,1,0,0,6,0,6,0,13,0,False
fage_no_url_s101,fage_no_url,k3_K01_K02_K06,3,5,0,0,6,0,6,0,15,2,False
fage_no_url_s101,fage_no_url,k3_K01_K02_K06,3,10,2,3,6,3,6,0,20,7,False
fage_no_disagreement_s101,fage_no_disagreement,k2_K04_K07,2,1,0,0,7,0,7,0,13,0,False
fage_no_disagreement_s101,fage_no_disagreement,k2_K04_K07,2,5,1,0,7,0,7,0,15,2,False
fage_no_disagreement_s101,fage_no_disagreement,k2_K04_K07,2,10,2,5,7,5,7,0,24,11,False
fage_no_disagreement_s101,fage_no_disagreement,k2_K04_K08,2,1,0,0,7,0,7,0,13,0,False
fage_no_disagreement_s101,fage_no_disagreement,k2_K04_K08,2,5,0,1,7,1,7,0,15,2,False
fage_no_disagreement_s101,fage_no_disagreement,k2_K04_K08,2,10,2,5,7,5,7,0,25,12,False
fage_no_disagreement_s101,fage_no_disagreement,k2_K07_K08,2,1,0,0,7,0,7,0,13,0,False
fage_no_disagreement_s101,fage_no_disagreement,k2_K07_K08,2,5,1,0,7,0,7,0,15,2,False
fage_no_disagreement_s101,fage_no_disagreement,k2_K07_K08,2,10,2,5,7,5,7,0,24,11,False
fage_no_disagreement_s101,fage_no_disagreement,k2_K03_K05,2,1,0,0,7,0,7,0,13,0,False
fage_no_disagreement_s101,fage_no_disagreement,k2_K03_K05,2,5,0,1,7,1,7,0,15,2,False
fage_no_disagreement_s101,fage_no_disagreement,k2_K03_K05,2,10,1,6,7,6,7,0,24,11,False
fage_no_disagreement_s101,fage_no_disagreement,k2_K03_K09,2,1,0,0,7,0,7,0,13,0,False
fage_no_disagreement_s101,fage_no_disagreement,k2_K03_K09,2,5,0,1,7,1,7,0,15,2,False
fage_no_disagreement_s101,fage_no_disagreement,k2_K03_K09,2,10,2,6,7,6,7,0,26,13,False
fage_no_disagreement_s101,fage_no_disagreement,k2_K05_K09,2,1,0,0,7,0,7,0,13,0,False
fage_no_disagreement_s101,fage_no_disagreement,k2_K05_K09,2,5,0,1,7,1,7,0,15,2,False
fage_no_disagreement_s101,fage_no_disagreement,k2_K05_K09,2,10,2,5,7,5,7,0,24,11,False
fage_no_disagreement_s101,fage_no_disagreement,k2_K01_K02,2,1,0,0,7,0,7,0,13,0,False
fage_no_disagreement_s101,fage_no_disagreement,k2_K01_K02,2,5,0,1,7,1,7,0,15,2,False
fage_no_disagreement_s101,fage_no_disagreement,k2_K01_K02,2,10,2,5,7,5,7,0,24,11,False
fage_no_disagreement_s101,fage_no_disagreement,k2_K01_K06,2,1,0,0,7,0,7,0,13,0,False
fage_no_disagreement_s101,fage_no_disagreement,k2_K01_K06,2,5,0,1,7,1,7,0,15,2,False
fage_no_disagreement_s101,fage_no_disagreement,k2_K01_K06,2,10,1,7,7,7,7,0,26,13,False
fage_no_disagreement_s101,fage_no_disagreement,k2_K02_K06,2,1,0,0,7,0,7,0,13,0,False
fage_no_disagreement_s101,fage_no_disagreement,k2_K02_K06,2,5,0,1,7,1,7,0,15,2,False
fage_no_disagreement_s101,fage_no_disagreement,k2_K02_K06,2,10,1,7,7,7,7,0,26,13,False
fage_no_disagreement_s101,fage_no_disagreement,k3_K04_K07_K08,3,1,0,0,6,0,6,0,13,0,False
fage_no_disagreement_s101,fage_no_disagreement,k3_K04_K07_K08,3,5,1,0,6,0,6,0,15,2,False
fage_no_disagreement_s101,fage_no_disagreement,k3_K04_K07_K08,3,10,3,4,6,4,6,0,24,11,False
fage_no_disagreement_s101,fage_no_disagreement,k3_K03_K05_K09,3,1,0,0,6,0,6,0,13,0,False
fage_no_disagreement_s101,fage_no_disagreement,k3_K03_K05_K09,3,5,0,1,6,1,6,0,15,2,False
fage_no_disagreement_s101,fage_no_disagreement,k3_K03_K05_K09,3,10,2,5,6,5,6,0,24,11,False
fage_no_disagreement_s101,fage_no_disagreement,k3_K01_K02_K06,3,1,0,0,6,0,6,0,13,0,False
fage_no_disagreement_s101,fage_no_disagreement,k3_K01_K02_K06,3,5,0,1,6,1,6,0,15,2,False
fage_no_disagreement_s101,fage_no_disagreement,k3_K01_K02_K06,3,10,2,5,6,5,6,0,25,12,False
fage_no_url_free_weight_s101,fage_no_url_free_weight,k2_K04_K07,2,1,0,0,7,0,7,0,15,0,False
fage_no_url_free_weight_s101,fage_no_url_free_weight,k2_K04_K07,2,5,1,5,7,5,7,0,22,7,False
fage_no_url_free_weight_s101,fage_no_url_free_weight,k2_K04_K07,2,10,2,7,7,7,7,0,47,32,False
fage_no_url_free_weight_s101,fage_no_url_free_weight,k2_K04_K08,2,1,0,0,7,0,7,0,15,0,False
fage_no_url_free_weight_s101,fage_no_url_free_weight,k2_K04_K08,2,5,1,5,7,5,7,0,22,7,False
fage_no_url_free_weight_s101,fage_no_url_free_weight,k2_K04_K08,2,10,2,7,7,7,7,0,47,32,False
fage_no_url_free_weight_s101,fage_no_url_free_weight,k2_K07_K08,2,1,0,0,7,0,7,0,15,0,False
fage_no_url_free_weight_s101,fage_no_url_free_weight,k2_K07_K08,2,5,2,4,7,4,7,0,22,7,False
fage_no_url_free_weight_s101,fage_no_url_free_weight,k2_K07_K08,2,10,2,7,7,7,7,0,42,27,False
fage_no_url_free_weight_s101,fage_no_url_free_weight,k2_K03_K05,2,1,0,0,7,0,7,0,15,0,False
fage_no_url_free_weight_s101,fage_no_url_free_weight,k2_K03_K05,2,5,1,5,7,5,7,0,22,7,False
fage_no_url_free_weight_s101,fage_no_url_free_weight,k2_K03_K05,2,10,2,7,7,7,7,0,49,34,False
fage_no_url_free_weight_s101,fage_no_url_free_weight,k2_K03_K09,2,1,0,0,7,0,7,0,15,0,False
fage_no_url_free_weight_s101,fage_no_url_free_weight,k2_K03_K09,2,5,1,5,7,5,7,0,22,7,False
fage_no_url_free_weight_s101,fage_no_url_free_weight,k2_K03_K09,2,10,2,7,7,7,7,0,50,35,False
fage_no_url_free_weight_s101,fage_no_url_free_weight,k2_K05_K09,2,1,0,0,7,0,7,0,15,0,False
fage_no_url_free_weight_s101,fage_no_url_free_weight,k2_K05_K09,2,5,2,4,7,4,7,0,22,7,False
fage_no_url_free_weight_s101,fage_no_url_free_weight,k2_K05_K09,2,10,2,7,7,7,7,0,47,32,False
fage_no_url_free_weight_s101,fage_no_url_free_weight,k2_K01_K02,2,1,0,0,7,0,7,0,15,0,False
fage_no_url_free_weight_s101,fage_no_url_free_weight,k2_K01_K02,2,5,2,4,7,4,7,0,22,7,False
fage_no_url_free_weight_s101,fage_no_url_free_weight,k2_K01_K02,2,10,2,7,7,7,7,0,45,30,False
fage_no_url_free_weight_s101,fage_no_url_free_weight,k2_K01_K06,2,1,0,0,7,0,7,0,15,0,False
fage_no_url_free_weight_s101,fage_no_url_free_weight,k2_K01_K06,2,5,1,5,7,5,7,0,22,7,False
fage_no_url_free_weight_s101,fage_no_url_free_weight,k2_K01_K06,2,10,2,7,7,7,7,0,50,35,False
fage_no_url_free_weight_s101,fage_no_url_free_weight,k2_K02_K06,2,1,0,0,7,0,7,0,15,0,False
fage_no_url_free_weight_s101,fage_no_url_free_weight,k2_K02_K06,2,5,1,5,7,5,7,0,22,7,False
fage_no_url_free_weight_s101,fage_no_url_free_weight,k2_K02_K06,2,10,2,7,7,7,7,0,50,35,False
fage_no_url_free_weight_s101,fage_no_url_free_weight,k3_K04_K07_K08,3,1,0,0,6,0,6,0,15,0,False
fage_no_url_free_weight_s101,fage_no_url_free_weight,k3_K04_K07_K08,3,5,2,4,6,4,6,0,22,7,False
fage_no_url_free_weight_s101,fage_no_url_free_weight,k3_K04_K07_K08,3,10,3,6,6,6,6,0,46,31,False
fage_no_url_free_weight_s101,fage_no_url_free_weight,k3_K03_K05_K09,3,1,0,0,6,0,6,0,15,0,False
fage_no_url_free_weight_s101,fage_no_url_free_weight,k3_K03_K05_K09,3,5,2,4,6,4,6,0,22,7,False
fage_no_url_free_weight_s101,fage_no_url_free_weight,k3_K03_K05_K09,3,10,3,6,6,6,6,0,49,34,False
fage_no_url_free_weight_s101,fage_no_url_free_weight,k3_K01_K02_K06,3,1,0,0,6,0,6,0,15,0,False
fage_no_url_free_weight_s101,fage_no_url_free_weight,k3_K01_K02_K06,3,5,2,4,6,4,6,0,22,7,False
fage_no_url_free_weight_s101,fage_no_url_free_weight,k3_K01_K02_K06,3,10,3,6,6,6,6,0,49,34,False
equal_weight_s101,equal_weight,k2_K04_K07,2,1,2,2,2,2,7,0,51,29,False
equal_weight_s101,equal_weight,k2_K04_K07,2,5,2,2,2,2,7,0,180,158,False
equal_weight_s101,equal_weight,k2_K04_K07,2,10,2,2,2,2,7,0,195,173,False
equal_weight_s101,equal_weight,k2_K04_K08,2,1,2,2,2,2,7,0,52,30,False
equal_weight_s101,equal_weight,k2_K04_K08,2,5,2,2,2,2,7,0,180,158,False
equal_weight_s101,equal_weight,k2_K04_K08,2,10,2,2,2,2,7,0,198,176,False
equal_weight_s101,equal_weight,k2_K07_K08,2,1,2,2,2,2,7,0,53,31,False
equal_weight_s101,equal_weight,k2_K07_K08,2,5,2,2,2,2,7,0,178,156,False
equal_weight_s101,equal_weight,k2_K07_K08,2,10,2,2,2,2,7,0,192,170,False
equal_weight_s101,equal_weight,k2_K03_K05,2,1,2,1,1,1,7,0,51,29,False
equal_weight_s101,equal_weight,k2_K03_K05,2,5,2,1,1,1,7,0,182,160,False
equal_weight_s101,equal_weight,k2_K03_K05,2,10,2,1,1,1,7,0,198,176,False
equal_weight_s101,equal_weight,k2_K03_K09,2,1,2,1,1,1,7,0,53,31,False
equal_weight_s101,equal_weight,k2_K03_K09,2,5,2,1,1,1,7,0,186,164,False
equal_weight_s101,equal_weight,k2_K03_K09,2,10,2,1,1,1,7,0,200,178,False
equal_weight_s101,equal_weight,k2_K05_K09,2,1,2,2,2,2,7,0,52,30,False
equal_weight_s101,equal_weight,k2_K05_K09,2,5,2,2,2,2,7,0,180,158,False
equal_weight_s101,equal_weight,k2_K05_K09,2,10,2,2,2,2,7,0,197,175,False
equal_weight_s101,equal_weight,k2_K01_K02,2,1,2,2,2,2,7,0,52,30,False
equal_weight_s101,equal_weight,k2_K01_K02,2,5,2,2,2,2,7,0,181,159,False
equal_weight_s101,equal_weight,k2_K01_K02,2,10,2,2,2,2,7,0,195,173,False
equal_weight_s101,equal_weight,k2_K01_K06,2,1,2,1,1,1,7,0,53,31,False
equal_weight_s101,equal_weight,k2_K01_K06,2,5,2,1,1,1,7,0,185,163,False
equal_weight_s101,equal_weight,k2_K01_K06,2,10,2,1,1,1,7,0,199,177,False
equal_weight_s101,equal_weight,k2_K02_K06,2,1,2,1,1,1,7,0,53,31,False
equal_weight_s101,equal_weight,k2_K02_K06,2,5,2,1,1,1,7,0,185,163,False
equal_weight_s101,equal_weight,k2_K02_K06,2,10,2,1,1,1,7,0,201,179,False
equal_weight_s101,equal_weight,k3_K04_K07_K08,3,1,3,2,2,2,6,0,52,30,False
equal_weight_s101,equal_weight,k3_K04_K07_K08,3,5,3,2,2,2,6,0,181,159,False
equal_weight_s101,equal_weight,k3_K04_K07_K08,3,10,3,2,2,2,6,0,195,173,False
equal_weight_s101,equal_weight,k3_K03_K05_K09,3,1,3,1,1,1,6,0,54,32,False
equal_weight_s101,equal_weight,k3_K03_K05_K09,3,5,3,1,1,1,6,0,182,160,False
equal_weight_s101,equal_weight,k3_K03_K05_K09,3,10,3,1,1,1,6,0,199,177,False
equal_weight_s101,equal_weight,k3_K01_K02_K06,3,1,3,1,1,1,6,0,52,30,False
equal_weight_s101,equal_weight,k3_K01_K02_K06,3,5,3,1,1,1,6,0,183,161,False
equal_weight_s101,equal_weight,k3_K01_K02_K06,3,10,3,1,1,1,6,0,199,177,False
fixed_weight_s101,fixed_weight,k2_K04_K07,2,1,2,2,2,2,7,0,53,30,False
fixed_weight_s101,fixed_weight,k2_K04_K07,2,5,2,2,2,2,7,0,170,147,False
fixed_weight_s101,fixed_weight,k2_K04_K07,2,10,2,2,2,2,7,0,174,151,False
fixed_weight_s101,fixed_weight,k2_K04_K08,2,1,2,2,2,2,7,0,55,32,False
fixed_weight_s101,fixed_weight,k2_K04_K08,2,5,2,2,2,2,7,0,170,147,False
fixed_weight_s101,fixed_weight,k2_K04_K08,2,10,2,2,2,2,7,0,175,152,False
fixed_weight_s101,fixed_weight,k2_K07_K08,2,1,2,2,2,2,7,0,55,32,False
fixed_weight_s101,fixed_weight,k2_K07_K08,2,5,2,2,2,2,7,0,169,146,False
fixed_weight_s101,fixed_weight,k2_K07_K08,2,10,2,2,2,2,7,0,174,151,False
fixed_weight_s101,fixed_weight,k2_K03_K05,2,1,2,1,1,1,7,0,55,32,False
fixed_weight_s101,fixed_weight,k2_K03_K05,2,5,2,1,1,1,7,0,170,147,False
fixed_weight_s101,fixed_weight,k2_K03_K05,2,10,2,1,1,1,7,0,175,152,False
fixed_weight_s101,fixed_weight,k2_K03_K09,2,1,2,1,1,1,7,0,55,32,False
fixed_weight_s101,fixed_weight,k2_K03_K09,2,5,2,1,1,1,7,0,170,147,False
fixed_weight_s101,fixed_weight,k2_K03_K09,2,10,2,1,1,1,7,0,178,155,False
fixed_weight_s101,fixed_weight,k2_K05_K09,2,1,2,2,2,2,7,0,55,32,False
fixed_weight_s101,fixed_weight,k2_K05_K09,2,5,2,2,2,2,7,0,170,147,False
fixed_weight_s101,fixed_weight,k2_K05_K09,2,10,2,2,2,2,7,0,175,152,False
fixed_weight_s101,fixed_weight,k2_K01_K02,2,1,2,2,2,2,7,0,53,30,False
fixed_weight_s101,fixed_weight,k2_K01_K02,2,5,2,2,2,2,7,0,170,147,False
fixed_weight_s101,fixed_weight,k2_K01_K02,2,10,2,2,2,2,7,0,174,151,False
fixed_weight_s101,fixed_weight,k2_K01_K06,2,1,2,1,1,1,7,0,54,31,False
fixed_weight_s101,fixed_weight,k2_K01_K06,2,5,2,1,1,1,7,0,170,147,False
fixed_weight_s101,fixed_weight,k2_K01_K06,2,10,2,1,1,1,7,0,178,155,False
fixed_weight_s101,fixed_weight,k2_K02_K06,2,1,2,1,1,1,7,0,55,32,False
fixed_weight_s101,fixed_weight,k2_K02_K06,2,5,2,1,1,1,7,0,170,147,False
fixed_weight_s101,fixed_weight,k2_K02_K06,2,10,2,1,1,1,7,0,179,156,False
fixed_weight_s101,fixed_weight,k3_K04_K07_K08,3,1,3,2,2,2,6,0,55,32,False
fixed_weight_s101,fixed_weight,k3_K04_K07_K08,3,5,3,2,2,2,6,0,170,147,False
fixed_weight_s101,fixed_weight,k3_K04_K07_K08,3,10,3,2,2,2,6,0,174,151,False
fixed_weight_s101,fixed_weight,k3_K03_K05_K09,3,1,3,1,1,1,6,0,55,32,False
fixed_weight_s101,fixed_weight,k3_K03_K05_K09,3,5,3,1,1,1,6,0,170,147,False
fixed_weight_s101,fixed_weight,k3_K03_K05_K09,3,10,3,1,1,1,6,0,177,154,False
fixed_weight_s101,fixed_weight,k3_K01_K02_K06,3,1,3,1,1,1,6,0,53,30,False
fixed_weight_s101,fixed_weight,k3_K01_K02_K06,3,5,3,1,1,1,6,0,170,147,False
fixed_weight_s101,fixed_weight,k3_K01_K02_K06,3,10,3,1,1,1,6,0,177,154,False
word_expert_s202,word_expert,k2_K04_K07,2,1,2,0,0,0,7,0,16,0,False
word_expert_s202,word_expert,k2_K04_K07,2,5,2,0,0,0,7,0,18,2,False
word_expert_s202,word_expert,k2_K04_K07,2,10,2,0,0,0,7,0,25,9,False
word_expert_s202,word_expert,k2_K04_K08,2,1,2,0,0,0,7,0,16,0,False
word_expert_s202,word_expert,k2_K04_K08,2,5,2,0,0,0,7,0,20,4,False
word_expert_s202,word_expert,k2_K04_K08,2,10,2,0,0,0,7,0,29,13,False
word_expert_s202,word_expert,k2_K07_K08,2,1,2,0,0,0,7,0,16,0,False
word_expert_s202,word_expert,k2_K07_K08,2,5,2,0,0,0,7,0,18,2,False
word_expert_s202,word_expert,k2_K07_K08,2,10,2,0,0,0,7,0,24,8,False
word_expert_s202,word_expert,k2_K03_K05,2,1,2,0,0,0,7,0,16,0,False
word_expert_s202,word_expert,k2_K03_K05,2,5,2,0,0,0,7,0,21,5,False
word_expert_s202,word_expert,k2_K03_K05,2,10,2,0,0,0,7,0,33,17,False
word_expert_s202,word_expert,k2_K03_K09,2,1,2,0,0,0,7,0,16,0,False
word_expert_s202,word_expert,k2_K03_K09,2,5,2,0,0,0,7,0,21,5,False
word_expert_s202,word_expert,k2_K03_K09,2,10,2,0,0,0,7,0,36,20,False
word_expert_s202,word_expert,k2_K05_K09,2,1,2,0,0,0,7,0,16,0,False
word_expert_s202,word_expert,k2_K05_K09,2,5,2,0,0,0,7,0,19,3,False
word_expert_s202,word_expert,k2_K05_K09,2,10,2,0,0,0,7,0,28,12,False
word_expert_s202,word_expert,k2_K01_K02,2,1,2,0,0,0,7,0,16,0,False
word_expert_s202,word_expert,k2_K01_K02,2,5,2,0,0,0,7,0,21,5,False
word_expert_s202,word_expert,k2_K01_K02,2,10,2,0,0,0,7,0,30,14,False
word_expert_s202,word_expert,k2_K01_K06,2,1,2,0,0,0,7,0,16,0,False
word_expert_s202,word_expert,k2_K01_K06,2,5,2,0,0,0,7,0,21,5,False
word_expert_s202,word_expert,k2_K01_K06,2,10,2,0,0,0,7,0,36,20,False
word_expert_s202,word_expert,k2_K02_K06,2,1,2,0,0,0,7,0,16,0,False
word_expert_s202,word_expert,k2_K02_K06,2,5,2,0,0,0,7,0,21,5,False
word_expert_s202,word_expert,k2_K02_K06,2,10,2,0,0,0,7,0,36,20,False
word_expert_s202,word_expert,k3_K04_K07_K08,3,1,3,0,0,0,6,0,16,0,False
word_expert_s202,word_expert,k3_K04_K07_K08,3,5,3,0,0,0,6,0,19,3,False
word_expert_s202,word_expert,k3_K04_K07_K08,3,10,3,0,0,0,6,0,25,9,False
word_expert_s202,word_expert,k3_K03_K05_K09,3,1,3,0,0,0,6,0,16,0,False
word_expert_s202,word_expert,k3_K03_K05_K09,3,5,3,0,0,0,6,0,21,5,False
word_expert_s202,word_expert,k3_K03_K05_K09,3,10,3,0,0,0,6,0,33,17,False
word_expert_s202,word_expert,k3_K01_K02_K06,3,1,3,0,0,0,6,0,16,0,False
word_expert_s202,word_expert,k3_K01_K02_K06,3,5,3,0,0,0,6,0,21,5,False
word_expert_s202,word_expert,k3_K01_K02_K06,3,10,3,0,0,0,6,0,36,20,False
stacking_s202,stacking,k2_K04_K07,2,1,1,0,3,0,7,0,15,1,False
stacking_s202,stacking,k2_K04_K07,2,5,2,2,3,2,7,0,24,10,False
stacking_s202,stacking,k2_K04_K07,2,10,2,3,3,3,7,0,27,13,False
stacking_s202,stacking,k2_K04_K08,2,1,1,0,3,0,7,0,15,1,False
stacking_s202,stacking,k2_K04_K08,2,5,2,2,3,2,7,0,24,10,False
stacking_s202,stacking,k2_K04_K08,2,10,2,3,3,3,7,0,27,13,False
stacking_s202,stacking,k2_K07_K08,2,1,2,0,4,0,7,0,15,1,False
stacking_s202,stacking,k2_K07_K08,2,5,2,3,4,3,7,0,23,9,False
stacking_s202,stacking,k2_K07_K08,2,10,2,4,4,4,7,0,26,12,False
stacking_s202,stacking,k2_K03_K05,2,1,1,1,3,1,7,0,15,1,False
stacking_s202,stacking,k2_K03_K05,2,5,2,2,3,2,7,0,24,10,False
stacking_s202,stacking,k2_K03_K05,2,10,2,3,3,3,7,0,29,15,False
stacking_s202,stacking,k2_K03_K09,2,1,1,1,2,1,7,0,15,1,False
stacking_s202,stacking,k2_K03_K09,2,5,2,1,2,1,7,0,25,11,False
stacking_s202,stacking,k2_K03_K09,2,10,2,2,2,2,7,0,30,16,False
stacking_s202,stacking,k2_K05_K09,2,1,1,0,3,0,7,0,15,1,False
stacking_s202,stacking,k2_K05_K09,2,5,2,2,3,2,7,0,24,10,False
stacking_s202,stacking,k2_K05_K09,2,10,2,3,3,3,7,0,27,13,False
stacking_s202,stacking,k2_K01_K02,2,1,2,1,4,1,7,0,15,1,False
stacking_s202,stacking,k2_K01_K02,2,5,2,3,4,3,7,0,24,10,False
stacking_s202,stacking,k2_K01_K02,2,10,2,4,4,4,7,0,28,14,False
stacking_s202,stacking,k2_K01_K06,2,1,1,2,3,2,7,0,15,1,False
stacking_s202,stacking,k2_K01_K06,2,5,1,3,3,3,7,0,25,11,False
stacking_s202,stacking,k2_K01_K06,2,10,2,3,3,3,7,0,30,16,False
stacking_s202,stacking,k2_K02_K06,2,1,1,2,3,2,7,0,15,1,False
stacking_s202,stacking,k2_K02_K06,2,5,1,3,3,3,7,0,25,11,False
stacking_s202,stacking,k2_K02_K06,2,10,2,3,3,3,7,0,31,17,False
stacking_s202,stacking,k3_K04_K07_K08,3,1,2,0,3,0,6,0,15,1,False
stacking_s202,stacking,k3_K04_K07_K08,3,5,3,2,3,2,6,0,24,10,False
stacking_s202,stacking,k3_K04_K07_K08,3,10,3,3,3,3,6,0,27,13,False
stacking_s202,stacking,k3_K03_K05_K09,3,1,1,1,2,1,6,0,15,1,False
stacking_s202,stacking,k3_K03_K05_K09,3,5,3,1,2,1,6,0,24,10,False
stacking_s202,stacking,k3_K03_K05_K09,3,10,3,2,2,2,6,0,30,16,False
stacking_s202,stacking,k3_K01_K02_K06,3,1,2,1,3,1,6,0,15,1,False
stacking_s202,stacking,k3_K01_K02_K06,3,5,2,3,3,3,6,0,25,11,False
stacking_s202,stacking,k3_K01_K02_K06,3,10,3,3,3,3,6,0,30,16,False
fage_s202,fage,k2_K04_K07,2,1,2,1,1,1,7,0,22,1,False
fage_s202,fage,k2_K04_K07,2,5,2,1,1,1,7,0,28,7,False
fage_s202,fage,k2_K04_K07,2,10,2,1,1,1,7,0,37,16,False
fage_s202,fage,k2_K04_K08,2,1,2,1,1,1,7,0,22,1,False
fage_s202,fage,k2_K04_K08,2,5,2,1,1,1,7,0,28,7,False
fage_s202,fage,k2_K04_K08,2,10,2,1,1,1,7,0,37,16,False
fage_s202,fage,k2_K07_K08,2,1,2,1,1,1,7,0,22,1,False
fage_s202,fage,k2_K07_K08,2,5,2,1,1,1,7,0,28,7,False
fage_s202,fage,k2_K07_K08,2,10,2,1,1,1,7,0,35,14,False
fage_s202,fage,k2_K03_K05,2,1,2,1,1,1,7,0,22,1,False
fage_s202,fage,k2_K03_K05,2,5,2,1,1,1,7,0,28,7,False
fage_s202,fage,k2_K03_K05,2,10,2,1,1,1,7,0,37,16,False
fage_s202,fage,k2_K03_K09,2,1,2,1,1,1,7,0,23,2,False
fage_s202,fage,k2_K03_K09,2,5,2,1,1,1,7,0,30,9,False
fage_s202,fage,k2_K03_K09,2,10,2,1,1,1,7,0,41,20,False
fage_s202,fage,k2_K05_K09,2,1,2,1,1,1,7,0,22,1,False
fage_s202,fage,k2_K05_K09,2,5,2,1,1,1,7,0,28,7,False
fage_s202,fage,k2_K05_K09,2,10,2,1,1,1,7,0,35,14,False
fage_s202,fage,k2_K01_K02,2,1,2,1,1,1,7,0,22,1,False
fage_s202,fage,k2_K01_K02,2,5,2,1,1,1,7,0,28,7,False
fage_s202,fage,k2_K01_K02,2,10,2,1,1,1,7,0,37,16,False
fage_s202,fage,k2_K01_K06,2,1,2,0,0,0,7,0,23,2,False
fage_s202,fage,k2_K01_K06,2,5,2,0,0,0,7,0,31,10,False
fage_s202,fage,k2_K01_K06,2,10,2,0,0,0,7,0,43,22,False
fage_s202,fage,k2_K02_K06,2,1,2,0,0,0,7,0,23,2,False
fage_s202,fage,k2_K02_K06,2,5,2,0,0,0,7,0,31,10,False
fage_s202,fage,k2_K02_K06,2,10,2,0,0,0,7,0,43,22,False
fage_s202,fage,k3_K04_K07_K08,3,1,3,1,1,1,6,0,22,1,False
fage_s202,fage,k3_K04_K07_K08,3,5,3,1,1,1,6,0,28,7,False
fage_s202,fage,k3_K04_K07_K08,3,10,3,1,1,1,6,0,35,14,False
fage_s202,fage,k3_K03_K05_K09,3,1,3,1,1,1,6,0,23,2,False
fage_s202,fage,k3_K03_K05_K09,3,5,3,1,1,1,6,0,28,7,False
fage_s202,fage,k3_K03_K05_K09,3,10,3,1,1,1,6,0,38,17,False
fage_s202,fage,k3_K01_K02_K06,3,1,3,0,0,0,6,0,23,2,False
fage_s202,fage,k3_K01_K02_K06,3,5,3,0,0,0,6,0,30,9,False
fage_s202,fage,k3_K01_K02_K06,3,10,3,0,0,0,6,0,41,20,False
fage_no_has_url_s202,fage_no_has_url,k2_K04_K07,2,1,2,0,0,0,7,0,22,2,False
fage_no_has_url_s202,fage_no_has_url,k2_K04_K07,2,5,2,0,0,0,7,0,28,8,False
fage_no_has_url_s202,fage_no_has_url,k2_K04_K07,2,10,2,0,0,0,7,0,35,15,False
fage_no_has_url_s202,fage_no_has_url,k2_K04_K08,2,1,2,0,0,0,7,0,22,2,False
fage_no_has_url_s202,fage_no_has_url,k2_K04_K08,2,5,2,0,0,0,7,0,28,8,False
fage_no_has_url_s202,fage_no_has_url,k2_K04_K08,2,10,2,0,0,0,7,0,35,15,False
fage_no_has_url_s202,fage_no_has_url,k2_K07_K08,2,1,2,0,0,0,7,0,22,2,False
fage_no_has_url_s202,fage_no_has_url,k2_K07_K08,2,5,2,0,0,0,7,0,28,8,False
fage_no_has_url_s202,fage_no_has_url,k2_K07_K08,2,10,2,0,0,0,7,0,32,12,False
fage_no_has_url_s202,fage_no_has_url,k2_K03_K05,2,1,2,0,0,0,7,0,22,2,False
fage_no_has_url_s202,fage_no_has_url,k2_K03_K05,2,5,2,0,0,0,7,0,28,8,False
fage_no_has_url_s202,fage_no_has_url,k2_K03_K05,2,10,2,0,0,0,7,0,37,17,False
fage_no_has_url_s202,fage_no_has_url,k2_K03_K09,2,1,2,0,0,0,7,0,22,2,False
fage_no_has_url_s202,fage_no_has_url,k2_K03_K09,2,5,2,0,0,0,7,0,28,8,False
fage_no_has_url_s202,fage_no_has_url,k2_K03_K09,2,10,2,0,0,0,7,0,39,19,False
fage_no_has_url_s202,fage_no_has_url,k2_K05_K09,2,1,2,0,0,0,7,0,22,2,False
fage_no_has_url_s202,fage_no_has_url,k2_K05_K09,2,5,2,0,0,0,7,0,28,8,False
fage_no_has_url_s202,fage_no_has_url,k2_K05_K09,2,10,2,0,0,0,7,0,35,15,False
fage_no_has_url_s202,fage_no_has_url,k2_K01_K02,2,1,2,0,0,0,7,0,22,2,False
fage_no_has_url_s202,fage_no_has_url,k2_K01_K02,2,5,2,0,0,0,7,0,28,8,False
fage_no_has_url_s202,fage_no_has_url,k2_K01_K02,2,10,2,0,0,0,7,0,35,15,False
fage_no_has_url_s202,fage_no_has_url,k2_K01_K06,2,1,2,0,0,0,7,0,24,4,False
fage_no_has_url_s202,fage_no_has_url,k2_K01_K06,2,5,2,0,0,0,7,0,30,10,False
fage_no_has_url_s202,fage_no_has_url,k2_K01_K06,2,10,2,0,0,0,7,0,41,21,False
fage_no_has_url_s202,fage_no_has_url,k2_K02_K06,2,1,2,0,0,0,7,0,24,4,False
fage_no_has_url_s202,fage_no_has_url,k2_K02_K06,2,5,2,0,0,0,7,0,29,9,False
fage_no_has_url_s202,fage_no_has_url,k2_K02_K06,2,10,2,0,0,0,7,0,41,21,False
fage_no_has_url_s202,fage_no_has_url,k3_K04_K07_K08,3,1,3,0,0,0,6,0,22,2,False
fage_no_has_url_s202,fage_no_has_url,k3_K04_K07_K08,3,5,3,0,0,0,6,0,28,8,False
fage_no_has_url_s202,fage_no_has_url,k3_K04_K07_K08,3,10,3,0,0,0,6,0,35,15,False
fage_no_has_url_s202,fage_no_has_url,k3_K03_K05_K09,3,1,3,0,0,0,6,0,22,2,False
fage_no_has_url_s202,fage_no_has_url,k3_K03_K05_K09,3,5,3,0,0,0,6,0,28,8,False
fage_no_has_url_s202,fage_no_has_url,k3_K03_K05_K09,3,10,3,0,0,0,6,0,37,17,False
fage_no_has_url_s202,fage_no_has_url,k3_K01_K02_K06,3,1,3,0,0,0,6,0,22,2,False
fage_no_has_url_s202,fage_no_has_url,k3_K01_K02_K06,3,5,3,0,0,0,6,0,28,8,False
fage_no_has_url_s202,fage_no_has_url,k3_K01_K02_K06,3,10,3,0,0,0,6,0,39,19,False
fage_no_similarity_s202,fage_no_similarity,k2_K04_K07,2,1,2,1,3,1,7,0,18,3,False
fage_no_similarity_s202,fage_no_similarity,k2_K04_K07,2,5,2,3,3,3,7,0,28,13,False
fage_no_similarity_s202,fage_no_similarity,k2_K04_K07,2,10,2,3,3,3,7,0,37,22,False
fage_no_similarity_s202,fage_no_similarity,k2_K04_K08,2,1,2,1,3,1,7,0,18,3,False
fage_no_similarity_s202,fage_no_similarity,k2_K04_K08,2,5,2,3,3,3,7,0,28,13,False
fage_no_similarity_s202,fage_no_similarity,k2_K04_K08,2,10,2,3,3,3,7,0,37,22,False
fage_no_similarity_s202,fage_no_similarity,k2_K07_K08,2,1,2,2,4,2,7,0,18,3,False
fage_no_similarity_s202,fage_no_similarity,k2_K07_K08,2,5,2,4,4,4,7,0,26,11,False
fage_no_similarity_s202,fage_no_similarity,k2_K07_K08,2,10,2,4,4,4,7,0,33,18,False
fage_no_similarity_s202,fage_no_similarity,k2_K03_K05,2,1,1,2,3,2,7,0,18,3,False
fage_no_similarity_s202,fage_no_similarity,k2_K03_K05,2,5,2,3,3,3,7,0,28,13,False
fage_no_similarity_s202,fage_no_similarity,k2_K03_K05,2,10,2,3,3,3,7,0,37,22,False
fage_no_similarity_s202,fage_no_similarity,k2_K03_K09,2,1,1,1,2,1,7,0,18,3,False
fage_no_similarity_s202,fage_no_similarity,k2_K03_K09,2,5,2,2,2,2,7,0,31,16,False
fage_no_similarity_s202,fage_no_similarity,k2_K03_K09,2,10,2,2,2,2,7,0,39,24,False
fage_no_similarity_s202,fage_no_similarity,k2_K05_K09,2,1,2,1,3,1,7,0,18,3,False
fage_no_similarity_s202,fage_no_similarity,k2_K05_K09,2,5,2,3,3,3,7,0,27,12,False
fage_no_similarity_s202,fage_no_similarity,k2_K05_K09,2,10,2,3,3,3,7,0,37,22,False
fage_no_similarity_s202,fage_no_similarity,k2_K01_K02,2,1,2,2,4,2,7,0,18,3,False
fage_no_similarity_s202,fage_no_similarity,k2_K01_K02,2,5,2,4,4,4,7,0,28,13,False
fage_no_similarity_s202,fage_no_similarity,k2_K01_K02,2,10,2,4,4,4,7,0,37,22,False
fage_no_similarity_s202,fage_no_similarity,k2_K01_K06,2,1,1,2,3,2,7,0,18,3,False
fage_no_similarity_s202,fage_no_similarity,k2_K01_K06,2,5,2,3,3,3,7,0,31,16,False
fage_no_similarity_s202,fage_no_similarity,k2_K01_K06,2,10,2,3,3,3,7,0,39,24,False
fage_no_similarity_s202,fage_no_similarity,k2_K02_K06,2,1,1,2,3,2,7,0,18,3,False
fage_no_similarity_s202,fage_no_similarity,k2_K02_K06,2,5,2,3,3,3,7,0,31,16,False
fage_no_similarity_s202,fage_no_similarity,k2_K02_K06,2,10,2,3,3,3,7,0,39,24,False
fage_no_similarity_s202,fage_no_similarity,k3_K04_K07_K08,3,1,3,1,3,1,6,0,18,3,False
fage_no_similarity_s202,fage_no_similarity,k3_K04_K07_K08,3,5,3,3,3,3,6,0,27,12,False
fage_no_similarity_s202,fage_no_similarity,k3_K04_K07_K08,3,10,3,3,3,3,6,0,36,21,False
fage_no_similarity_s202,fage_no_similarity,k3_K03_K05_K09,3,1,2,1,2,1,6,0,18,3,False
fage_no_similarity_s202,fage_no_similarity,k3_K03_K05_K09,3,5,3,2,2,2,6,0,28,13,False
fage_no_similarity_s202,fage_no_similarity,k3_K03_K05_K09,3,10,3,2,2,2,6,0,38,23,False
fage_no_similarity_s202,fage_no_similarity,k3_K01_K02_K06,3,1,2,2,3,2,6,0,18,3,False
fage_no_similarity_s202,fage_no_similarity,k3_K01_K02_K06,3,5,3,3,3,3,6,0,30,15,False
fage_no_similarity_s202,fage_no_similarity,k3_K01_K02_K06,3,10,3,3,3,3,6,0,38,23,False
fage_no_lr_c_s202,fage_no_lr_c,k2_K04_K07,2,1,2,1,3,1,7,0,14,1,False
fage_no_lr_c_s202,fage_no_lr_c,k2_K04_K07,2,5,2,3,3,3,7,0,19,6,False
fage_no_lr_c_s202,fage_no_lr_c,k2_K04_K07,2,10,2,3,3,3,7,0,21,8,False
fage_no_lr_c_s202,fage_no_lr_c,k2_K04_K08,2,1,2,1,3,1,7,0,14,1,False
fage_no_lr_c_s202,fage_no_lr_c,k2_K04_K08,2,5,2,3,3,3,7,0,19,6,False
fage_no_lr_c_s202,fage_no_lr_c,k2_K04_K08,2,10,2,3,3,3,7,0,23,10,False
fage_no_lr_c_s202,fage_no_lr_c,k2_K07_K08,2,1,2,2,4,2,7,0,14,1,False
fage_no_lr_c_s202,fage_no_lr_c,k2_K07_K08,2,5,2,3,4,3,7,0,19,6,False
fage_no_lr_c_s202,fage_no_lr_c,k2_K07_K08,2,10,2,4,4,4,7,0,21,8,False
fage_no_lr_c_s202,fage_no_lr_c,k2_K03_K05,2,1,1,2,3,2,7,0,14,1,False
fage_no_lr_c_s202,fage_no_lr_c,k2_K03_K05,2,5,2,3,3,3,7,0,19,6,False
fage_no_lr_c_s202,fage_no_lr_c,k2_K03_K05,2,10,2,3,3,3,7,0,24,11,False
fage_no_lr_c_s202,fage_no_lr_c,k2_K03_K09,2,1,1,1,2,1,7,0,14,1,False
fage_no_lr_c_s202,fage_no_lr_c,k2_K03_K09,2,5,2,2,2,2,7,0,20,7,False
fage_no_lr_c_s202,fage_no_lr_c,k2_K03_K09,2,10,2,2,2,2,7,0,25,12,False
fage_no_lr_c_s202,fage_no_lr_c,k2_K05_K09,2,1,2,1,3,1,7,0,14,1,False
fage_no_lr_c_s202,fage_no_lr_c,k2_K05_K09,2,5,2,3,3,3,7,0,19,6,False
fage_no_lr_c_s202,fage_no_lr_c,k2_K05_K09,2,10,2,3,3,3,7,0,21,8,False
fage_no_lr_c_s202,fage_no_lr_c,k2_K01_K02,2,1,2,2,4,2,7,0,14,1,False
fage_no_lr_c_s202,fage_no_lr_c,k2_K01_K02,2,5,2,4,4,4,7,0,19,6,False
fage_no_lr_c_s202,fage_no_lr_c,k2_K01_K02,2,10,2,4,4,4,7,0,24,11,False
fage_no_lr_c_s202,fage_no_lr_c,k2_K01_K06,2,1,1,2,3,2,7,0,14,1,False
fage_no_lr_c_s202,fage_no_lr_c,k2_K01_K06,2,5,2,3,3,3,7,0,20,7,False
fage_no_lr_c_s202,fage_no_lr_c,k2_K01_K06,2,10,2,3,3,3,7,0,26,13,False
fage_no_lr_c_s202,fage_no_lr_c,k2_K02_K06,2,1,1,2,3,2,7,0,14,1,False
fage_no_lr_c_s202,fage_no_lr_c,k2_K02_K06,2,5,2,3,3,3,7,0,20,7,False
fage_no_lr_c_s202,fage_no_lr_c,k2_K02_K06,2,10,2,3,3,3,7,0,26,13,False
fage_no_lr_c_s202,fage_no_lr_c,k3_K04_K07_K08,3,1,3,1,3,1,6,0,14,1,False
fage_no_lr_c_s202,fage_no_lr_c,k3_K04_K07_K08,3,5,3,3,3,3,6,0,19,6,False
fage_no_lr_c_s202,fage_no_lr_c,k3_K04_K07_K08,3,10,3,3,3,3,6,0,21,8,False
fage_no_lr_c_s202,fage_no_lr_c,k3_K03_K05_K09,3,1,2,1,2,1,6,0,14,1,False
fage_no_lr_c_s202,fage_no_lr_c,k3_K03_K05_K09,3,5,3,2,2,2,6,0,20,7,False
fage_no_lr_c_s202,fage_no_lr_c,k3_K03_K05_K09,3,10,3,2,2,2,6,0,24,11,False
fage_no_lr_c_s202,fage_no_lr_c,k3_K01_K02_K06,3,1,2,2,3,2,6,0,14,1,False
fage_no_lr_c_s202,fage_no_lr_c,k3_K01_K02_K06,3,5,3,3,3,3,6,0,20,7,False
fage_no_lr_c_s202,fage_no_lr_c,k3_K01_K02_K06,3,10,3,3,3,3,6,0,25,12,False
fage_no_kcbert_s202,fage_no_kcbert,k2_K04_K07,2,1,2,0,0,0,7,0,22,1,False
fage_no_kcbert_s202,fage_no_kcbert,k2_K04_K07,2,5,2,0,0,0,7,0,22,1,False
fage_no_kcbert_s202,fage_no_kcbert,k2_K04_K07,2,10,2,0,0,0,7,0,26,5,False
fage_no_kcbert_s202,fage_no_kcbert,k2_K04_K08,2,1,2,0,0,0,7,0,22,1,False
fage_no_kcbert_s202,fage_no_kcbert,k2_K04_K08,2,5,2,0,0,0,7,0,23,2,False
fage_no_kcbert_s202,fage_no_kcbert,k2_K04_K08,2,10,2,0,0,0,7,0,26,5,False
fage_no_kcbert_s202,fage_no_kcbert,k2_K07_K08,2,1,2,0,0,0,7,0,22,1,False
fage_no_kcbert_s202,fage_no_kcbert,k2_K07_K08,2,5,2,0,0,0,7,0,22,1,False
fage_no_kcbert_s202,fage_no_kcbert,k2_K07_K08,2,10,2,0,0,0,7,0,26,5,False
fage_no_kcbert_s202,fage_no_kcbert,k2_K03_K05,2,1,2,0,0,0,7,0,22,1,False
fage_no_kcbert_s202,fage_no_kcbert,k2_K03_K05,2,5,2,0,0,0,7,0,23,2,False
fage_no_kcbert_s202,fage_no_kcbert,k2_K03_K05,2,10,2,0,0,0,7,0,26,5,False
fage_no_kcbert_s202,fage_no_kcbert,k2_K03_K09,2,1,2,0,0,0,7,0,22,1,False
fage_no_kcbert_s202,fage_no_kcbert,k2_K03_K09,2,5,2,0,0,0,7,0,26,5,False
fage_no_kcbert_s202,fage_no_kcbert,k2_K03_K09,2,10,2,0,0,0,7,0,27,6,False
fage_no_kcbert_s202,fage_no_kcbert,k2_K05_K09,2,1,2,0,0,0,7,0,22,1,False
fage_no_kcbert_s202,fage_no_kcbert,k2_K05_K09,2,5,2,0,0,0,7,0,22,1,False
fage_no_kcbert_s202,fage_no_kcbert,k2_K05_K09,2,10,2,0,0,0,7,0,26,5,False
fage_no_kcbert_s202,fage_no_kcbert,k2_K01_K02,2,1,2,0,0,0,7,0,22,1,False
fage_no_kcbert_s202,fage_no_kcbert,k2_K01_K02,2,5,2,0,0,0,7,0,22,1,False
fage_no_kcbert_s202,fage_no_kcbert,k2_K01_K02,2,10,2,0,0,0,7,0,26,5,False
fage_no_kcbert_s202,fage_no_kcbert,k2_K01_K06,2,1,2,0,0,0,7,0,22,1,False
fage_no_kcbert_s202,fage_no_kcbert,k2_K01_K06,2,5,2,0,0,0,7,0,26,5,False
fage_no_kcbert_s202,fage_no_kcbert,k2_K01_K06,2,10,2,0,0,0,7,0,31,10,False
fage_no_kcbert_s202,fage_no_kcbert,k2_K02_K06,2,1,2,0,0,0,7,0,22,1,False
fage_no_kcbert_s202,fage_no_kcbert,k2_K02_K06,2,5,2,0,0,0,7,0,26,5,False
fage_no_kcbert_s202,fage_no_kcbert,k2_K02_K06,2,10,2,0,0,0,7,0,31,10,False
fage_no_kcbert_s202,fage_no_kcbert,k3_K04_K07_K08,3,1,3,0,0,0,6,0,22,1,False
fage_no_kcbert_s202,fage_no_kcbert,k3_K04_K07_K08,3,5,3,0,0,0,6,0,22,1,False
fage_no_kcbert_s202,fage_no_kcbert,k3_K04_K07_K08,3,10,3,0,0,0,6,0,26,5,False
fage_no_kcbert_s202,fage_no_kcbert,k3_K03_K05_K09,3,1,3,0,0,0,6,0,22,1,False
fage_no_kcbert_s202,fage_no_kcbert,k3_K03_K05_K09,3,5,3,0,0,0,6,0,23,2,False
fage_no_kcbert_s202,fage_no_kcbert,k3_K03_K05_K09,3,10,3,0,0,0,6,0,26,5,False
fage_no_kcbert_s202,fage_no_kcbert,k3_K01_K02_K06,3,1,3,0,0,0,6,0,22,1,False
fage_no_kcbert_s202,fage_no_kcbert,k3_K01_K02_K06,3,5,3,0,0,0,6,0,26,5,False
fage_no_kcbert_s202,fage_no_kcbert,k3_K01_K02_K06,3,10,3,0,0,0,6,0,27,6,False
fage_no_url_s202,fage_no_url,k2_K04_K07,2,1,2,0,1,0,7,0,22,3,False
fage_no_url_s202,fage_no_url,k2_K04_K07,2,5,2,1,1,1,7,0,25,6,False
fage_no_url_s202,fage_no_url,k2_K04_K07,2,10,2,1,1,1,7,0,28,9,False
fage_no_url_s202,fage_no_url,k2_K04_K08,2,1,2,0,1,0,7,0,22,3,False
fage_no_url_s202,fage_no_url,k2_K04_K08,2,5,2,1,1,1,7,0,25,6,False
fage_no_url_s202,fage_no_url,k2_K04_K08,2,10,2,1,1,1,7,0,28,9,False
fage_no_url_s202,fage_no_url,k2_K07_K08,2,1,2,0,1,0,7,0,22,3,False
fage_no_url_s202,fage_no_url,k2_K07_K08,2,5,2,1,1,1,7,0,24,5,False
fage_no_url_s202,fage_no_url,k2_K07_K08,2,10,2,1,1,1,7,0,26,7,False
fage_no_url_s202,fage_no_url,k2_K03_K05,2,1,2,0,1,0,7,0,22,3,False
fage_no_url_s202,fage_no_url,k2_K03_K05,2,5,2,1,1,1,7,0,25,6,False
fage_no_url_s202,fage_no_url,k2_K03_K05,2,10,2,1,1,1,7,0,28,9,False
fage_no_url_s202,fage_no_url,k2_K03_K09,2,1,2,0,1,0,7,0,23,4,False
fage_no_url_s202,fage_no_url,k2_K03_K09,2,5,2,1,1,1,7,0,26,7,False
fage_no_url_s202,fage_no_url,k2_K03_K09,2,10,2,1,1,1,7,0,30,11,False
fage_no_url_s202,fage_no_url,k2_K05_K09,2,1,2,0,1,0,7,0,22,3,False
fage_no_url_s202,fage_no_url,k2_K05_K09,2,5,2,1,1,1,7,0,24,5,False
fage_no_url_s202,fage_no_url,k2_K05_K09,2,10,2,1,1,1,7,0,28,9,False
fage_no_url_s202,fage_no_url,k2_K01_K02,2,1,2,0,1,0,7,0,22,3,False
fage_no_url_s202,fage_no_url,k2_K01_K02,2,5,2,1,1,1,7,0,25,6,False
fage_no_url_s202,fage_no_url,k2_K01_K02,2,10,2,1,1,1,7,0,28,9,False
fage_no_url_s202,fage_no_url,k2_K01_K06,2,1,1,0,0,0,7,0,23,4,False
fage_no_url_s202,fage_no_url,k2_K01_K06,2,5,2,0,0,0,7,0,26,7,False
fage_no_url_s202,fage_no_url,k2_K01_K06,2,10,2,0,0,0,7,0,31,12,False
fage_no_url_s202,fage_no_url,k2_K02_K06,2,1,1,0,0,0,7,0,23,4,False
fage_no_url_s202,fage_no_url,k2_K02_K06,2,5,2,0,0,0,7,0,26,7,False
fage_no_url_s202,fage_no_url,k2_K02_K06,2,10,2,0,0,0,7,0,31,12,False
fage_no_url_s202,fage_no_url,k3_K04_K07_K08,3,1,3,0,1,0,6,0,22,3,False
fage_no_url_s202,fage_no_url,k3_K04_K07_K08,3,5,3,1,1,1,6,0,24,5,False
fage_no_url_s202,fage_no_url,k3_K04_K07_K08,3,10,3,1,1,1,6,0,28,9,False
fage_no_url_s202,fage_no_url,k3_K03_K05_K09,3,1,3,0,1,0,6,0,22,3,False
fage_no_url_s202,fage_no_url,k3_K03_K05_K09,3,5,3,1,1,1,6,0,25,6,False
fage_no_url_s202,fage_no_url,k3_K03_K05_K09,3,10,3,1,1,1,6,0,28,9,False
fage_no_url_s202,fage_no_url,k3_K01_K02_K06,3,1,2,0,0,0,6,0,22,3,False
fage_no_url_s202,fage_no_url,k3_K01_K02_K06,3,5,3,0,0,0,6,0,26,7,False
fage_no_url_s202,fage_no_url,k3_K01_K02_K06,3,10,3,0,0,0,6,0,29,10,False
fage_no_disagreement_s202,fage_no_disagreement,k2_K04_K07,2,1,2,1,1,1,7,0,22,1,False
fage_no_disagreement_s202,fage_no_disagreement,k2_K04_K07,2,5,2,1,1,1,7,0,28,7,False
fage_no_disagreement_s202,fage_no_disagreement,k2_K04_K07,2,10,2,1,1,1,7,0,32,11,False
fage_no_disagreement_s202,fage_no_disagreement,k2_K04_K08,2,1,2,1,1,1,7,0,22,1,False
fage_no_disagreement_s202,fage_no_disagreement,k2_K04_K08,2,5,2,1,1,1,7,0,28,7,False
fage_no_disagreement_s202,fage_no_disagreement,k2_K04_K08,2,10,2,1,1,1,7,0,35,14,False
fage_no_disagreement_s202,fage_no_disagreement,k2_K07_K08,2,1,2,1,1,1,7,0,22,1,False
fage_no_disagreement_s202,fage_no_disagreement,k2_K07_K08,2,5,2,1,1,1,7,0,28,7,False
fage_no_disagreement_s202,fage_no_disagreement,k2_K07_K08,2,10,2,1,1,1,7,0,31,10,False
fage_no_disagreement_s202,fage_no_disagreement,k2_K03_K05,2,1,2,1,1,1,7,0,22,1,False
fage_no_disagreement_s202,fage_no_disagreement,k2_K03_K05,2,5,2,1,1,1,7,0,28,7,False
fage_no_disagreement_s202,fage_no_disagreement,k2_K03_K05,2,10,2,1,1,1,7,0,35,14,False
fage_no_disagreement_s202,fage_no_disagreement,k2_K03_K09,2,1,2,1,1,1,7,0,22,1,False
fage_no_disagreement_s202,fage_no_disagreement,k2_K03_K09,2,5,2,1,1,1,7,0,28,7,False
fage_no_disagreement_s202,fage_no_disagreement,k2_K03_K09,2,10,2,1,1,1,7,0,38,17,False
fage_no_disagreement_s202,fage_no_disagreement,k2_K05_K09,2,1,2,1,1,1,7,0,22,1,False
fage_no_disagreement_s202,fage_no_disagreement,k2_K05_K09,2,5,2,1,1,1,7,0,28,7,False
fage_no_disagreement_s202,fage_no_disagreement,k2_K05_K09,2,10,2,1,1,1,7,0,32,11,False
fage_no_disagreement_s202,fage_no_disagreement,k2_K01_K02,2,1,2,1,1,1,7,0,22,1,False
fage_no_disagreement_s202,fage_no_disagreement,k2_K01_K02,2,5,2,1,1,1,7,0,28,7,False
fage_no_disagreement_s202,fage_no_disagreement,k2_K01_K02,2,10,2,1,1,1,7,0,32,11,False
fage_no_disagreement_s202,fage_no_disagreement,k2_K01_K06,2,1,2,0,0,0,7,0,22,1,False
fage_no_disagreement_s202,fage_no_disagreement,k2_K01_K06,2,5,2,0,0,0,7,0,28,7,False
fage_no_disagreement_s202,fage_no_disagreement,k2_K01_K06,2,10,2,0,0,0,7,0,39,18,False
fage_no_disagreement_s202,fage_no_disagreement,k2_K02_K06,2,1,2,0,0,0,7,0,22,1,False
fage_no_disagreement_s202,fage_no_disagreement,k2_K02_K06,2,5,2,0,0,0,7,0,28,7,False
fage_no_disagreement_s202,fage_no_disagreement,k2_K02_K06,2,10,2,0,0,0,7,0,39,18,False
fage_no_disagreement_s202,fage_no_disagreement,k3_K04_K07_K08,3,1,3,1,1,1,6,0,22,1,False
fage_no_disagreement_s202,fage_no_disagreement,k3_K04_K07_K08,3,5,3,1,1,1,6,0,28,7,False
fage_no_disagreement_s202,fage_no_disagreement,k3_K04_K07_K08,3,10,3,1,1,1,6,0,32,11,False
fage_no_disagreement_s202,fage_no_disagreement,k3_K03_K05_K09,3,1,3,1,1,1,6,0,22,1,False
fage_no_disagreement_s202,fage_no_disagreement,k3_K03_K05_K09,3,5,3,1,1,1,6,0,28,7,False
fage_no_disagreement_s202,fage_no_disagreement,k3_K03_K05_K09,3,10,3,1,1,1,6,0,35,14,False
fage_no_disagreement_s202,fage_no_disagreement,k3_K01_K02_K06,3,1,3,0,0,0,6,0,22,1,False
fage_no_disagreement_s202,fage_no_disagreement,k3_K01_K02_K06,3,5,3,0,0,0,6,0,28,7,False
fage_no_disagreement_s202,fage_no_disagreement,k3_K01_K02_K06,3,10,3,0,0,0,6,0,38,17,False
fage_no_url_free_weight_s202,fage_no_url_free_weight,k2_K04_K07,2,1,2,1,3,1,7,0,13,0,True
fage_no_url_free_weight_s202,fage_no_url_free_weight,k2_K04_K07,2,5,2,3,3,3,7,0,20,7,False
fage_no_url_free_weight_s202,fage_no_url_free_weight,k2_K04_K07,2,10,2,3,3,3,7,0,24,11,False
fage_no_url_free_weight_s202,fage_no_url_free_weight,k2_K04_K08,2,1,2,1,3,1,7,0,13,0,True
fage_no_url_free_weight_s202,fage_no_url_free_weight,k2_K04_K08,2,5,2,3,3,3,7,0,20,7,False
fage_no_url_free_weight_s202,fage_no_url_free_weight,k2_K04_K08,2,10,2,3,3,3,7,0,24,11,False
fage_no_url_free_weight_s202,fage_no_url_free_weight,k2_K07_K08,2,1,2,2,4,2,7,0,13,0,True
fage_no_url_free_weight_s202,fage_no_url_free_weight,k2_K07_K08,2,5,2,3,4,3,7,0,20,7,False
fage_no_url_free_weight_s202,fage_no_url_free_weight,k2_K07_K08,2,10,2,4,4,4,7,0,23,10,False
fage_no_url_free_weight_s202,fage_no_url_free_weight,k2_K03_K05,2,1,1,2,3,2,7,0,13,0,True
fage_no_url_free_weight_s202,fage_no_url_free_weight,k2_K03_K05,2,5,2,3,3,3,7,0,20,7,False
fage_no_url_free_weight_s202,fage_no_url_free_weight,k2_K03_K05,2,10,2,3,3,3,7,0,24,11,False
fage_no_url_free_weight_s202,fage_no_url_free_weight,k2_K03_K09,2,1,1,1,2,1,7,0,13,0,True
fage_no_url_free_weight_s202,fage_no_url_free_weight,k2_K03_K09,2,5,2,2,2,2,7,0,20,7,False
fage_no_url_free_weight_s202,fage_no_url_free_weight,k2_K03_K09,2,10,2,2,2,2,7,0,26,13,False
fage_no_url_free_weight_s202,fage_no_url_free_weight,k2_K05_K09,2,1,2,1,3,1,7,0,13,0,True
fage_no_url_free_weight_s202,fage_no_url_free_weight,k2_K05_K09,2,5,2,3,3,3,7,0,20,7,False
fage_no_url_free_weight_s202,fage_no_url_free_weight,k2_K05_K09,2,10,2,3,3,3,7,0,24,11,False
fage_no_url_free_weight_s202,fage_no_url_free_weight,k2_K01_K02,2,1,2,2,4,2,7,0,13,0,True
fage_no_url_free_weight_s202,fage_no_url_free_weight,k2_K01_K02,2,5,2,4,4,4,7,0,20,7,False
fage_no_url_free_weight_s202,fage_no_url_free_weight,k2_K01_K02,2,10,2,4,4,4,7,0,24,11,False
fage_no_url_free_weight_s202,fage_no_url_free_weight,k2_K01_K06,2,1,1,2,3,2,7,0,13,0,True
fage_no_url_free_weight_s202,fage_no_url_free_weight,k2_K01_K06,2,5,2,3,3,3,7,0,21,8,False
fage_no_url_free_weight_s202,fage_no_url_free_weight,k2_K01_K06,2,10,2,3,3,3,7,0,27,14,False
fage_no_url_free_weight_s202,fage_no_url_free_weight,k2_K02_K06,2,1,1,2,3,2,7,0,13,0,True
fage_no_url_free_weight_s202,fage_no_url_free_weight,k2_K02_K06,2,5,2,3,3,3,7,0,21,8,False
fage_no_url_free_weight_s202,fage_no_url_free_weight,k2_K02_K06,2,10,2,3,3,3,7,0,27,14,False
fage_no_url_free_weight_s202,fage_no_url_free_weight,k3_K04_K07_K08,3,1,3,1,3,1,6,0,13,0,True
fage_no_url_free_weight_s202,fage_no_url_free_weight,k3_K04_K07_K08,3,5,3,3,3,3,6,0,20,7,False
fage_no_url_free_weight_s202,fage_no_url_free_weight,k3_K04_K07_K08,3,10,3,3,3,3,6,0,24,11,False
fage_no_url_free_weight_s202,fage_no_url_free_weight,k3_K03_K05_K09,3,1,2,1,2,1,6,0,13,0,True
fage_no_url_free_weight_s202,fage_no_url_free_weight,k3_K03_K05_K09,3,5,3,2,2,2,6,0,20,7,False
fage_no_url_free_weight_s202,fage_no_url_free_weight,k3_K03_K05_K09,3,10,3,2,2,2,6,0,24,11,False
fage_no_url_free_weight_s202,fage_no_url_free_weight,k3_K01_K02_K06,3,1,2,2,3,2,6,0,13,0,True
fage_no_url_free_weight_s202,fage_no_url_free_weight,k3_K01_K02_K06,3,5,3,3,3,3,6,0,20,7,False
fage_no_url_free_weight_s202,fage_no_url_free_weight,k3_K01_K02_K06,3,10,3,3,3,3,6,0,26,13,False
equal_weight_s202,equal_weight,k2_K04_K07,2,1,2,0,0,0,7,0,52,27,False
equal_weight_s202,equal_weight,k2_K04_K07,2,5,2,0,0,0,7,0,181,156,False
equal_weight_s202,equal_weight,k2_K04_K07,2,10,2,0,0,0,7,0,190,165,False
equal_weight_s202,equal_weight,k2_K04_K08,2,1,2,0,0,0,7,0,52,27,False
equal_weight_s202,equal_weight,k2_K04_K08,2,5,2,0,0,0,7,0,181,156,False
equal_weight_s202,equal_weight,k2_K04_K08,2,10,2,0,0,0,7,0,191,166,False
equal_weight_s202,equal_weight,k2_K07_K08,2,1,2,0,0,0,7,0,50,25,False
equal_weight_s202,equal_weight,k2_K07_K08,2,5,2,0,0,0,7,0,181,156,False
equal_weight_s202,equal_weight,k2_K07_K08,2,10,2,0,0,0,7,0,190,165,False
equal_weight_s202,equal_weight,k2_K03_K05,2,1,2,0,0,0,7,0,51,26,False
equal_weight_s202,equal_weight,k2_K03_K05,2,5,2,0,0,0,7,0,181,156,False
equal_weight_s202,equal_weight,k2_K03_K05,2,10,2,0,0,0,7,0,191,166,False
equal_weight_s202,equal_weight,k2_K03_K09,2,1,2,0,0,0,7,0,51,26,False
equal_weight_s202,equal_weight,k2_K03_K09,2,5,2,0,0,0,7,0,182,157,False
equal_weight_s202,equal_weight,k2_K03_K09,2,10,2,0,0,0,7,0,194,169,False
equal_weight_s202,equal_weight,k2_K05_K09,2,1,2,0,0,0,7,0,51,26,False
equal_weight_s202,equal_weight,k2_K05_K09,2,5,2,0,0,0,7,0,179,154,False
equal_weight_s202,equal_weight,k2_K05_K09,2,10,2,0,0,0,7,0,190,165,False
equal_weight_s202,equal_weight,k2_K01_K02,2,1,2,0,0,0,7,0,51,26,False
equal_weight_s202,equal_weight,k2_K01_K02,2,5,2,0,0,0,7,0,182,157,False
equal_weight_s202,equal_weight,k2_K01_K02,2,10,2,0,0,0,7,0,190,165,False
equal_weight_s202,equal_weight,k2_K01_K06,2,1,2,0,0,0,7,0,51,26,False
equal_weight_s202,equal_weight,k2_K01_K06,2,5,2,0,0,0,7,0,182,157,False
equal_weight_s202,equal_weight,k2_K01_K06,2,10,2,0,0,0,7,0,194,169,False
equal_weight_s202,equal_weight,k2_K02_K06,2,1,2,0,0,0,7,0,51,26,False
equal_weight_s202,equal_weight,k2_K02_K06,2,5,2,0,0,0,7,0,183,158,False
equal_weight_s202,equal_weight,k2_K02_K06,2,10,2,0,0,0,7,0,194,169,False
equal_weight_s202,equal_weight,k3_K04_K07_K08,3,1,3,0,0,0,6,0,52,27,False
equal_weight_s202,equal_weight,k3_K04_K07_K08,3,5,3,0,0,0,6,0,182,157,False
equal_weight_s202,equal_weight,k3_K04_K07_K08,3,10,3,0,0,0,6,0,190,165,False
equal_weight_s202,equal_weight,k3_K03_K05_K09,3,1,3,0,0,0,6,0,53,28,False
equal_weight_s202,equal_weight,k3_K03_K05_K09,3,5,3,0,0,0,6,0,182,157,False
equal_weight_s202,equal_weight,k3_K03_K05_K09,3,10,3,0,0,0,6,0,191,166,False
equal_weight_s202,equal_weight,k3_K01_K02_K06,3,1,3,0,0,0,6,0,52,27,False
equal_weight_s202,equal_weight,k3_K01_K02_K06,3,5,3,0,0,0,6,0,183,158,False
equal_weight_s202,equal_weight,k3_K01_K02_K06,3,10,3,0,0,0,6,0,193,168,False
fixed_weight_s202,fixed_weight,k2_K04_K07,2,1,2,1,1,1,7,0,41,20,False
fixed_weight_s202,fixed_weight,k2_K04_K07,2,5,2,1,1,1,7,0,160,139,False
fixed_weight_s202,fixed_weight,k2_K04_K07,2,10,2,1,1,1,7,0,169,148,False
fixed_weight_s202,fixed_weight,k2_K04_K08,2,1,2,1,1,1,7,0,42,21,False
fixed_weight_s202,fixed_weight,k2_K04_K08,2,5,2,1,1,1,7,0,163,142,False
fixed_weight_s202,fixed_weight,k2_K04_K08,2,10,2,1,1,1,7,0,170,149,False
fixed_weight_s202,fixed_weight,k2_K07_K08,2,1,2,1,1,1,7,0,41,20,False
fixed_weight_s202,fixed_weight,k2_K07_K08,2,5,2,1,1,1,7,0,159,138,False
fixed_weight_s202,fixed_weight,k2_K07_K08,2,10,2,1,1,1,7,0,169,148,False
fixed_weight_s202,fixed_weight,k2_K03_K05,2,1,2,1,1,1,7,0,41,20,False
fixed_weight_s202,fixed_weight,k2_K03_K05,2,5,2,1,1,1,7,0,161,140,False
fixed_weight_s202,fixed_weight,k2_K03_K05,2,10,2,1,1,1,7,0,170,149,False
fixed_weight_s202,fixed_weight,k2_K03_K09,2,1,2,1,1,1,7,0,41,20,False
fixed_weight_s202,fixed_weight,k2_K03_K09,2,5,2,1,1,1,7,0,162,141,False
fixed_weight_s202,fixed_weight,k2_K03_K09,2,10,2,1,1,1,7,0,172,151,False
fixed_weight_s202,fixed_weight,k2_K05_K09,2,1,2,1,1,1,7,0,40,19,False
fixed_weight_s202,fixed_weight,k2_K05_K09,2,5,2,1,1,1,7,0,159,138,False
fixed_weight_s202,fixed_weight,k2_K05_K09,2,10,2,1,1,1,7,0,169,148,False
fixed_weight_s202,fixed_weight,k2_K01_K02,2,1,2,1,1,1,7,0,42,21,False
fixed_weight_s202,fixed_weight,k2_K01_K02,2,5,2,1,1,1,7,0,162,141,False
fixed_weight_s202,fixed_weight,k2_K01_K02,2,10,2,1,1,1,7,0,169,148,False
fixed_weight_s202,fixed_weight,k2_K01_K06,2,1,2,0,0,0,7,0,42,21,False
fixed_weight_s202,fixed_weight,k2_K01_K06,2,5,2,0,0,0,7,0,162,141,False
fixed_weight_s202,fixed_weight,k2_K01_K06,2,10,2,0,0,0,7,0,172,151,False
fixed_weight_s202,fixed_weight,k2_K02_K06,2,1,2,0,0,0,7,0,42,21,False
fixed_weight_s202,fixed_weight,k2_K02_K06,2,5,2,0,0,0,7,0,165,144,False
fixed_weight_s202,fixed_weight,k2_K02_K06,2,10,2,0,0,0,7,0,172,151,False
fixed_weight_s202,fixed_weight,k3_K04_K07_K08,3,1,3,1,1,1,6,0,41,20,False
fixed_weight_s202,fixed_weight,k3_K04_K07_K08,3,5,3,1,1,1,6,0,161,140,False
fixed_weight_s202,fixed_weight,k3_K04_K07_K08,3,10,3,1,1,1,6,0,169,148,False
fixed_weight_s202,fixed_weight,k3_K03_K05_K09,3,1,3,1,1,1,6,0,42,21,False
fixed_weight_s202,fixed_weight,k3_K03_K05_K09,3,5,3,1,1,1,6,0,164,143,False
fixed_weight_s202,fixed_weight,k3_K03_K05_K09,3,10,3,1,1,1,6,0,170,149,False
fixed_weight_s202,fixed_weight,k3_K01_K02_K06,3,1,3,0,0,0,6,0,42,21,False
fixed_weight_s202,fixed_weight,k3_K01_K02_K06,3,5,3,0,0,0,6,0,163,142,False
fixed_weight_s202,fixed_weight,k3_K01_K02_K06,3,10,3,0,0,0,6,0,171,150,False
word_expert_s303,word_expert,k2_K04_K07,2,1,1,1,9,1,7,0,6,0,True
word_expert_s303,word_expert,k2_K04_K07,2,5,1,3,9,3,7,0,8,2,False
word_expert_s303,word_expert,k2_K04_K07,2,10,2,6,9,5,7,0,9,3,False
word_expert_s303,word_expert,k2_K04_K08,2,1,0,1,8,1,7,0,6,0,True
word_expert_s303,word_expert,k2_K04_K08,2,5,1,3,8,3,7,0,8,2,False
word_expert_s303,word_expert,k2_K04_K08,2,10,2,5,8,4,7,0,9,3,False
word_expert_s303,word_expert,k2_K07_K08,2,1,1,1,9,1,7,0,6,0,True
word_expert_s303,word_expert,k2_K07_K08,2,5,2,2,9,2,7,0,8,2,False
word_expert_s303,word_expert,k2_K07_K08,2,10,2,6,9,5,7,0,8,2,False
word_expert_s303,word_expert,k2_K03_K05,2,1,1,1,8,1,7,0,6,0,True
word_expert_s303,word_expert,k2_K03_K05,2,5,1,4,8,4,7,0,8,2,False
word_expert_s303,word_expert,k2_K03_K05,2,10,1,6,8,5,7,0,9,3,False
word_expert_s303,word_expert,k2_K03_K09,2,1,0,2,8,2,7,0,6,0,True
word_expert_s303,word_expert,k2_K03_K09,2,5,1,6,8,5,7,0,8,2,False
word_expert_s303,word_expert,k2_K03_K09,2,10,2,6,8,5,7,0,10,4,False
word_expert_s303,word_expert,k2_K05_K09,2,1,1,0,8,0,7,0,6,0,False
word_expert_s303,word_expert,k2_K05_K09,2,5,1,3,8,3,7,0,8,2,False
word_expert_s303,word_expert,k2_K05_K09,2,10,2,5,8,4,7,0,9,3,False
word_expert_s303,word_expert,k2_K01_K02,2,1,0,1,8,1,7,0,6,0,True
word_expert_s303,word_expert,k2_K01_K02,2,5,2,2,8,2,7,0,8,2,False
word_expert_s303,word_expert,k2_K01_K02,2,10,2,5,8,4,7,0,9,3,False
word_expert_s303,word_expert,k2_K01_K06,2,1,1,1,8,1,7,0,6,0,True
word_expert_s303,word_expert,k2_K01_K06,2,5,1,5,8,4,7,0,8,2,False
word_expert_s303,word_expert,k2_K01_K06,2,10,1,6,8,5,7,0,10,4,False
word_expert_s303,word_expert,k2_K02_K06,2,1,0,2,8,2,7,0,6,0,True
word_expert_s303,word_expert,k2_K02_K06,2,5,1,6,8,5,7,0,8,2,False
word_expert_s303,word_expert,k2_K02_K06,2,10,1,7,8,5,7,0,10,4,False
word_expert_s303,word_expert,k3_K04_K07_K08,3,1,1,1,8,1,6,0,6,0,True
word_expert_s303,word_expert,k3_K04_K07_K08,3,5,2,3,8,3,6,0,8,2,False
word_expert_s303,word_expert,k3_K04_K07_K08,3,10,3,5,8,4,6,0,9,3,False
word_expert_s303,word_expert,k3_K03_K05_K09,3,1,1,1,7,1,6,0,6,0,True
word_expert_s303,word_expert,k3_K03_K05_K09,3,5,1,4,7,4,6,0,8,2,False
word_expert_s303,word_expert,k3_K03_K05_K09,3,10,2,5,7,4,6,0,9,3,False
word_expert_s303,word_expert,k3_K01_K02_K06,3,1,1,1,7,1,6,0,6,0,True
word_expert_s303,word_expert,k3_K01_K02_K06,3,5,2,2,7,2,6,0,8,2,False
word_expert_s303,word_expert,k3_K01_K02_K06,3,10,2,5,7,4,6,0,10,4,False
stacking_s303,stacking,k2_K04_K07,2,1,0,0,7,0,7,0,15,1,False
stacking_s303,stacking,k2_K04_K07,2,5,0,0,7,0,7,0,19,5,False
stacking_s303,stacking,k2_K04_K07,2,10,1,1,7,1,7,0,23,9,False
stacking_s303,stacking,k2_K04_K08,2,1,0,0,7,0,7,0,15,1,False
stacking_s303,stacking,k2_K04_K08,2,5,0,0,7,0,7,0,19,5,False
stacking_s303,stacking,k2_K04_K08,2,10,0,2,7,2,7,0,24,10,False
stacking_s303,stacking,k2_K07_K08,2,1,0,0,7,0,7,0,15,1,False
stacking_s303,stacking,k2_K07_K08,2,5,0,0,7,0,7,0,19,5,False
stacking_s303,stacking,k2_K07_K08,2,10,1,1,7,1,7,0,23,9,False
stacking_s303,stacking,k2_K03_K05,2,1,0,0,7,0,7,0,15,1,False
stacking_s303,stacking,k2_K03_K05,2,5,0,0,7,0,7,0,19,5,False
stacking_s303,stacking,k2_K03_K05,2,10,1,1,7,1,7,0,24,10,False
stacking_s303,stacking,k2_K03_K09,2,1,0,0,7,0,7,0,15,1,False
stacking_s303,stacking,k2_K03_K09,2,5,0,0,7,0,7,0,19,5,False
stacking_s303,stacking,k2_K03_K09,2,10,0,5,7,5,7,0,24,10,False
stacking_s303,stacking,k2_K05_K09,2,1,0,0,7,0,7,0,15,1,False
stacking_s303,stacking,k2_K05_K09,2,5,0,0,7,0,7,0,19,5,False
stacking_s303,stacking,k2_K05_K09,2,10,1,1,7,1,7,0,23,9,False
stacking_s303,stacking,k2_K01_K02,2,1,0,0,7,0,7,0,15,1,False
stacking_s303,stacking,k2_K01_K02,2,5,0,0,7,0,7,0,19,5,False
stacking_s303,stacking,k2_K01_K02,2,10,0,2,7,2,7,0,23,9,False
stacking_s303,stacking,k2_K01_K06,2,1,0,0,7,0,7,0,15,1,False
stacking_s303,stacking,k2_K01_K06,2,5,0,0,7,0,7,0,19,5,False
stacking_s303,stacking,k2_K01_K06,2,10,0,3,7,3,7,0,24,10,False
stacking_s303,stacking,k2_K02_K06,2,1,0,0,7,0,7,0,15,1,False
stacking_s303,stacking,k2_K02_K06,2,5,0,0,7,0,7,0,19,5,False
stacking_s303,stacking,k2_K02_K06,2,10,0,3,7,3,7,0,24,10,False
stacking_s303,stacking,k3_K04_K07_K08,3,1,0,0,6,0,6,0,15,1,False
stacking_s303,stacking,k3_K04_K07_K08,3,5,0,0,6,0,6,0,19,5,False
stacking_s303,stacking,k3_K04_K07_K08,3,10,1,1,6,1,6,0,23,9,False
stacking_s303,stacking,k3_K03_K05_K09,3,1,0,0,6,0,6,0,15,1,False
stacking_s303,stacking,k3_K03_K05_K09,3,5,0,0,6,0,6,0,19,5,False
stacking_s303,stacking,k3_K03_K05_K09,3,10,1,1,6,1,6,0,24,10,False
stacking_s303,stacking,k3_K01_K02_K06,3,1,0,0,6,0,6,0,15,1,False
stacking_s303,stacking,k3_K01_K02_K06,3,5,0,0,6,0,6,0,19,5,False
stacking_s303,stacking,k3_K01_K02_K06,3,10,0,3,6,3,6,0,24,10,False
fage_s303,fage,k2_K04_K07,2,1,0,0,7,0,7,0,13,1,False
fage_s303,fage,k2_K04_K07,2,5,1,0,7,0,7,0,20,8,False
fage_s303,fage,k2_K04_K07,2,10,1,5,7,5,7,0,25,13,False
fage_s303,fage,k2_K04_K08,2,1,0,0,7,0,7,0,13,1,False
fage_s303,fage,k2_K04_K08,2,5,0,1,7,1,7,0,22,10,False
fage_s303,fage,k2_K04_K08,2,10,1,5,7,5,7,0,25,13,False
fage_s303,fage,k2_K07_K08,2,1,0,0,7,0,7,0,13,1,False
fage_s303,fage,k2_K07_K08,2,5,0,0,7,0,7,0,20,8,False
fage_s303,fage,k2_K07_K08,2,10,2,4,7,4,7,0,23,11,False
fage_s303,fage,k2_K03_K05,2,1,0,0,7,0,7,0,13,1,False
fage_s303,fage,k2_K03_K05,2,5,0,1,7,1,7,0,22,10,False
fage_s303,fage,k2_K03_K05,2,10,1,6,7,6,7,0,27,15,False
fage_s303,fage,k2_K03_K09,2,1,0,0,7,0,7,0,13,1,False
fage_s303,fage,k2_K03_K09,2,5,0,1,7,1,7,0,22,10,False
fage_s303,fage,k2_K03_K09,2,10,1,6,7,6,7,0,27,15,False
fage_s303,fage,k2_K05_K09,2,1,0,0,7,0,7,0,13,1,False
fage_s303,fage,k2_K05_K09,2,5,0,1,7,1,7,0,20,8,False
fage_s303,fage,k2_K05_K09,2,10,2,4,7,4,7,0,24,12,False
fage_s303,fage,k2_K01_K02,2,1,0,0,7,0,7,0,13,1,False
fage_s303,fage,k2_K01_K02,2,5,0,1,7,1,7,0,20,8,False
fage_s303,fage,k2_K01_K02,2,10,2,4,7,4,7,0,24,12,False
fage_s303,fage,k2_K01_K06,2,1,0,0,7,0,7,0,13,1,False
fage_s303,fage,k2_K01_K06,2,5,0,1,7,1,7,0,22,10,False
fage_s303,fage,k2_K01_K06,2,10,1,6,7,6,7,0,28,16,False
fage_s303,fage,k2_K02_K06,2,1,0,0,7,0,7,0,13,1,False
fage_s303,fage,k2_K02_K06,2,5,0,1,7,1,7,0,22,10,False
fage_s303,fage,k2_K02_K06,2,10,1,6,7,6,7,0,28,16,False
fage_s303,fage,k3_K04_K07_K08,3,1,0,0,6,0,6,0,13,1,False
fage_s303,fage,k3_K04_K07_K08,3,5,1,0,6,0,6,0,20,8,False
fage_s303,fage,k3_K04_K07_K08,3,10,2,4,6,4,6,0,24,12,False
fage_s303,fage,k3_K03_K05_K09,3,1,0,0,6,0,6,0,13,1,False
fage_s303,fage,k3_K03_K05_K09,3,5,0,1,6,1,6,0,22,10,False
fage_s303,fage,k3_K03_K05_K09,3,10,2,5,6,5,6,0,27,15,False
fage_s303,fage,k3_K01_K02_K06,3,1,0,0,6,0,6,0,13,1,False
fage_s303,fage,k3_K01_K02_K06,3,5,0,1,6,1,6,0,22,10,False
fage_s303,fage,k3_K01_K02_K06,3,10,2,5,6,5,6,0,27,15,False
fage_no_has_url_s303,fage_no_has_url,k2_K04_K07,2,1,0,0,7,0,7,0,13,1,False
fage_no_has_url_s303,fage_no_has_url,k2_K04_K07,2,5,0,0,7,0,7,0,20,8,False
fage_no_has_url_s303,fage_no_has_url,k2_K04_K07,2,10,1,4,7,4,7,0,23,11,False
fage_no_has_url_s303,fage_no_has_url,k2_K04_K08,2,1,0,0,7,0,7,0,13,1,False
fage_no_has_url_s303,fage_no_has_url,k2_K04_K08,2,5,0,0,7,0,7,0,20,8,False
fage_no_has_url_s303,fage_no_has_url,k2_K04_K08,2,10,1,5,7,5,7,0,23,11,False
fage_no_has_url_s303,fage_no_has_url,k2_K07_K08,2,1,0,0,7,0,7,0,13,1,False
fage_no_has_url_s303,fage_no_has_url,k2_K07_K08,2,5,0,0,7,0,7,0,19,7,False
fage_no_has_url_s303,fage_no_has_url,k2_K07_K08,2,10,2,3,7,3,7,0,23,11,False
fage_no_has_url_s303,fage_no_has_url,k2_K03_K05,2,1,0,0,7,0,7,0,13,1,False
fage_no_has_url_s303,fage_no_has_url,k2_K03_K05,2,5,0,0,7,0,7,0,20,8,False
fage_no_has_url_s303,fage_no_has_url,k2_K03_K05,2,10,1,5,7,5,7,0,25,13,False
fage_no_has_url_s303,fage_no_has_url,k2_K03_K09,2,1,0,0,7,0,7,0,13,1,False
fage_no_has_url_s303,fage_no_has_url,k2_K03_K09,2,5,0,0,7,0,7,0,20,8,False
fage_no_has_url_s303,fage_no_has_url,k2_K03_K09,2,10,1,5,7,5,7,0,25,13,False
fage_no_has_url_s303,fage_no_has_url,k2_K05_K09,2,1,0,0,7,0,7,0,13,1,False
fage_no_has_url_s303,fage_no_has_url,k2_K05_K09,2,5,0,0,7,0,7,0,20,8,False
fage_no_has_url_s303,fage_no_has_url,k2_K05_K09,2,10,1,4,7,4,7,0,23,11,False
fage_no_has_url_s303,fage_no_has_url,k2_K01_K02,2,1,0,0,7,0,7,0,13,1,False
fage_no_has_url_s303,fage_no_has_url,k2_K01_K02,2,5,0,0,7,0,7,0,20,8,False
fage_no_has_url_s303,fage_no_has_url,k2_K01_K02,2,10,2,3,7,3,7,0,23,11,False
fage_no_has_url_s303,fage_no_has_url,k2_K01_K06,2,1,0,0,7,0,7,0,13,1,False
fage_no_has_url_s303,fage_no_has_url,k2_K01_K06,2,5,0,0,7,0,7,0,20,8,False
fage_no_has_url_s303,fage_no_has_url,k2_K01_K06,2,10,1,5,7,5,7,0,26,14,False
fage_no_has_url_s303,fage_no_has_url,k2_K02_K06,2,1,0,0,7,0,7,0,13,1,False
fage_no_has_url_s303,fage_no_has_url,k2_K02_K06,2,5,0,0,7,0,7,0,20,8,False
fage_no_has_url_s303,fage_no_has_url,k2_K02_K06,2,10,1,5,7,5,7,0,25,13,False
fage_no_has_url_s303,fage_no_has_url,k3_K04_K07_K08,3,1,0,0,6,0,6,0,13,1,False
fage_no_has_url_s303,fage_no_has_url,k3_K04_K07_K08,3,5,0,0,6,0,6,0,20,8,False
fage_no_has_url_s303,fage_no_has_url,k3_K04_K07_K08,3,10,2,3,6,3,6,0,23,11,False
fage_no_has_url_s303,fage_no_has_url,k3_K03_K05_K09,3,1,0,0,6,0,6,0,13,1,False
fage_no_has_url_s303,fage_no_has_url,k3_K03_K05_K09,3,5,0,0,6,0,6,0,20,8,False
fage_no_has_url_s303,fage_no_has_url,k3_K03_K05_K09,3,10,2,4,6,4,6,0,24,12,False
fage_no_has_url_s303,fage_no_has_url,k3_K01_K02_K06,3,1,0,0,6,0,6,0,13,1,False
fage_no_has_url_s303,fage_no_has_url,k3_K01_K02_K06,3,5,0,0,6,0,6,0,20,8,False
fage_no_has_url_s303,fage_no_has_url,k3_K01_K02_K06,3,10,2,4,6,4,6,0,25,13,False
fage_no_similarity_s303,fage_no_similarity,k2_K04_K07,2,1,0,0,7,0,7,0,15,1,False
fage_no_similarity_s303,fage_no_similarity,k2_K04_K07,2,5,0,0,7,0,7,0,22,8,False
fage_no_similarity_s303,fage_no_similarity,k2_K04_K07,2,10,1,1,7,1,7,0,26,12,False
fage_no_similarity_s303,fage_no_similarity,k2_K04_K08,2,1,0,0,7,0,7,0,15,1,False
fage_no_similarity_s303,fage_no_similarity,k2_K04_K08,2,5,0,0,7,0,7,0,22,8,False
fage_no_similarity_s303,fage_no_similarity,k2_K04_K08,2,10,0,2,7,2,7,0,27,13,False
fage_no_similarity_s303,fage_no_similarity,k2_K07_K08,2,1,0,0,7,0,7,0,15,1,False
fage_no_similarity_s303,fage_no_similarity,k2_K07_K08,2,5,0,0,7,0,7,0,22,8,False
fage_no_similarity_s303,fage_no_similarity,k2_K07_K08,2,10,1,0,7,0,7,0,25,11,False
fage_no_similarity_s303,fage_no_similarity,k2_K03_K05,2,1,0,0,7,0,7,0,15,1,False
fage_no_similarity_s303,fage_no_similarity,k2_K03_K05,2,5,0,0,7,0,7,0,22,8,False
fage_no_similarity_s303,fage_no_similarity,k2_K03_K05,2,10,1,3,7,3,7,0,28,14,False
fage_no_similarity_s303,fage_no_similarity,k2_K03_K09,2,1,0,0,7,0,7,0,15,1,False
fage_no_similarity_s303,fage_no_similarity,k2_K03_K09,2,5,0,0,7,0,7,0,22,8,False
fage_no_similarity_s303,fage_no_similarity,k2_K03_K09,2,10,0,5,7,5,7,0,28,14,False
fage_no_similarity_s303,fage_no_similarity,k2_K05_K09,2,1,0,0,7,0,7,0,15,1,False
fage_no_similarity_s303,fage_no_similarity,k2_K05_K09,2,5,0,0,7,0,7,0,22,8,False
fage_no_similarity_s303,fage_no_similarity,k2_K05_K09,2,10,0,1,7,1,7,0,25,11,False
fage_no_similarity_s303,fage_no_similarity,k2_K01_K02,2,1,0,0,7,0,7,0,15,1,False
fage_no_similarity_s303,fage_no_similarity,k2_K01_K02,2,5,0,0,7,0,7,0,22,8,False
fage_no_similarity_s303,fage_no_similarity,k2_K01_K02,2,10,0,1,7,1,7,0,25,11,False
fage_no_similarity_s303,fage_no_similarity,k2_K01_K06,2,1,0,0,7,0,7,0,15,1,False
fage_no_similarity_s303,fage_no_similarity,k2_K01_K06,2,5,0,0,7,0,7,0,22,8,False
fage_no_similarity_s303,fage_no_similarity,k2_K01_K06,2,10,1,4,7,4,7,0,28,14,False
fage_no_similarity_s303,fage_no_similarity,k2_K02_K06,2,1,0,0,7,0,7,0,15,1,False
fage_no_similarity_s303,fage_no_similarity,k2_K02_K06,2,5,0,0,7,0,7,0,22,8,False
fage_no_similarity_s303,fage_no_similarity,k2_K02_K06,2,10,1,4,7,4,7,0,28,14,False
fage_no_similarity_s303,fage_no_similarity,k3_K04_K07_K08,3,1,0,0,6,0,6,0,15,1,False
fage_no_similarity_s303,fage_no_similarity,k3_K04_K07_K08,3,5,0,0,6,0,6,0,22,8,False
fage_no_similarity_s303,fage_no_similarity,k3_K04_K07_K08,3,10,1,1,6,1,6,0,26,12,False
fage_no_similarity_s303,fage_no_similarity,k3_K03_K05_K09,3,1,0,0,6,0,6,0,15,1,False
fage_no_similarity_s303,fage_no_similarity,k3_K03_K05_K09,3,5,0,0,6,0,6,0,22,8,False
fage_no_similarity_s303,fage_no_similarity,k3_K03_K05_K09,3,10,1,2,6,2,6,0,28,14,False
fage_no_similarity_s303,fage_no_similarity,k3_K01_K02_K06,3,1,0,0,6,0,6,0,15,1,False
fage_no_similarity_s303,fage_no_similarity,k3_K01_K02_K06,3,5,0,0,6,0,6,0,22,8,False
fage_no_similarity_s303,fage_no_similarity,k3_K01_K02_K06,3,10,1,3,6,3,6,0,28,14,False
fage_no_lr_c_s303,fage_no_lr_c,k2_K04_K07,2,1,0,0,7,0,7,0,12,0,False
fage_no_lr_c_s303,fage_no_lr_c,k2_K04_K07,2,5,0,0,7,0,7,0,18,6,False
fage_no_lr_c_s303,fage_no_lr_c,k2_K04_K07,2,10,1,1,7,1,7,0,21,9,False
fage_no_lr_c_s303,fage_no_lr_c,k2_K04_K08,2,1,0,0,7,0,7,0,12,0,False
fage_no_lr_c_s303,fage_no_lr_c,k2_K04_K08,2,5,0,0,7,0,7,0,19,7,False
fage_no_lr_c_s303,fage_no_lr_c,k2_K04_K08,2,10,0,2,7,2,7,0,22,10,False
fage_no_lr_c_s303,fage_no_lr_c,k2_K07_K08,2,1,0,0,7,0,7,0,12,0,False
fage_no_lr_c_s303,fage_no_lr_c,k2_K07_K08,2,5,0,0,7,0,7,0,18,6,False
fage_no_lr_c_s303,fage_no_lr_c,k2_K07_K08,2,10,1,0,7,0,7,0,20,8,False
fage_no_lr_c_s303,fage_no_lr_c,k2_K03_K05,2,1,0,0,7,0,7,0,12,0,False
fage_no_lr_c_s303,fage_no_lr_c,k2_K03_K05,2,5,0,0,7,0,7,0,19,7,False
fage_no_lr_c_s303,fage_no_lr_c,k2_K03_K05,2,10,1,3,7,3,7,0,22,10,False
fage_no_lr_c_s303,fage_no_lr_c,k2_K03_K09,2,1,0,0,7,0,7,0,12,0,False
fage_no_lr_c_s303,fage_no_lr_c,k2_K03_K09,2,5,0,0,7,0,7,0,19,7,False
fage_no_lr_c_s303,fage_no_lr_c,k2_K03_K09,2,10,0,5,7,5,7,0,23,11,False
fage_no_lr_c_s303,fage_no_lr_c,k2_K05_K09,2,1,0,0,7,0,7,0,12,0,False
fage_no_lr_c_s303,fage_no_lr_c,k2_K05_K09,2,5,0,0,7,0,7,0,18,6,False
fage_no_lr_c_s303,fage_no_lr_c,k2_K05_K09,2,10,1,1,7,1,7,0,21,9,False
fage_no_lr_c_s303,fage_no_lr_c,k2_K01_K02,2,1,0,0,7,0,7,0,12,0,False
fage_no_lr_c_s303,fage_no_lr_c,k2_K01_K02,2,5,0,0,7,0,7,0,18,6,False
fage_no_lr_c_s303,fage_no_lr_c,k2_K01_K02,2,10,0,2,7,2,7,0,21,9,False
fage_no_lr_c_s303,fage_no_lr_c,k2_K01_K06,2,1,0,0,7,0,7,0,12,0,False
fage_no_lr_c_s303,fage_no_lr_c,k2_K01_K06,2,5,0,0,7,0,7,0,19,7,False
fage_no_lr_c_s303,fage_no_lr_c,k2_K01_K06,2,10,1,4,7,4,7,0,24,12,False
fage_no_lr_c_s303,fage_no_lr_c,k2_K02_K06,2,1,0,0,7,0,7,0,12,0,False
fage_no_lr_c_s303,fage_no_lr_c,k2_K02_K06,2,5,0,0,7,0,7,0,19,7,False
fage_no_lr_c_s303,fage_no_lr_c,k2_K02_K06,2,10,1,4,7,4,7,0,24,12,False
fage_no_lr_c_s303,fage_no_lr_c,k3_K04_K07_K08,3,1,0,0,6,0,6,0,12,0,False
fage_no_lr_c_s303,fage_no_lr_c,k3_K04_K07_K08,3,5,0,0,6,0,6,0,18,6,False
fage_no_lr_c_s303,fage_no_lr_c,k3_K04_K07_K08,3,10,1,1,6,1,6,0,21,9,False
fage_no_lr_c_s303,fage_no_lr_c,k3_K03_K05_K09,3,1,0,0,6,0,6,0,12,0,False
fage_no_lr_c_s303,fage_no_lr_c,k3_K03_K05_K09,3,5,0,0,6,0,6,0,19,7,False
fage_no_lr_c_s303,fage_no_lr_c,k3_K03_K05_K09,3,10,1,2,6,2,6,0,22,10,False
fage_no_lr_c_s303,fage_no_lr_c,k3_K01_K02_K06,3,1,0,0,6,0,6,0,12,0,False
fage_no_lr_c_s303,fage_no_lr_c,k3_K01_K02_K06,3,5,0,0,6,0,6,0,19,7,False
fage_no_lr_c_s303,fage_no_lr_c,k3_K01_K02_K06,3,10,2,3,6,3,6,0,23,11,False
fage_no_kcbert_s303,fage_no_kcbert,k2_K04_K07,2,1,1,2,6,2,7,0,11,0,True
fage_no_kcbert_s303,fage_no_kcbert,k2_K04_K07,2,5,1,3,6,3,7,0,11,0,True
fage_no_kcbert_s303,fage_no_kcbert,k2_K04_K07,2,10,2,4,6,4,7,0,15,4,False
fage_no_kcbert_s303,fage_no_kcbert,k2_K04_K08,2,1,0,2,5,2,7,0,11,0,True
fage_no_kcbert_s303,fage_no_kcbert,k2_K04_K08,2,5,1,3,5,3,7,0,13,2,False
fage_no_kcbert_s303,fage_no_kcbert,k2_K04_K08,2,10,2,3,5,3,7,0,16,5,False
fage_no_kcbert_s303,fage_no_kcbert,k2_K07_K08,2,1,1,1,6,1,7,0,11,0,True
fage_no_kcbert_s303,fage_no_kcbert,k2_K07_K08,2,5,2,2,6,2,7,0,11,0,True
fage_no_kcbert_s303,fage_no_kcbert,k2_K07_K08,2,10,2,3,6,3,7,0,13,2,False
fage_no_kcbert_s303,fage_no_kcbert,k2_K03_K05,2,1,1,2,6,2,7,0,11,0,True
fage_no_kcbert_s303,fage_no_kcbert,k2_K03_K05,2,5,1,4,6,4,7,0,13,2,False
fage_no_kcbert_s303,fage_no_kcbert,k2_K03_K05,2,10,1,5,6,5,7,0,16,5,False
fage_no_kcbert_s303,fage_no_kcbert,k2_K03_K09,2,1,0,2,5,2,7,0,11,0,True
fage_no_kcbert_s303,fage_no_kcbert,k2_K03_K09,2,5,1,3,5,3,7,0,14,3,False
fage_no_kcbert_s303,fage_no_kcbert,k2_K03_K09,2,10,2,4,5,4,7,0,18,7,False
fage_no_kcbert_s303,fage_no_kcbert,k2_K05_K09,2,1,1,2,6,2,7,0,11,0,True
fage_no_kcbert_s303,fage_no_kcbert,k2_K05_K09,2,5,1,3,6,3,7,0,11,0,True
fage_no_kcbert_s303,fage_no_kcbert,k2_K05_K09,2,10,2,4,6,4,7,0,15,4,False
fage_no_kcbert_s303,fage_no_kcbert,k2_K01_K02,2,1,2,0,5,0,7,0,11,0,False
fage_no_kcbert_s303,fage_no_kcbert,k2_K01_K02,2,5,2,1,5,1,7,0,11,0,True
fage_no_kcbert_s303,fage_no_kcbert,k2_K01_K02,2,10,2,2,5,2,7,0,14,3,False
fage_no_kcbert_s303,fage_no_kcbert,k2_K01_K06,2,1,1,1,5,1,7,0,11,0,True
fage_no_kcbert_s303,fage_no_kcbert,k2_K01_K06,2,5,1,3,5,3,7,0,13,2,False
fage_no_kcbert_s303,fage_no_kcbert,k2_K01_K06,2,10,1,5,5,5,7,0,18,7,False
fage_no_kcbert_s303,fage_no_kcbert,k2_K02_K06,2,1,1,1,5,1,7,0,11,0,True
fage_no_kcbert_s303,fage_no_kcbert,k2_K02_K06,2,5,1,3,5,3,7,0,13,2,False
fage_no_kcbert_s303,fage_no_kcbert,k2_K02_K06,2,10,1,4,5,4,7,0,18,7,False
fage_no_kcbert_s303,fage_no_kcbert,k3_K04_K07_K08,3,1,1,2,5,2,6,0,11,0,True
fage_no_kcbert_s303,fage_no_kcbert,k3_K04_K07_K08,3,5,2,2,5,2,6,0,11,0,True
fage_no_kcbert_s303,fage_no_kcbert,k3_K04_K07_K08,3,10,3,3,5,3,6,0,15,4,False
fage_no_kcbert_s303,fage_no_kcbert,k3_K03_K05_K09,3,1,1,2,5,2,6,0,11,0,True
fage_no_kcbert_s303,fage_no_kcbert,k3_K03_K05_K09,3,5,2,3,5,3,6,0,13,2,False
fage_no_kcbert_s303,fage_no_kcbert,k3_K03_K05_K09,3,10,2,4,5,4,6,0,16,5,False
fage_no_kcbert_s303,fage_no_kcbert,k3_K01_K02_K06,3,1,2,0,4,0,6,0,11,0,False
fage_no_kcbert_s303,fage_no_kcbert,k3_K01_K02_K06,3,5,2,2,4,2,6,0,13,2,False
fage_no_kcbert_s303,fage_no_kcbert,k3_K01_K02_K06,3,10,2,3,4,3,6,0,16,5,False
fage_no_url_s303,fage_no_url,k2_K04_K07,2,1,0,0,7,0,7,0,13,1,False
fage_no_url_s303,fage_no_url,k2_K04_K07,2,5,1,0,7,0,7,0,14,2,False
fage_no_url_s303,fage_no_url,k2_K04_K07,2,10,1,1,7,1,7,0,20,8,False
fage_no_url_s303,fage_no_url,k2_K04_K08,2,1,0,0,7,0,7,0,13,1,False
fage_no_url_s303,fage_no_url,k2_K04_K08,2,5,0,1,7,1,7,0,16,4,False
fage_no_url_s303,fage_no_url,k2_K04_K08,2,10,0,2,7,2,7,0,20,8,False
fage_no_url_s303,fage_no_url,k2_K07_K08,2,1,0,0,7,0,7,0,13,1,False
fage_no_url_s303,fage_no_url,k2_K07_K08,2,5,0,0,7,0,7,0,14,2,False
fage_no_url_s303,fage_no_url,k2_K07_K08,2,10,1,0,7,0,7,0,19,7,False
fage_no_url_s303,fage_no_url,k2_K03_K05,2,1,0,0,7,0,7,0,13,1,False
fage_no_url_s303,fage_no_url,k2_K03_K05,2,5,0,1,7,1,7,0,16,4,False
fage_no_url_s303,fage_no_url,k2_K03_K05,2,10,1,1,7,1,7,0,20,8,False
fage_no_url_s303,fage_no_url,k2_K03_K09,2,1,0,0,7,0,7,0,13,1,False
fage_no_url_s303,fage_no_url,k2_K03_K09,2,5,0,1,7,1,7,0,16,4,False
fage_no_url_s303,fage_no_url,k2_K03_K09,2,10,0,3,7,3,7,0,21,9,False
fage_no_url_s303,fage_no_url,k2_K05_K09,2,1,0,0,7,0,7,0,13,1,False
fage_no_url_s303,fage_no_url,k2_K05_K09,2,5,0,1,7,1,7,0,16,4,False
fage_no_url_s303,fage_no_url,k2_K05_K09,2,10,1,1,7,1,7,0,20,8,False
fage_no_url_s303,fage_no_url,k2_K01_K02,2,1,0,0,7,0,7,0,13,1,False
fage_no_url_s303,fage_no_url,k2_K01_K02,2,5,0,1,7,1,7,0,15,3,False
fage_no_url_s303,fage_no_url,k2_K01_K02,2,10,0,2,7,2,7,0,20,8,False
fage_no_url_s303,fage_no_url,k2_K01_K06,2,1,0,0,7,0,7,0,13,1,False
fage_no_url_s303,fage_no_url,k2_K01_K06,2,5,0,1,7,1,7,0,16,4,False
fage_no_url_s303,fage_no_url,k2_K01_K06,2,10,0,2,7,2,7,0,20,8,False
fage_no_url_s303,fage_no_url,k2_K02_K06,2,1,0,0,7,0,7,0,13,1,False
fage_no_url_s303,fage_no_url,k2_K02_K06,2,5,0,1,7,1,7,0,16,4,False
fage_no_url_s303,fage_no_url,k2_K02_K06,2,10,0,2,7,2,7,0,20,8,False
fage_no_url_s303,fage_no_url,k3_K04_K07_K08,3,1,0,0,6,0,6,0,13,1,False
fage_no_url_s303,fage_no_url,k3_K04_K07_K08,3,5,1,0,6,0,6,0,15,3,False
fage_no_url_s303,fage_no_url,k3_K04_K07_K08,3,10,1,1,6,1,6,0,20,8,False
fage_no_url_s303,fage_no_url,k3_K03_K05_K09,3,1,0,0,6,0,6,0,13,1,False
fage_no_url_s303,fage_no_url,k3_K03_K05_K09,3,5,0,1,6,1,6,0,16,4,False
fage_no_url_s303,fage_no_url,k3_K03_K05_K09,3,10,1,1,6,1,6,0,20,8,False
fage_no_url_s303,fage_no_url,k3_K01_K02_K06,3,1,0,0,6,0,6,0,13,1,False
fage_no_url_s303,fage_no_url,k3_K01_K02_K06,3,5,0,1,6,1,6,0,16,4,False
fage_no_url_s303,fage_no_url,k3_K01_K02_K06,3,10,0,2,6,2,6,0,20,8,False
fage_no_disagreement_s303,fage_no_disagreement,k2_K04_K07,2,1,0,0,7,0,7,0,14,2,False
fage_no_disagreement_s303,fage_no_disagreement,k2_K04_K07,2,5,0,0,7,0,7,0,20,8,False
fage_no_disagreement_s303,fage_no_disagreement,k2_K04_K07,2,10,1,4,7,4,7,0,23,11,False
fage_no_disagreement_s303,fage_no_disagreement,k2_K04_K08,2,1,0,0,7,0,7,0,14,2,False
fage_no_disagreement_s303,fage_no_disagreement,k2_K04_K08,2,5,0,1,7,1,7,0,20,8,False
fage_no_disagreement_s303,fage_no_disagreement,k2_K04_K08,2,10,1,5,7,5,7,0,24,12,False
fage_no_disagreement_s303,fage_no_disagreement,k2_K07_K08,2,1,0,0,7,0,7,0,14,2,False
fage_no_disagreement_s303,fage_no_disagreement,k2_K07_K08,2,5,0,0,7,0,7,0,20,8,False
fage_no_disagreement_s303,fage_no_disagreement,k2_K07_K08,2,10,2,3,7,3,7,0,23,11,False
fage_no_disagreement_s303,fage_no_disagreement,k2_K03_K05,2,1,0,0,7,0,7,0,14,2,False
fage_no_disagreement_s303,fage_no_disagreement,k2_K03_K05,2,5,0,1,7,1,7,0,20,8,False
fage_no_disagreement_s303,fage_no_disagreement,k2_K03_K05,2,10,1,5,7,5,7,0,25,13,False
fage_no_disagreement_s303,fage_no_disagreement,k2_K03_K09,2,1,0,0,7,0,7,0,14,2,False
fage_no_disagreement_s303,fage_no_disagreement,k2_K03_K09,2,5,0,1,7,1,7,0,21,9,False
fage_no_disagreement_s303,fage_no_disagreement,k2_K03_K09,2,10,1,5,7,5,7,0,25,13,False
fage_no_disagreement_s303,fage_no_disagreement,k2_K05_K09,2,1,0,0,7,0,7,0,14,2,False
fage_no_disagreement_s303,fage_no_disagreement,k2_K05_K09,2,5,0,0,7,0,7,0,20,8,False
fage_no_disagreement_s303,fage_no_disagreement,k2_K05_K09,2,10,1,4,7,4,7,0,23,11,False
fage_no_disagreement_s303,fage_no_disagreement,k2_K01_K02,2,1,0,0,7,0,7,0,14,2,False
fage_no_disagreement_s303,fage_no_disagreement,k2_K01_K02,2,5,0,0,7,0,7,0,20,8,False
fage_no_disagreement_s303,fage_no_disagreement,k2_K01_K02,2,10,2,3,7,3,7,0,23,11,False
fage_no_disagreement_s303,fage_no_disagreement,k2_K01_K06,2,1,0,0,7,0,7,0,14,2,False
fage_no_disagreement_s303,fage_no_disagreement,k2_K01_K06,2,5,0,1,7,1,7,0,21,9,False
fage_no_disagreement_s303,fage_no_disagreement,k2_K01_K06,2,10,1,5,7,5,7,0,25,13,False
fage_no_disagreement_s303,fage_no_disagreement,k2_K02_K06,2,1,0,0,7,0,7,0,14,2,False
fage_no_disagreement_s303,fage_no_disagreement,k2_K02_K06,2,5,0,1,7,1,7,0,21,9,False
fage_no_disagreement_s303,fage_no_disagreement,k2_K02_K06,2,10,1,5,7,5,7,0,25,13,False
fage_no_disagreement_s303,fage_no_disagreement,k3_K04_K07_K08,3,1,0,0,6,0,6,0,14,2,False
fage_no_disagreement_s303,fage_no_disagreement,k3_K04_K07_K08,3,5,0,0,6,0,6,0,20,8,False
fage_no_disagreement_s303,fage_no_disagreement,k3_K04_K07_K08,3,10,2,3,6,3,6,0,23,11,False
fage_no_disagreement_s303,fage_no_disagreement,k3_K03_K05_K09,3,1,0,0,6,0,6,0,14,2,False
fage_no_disagreement_s303,fage_no_disagreement,k3_K03_K05_K09,3,5,0,1,6,1,6,0,20,8,False
fage_no_disagreement_s303,fage_no_disagreement,k3_K03_K05_K09,3,10,2,4,6,4,6,0,24,12,False
fage_no_disagreement_s303,fage_no_disagreement,k3_K01_K02_K06,3,1,0,0,6,0,6,0,14,2,False
fage_no_disagreement_s303,fage_no_disagreement,k3_K01_K02_K06,3,5,0,1,6,1,6,0,20,8,False
fage_no_disagreement_s303,fage_no_disagreement,k3_K01_K02_K06,3,10,2,4,6,4,6,0,25,13,False
fage_no_url_free_weight_s303,fage_no_url_free_weight,k2_K04_K07,2,1,0,0,7,0,7,0,15,3,False
fage_no_url_free_weight_s303,fage_no_url_free_weight,k2_K04_K07,2,5,1,2,7,2,7,0,18,6,False
fage_no_url_free_weight_s303,fage_no_url_free_weight,k2_K04_K07,2,10,2,5,7,5,7,0,25,13,False
fage_no_url_free_weight_s303,fage_no_url_free_weight,k2_K04_K08,2,1,0,0,7,0,7,0,15,3,False
fage_no_url_free_weight_s303,fage_no_url_free_weight,k2_K04_K08,2,5,1,4,7,4,7,0,18,6,False
fage_no_url_free_weight_s303,fage_no_url_free_weight,k2_K04_K08,2,10,2,5,7,5,7,0,27,15,False
fage_no_url_free_weight_s303,fage_no_url_free_weight,k2_K07_K08,2,1,0,0,7,0,7,0,15,3,False
fage_no_url_free_weight_s303,fage_no_url_free_weight,k2_K07_K08,2,5,1,1,7,1,7,0,17,5,False
fage_no_url_free_weight_s303,fage_no_url_free_weight,k2_K07_K08,2,10,2,5,7,5,7,0,24,12,False
fage_no_url_free_weight_s303,fage_no_url_free_weight,k2_K03_K05,2,1,0,0,7,0,7,0,15,3,False
fage_no_url_free_weight_s303,fage_no_url_free_weight,k2_K03_K05,2,5,1,4,7,4,7,0,18,6,False
fage_no_url_free_weight_s303,fage_no_url_free_weight,k2_K03_K05,2,10,1,6,7,6,7,0,27,15,False
fage_no_url_free_weight_s303,fage_no_url_free_weight,k2_K03_K09,2,1,0,0,7,0,7,0,15,3,False
fage_no_url_free_weight_s303,fage_no_url_free_weight,k2_K03_K09,2,5,0,5,7,5,7,0,18,6,False
fage_no_url_free_weight_s303,fage_no_url_free_weight,k2_K03_K09,2,10,2,6,7,6,7,0,29,17,False
fage_no_url_free_weight_s303,fage_no_url_free_weight,k2_K05_K09,2,1,0,0,7,0,7,0,15,3,False
fage_no_url_free_weight_s303,fage_no_url_free_weight,k2_K05_K09,2,5,1,2,7,2,7,0,18,6,False
fage_no_url_free_weight_s303,fage_no_url_free_weight,k2_K05_K09,2,10,2,5,7,5,7,0,25,13,False
fage_no_url_free_weight_s303,fage_no_url_free_weight,k2_K01_K02,2,1,0,0,7,0,7,0,15,3,False
fage_no_url_free_weight_s303,fage_no_url_free_weight,k2_K01_K02,2,5,1,2,7,2,7,0,18,6,False
fage_no_url_free_weight_s303,fage_no_url_free_weight,k2_K01_K02,2,10,2,5,7,5,7,0,24,12,False
fage_no_url_free_weight_s303,fage_no_url_free_weight,k2_K01_K06,2,1,0,0,7,0,7,0,15,3,False
fage_no_url_free_weight_s303,fage_no_url_free_weight,k2_K01_K06,2,5,1,4,7,4,7,0,18,6,False
fage_no_url_free_weight_s303,fage_no_url_free_weight,k2_K01_K06,2,10,1,7,7,7,7,0,29,17,False
fage_no_url_free_weight_s303,fage_no_url_free_weight,k2_K02_K06,2,1,0,0,7,0,7,0,15,3,False
fage_no_url_free_weight_s303,fage_no_url_free_weight,k2_K02_K06,2,5,1,4,7,4,7,0,18,6,False
fage_no_url_free_weight_s303,fage_no_url_free_weight,k2_K02_K06,2,10,1,7,7,7,7,0,29,17,False
fage_no_url_free_weight_s303,fage_no_url_free_weight,k3_K04_K07_K08,3,1,0,0,6,0,6,0,15,3,False
fage_no_url_free_weight_s303,fage_no_url_free_weight,k3_K04_K07_K08,3,5,1,2,6,2,6,0,18,6,False
fage_no_url_free_weight_s303,fage_no_url_free_weight,k3_K04_K07_K08,3,10,3,4,6,4,6,0,25,13,False
fage_no_url_free_weight_s303,fage_no_url_free_weight,k3_K03_K05_K09,3,1,0,0,6,0,6,0,15,3,False
fage_no_url_free_weight_s303,fage_no_url_free_weight,k3_K03_K05_K09,3,5,1,4,6,4,6,0,18,6,False
fage_no_url_free_weight_s303,fage_no_url_free_weight,k3_K03_K05_K09,3,10,2,5,6,5,6,0,27,15,False
fage_no_url_free_weight_s303,fage_no_url_free_weight,k3_K01_K02_K06,3,1,0,0,6,0,6,0,15,3,False
fage_no_url_free_weight_s303,fage_no_url_free_weight,k3_K01_K02_K06,3,5,2,3,6,3,6,0,18,6,False
fage_no_url_free_weight_s303,fage_no_url_free_weight,k3_K01_K02_K06,3,10,2,5,6,5,6,0,27,15,False
equal_weight_s303,equal_weight,k2_K04_K07,2,1,2,7,7,7,7,0,28,14,False
equal_weight_s303,equal_weight,k2_K04_K07,2,5,2,7,7,7,7,0,76,62,False
equal_weight_s303,equal_weight,k2_K04_K07,2,10,2,7,7,7,7,0,101,87,False
equal_weight_s303,equal_weight,k2_K04_K08,2,1,2,6,6,6,7,0,28,14,False
equal_weight_s303,equal_weight,k2_K04_K08,2,5,2,6,6,6,7,0,77,63,False
equal_weight_s303,equal_weight,k2_K04_K08,2,10,2,6,6,6,7,0,110,96,False
equal_weight_s303,equal_weight,k2_K07_K08,2,1,2,7,7,7,7,0,28,14,False
equal_weight_s303,equal_weight,k2_K07_K08,2,5,2,7,7,7,7,0,73,59,False
equal_weight_s303,equal_weight,k2_K07_K08,2,10,2,7,7,7,7,0,98,84,False
equal_weight_s303,equal_weight,k2_K03_K05,2,1,2,6,6,6,7,0,28,14,False
equal_weight_s303,equal_weight,k2_K03_K05,2,5,2,6,6,6,7,0,77,63,False
equal_weight_s303,equal_weight,k2_K03_K05,2,10,2,6,6,6,7,0,112,98,False
equal_weight_s303,equal_weight,k2_K03_K09,2,1,2,6,6,6,7,0,28,14,False
equal_weight_s303,equal_weight,k2_K03_K09,2,5,2,6,6,6,7,0,83,69,False
equal_weight_s303,equal_weight,k2_K03_K09,2,10,2,6,6,6,7,0,115,101,False
equal_weight_s303,equal_weight,k2_K05_K09,2,1,2,6,6,6,7,0,28,14,False
equal_weight_s303,equal_weight,k2_K05_K09,2,5,2,6,6,6,7,0,75,61,False
equal_weight_s303,equal_weight,k2_K05_K09,2,10,2,6,6,6,7,0,106,92,False
equal_weight_s303,equal_weight,k2_K01_K02,2,1,2,6,6,6,7,0,28,14,False
equal_weight_s303,equal_weight,k2_K01_K02,2,5,2,6,6,6,7,0,77,63,False
equal_weight_s303,equal_weight,k2_K01_K02,2,10,2,6,6,6,7,0,102,88,False
equal_weight_s303,equal_weight,k2_K01_K06,2,1,2,6,6,6,7,0,28,14,False
equal_weight_s303,equal_weight,k2_K01_K06,2,5,2,6,6,6,7,0,82,68,False
equal_weight_s303,equal_weight,k2_K01_K06,2,10,2,6,6,6,7,0,112,98,False
equal_weight_s303,equal_weight,k2_K02_K06,2,1,2,6,6,6,7,0,28,14,False
equal_weight_s303,equal_weight,k2_K02_K06,2,5,2,6,6,6,7,0,80,66,False
equal_weight_s303,equal_weight,k2_K02_K06,2,10,2,6,6,6,7,0,112,98,False
equal_weight_s303,equal_weight,k3_K04_K07_K08,3,1,3,6,6,6,6,0,28,14,False
equal_weight_s303,equal_weight,k3_K04_K07_K08,3,5,3,6,6,6,6,0,76,62,False
equal_weight_s303,equal_weight,k3_K04_K07_K08,3,10,3,6,6,6,6,0,102,88,False
equal_weight_s303,equal_weight,k3_K03_K05_K09,3,1,3,5,5,5,6,0,28,14,False
equal_weight_s303,equal_weight,k3_K03_K05_K09,3,5,3,5,5,5,6,0,79,65,False
equal_weight_s303,equal_weight,k3_K03_K05_K09,3,10,3,5,5,5,6,0,112,98,False
equal_weight_s303,equal_weight,k3_K01_K02_K06,3,1,3,5,5,5,6,0,28,14,False
equal_weight_s303,equal_weight,k3_K01_K02_K06,3,5,3,5,5,5,6,0,80,66,False
equal_weight_s303,equal_weight,k3_K01_K02_K06,3,10,3,5,5,5,6,0,112,98,False
fixed_weight_s303,fixed_weight,k2_K04_K07,2,1,2,7,7,7,7,0,28,14,False
fixed_weight_s303,fixed_weight,k2_K04_K07,2,5,2,7,7,7,7,0,73,59,False
fixed_weight_s303,fixed_weight,k2_K04_K07,2,10,2,7,7,7,7,0,95,81,False
fixed_weight_s303,fixed_weight,k2_K04_K08,2,1,2,6,6,6,7,0,28,14,False
fixed_weight_s303,fixed_weight,k2_K04_K08,2,5,2,6,6,6,7,0,73,59,False
fixed_weight_s303,fixed_weight,k2_K04_K08,2,10,2,6,6,6,7,0,102,88,False
fixed_weight_s303,fixed_weight,k2_K07_K08,2,1,2,7,7,7,7,0,28,14,False
fixed_weight_s303,fixed_weight,k2_K07_K08,2,5,2,7,7,7,7,0,72,58,False
fixed_weight_s303,fixed_weight,k2_K07_K08,2,10,2,7,7,7,7,0,93,79,False
fixed_weight_s303,fixed_weight,k2_K03_K05,2,1,2,6,6,6,7,0,28,14,False
fixed_weight_s303,fixed_weight,k2_K03_K05,2,5,2,6,6,6,7,0,73,59,False
fixed_weight_s303,fixed_weight,k2_K03_K05,2,10,2,6,6,6,7,0,103,89,False
fixed_weight_s303,fixed_weight,k2_K03_K09,2,1,2,6,6,6,7,0,28,14,False
fixed_weight_s303,fixed_weight,k2_K03_K09,2,5,2,6,6,6,7,0,78,64,False
fixed_weight_s303,fixed_weight,k2_K03_K09,2,10,2,6,6,6,7,0,106,92,False
fixed_weight_s303,fixed_weight,k2_K05_K09,2,1,2,6,6,6,7,0,28,14,False
fixed_weight_s303,fixed_weight,k2_K05_K09,2,5,2,6,6,6,7,0,72,58,False
fixed_weight_s303,fixed_weight,k2_K05_K09,2,10,2,6,6,6,7,0,98,84,False
fixed_weight_s303,fixed_weight,k2_K01_K02,2,1,2,6,6,6,7,0,28,14,False
fixed_weight_s303,fixed_weight,k2_K01_K02,2,5,2,6,6,6,7,0,74,60,False
fixed_weight_s303,fixed_weight,k2_K01_K02,2,10,2,6,6,6,7,0,95,81,False
fixed_weight_s303,fixed_weight,k2_K01_K06,2,1,2,6,6,6,7,0,28,14,False
fixed_weight_s303,fixed_weight,k2_K01_K06,2,5,2,6,6,6,7,0,77,63,False
fixed_weight_s303,fixed_weight,k2_K01_K06,2,10,2,6,6,6,7,0,104,90,False
fixed_weight_s303,fixed_weight,k2_K02_K06,2,1,2,6,6,6,7,0,28,14,False
fixed_weight_s303,fixed_weight,k2_K02_K06,2,5,2,6,6,6,7,0,75,61,False
fixed_weight_s303,fixed_weight,k2_K02_K06,2,10,2,6,6,6,7,0,104,90,False
fixed_weight_s303,fixed_weight,k3_K04_K07_K08,3,1,3,6,6,6,6,0,28,14,False
fixed_weight_s303,fixed_weight,k3_K04_K07_K08,3,5,3,6,6,6,6,0,73,59,False
fixed_weight_s303,fixed_weight,k3_K04_K07_K08,3,10,3,6,6,6,6,0,95,81,False
fixed_weight_s303,fixed_weight,k3_K03_K05_K09,3,1,3,5,5,5,6,0,28,14,False
fixed_weight_s303,fixed_weight,k3_K03_K05_K09,3,5,3,5,5,5,6,0,75,61,False
fixed_weight_s303,fixed_weight,k3_K03_K05_K09,3,10,3,5,5,5,6,0,104,90,False
fixed_weight_s303,fixed_weight,k3_K01_K02_K06,3,1,3,5,5,5,6,0,28,14,False
fixed_weight_s303,fixed_weight,k3_K01_K02_K06,3,5,3,5,5,5,6,0,76,62,False
fixed_weight_s303,fixed_weight,k3_K01_K02_K06,3,10,3,5,5,5,6,0,104,90,False
word_expert_s404,word_expert,k2_K04_K07,2,1,2,0,1,0,7,0,18,1,False
word_expert_s404,word_expert,k2_K04_K07,2,5,2,1,1,1,7,0,25,8,False
word_expert_s404,word_expert,k2_K04_K07,2,10,2,1,1,1,7,0,29,12,False
word_expert_s404,word_expert,k2_K04_K08,2,1,2,0,1,0,7,0,18,1,False
word_expert_s404,word_expert,k2_K04_K08,2,5,2,1,1,1,7,0,27,10,False
word_expert_s404,word_expert,k2_K04_K08,2,10,2,1,1,1,7,0,32,15,False
word_expert_s404,word_expert,k2_K07_K08,2,1,2,0,1,0,7,0,18,1,False
word_expert_s404,word_expert,k2_K07_K08,2,5,2,1,1,1,7,0,24,7,False
word_expert_s404,word_expert,k2_K07_K08,2,10,2,1,1,1,7,0,29,12,False
word_expert_s404,word_expert,k2_K03_K05,2,1,2,0,1,0,7,0,19,2,False
word_expert_s404,word_expert,k2_K03_K05,2,5,2,1,1,1,7,0,27,10,False
word_expert_s404,word_expert,k2_K03_K05,2,10,2,1,1,1,7,0,34,17,False
word_expert_s404,word_expert,k2_K03_K09,2,1,2,0,1,0,7,0,19,2,False
word_expert_s404,word_expert,k2_K03_K09,2,5,2,1,1,1,7,0,27,10,False
word_expert_s404,word_expert,k2_K03_K09,2,10,2,1,1,1,7,0,36,19,False
word_expert_s404,word_expert,k2_K05_K09,2,1,2,0,1,0,7,0,18,1,False
word_expert_s404,word_expert,k2_K05_K09,2,5,2,1,1,1,7,0,25,8,False
word_expert_s404,word_expert,k2_K05_K09,2,10,2,1,1,1,7,0,32,15,False
word_expert_s404,word_expert,k2_K01_K02,2,1,2,0,1,0,7,0,18,1,False
word_expert_s404,word_expert,k2_K01_K02,2,5,2,1,1,1,7,0,25,8,False
word_expert_s404,word_expert,k2_K01_K02,2,10,2,1,1,1,7,0,31,14,False
word_expert_s404,word_expert,k2_K01_K06,2,1,1,0,0,0,7,0,19,2,False
word_expert_s404,word_expert,k2_K01_K06,2,5,2,0,0,0,7,0,27,10,False
word_expert_s404,word_expert,k2_K01_K06,2,10,2,0,0,0,7,0,36,19,False
word_expert_s404,word_expert,k2_K02_K06,2,1,1,0,0,0,7,0,20,3,False
word_expert_s404,word_expert,k2_K02_K06,2,5,2,0,0,0,7,0,29,12,False
word_expert_s404,word_expert,k2_K02_K06,2,10,2,0,0,0,7,0,37,20,False
word_expert_s404,word_expert,k3_K04_K07_K08,3,1,3,0,1,0,6,0,18,1,False
word_expert_s404,word_expert,k3_K04_K07_K08,3,5,3,1,1,1,6,0,25,8,False
word_expert_s404,word_expert,k3_K04_K07_K08,3,10,3,1,1,1,6,0,29,12,False
word_expert_s404,word_expert,k3_K03_K05_K09,3,1,3,0,1,0,6,0,19,2,False
word_expert_s404,word_expert,k3_K03_K05_K09,3,5,3,1,1,1,6,0,27,10,False
word_expert_s404,word_expert,k3_K03_K05_K09,3,10,3,1,1,1,6,0,34,17,False
word_expert_s404,word_expert,k3_K01_K02_K06,3,1,2,0,0,0,6,0,19,2,False
word_expert_s404,word_expert,k3_K01_K02_K06,3,5,3,0,0,0,6,0,27,10,False
word_expert_s404,word_expert,k3_K01_K02_K06,3,10,3,0,0,0,6,0,34,17,False
stacking_s404,stacking,k2_K04_K07,2,1,1,0,7,0,7,0,15,1,False
stacking_s404,stacking,k2_K04_K07,2,5,1,3,7,3,7,0,18,4,False
stacking_s404,stacking,k2_K04_K07,2,10,2,5,7,5,7,0,25,11,False
stacking_s404,stacking,k2_K04_K08,2,1,0,1,7,1,7,0,15,1,False
stacking_s404,stacking,k2_K04_K08,2,5,1,4,7,4,7,0,18,4,False
stacking_s404,stacking,k2_K04_K08,2,10,2,6,7,6,7,0,26,12,False
stacking_s404,stacking,k2_K07_K08,2,1,1,0,7,0,7,0,15,1,False
stacking_s404,stacking,k2_K07_K08,2,5,2,2,7,2,7,0,17,3,False
stacking_s404,stacking,k2_K07_K08,2,10,2,5,7,5,7,0,24,10,False
stacking_s404,stacking,k2_K03_K05,2,1,0,1,7,1,7,0,15,1,False
stacking_s404,stacking,k2_K03_K05,2,5,1,4,7,4,7,0,18,4,False
stacking_s404,stacking,k2_K03_K05,2,10,2,6,7,6,7,0,26,12,False
stacking_s404,stacking,k2_K03_K09,2,1,0,1,7,1,7,0,15,1,False
stacking_s404,stacking,k2_K03_K09,2,5,0,5,7,5,7,0,18,4,False
stacking_s404,stacking,k2_K03_K09,2,10,2,6,7,6,7,0,26,12,False
stacking_s404,stacking,k2_K05_K09,2,1,0,1,7,1,7,0,15,1,False
stacking_s404,stacking,k2_K05_K09,2,5,1,4,7,4,7,0,18,4,False
stacking_s404,stacking,k2_K05_K09,2,10,2,6,7,6,7,0,25,11,False
stacking_s404,stacking,k2_K01_K02,2,1,0,1,7,1,7,0,15,1,False
stacking_s404,stacking,k2_K01_K02,2,5,2,3,7,3,7,0,18,4,False
stacking_s404,stacking,k2_K01_K02,2,10,2,6,7,6,7,0,25,11,False
stacking_s404,stacking,k2_K01_K06,2,1,0,1,7,1,7,0,15,1,False
stacking_s404,stacking,k2_K01_K06,2,5,1,4,7,4,7,0,18,4,False
stacking_s404,stacking,k2_K01_K06,2,10,1,7,7,7,7,0,26,12,False
stacking_s404,stacking,k2_K02_K06,2,1,0,1,7,1,7,0,15,1,False
stacking_s404,stacking,k2_K02_K06,2,5,1,4,7,4,7,0,18,4,False
stacking_s404,stacking,k2_K02_K06,2,10,1,7,7,7,7,0,26,12,False
stacking_s404,stacking,k3_K04_K07_K08,3,1,1,0,6,0,6,0,15,1,False
stacking_s404,stacking,k3_K04_K07_K08,3,5,2,2,6,2,6,0,18,4,False
stacking_s404,stacking,k3_K04_K07_K08,3,10,3,4,6,4,6,0,25,11,False
stacking_s404,stacking,k3_K03_K05_K09,3,1,0,1,6,1,6,0,15,1,False
stacking_s404,stacking,k3_K03_K05_K09,3,5,1,4,6,4,6,0,18,4,False
stacking_s404,stacking,k3_K03_K05_K09,3,10,3,5,6,5,6,0,26,12,False
stacking_s404,stacking,k3_K01_K02_K06,3,1,0,1,6,1,6,0,15,1,False
stacking_s404,stacking,k3_K01_K02_K06,3,5,2,3,6,3,6,0,18,4,False
stacking_s404,stacking,k3_K01_K02_K06,3,10,2,6,6,6,6,0,26,12,False
fage_s404,fage,k2_K04_K07,2,1,2,1,2,1,7,0,23,2,False
fage_s404,fage,k2_K04_K07,2,5,2,2,2,2,7,0,34,13,False
fage_s404,fage,k2_K04_K07,2,10,2,2,2,2,7,0,47,26,False
fage_s404,fage,k2_K04_K08,2,1,2,1,2,1,7,0,23,2,False
fage_s404,fage,k2_K04_K08,2,5,2,2,2,2,7,0,36,15,False
fage_s404,fage,k2_K04_K08,2,10,2,2,2,2,7,0,49,28,False
fage_s404,fage,k2_K07_K08,2,1,2,1,2,1,7,0,23,2,False
fage_s404,fage,k2_K07_K08,2,5,2,2,2,2,7,0,32,11,False
fage_s404,fage,k2_K07_K08,2,10,2,2,2,2,7,0,42,21,False
fage_s404,fage,k2_K03_K05,2,1,2,0,1,0,7,0,23,2,False
fage_s404,fage,k2_K03_K05,2,5,2,1,1,1,7,0,36,15,False
fage_s404,fage,k2_K03_K05,2,10,2,1,1,1,7,0,51,30,False
fage_s404,fage,k2_K03_K09,2,1,2,0,1,0,7,0,23,2,False
fage_s404,fage,k2_K03_K09,2,5,2,1,1,1,7,0,37,16,False
fage_s404,fage,k2_K03_K09,2,10,2,1,1,1,7,0,54,33,False
fage_s404,fage,k2_K05_K09,2,1,2,1,2,1,7,0,23,2,False
fage_s404,fage,k2_K05_K09,2,5,2,2,2,2,7,0,34,13,False
fage_s404,fage,k2_K05_K09,2,10,2,2,2,2,7,0,48,27,False
fage_s404,fage,k2_K01_K02,2,1,2,1,2,1,7,0,23,2,False
fage_s404,fage,k2_K01_K02,2,5,2,2,2,2,7,0,34,13,False
fage_s404,fage,k2_K01_K02,2,10,2,2,2,2,7,0,47,26,False
fage_s404,fage,k2_K01_K06,2,1,1,1,1,1,7,0,23,2,False
fage_s404,fage,k2_K01_K06,2,5,2,1,1,1,7,0,37,16,False
fage_s404,fage,k2_K01_K06,2,10,2,1,1,1,7,0,55,34,False
fage_s404,fage,k2_K02_K06,2,1,1,1,1,1,7,0,23,2,False
fage_s404,fage,k2_K02_K06,2,5,2,1,1,1,7,0,37,16,False
fage_s404,fage,k2_K02_K06,2,10,2,1,1,1,7,0,54,33,False
fage_s404,fage,k3_K04_K07_K08,3,1,3,1,2,1,6,0,23,2,False
fage_s404,fage,k3_K04_K07_K08,3,5,3,2,2,2,6,0,34,13,False
fage_s404,fage,k3_K04_K07_K08,3,10,3,2,2,2,6,0,47,26,False
fage_s404,fage,k3_K03_K05_K09,3,1,3,0,1,0,6,0,23,2,False
fage_s404,fage,k3_K03_K05_K09,3,5,3,1,1,1,6,0,36,15,False
fage_s404,fage,k3_K03_K05_K09,3,10,3,1,1,1,6,0,51,30,False
fage_s404,fage,k3_K01_K02_K06,3,1,2,1,1,1,6,0,23,2,False
fage_s404,fage,k3_K01_K02_K06,3,5,3,1,1,1,6,0,37,16,False
fage_s404,fage,k3_K01_K02_K06,3,10,3,1,1,1,6,0,52,31,False
fage_no_has_url_s404,fage_no_has_url,k2_K04_K07,2,1,2,1,2,1,7,0,24,3,False
fage_no_has_url_s404,fage_no_has_url,k2_K04_K07,2,5,2,2,2,2,7,0,33,12,False
fage_no_has_url_s404,fage_no_has_url,k2_K04_K07,2,10,2,2,2,2,7,0,44,23,False
fage_no_has_url_s404,fage_no_has_url,k2_K04_K08,2,1,2,1,2,1,7,0,24,3,False
fage_no_has_url_s404,fage_no_has_url,k2_K04_K08,2,5,2,2,2,2,7,0,34,13,False
fage_no_has_url_s404,fage_no_has_url,k2_K04_K08,2,10,2,2,2,2,7,0,48,27,False
fage_no_has_url_s404,fage_no_has_url,k2_K07_K08,2,1,2,1,2,1,7,0,24,3,False
fage_no_has_url_s404,fage_no_has_url,k2_K07_K08,2,5,2,2,2,2,7,0,30,9,False
fage_no_has_url_s404,fage_no_has_url,k2_K07_K08,2,10,2,2,2,2,7,0,41,20,False
fage_no_has_url_s404,fage_no_has_url,k2_K03_K05,2,1,2,0,1,0,7,0,24,3,False
fage_no_has_url_s404,fage_no_has_url,k2_K03_K05,2,5,2,1,1,1,7,0,34,13,False
fage_no_has_url_s404,fage_no_has_url,k2_K03_K05,2,10,2,1,1,1,7,0,49,28,False
fage_no_has_url_s404,fage_no_has_url,k2_K03_K09,2,1,2,0,1,0,7,0,24,3,False
fage_no_has_url_s404,fage_no_has_url,k2_K03_K09,2,5,2,1,1,1,7,0,34,13,False
fage_no_has_url_s404,fage_no_has_url,k2_K03_K09,2,10,2,1,1,1,7,0,50,29,False
fage_no_has_url_s404,fage_no_has_url,k2_K05_K09,2,1,2,1,2,1,7,0,24,3,False
fage_no_has_url_s404,fage_no_has_url,k2_K05_K09,2,5,2,2,2,2,7,0,34,13,False
fage_no_has_url_s404,fage_no_has_url,k2_K05_K09,2,10,2,2,2,2,7,0,45,24,False
fage_no_has_url_s404,fage_no_has_url,k2_K01_K02,2,1,2,1,2,1,7,0,24,3,False
fage_no_has_url_s404,fage_no_has_url,k2_K01_K02,2,5,2,2,2,2,7,0,33,12,False
fage_no_has_url_s404,fage_no_has_url,k2_K01_K02,2,10,2,2,2,2,7,0,44,23,False
fage_no_has_url_s404,fage_no_has_url,k2_K01_K06,2,1,1,1,1,1,7,0,24,3,False
fage_no_has_url_s404,fage_no_has_url,k2_K01_K06,2,5,2,1,1,1,7,0,34,13,False
fage_no_has_url_s404,fage_no_has_url,k2_K01_K06,2,10,2,1,1,1,7,0,52,31,False
fage_no_has_url_s404,fage_no_has_url,k2_K02_K06,2,1,1,1,1,1,7,0,24,3,False
fage_no_has_url_s404,fage_no_has_url,k2_K02_K06,2,5,2,1,1,1,7,0,34,13,False
fage_no_has_url_s404,fage_no_has_url,k2_K02_K06,2,10,2,1,1,1,7,0,50,29,False
fage_no_has_url_s404,fage_no_has_url,k3_K04_K07_K08,3,1,3,1,2,1,6,0,24,3,False
fage_no_has_url_s404,fage_no_has_url,k3_K04_K07_K08,3,5,3,2,2,2,6,0,33,12,False
fage_no_has_url_s404,fage_no_has_url,k3_K04_K07_K08,3,10,3,2,2,2,6,0,44,23,False
fage_no_has_url_s404,fage_no_has_url,k3_K03_K05_K09,3,1,3,0,1,0,6,0,24,3,False
fage_no_has_url_s404,fage_no_has_url,k3_K03_K05_K09,3,5,3,1,1,1,6,0,34,13,False
fage_no_has_url_s404,fage_no_has_url,k3_K03_K05_K09,3,10,3,1,1,1,6,0,49,28,False
fage_no_has_url_s404,fage_no_has_url,k3_K01_K02_K06,3,1,2,1,1,1,6,0,24,3,False
fage_no_has_url_s404,fage_no_has_url,k3_K01_K02_K06,3,5,3,1,1,1,6,0,34,13,False
fage_no_has_url_s404,fage_no_has_url,k3_K01_K02_K06,3,10,3,1,1,1,6,0,49,28,False
fage_no_similarity_s404,fage_no_similarity,k2_K04_K07,2,1,2,0,2,0,7,0,25,1,False
fage_no_similarity_s404,fage_no_similarity,k2_K04_K07,2,5,2,2,2,2,7,0,46,22,False
fage_no_similarity_s404,fage_no_similarity,k2_K04_K07,2,10,2,2,2,2,7,0,68,44,False
fage_no_similarity_s404,fage_no_similarity,k2_K04_K08,2,1,2,0,2,0,7,0,25,1,False
fage_no_similarity_s404,fage_no_similarity,k2_K04_K08,2,5,2,2,2,2,7,0,46,22,False
fage_no_similarity_s404,fage_no_similarity,k2_K04_K08,2,10,2,2,2,2,7,0,77,53,False
fage_no_similarity_s404,fage_no_similarity,k2_K07_K08,2,1,2,0,2,0,7,0,25,1,False
fage_no_similarity_s404,fage_no_similarity,k2_K07_K08,2,5,2,2,2,2,7,0,45,21,False
fage_no_similarity_s404,fage_no_similarity,k2_K07_K08,2,10,2,2,2,2,7,0,62,38,False
fage_no_similarity_s404,fage_no_similarity,k2_K03_K05,2,1,1,0,1,0,7,0,25,1,False
fage_no_similarity_s404,fage_no_similarity,k2_K03_K05,2,5,2,1,1,1,7,0,49,25,False
fage_no_similarity_s404,fage_no_similarity,k2_K03_K05,2,10,2,1,1,1,7,0,81,57,False
fage_no_similarity_s404,fage_no_similarity,k2_K03_K09,2,1,1,0,1,0,7,0,25,1,False
fage_no_similarity_s404,fage_no_similarity,k2_K03_K09,2,5,2,1,1,1,7,0,49,25,False
fage_no_similarity_s404,fage_no_similarity,k2_K03_K09,2,10,2,1,1,1,7,0,85,61,False
fage_no_similarity_s404,fage_no_similarity,k2_K05_K09,2,1,2,0,2,0,7,0,25,1,False
fage_no_similarity_s404,fage_no_similarity,k2_K05_K09,2,5,2,2,2,2,7,0,46,22,False
fage_no_similarity_s404,fage_no_similarity,k2_K05_K09,2,10,2,2,2,2,7,0,70,46,False
fage_no_similarity_s404,fage_no_similarity,k2_K01_K02,2,1,2,0,2,0,7,0,25,1,False
fage_no_similarity_s404,fage_no_similarity,k2_K01_K02,2,5,2,2,2,2,7,0,46,22,False
fage_no_similarity_s404,fage_no_similarity,k2_K01_K02,2,10,2,2,2,2,7,0,70,46,False
fage_no_similarity_s404,fage_no_similarity,k2_K01_K06,2,1,1,0,1,0,7,0,25,1,False
fage_no_similarity_s404,fage_no_similarity,k2_K01_K06,2,5,2,1,1,1,7,0,49,25,False
fage_no_similarity_s404,fage_no_similarity,k2_K01_K06,2,10,2,1,1,1,7,0,86,62,False
fage_no_similarity_s404,fage_no_similarity,k2_K02_K06,2,1,1,0,1,0,7,0,25,1,False
fage_no_similarity_s404,fage_no_similarity,k2_K02_K06,2,5,2,1,1,1,7,0,49,25,False
fage_no_similarity_s404,fage_no_similarity,k2_K02_K06,2,10,2,1,1,1,7,0,86,62,False
fage_no_similarity_s404,fage_no_similarity,k3_K04_K07_K08,3,1,3,0,2,0,6,0,25,1,False
fage_no_similarity_s404,fage_no_similarity,k3_K04_K07_K08,3,5,3,2,2,2,6,0,46,22,False
fage_no_similarity_s404,fage_no_similarity,k3_K04_K07_K08,3,10,3,2,2,2,6,0,68,44,False
fage_no_similarity_s404,fage_no_similarity,k3_K03_K05_K09,3,1,2,0,1,0,6,0,25,1,False
fage_no_similarity_s404,fage_no_similarity,k3_K03_K05_K09,3,5,3,1,1,1,6,0,48,24,False
fage_no_similarity_s404,fage_no_similarity,k3_K03_K05_K09,3,10,3,1,1,1,6,0,81,57,False
fage_no_similarity_s404,fage_no_similarity,k3_K01_K02_K06,3,1,2,0,1,0,6,0,25,1,False
fage_no_similarity_s404,fage_no_similarity,k3_K01_K02_K06,3,5,3,1,1,1,6,0,49,25,False
fage_no_similarity_s404,fage_no_similarity,k3_K01_K02_K06,3,10,3,1,1,1,6,0,82,58,False
fage_no_lr_c_s404,fage_no_lr_c,k2_K04_K07,2,1,2,1,2,1,7,0,21,1,False
fage_no_lr_c_s404,fage_no_lr_c,k2_K04_K07,2,5,2,2,2,2,7,0,36,16,False
fage_no_lr_c_s404,fage_no_lr_c,k2_K04_K07,2,10,2,2,2,2,7,0,50,30,False
fage_no_lr_c_s404,fage_no_lr_c,k2_K04_K08,2,1,2,1,2,1,7,0,21,1,False
fage_no_lr_c_s404,fage_no_lr_c,k2_K04_K08,2,5,2,2,2,2,7,0,37,17,False
fage_no_lr_c_s404,fage_no_lr_c,k2_K04_K08,2,10,2,2,2,2,7,0,54,34,False
fage_no_lr_c_s404,fage_no_lr_c,k2_K07_K08,2,1,2,1,2,1,7,0,21,1,False
fage_no_lr_c_s404,fage_no_lr_c,k2_K07_K08,2,5,2,2,2,2,7,0,35,15,False
fage_no_lr_c_s404,fage_no_lr_c,k2_K07_K08,2,10,2,2,2,2,7,0,49,29,False
fage_no_lr_c_s404,fage_no_lr_c,k2_K03_K05,2,1,2,0,1,0,7,0,21,1,False
fage_no_lr_c_s404,fage_no_lr_c,k2_K03_K05,2,5,2,1,1,1,7,0,39,19,False
fage_no_lr_c_s404,fage_no_lr_c,k2_K03_K05,2,10,2,1,1,1,7,0,56,36,False
fage_no_lr_c_s404,fage_no_lr_c,k2_K03_K09,2,1,2,0,1,0,7,0,21,1,False
fage_no_lr_c_s404,fage_no_lr_c,k2_K03_K09,2,5,2,1,1,1,7,0,40,20,False
fage_no_lr_c_s404,fage_no_lr_c,k2_K03_K09,2,10,2,1,1,1,7,0,64,44,False
fage_no_lr_c_s404,fage_no_lr_c,k2_K05_K09,2,1,2,1,2,1,7,0,21,1,False
fage_no_lr_c_s404,fage_no_lr_c,k2_K05_K09,2,5,2,2,2,2,7,0,36,16,False
fage_no_lr_c_s404,fage_no_lr_c,k2_K05_K09,2,10,2,2,2,2,7,0,52,32,False
fage_no_lr_c_s404,fage_no_lr_c,k2_K01_K02,2,1,2,1,2,1,7,0,21,1,False
fage_no_lr_c_s404,fage_no_lr_c,k2_K01_K02,2,5,2,2,2,2,7,0,36,16,False
fage_no_lr_c_s404,fage_no_lr_c,k2_K01_K02,2,10,2,2,2,2,7,0,51,31,False
fage_no_lr_c_s404,fage_no_lr_c,k2_K01_K06,2,1,1,1,1,1,7,0,21,1,False
fage_no_lr_c_s404,fage_no_lr_c,k2_K01_K06,2,5,2,1,1,1,7,0,40,20,False
fage_no_lr_c_s404,fage_no_lr_c,k2_K01_K06,2,10,2,1,1,1,7,0,70,50,False
fage_no_lr_c_s404,fage_no_lr_c,k2_K02_K06,2,1,1,1,1,1,7,0,21,1,False
fage_no_lr_c_s404,fage_no_lr_c,k2_K02_K06,2,5,2,1,1,1,7,0,40,20,False
fage_no_lr_c_s404,fage_no_lr_c,k2_K02_K06,2,10,2,1,1,1,7,0,70,50,False
fage_no_lr_c_s404,fage_no_lr_c,k3_K04_K07_K08,3,1,3,1,2,1,6,0,21,1,False
fage_no_lr_c_s404,fage_no_lr_c,k3_K04_K07_K08,3,5,3,2,2,2,6,0,36,16,False
fage_no_lr_c_s404,fage_no_lr_c,k3_K04_K07_K08,3,10,3,2,2,2,6,0,50,30,False
fage_no_lr_c_s404,fage_no_lr_c,k3_K03_K05_K09,3,1,3,0,1,0,6,0,21,1,False
fage_no_lr_c_s404,fage_no_lr_c,k3_K03_K05_K09,3,5,3,1,1,1,6,0,39,19,False
fage_no_lr_c_s404,fage_no_lr_c,k3_K03_K05_K09,3,10,3,1,1,1,6,0,56,36,False
fage_no_lr_c_s404,fage_no_lr_c,k3_K01_K02_K06,3,1,2,1,1,1,6,0,21,1,False
fage_no_lr_c_s404,fage_no_lr_c,k3_K01_K02_K06,3,5,3,1,1,1,6,0,39,19,False
fage_no_lr_c_s404,fage_no_lr_c,k3_K01_K02_K06,3,10,3,1,1,1,6,0,61,41,False
fage_no_kcbert_s404,fage_no_kcbert,k2_K04_K07,2,1,2,0,1,0,7,0,22,2,False
fage_no_kcbert_s404,fage_no_kcbert,k2_K04_K07,2,5,2,1,1,1,7,0,24,4,False
fage_no_kcbert_s404,fage_no_kcbert,k2_K04_K07,2,10,2,1,1,1,7,0,28,8,False
fage_no_kcbert_s404,fage_no_kcbert,k2_K04_K08,2,1,2,0,1,0,7,0,22,2,False
fage_no_kcbert_s404,fage_no_kcbert,k2_K04_K08,2,5,2,1,1,1,7,0,27,7,False
fage_no_kcbert_s404,fage_no_kcbert,k2_K04_K08,2,10,2,1,1,1,7,0,30,10,False
fage_no_kcbert_s404,fage_no_kcbert,k2_K07_K08,2,1,2,0,1,0,7,0,22,2,False
fage_no_kcbert_s404,fage_no_kcbert,k2_K07_K08,2,5,2,1,1,1,7,0,23,3,False
fage_no_kcbert_s404,fage_no_kcbert,k2_K07_K08,2,10,2,1,1,1,7,0,27,7,False
fage_no_kcbert_s404,fage_no_kcbert,k2_K03_K05,2,1,2,0,1,0,7,0,22,2,False
fage_no_kcbert_s404,fage_no_kcbert,k2_K03_K05,2,5,2,1,1,1,7,0,27,7,False
fage_no_kcbert_s404,fage_no_kcbert,k2_K03_K05,2,10,2,1,1,1,7,0,31,11,False
fage_no_kcbert_s404,fage_no_kcbert,k2_K03_K09,2,1,2,0,1,0,7,0,22,2,False
fage_no_kcbert_s404,fage_no_kcbert,k2_K03_K09,2,5,2,1,1,1,7,0,28,8,False
fage_no_kcbert_s404,fage_no_kcbert,k2_K03_K09,2,10,2,1,1,1,7,0,32,12,False
fage_no_kcbert_s404,fage_no_kcbert,k2_K05_K09,2,1,2,0,1,0,7,0,22,2,False
fage_no_kcbert_s404,fage_no_kcbert,k2_K05_K09,2,5,2,1,1,1,7,0,25,5,False
fage_no_kcbert_s404,fage_no_kcbert,k2_K05_K09,2,10,2,1,1,1,7,0,28,8,False
fage_no_kcbert_s404,fage_no_kcbert,k2_K01_K02,2,1,2,0,1,0,7,0,22,2,False
fage_no_kcbert_s404,fage_no_kcbert,k2_K01_K02,2,5,2,1,1,1,7,0,24,4,False
fage_no_kcbert_s404,fage_no_kcbert,k2_K01_K02,2,10,2,1,1,1,7,0,28,8,False
fage_no_kcbert_s404,fage_no_kcbert,k2_K01_K06,2,1,2,0,0,0,7,0,22,2,False
fage_no_kcbert_s404,fage_no_kcbert,k2_K01_K06,2,5,2,0,0,0,7,0,28,8,False
fage_no_kcbert_s404,fage_no_kcbert,k2_K01_K06,2,10,2,0,0,0,7,0,33,13,False
fage_no_kcbert_s404,fage_no_kcbert,k2_K02_K06,2,1,1,0,0,0,7,0,22,2,False
fage_no_kcbert_s404,fage_no_kcbert,k2_K02_K06,2,5,2,0,0,0,7,0,28,8,False
fage_no_kcbert_s404,fage_no_kcbert,k2_K02_K06,2,10,2,0,0,0,7,0,33,13,False
fage_no_kcbert_s404,fage_no_kcbert,k3_K04_K07_K08,3,1,3,0,1,0,6,0,22,2,False
fage_no_kcbert_s404,fage_no_kcbert,k3_K04_K07_K08,3,5,3,1,1,1,6,0,24,4,False
fage_no_kcbert_s404,fage_no_kcbert,k3_K04_K07_K08,3,10,3,1,1,1,6,0,28,8,False
fage_no_kcbert_s404,fage_no_kcbert,k3_K03_K05_K09,3,1,3,0,1,0,6,0,22,2,False
fage_no_kcbert_s404,fage_no_kcbert,k3_K03_K05_K09,3,5,3,1,1,1,6,0,27,7,False
fage_no_kcbert_s404,fage_no_kcbert,k3_K03_K05_K09,3,10,3,1,1,1,6,0,31,11,False
fage_no_kcbert_s404,fage_no_kcbert,k3_K01_K02_K06,3,1,2,0,0,0,6,0,22,2,False
fage_no_kcbert_s404,fage_no_kcbert,k3_K01_K02_K06,3,5,3,0,0,0,6,0,27,7,False
fage_no_kcbert_s404,fage_no_kcbert,k3_K01_K02_K06,3,10,3,0,0,0,6,0,32,12,False
fage_no_url_s404,fage_no_url,k2_K04_K07,2,1,2,0,2,0,7,0,22,1,False
fage_no_url_s404,fage_no_url,k2_K04_K07,2,5,2,2,2,2,7,0,26,5,False
fage_no_url_s404,fage_no_url,k2_K04_K07,2,10,2,2,2,2,7,0,32,11,False
fage_no_url_s404,fage_no_url,k2_K04_K08,2,1,2,0,2,0,7,0,23,2,False
fage_no_url_s404,fage_no_url,k2_K04_K08,2,5,2,2,2,2,7,0,27,6,False
fage_no_url_s404,fage_no_url,k2_K04_K08,2,10,2,2,2,2,7,0,38,17,False
fage_no_url_s404,fage_no_url,k2_K07_K08,2,1,2,0,2,0,7,0,22,1,False
fage_no_url_s404,fage_no_url,k2_K07_K08,2,5,2,2,2,2,7,0,26,5,False
fage_no_url_s404,fage_no_url,k2_K07_K08,2,10,2,2,2,2,7,0,29,8,False
fage_no_url_s404,fage_no_url,k2_K03_K05,2,1,1,0,1,0,7,0,23,2,False
fage_no_url_s404,fage_no_url,k2_K03_K05,2,5,2,1,1,1,7,0,27,6,False
fage_no_url_s404,fage_no_url,k2_K03_K05,2,10,2,1,1,1,7,0,38,17,False
fage_no_url_s404,fage_no_url,k2_K03_K09,2,1,1,0,1,0,7,0,23,2,False
fage_no_url_s404,fage_no_url,k2_K03_K09,2,5,2,1,1,1,7,0,28,7,False
fage_no_url_s404,fage_no_url,k2_K03_K09,2,10,2,1,1,1,7,0,38,17,False
fage_no_url_s404,fage_no_url,k2_K05_K09,2,1,2,0,2,0,7,0,22,1,False
fage_no_url_s404,fage_no_url,k2_K05_K09,2,5,2,2,2,2,7,0,26,5,False
fage_no_url_s404,fage_no_url,k2_K05_K09,2,10,2,2,2,2,7,0,34,13,False
fage_no_url_s404,fage_no_url,k2_K01_K02,2,1,2,0,2,0,7,0,22,1,False
fage_no_url_s404,fage_no_url,k2_K01_K02,2,5,2,2,2,2,7,0,26,5,False
fage_no_url_s404,fage_no_url,k2_K01_K02,2,10,2,2,2,2,7,0,32,11,False
fage_no_url_s404,fage_no_url,k2_K01_K06,2,1,1,0,1,0,7,0,23,2,False
fage_no_url_s404,fage_no_url,k2_K01_K06,2,5,2,1,1,1,7,0,28,7,False
fage_no_url_s404,fage_no_url,k2_K01_K06,2,10,2,1,1,1,7,0,38,17,False
fage_no_url_s404,fage_no_url,k2_K02_K06,2,1,1,0,1,0,7,0,23,2,False
fage_no_url_s404,fage_no_url,k2_K02_K06,2,5,2,1,1,1,7,0,28,7,False
fage_no_url_s404,fage_no_url,k2_K02_K06,2,10,2,1,1,1,7,0,38,17,False
fage_no_url_s404,fage_no_url,k3_K04_K07_K08,3,1,3,0,2,0,6,0,22,1,False
fage_no_url_s404,fage_no_url,k3_K04_K07_K08,3,5,3,2,2,2,6,0,26,5,False
fage_no_url_s404,fage_no_url,k3_K04_K07_K08,3,10,3,2,2,2,6,0,32,11,False
fage_no_url_s404,fage_no_url,k3_K03_K05_K09,3,1,2,0,1,0,6,0,23,2,False
fage_no_url_s404,fage_no_url,k3_K03_K05_K09,3,5,3,1,1,1,6,0,27,6,False
fage_no_url_s404,fage_no_url,k3_K03_K05_K09,3,10,3,1,1,1,6,0,38,17,False
fage_no_url_s404,fage_no_url,k3_K01_K02_K06,3,1,2,0,1,0,6,0,23,2,False
fage_no_url_s404,fage_no_url,k3_K01_K02_K06,3,5,3,1,1,1,6,0,28,7,False
fage_no_url_s404,fage_no_url,k3_K01_K02_K06,3,10,3,1,1,1,6,0,38,17,False
fage_no_disagreement_s404,fage_no_disagreement,k2_K04_K07,2,1,2,1,2,1,7,0,23,2,False
fage_no_disagreement_s404,fage_no_disagreement,k2_K04_K07,2,5,2,2,2,2,7,0,30,9,False
fage_no_disagreement_s404,fage_no_disagreement,k2_K04_K07,2,10,2,2,2,2,7,0,42,21,False
fage_no_disagreement_s404,fage_no_disagreement,k2_K04_K08,2,1,2,1,2,1,7,0,23,2,False
fage_no_disagreement_s404,fage_no_disagreement,k2_K04_K08,2,5,2,2,2,2,7,0,34,13,False
fage_no_disagreement_s404,fage_no_disagreement,k2_K04_K08,2,10,2,2,2,2,7,0,46,25,False
fage_no_disagreement_s404,fage_no_disagreement,k2_K07_K08,2,1,2,1,2,1,7,0,23,2,False
fage_no_disagreement_s404,fage_no_disagreement,k2_K07_K08,2,5,2,2,2,2,7,0,29,8,False
fage_no_disagreement_s404,fage_no_disagreement,k2_K07_K08,2,10,2,2,2,2,7,0,38,17,False
fage_no_disagreement_s404,fage_no_disagreement,k2_K03_K05,2,1,2,0,1,0,7,0,23,2,False
fage_no_disagreement_s404,fage_no_disagreement,k2_K03_K05,2,5,2,1,1,1,7,0,34,13,False
fage_no_disagreement_s404,fage_no_disagreement,k2_K03_K05,2,10,2,1,1,1,7,0,48,27,False
fage_no_disagreement_s404,fage_no_disagreement,k2_K03_K09,2,1,2,0,1,0,7,0,23,2,False
fage_no_disagreement_s404,fage_no_disagreement,k2_K03_K09,2,5,2,1,1,1,7,0,34,13,False
fage_no_disagreement_s404,fage_no_disagreement,k2_K03_K09,2,10,2,1,1,1,7,0,50,29,False
fage_no_disagreement_s404,fage_no_disagreement,k2_K05_K09,2,1,2,1,2,1,7,0,23,2,False
fage_no_disagreement_s404,fage_no_disagreement,k2_K05_K09,2,5,2,2,2,2,7,0,33,12,False
fage_no_disagreement_s404,fage_no_disagreement,k2_K05_K09,2,10,2,2,2,2,7,0,42,21,False
fage_no_disagreement_s404,fage_no_disagreement,k2_K01_K02,2,1,2,1,2,1,7,0,23,2,False
fage_no_disagreement_s404,fage_no_disagreement,k2_K01_K02,2,5,2,2,2,2,7,0,31,10,False
fage_no_disagreement_s404,fage_no_disagreement,k2_K01_K02,2,10,2,2,2,2,7,0,42,21,False
fage_no_disagreement_s404,fage_no_disagreement,k2_K01_K06,2,1,1,1,1,1,7,0,23,2,False
fage_no_disagreement_s404,fage_no_disagreement,k2_K01_K06,2,5,2,1,1,1,7,0,34,13,False
fage_no_disagreement_s404,fage_no_disagreement,k2_K01_K06,2,10,2,1,1,1,7,0,50,29,False
fage_no_disagreement_s404,fage_no_disagreement,k2_K02_K06,2,1,1,1,1,1,7,0,23,2,False
fage_no_disagreement_s404,fage_no_disagreement,k2_K02_K06,2,5,2,1,1,1,7,0,34,13,False
fage_no_disagreement_s404,fage_no_disagreement,k2_K02_K06,2,10,2,1,1,1,7,0,50,29,False
fage_no_disagreement_s404,fage_no_disagreement,k3_K04_K07_K08,3,1,3,1,2,1,6,0,23,2,False
fage_no_disagreement_s404,fage_no_disagreement,k3_K04_K07_K08,3,5,3,2,2,2,6,0,31,10,False
fage_no_disagreement_s404,fage_no_disagreement,k3_K04_K07_K08,3,10,3,2,2,2,6,0,42,21,False
fage_no_disagreement_s404,fage_no_disagreement,k3_K03_K05_K09,3,1,3,0,1,0,6,0,23,2,False
fage_no_disagreement_s404,fage_no_disagreement,k3_K03_K05_K09,3,5,3,1,1,1,6,0,34,13,False
fage_no_disagreement_s404,fage_no_disagreement,k3_K03_K05_K09,3,10,3,1,1,1,6,0,48,27,False
fage_no_disagreement_s404,fage_no_disagreement,k3_K01_K02_K06,3,1,2,1,1,1,6,0,23,2,False
fage_no_disagreement_s404,fage_no_disagreement,k3_K01_K02_K06,3,5,3,1,1,1,6,0,34,13,False
fage_no_disagreement_s404,fage_no_disagreement,k3_K01_K02_K06,3,10,3,1,1,1,6,0,48,27,False
fage_no_url_free_weight_s404,fage_no_url_free_weight,k2_K04_K07,2,1,1,0,7,0,7,0,15,1,False
fage_no_url_free_weight_s404,fage_no_url_free_weight,k2_K04_K07,2,5,2,5,7,5,7,0,20,6,False
fage_no_url_free_weight_s404,fage_no_url_free_weight,k2_K04_K07,2,10,2,7,7,7,7,0,24,10,False
fage_no_url_free_weight_s404,fage_no_url_free_weight,k2_K04_K08,2,1,0,0,6,0,7,0,15,1,False
fage_no_url_free_weight_s404,fage_no_url_free_weight,k2_K04_K08,2,5,2,4,6,4,7,0,20,6,False
fage_no_url_free_weight_s404,fage_no_url_free_weight,k2_K04_K08,2,10,2,6,6,6,7,0,26,12,False
fage_no_url_free_weight_s404,fage_no_url_free_weight,k2_K07_K08,2,1,1,0,7,0,7,0,15,1,False
fage_no_url_free_weight_s404,fage_no_url_free_weight,k2_K07_K08,2,5,2,5,7,5,7,0,20,6,False
fage_no_url_free_weight_s404,fage_no_url_free_weight,k2_K07_K08,2,10,2,6,7,6,7,0,23,9,False
fage_no_url_free_weight_s404,fage_no_url_free_weight,k2_K03_K05,2,1,0,0,6,0,7,0,15,1,False
fage_no_url_free_weight_s404,fage_no_url_free_weight,k2_K03_K05,2,5,1,5,6,5,7,0,20,6,False
fage_no_url_free_weight_s404,fage_no_url_free_weight,k2_K03_K05,2,10,2,6,6,6,7,0,27,13,False
fage_no_url_free_weight_s404,fage_no_url_free_weight,k2_K03_K09,2,1,0,0,6,0,7,0,15,1,False
fage_no_url_free_weight_s404,fage_no_url_free_weight,k2_K03_K09,2,5,1,5,6,5,7,0,21,7,False
fage_no_url_free_weight_s404,fage_no_url_free_weight,k2_K03_K09,2,10,2,6,6,6,7,0,29,15,False
fage_no_url_free_weight_s404,fage_no_url_free_weight,k2_K05_K09,2,1,0,0,6,0,7,0,15,1,False
fage_no_url_free_weight_s404,fage_no_url_free_weight,k2_K05_K09,2,5,2,4,6,4,7,0,20,6,False
fage_no_url_free_weight_s404,fage_no_url_free_weight,k2_K05_K09,2,10,2,6,6,6,7,0,25,11,False
fage_no_url_free_weight_s404,fage_no_url_free_weight,k2_K01_K02,2,1,0,0,6,0,7,0,15,1,False
fage_no_url_free_weight_s404,fage_no_url_free_weight,k2_K01_K02,2,5,2,4,6,4,7,0,20,6,False
fage_no_url_free_weight_s404,fage_no_url_free_weight,k2_K01_K02,2,10,2,6,6,6,7,0,25,11,False
fage_no_url_free_weight_s404,fage_no_url_free_weight,k2_K01_K06,2,1,0,0,6,0,7,0,15,1,False
fage_no_url_free_weight_s404,fage_no_url_free_weight,k2_K01_K06,2,5,1,5,6,5,7,0,21,7,False
fage_no_url_free_weight_s404,fage_no_url_free_weight,k2_K01_K06,2,10,2,6,6,6,7,0,30,16,False
fage_no_url_free_weight_s404,fage_no_url_free_weight,k2_K02_K06,2,1,0,0,6,0,7,0,15,1,False
fage_no_url_free_weight_s404,fage_no_url_free_weight,k2_K02_K06,2,5,1,5,6,5,7,0,21,7,False
fage_no_url_free_weight_s404,fage_no_url_free_weight,k2_K02_K06,2,10,2,6,6,6,7,0,30,16,False
fage_no_url_free_weight_s404,fage_no_url_free_weight,k3_K04_K07_K08,3,1,1,0,6,0,6,0,15,1,False
fage_no_url_free_weight_s404,fage_no_url_free_weight,k3_K04_K07_K08,3,5,3,4,6,4,6,0,20,6,False
fage_no_url_free_weight_s404,fage_no_url_free_weight,k3_K04_K07_K08,3,10,3,6,6,6,6,0,24,10,False
fage_no_url_free_weight_s404,fage_no_url_free_weight,k3_K03_K05_K09,3,1,0,0,5,0,6,0,15,1,False
fage_no_url_free_weight_s404,fage_no_url_free_weight,k3_K03_K05_K09,3,5,2,4,5,4,6,0,20,6,False
fage_no_url_free_weight_s404,fage_no_url_free_weight,k3_K03_K05_K09,3,10,3,5,5,5,6,0,27,13,False
fage_no_url_free_weight_s404,fage_no_url_free_weight,k3_K01_K02_K06,3,1,0,0,5,0,6,0,15,1,False
fage_no_url_free_weight_s404,fage_no_url_free_weight,k3_K01_K02_K06,3,5,2,4,5,4,6,0,20,6,False
fage_no_url_free_weight_s404,fage_no_url_free_weight,k3_K01_K02_K06,3,10,3,5,5,5,6,0,27,13,False
equal_weight_s404,equal_weight,k2_K04_K07,2,1,2,0,0,0,7,0,59,33,False
equal_weight_s404,equal_weight,k2_K04_K07,2,5,2,0,0,0,7,0,193,167,False
equal_weight_s404,equal_weight,k2_K04_K07,2,10,2,0,0,0,7,0,210,184,False
equal_weight_s404,equal_weight,k2_K04_K08,2,1,2,0,0,0,7,0,61,35,False
equal_weight_s404,equal_weight,k2_K04_K08,2,5,2,0,0,0,7,0,195,169,False
equal_weight_s404,equal_weight,k2_K04_K08,2,10,2,0,0,0,7,0,210,184,False
equal_weight_s404,equal_weight,k2_K07_K08,2,1,2,0,0,0,7,0,60,34,False
equal_weight_s404,equal_weight,k2_K07_K08,2,5,2,0,0,0,7,0,192,166,False
equal_weight_s404,equal_weight,k2_K07_K08,2,10,2,0,0,0,7,0,208,182,False
equal_weight_s404,equal_weight,k2_K03_K05,2,1,2,0,0,0,7,0,59,33,False
equal_weight_s404,equal_weight,k2_K03_K05,2,5,2,0,0,0,7,0,195,169,False
equal_weight_s404,equal_weight,k2_K03_K05,2,10,2,0,0,0,7,0,210,184,False
equal_weight_s404,equal_weight,k2_K03_K09,2,1,2,0,0,0,7,0,59,33,False
equal_weight_s404,equal_weight,k2_K03_K09,2,5,2,0,0,0,7,0,197,171,False
equal_weight_s404,equal_weight,k2_K03_K09,2,10,2,0,0,0,7,0,212,186,False
equal_weight_s404,equal_weight,k2_K05_K09,2,1,2,0,0,0,7,0,59,33,False
equal_weight_s404,equal_weight,k2_K05_K09,2,5,2,0,0,0,7,0,195,169,False
equal_weight_s404,equal_weight,k2_K05_K09,2,10,2,0,0,0,7,0,210,184,False
equal_weight_s404,equal_weight,k2_K01_K02,2,1,2,0,0,0,7,0,59,33,False
equal_weight_s404,equal_weight,k2_K01_K02,2,5,2,0,0,0,7,0,196,170,False
equal_weight_s404,equal_weight,k2_K01_K02,2,10,2,0,0,0,7,0,210,184,False
equal_weight_s404,equal_weight,k2_K01_K06,2,1,2,0,0,0,7,0,59,33,False
equal_weight_s404,equal_weight,k2_K01_K06,2,5,2,0,0,0,7,0,198,172,False
equal_weight_s404,equal_weight,k2_K01_K06,2,10,2,0,0,0,7,0,212,186,False
equal_weight_s404,equal_weight,k2_K02_K06,2,1,2,0,0,0,7,0,59,33,False
equal_weight_s404,equal_weight,k2_K02_K06,2,5,2,0,0,0,7,0,198,172,False
equal_weight_s404,equal_weight,k2_K02_K06,2,10,2,0,0,0,7,0,213,187,False
equal_weight_s404,equal_weight,k3_K04_K07_K08,3,1,3,0,0,0,6,0,61,35,False
equal_weight_s404,equal_weight,k3_K04_K07_K08,3,5,3,0,0,0,6,0,193,167,False
equal_weight_s404,equal_weight,k3_K04_K07_K08,3,10,3,0,0,0,6,0,210,184,False
equal_weight_s404,equal_weight,k3_K03_K05_K09,3,1,3,0,0,0,6,0,60,34,False
equal_weight_s404,equal_weight,k3_K03_K05_K09,3,5,3,0,0,0,6,0,198,172,False
equal_weight_s404,equal_weight,k3_K03_K05_K09,3,10,3,0,0,0,6,0,210,184,False
equal_weight_s404,equal_weight,k3_K01_K02_K06,3,1,3,0,0,0,6,0,59,33,False
equal_weight_s404,equal_weight,k3_K01_K02_K06,3,5,3,0,0,0,6,0,198,172,False
equal_weight_s404,equal_weight,k3_K01_K02_K06,3,10,3,0,0,0,6,0,211,185,False
fixed_weight_s404,fixed_weight,k2_K04_K07,2,1,2,0,0,0,7,0,55,28,False
fixed_weight_s404,fixed_weight,k2_K04_K07,2,5,2,0,0,0,7,0,173,146,False
fixed_weight_s404,fixed_weight,k2_K04_K07,2,10,2,0,0,0,7,0,179,152,False
fixed_weight_s404,fixed_weight,k2_K04_K08,2,1,2,0,0,0,7,0,58,31,False
fixed_weight_s404,fixed_weight,k2_K04_K08,2,5,2,0,0,0,7,0,173,146,False
fixed_weight_s404,fixed_weight,k2_K04_K08,2,10,2,0,0,0,7,0,180,153,False
fixed_weight_s404,fixed_weight,k2_K07_K08,2,1,2,0,0,0,7,0,56,29,False
fixed_weight_s404,fixed_weight,k2_K07_K08,2,5,2,0,0,0,7,0,173,146,False
fixed_weight_s404,fixed_weight,k2_K07_K08,2,10,2,0,0,0,7,0,177,150,False
fixed_weight_s404,fixed_weight,k2_K03_K05,2,1,2,0,0,0,7,0,55,28,False
fixed_weight_s404,fixed_weight,k2_K03_K05,2,5,2,0,0,0,7,0,173,146,False
fixed_weight_s404,fixed_weight,k2_K03_K05,2,10,2,0,0,0,7,0,180,153,False
fixed_weight_s404,fixed_weight,k2_K03_K09,2,1,2,0,0,0,7,0,55,28,False
fixed_weight_s404,fixed_weight,k2_K03_K09,2,5,2,0,0,0,7,0,174,147,False
fixed_weight_s404,fixed_weight,k2_K03_K09,2,10,2,0,0,0,7,0,181,154,False
fixed_weight_s404,fixed_weight,k2_K05_K09,2,1,2,0,0,0,7,0,55,28,False
fixed_weight_s404,fixed_weight,k2_K05_K09,2,5,2,0,0,0,7,0,173,146,False
fixed_weight_s404,fixed_weight,k2_K05_K09,2,10,2,0,0,0,7,0,180,153,False
fixed_weight_s404,fixed_weight,k2_K01_K02,2,1,2,0,0,0,7,0,55,28,False
fixed_weight_s404,fixed_weight,k2_K01_K02,2,5,2,0,0,0,7,0,174,147,False
fixed_weight_s404,fixed_weight,k2_K01_K02,2,10,2,0,0,0,7,0,180,153,False
fixed_weight_s404,fixed_weight,k2_K01_K06,2,1,2,0,0,0,7,0,55,28,False
fixed_weight_s404,fixed_weight,k2_K01_K06,2,5,2,0,0,0,7,0,175,148,False
fixed_weight_s404,fixed_weight,k2_K01_K06,2,10,2,0,0,0,7,0,181,154,False
fixed_weight_s404,fixed_weight,k2_K02_K06,2,1,2,0,0,0,7,0,55,28,False
fixed_weight_s404,fixed_weight,k2_K02_K06,2,5,2,0,0,0,7,0,175,148,False
fixed_weight_s404,fixed_weight,k2_K02_K06,2,10,2,0,0,0,7,0,181,154,False
fixed_weight_s404,fixed_weight,k3_K04_K07_K08,3,1,3,0,0,0,6,0,57,30,False
fixed_weight_s404,fixed_weight,k3_K04_K07_K08,3,5,3,0,0,0,6,0,173,146,False
fixed_weight_s404,fixed_weight,k3_K04_K07_K08,3,10,3,0,0,0,6,0,180,153,False
fixed_weight_s404,fixed_weight,k3_K03_K05_K09,3,1,3,0,0,0,6,0,57,30,False
fixed_weight_s404,fixed_weight,k3_K03_K05_K09,3,5,3,0,0,0,6,0,174,147,False
fixed_weight_s404,fixed_weight,k3_K03_K05_K09,3,10,3,0,0,0,6,0,180,153,False
fixed_weight_s404,fixed_weight,k3_K01_K02_K06,3,1,3,0,0,0,6,0,56,29,False
fixed_weight_s404,fixed_weight,k3_K01_K02_K06,3,5,3,0,0,0,6,0,174,147,False
fixed_weight_s404,fixed_weight,k3_K01_K02_K06,3,10,3,0,0,0,6,0,180,153,False
text_url_meta,text_url_meta,k2_K04_K07,2,1,1,0,3,0,7,0,11,0,False
text_url_meta,text_url_meta,k2_K04_K07,2,5,1,0,3,0,7,0,13,2,False
text_url_meta,text_url_meta,k2_K04_K07,2,10,1,1,3,1,7,0,14,3,False
text_url_meta,text_url_meta,k2_K04_K08,2,1,1,0,3,0,7,0,11,0,False
text_url_meta,text_url_meta,k2_K04_K08,2,5,1,0,3,0,7,0,13,2,False
text_url_meta,text_url_meta,k2_K04_K08,2,10,1,1,3,1,7,0,14,3,False
text_url_meta,text_url_meta,k2_K07_K08,2,1,2,0,4,0,7,0,11,0,False
text_url_meta,text_url_meta,k2_K07_K08,2,5,2,0,4,0,7,0,13,2,False
text_url_meta,text_url_meta,k2_K07_K08,2,10,2,0,4,0,7,0,13,2,False
text_url_meta,text_url_meta,k2_K03_K05,2,1,1,0,3,0,7,0,11,0,False
text_url_meta,text_url_meta,k2_K03_K05,2,5,1,0,3,0,7,0,13,2,False
text_url_meta,text_url_meta,k2_K03_K05,2,10,1,1,3,1,7,0,14,3,False
text_url_meta,text_url_meta,k2_K03_K09,2,1,0,0,2,0,7,0,12,1,False
text_url_meta,text_url_meta,k2_K03_K09,2,5,0,0,2,0,7,0,14,3,False
text_url_meta,text_url_meta,k2_K03_K09,2,10,1,1,2,1,7,0,14,3,False
text_url_meta,text_url_meta,k2_K05_K09,2,1,1,0,3,0,7,0,11,0,False
text_url_meta,text_url_meta,k2_K05_K09,2,5,1,0,3,0,7,0,13,2,False
text_url_meta,text_url_meta,k2_K05_K09,2,10,2,0,3,0,7,0,14,3,False
text_url_meta,text_url_meta,k2_K01_K02,2,1,2,0,4,0,7,0,11,0,False
text_url_meta,text_url_meta,k2_K01_K02,2,5,2,0,4,0,7,0,13,2,False
text_url_meta,text_url_meta,k2_K01_K02,2,10,2,0,4,0,7,0,13,2,False
text_url_meta,text_url_meta,k2_K01_K06,2,1,1,0,3,0,7,0,12,1,False
text_url_meta,text_url_meta,k2_K01_K06,2,5,1,0,3,0,7,0,13,2,False
text_url_meta,text_url_meta,k2_K01_K06,2,10,1,2,3,2,7,0,14,3,False
text_url_meta,text_url_meta,k2_K02_K06,2,1,1,0,3,0,7,0,12,1,False
text_url_meta,text_url_meta,k2_K02_K06,2,5,1,0,3,0,7,0,13,2,False
text_url_meta,text_url_meta,k2_K02_K06,2,10,1,2,3,2,7,0,14,3,False
text_url_meta,text_url_meta,k3_K04_K07_K08,3,1,2,0,3,0,6,0,11,0,False
text_url_meta,text_url_meta,k3_K04_K07_K08,3,5,2,0,3,0,6,0,13,2,False
text_url_meta,text_url_meta,k3_K04_K07_K08,3,10,2,0,3,0,6,0,13,2,False
text_url_meta,text_url_meta,k3_K03_K05_K09,3,1,1,0,2,0,6,0,11,0,False
text_url_meta,text_url_meta,k3_K03_K05_K09,3,5,1,0,2,0,6,0,13,2,False
text_url_meta,text_url_meta,k3_K03_K05_K09,3,10,2,0,2,0,6,0,14,3,False
text_url_meta,text_url_meta,k3_K01_K02_K06,3,1,2,0,3,0,6,0,11,0,False
text_url_meta,text_url_meta,k3_K01_K02_K06,3,5,2,0,3,0,6,0,13,2,False
text_url_meta,text_url_meta,k3_K01_K02_K06,3,10,2,1,3,1,6,0,14,3,False
text_url_fixed,text_url_fixed,k2_K04_K07,2,1,2,0,0,0,7,0,20,3,False
text_url_fixed,text_url_fixed,k2_K04_K07,2,5,2,0,0,0,7,0,27,10,False
text_url_fixed,text_url_fixed,k2_K04_K07,2,10,2,0,0,0,7,0,40,23,False
text_url_fixed,text_url_fixed,k2_K04_K08,2,1,2,0,0,0,7,0,20,3,False
text_url_fixed,text_url_fixed,k2_K04_K08,2,5,2,0,0,0,7,0,27,10,False
text_url_fixed,text_url_fixed,k2_K04_K08,2,10,2,0,0,0,7,0,41,24,False
text_url_fixed,text_url_fixed,k2_K07_K08,2,1,2,0,0,0,7,0,19,2,False
text_url_fixed,text_url_fixed,k2_K07_K08,2,5,2,0,0,0,7,0,26,9,False
text_url_fixed,text_url_fixed,k2_K07_K08,2,10,2,0,0,0,7,0,39,22,False
text_url_fixed,text_url_fixed,k2_K03_K05,2,1,2,0,0,0,7,0,20,3,False
text_url_fixed,text_url_fixed,k2_K03_K05,2,5,2,0,0,0,7,0,27,10,False
text_url_fixed,text_url_fixed,k2_K03_K05,2,10,2,0,0,0,7,0,41,24,False
text_url_fixed,text_url_fixed,k2_K03_K09,2,1,2,0,0,0,7,0,20,3,False
text_url_fixed,text_url_fixed,k2_K03_K09,2,5,2,0,0,0,7,0,27,10,False
text_url_fixed,text_url_fixed,k2_K03_K09,2,10,2,0,0,0,7,0,42,25,False
text_url_fixed,text_url_fixed,k2_K05_K09,2,1,2,0,0,0,7,0,20,3,False
text_url_fixed,text_url_fixed,k2_K05_K09,2,5,2,0,0,0,7,0,27,10,False
text_url_fixed,text_url_fixed,k2_K05_K09,2,10,2,0,0,0,7,0,40,23,False
text_url_fixed,text_url_fixed,k2_K01_K02,2,1,2,0,0,0,7,0,20,3,False
text_url_fixed,text_url_fixed,k2_K01_K02,2,5,2,0,0,0,7,0,27,10,False
text_url_fixed,text_url_fixed,k2_K01_K02,2,10,2,0,0,0,7,0,40,23,False
text_url_fixed,text_url_fixed,k2_K01_K06,2,1,2,0,0,0,7,0,20,3,False
text_url_fixed,text_url_fixed,k2_K01_K06,2,5,2,0,0,0,7,0,27,10,False
text_url_fixed,text_url_fixed,k2_K01_K06,2,10,2,0,0,0,7,0,42,25,False
text_url_fixed,text_url_fixed,k2_K02_K06,2,1,2,0,0,0,7,0,20,3,False
text_url_fixed,text_url_fixed,k2_K02_K06,2,5,2,0,0,0,7,0,27,10,False
text_url_fixed,text_url_fixed,k2_K02_K06,2,10,2,0,0,0,7,0,42,25,False
text_url_fixed,text_url_fixed,k3_K04_K07_K08,3,1,3,0,0,0,6,0,20,3,False
text_url_fixed,text_url_fixed,k3_K04_K07_K08,3,5,3,0,0,0,6,0,26,9,False
text_url_fixed,text_url_fixed,k3_K04_K07_K08,3,10,3,0,0,0,6,0,39,22,False
text_url_fixed,text_url_fixed,k3_K03_K05_K09,3,1,3,0,0,0,6,0,20,3,False
text_url_fixed,text_url_fixed,k3_K03_K05_K09,3,5,3,0,0,0,6,0,27,10,False
text_url_fixed,text_url_fixed,k3_K03_K05_K09,3,10,3,0,0,0,6,0,41,24,False
text_url_fixed,text_url_fixed,k3_K01_K02_K06,3,1,3,0,0,0,6,0,20,3,False
text_url_fixed,text_url_fixed,k3_K01_K02_K06,3,5,3,0,0,0,6,0,27,10,False
text_url_fixed,text_url_fixed,k3_K01_K02_K06,3,10,3,0,0,0,6,0,41,24,False
jev_fusion_K,jev_fusion_K,k2_K04_K07,2,1,0,0,7,0,7,0,8,0,False
jev_fusion_K,jev_fusion_K,k2_K04_K07,2,5,0,0,7,0,7,0,8,0,False
jev_fusion_K,jev_fusion_K,k2_K04_K07,2,10,0,0,7,0,7,0,8,0,False
jev_fusion_K,jev_fusion_K,k2_K04_K08,2,1,0,0,7,0,7,0,8,0,False
jev_fusion_K,jev_fusion_K,k2_K04_K08,2,5,0,0,7,0,7,0,8,0,False
jev_fusion_K,jev_fusion_K,k2_K04_K08,2,10,0,0,7,0,7,0,8,0,False
jev_fusion_K,jev_fusion_K,k2_K07_K08,2,1,0,0,7,0,7,0,8,0,False
jev_fusion_K,jev_fusion_K,k2_K07_K08,2,5,0,0,7,0,7,0,8,0,False
jev_fusion_K,jev_fusion_K,k2_K07_K08,2,10,0,0,7,0,7,0,8,0,False
jev_fusion_K,jev_fusion_K,k2_K03_K05,2,1,0,0,7,0,7,0,8,0,False
jev_fusion_K,jev_fusion_K,k2_K03_K05,2,5,0,0,7,0,7,0,8,0,False
jev_fusion_K,jev_fusion_K,k2_K03_K05,2,10,0,0,7,0,7,0,8,0,False
jev_fusion_K,jev_fusion_K,k2_K03_K09,2,1,0,0,7,0,7,0,8,0,False
jev_fusion_K,jev_fusion_K,k2_K03_K09,2,5,0,0,7,0,7,0,8,0,False
jev_fusion_K,jev_fusion_K,k2_K03_K09,2,10,0,0,7,0,7,0,8,0,False
jev_fusion_K,jev_fusion_K,k2_K05_K09,2,1,0,0,7,0,7,0,8,0,False
jev_fusion_K,jev_fusion_K,k2_K05_K09,2,5,0,0,7,0,7,0,8,0,False
jev_fusion_K,jev_fusion_K,k2_K05_K09,2,10,0,0,7,0,7,0,8,0,False
jev_fusion_K,jev_fusion_K,k2_K01_K02,2,1,0,0,7,0,7,0,8,0,False
jev_fusion_K,jev_fusion_K,k2_K01_K02,2,5,0,0,7,0,7,0,8,0,False
jev_fusion_K,jev_fusion_K,k2_K01_K02,2,10,0,0,7,0,7,0,8,0,False
jev_fusion_K,jev_fusion_K,k2_K01_K06,2,1,0,0,7,0,7,0,8,0,False
jev_fusion_K,jev_fusion_K,k2_K01_K06,2,5,0,0,7,0,7,0,8,0,False
jev_fusion_K,jev_fusion_K,k2_K01_K06,2,10,0,0,7,0,7,0,8,0,False
jev_fusion_K,jev_fusion_K,k2_K02_K06,2,1,0,0,7,0,7,0,8,0,False
jev_fusion_K,jev_fusion_K,k2_K02_K06,2,5,0,0,7,0,7,0,8,0,False
jev_fusion_K,jev_fusion_K,k2_K02_K06,2,10,0,0,7,0,7,0,8,0,False
jev_fusion_K,jev_fusion_K,k3_K04_K07_K08,3,1,0,0,6,0,6,0,8,0,False
jev_fusion_K,jev_fusion_K,k3_K04_K07_K08,3,5,0,0,6,0,6,0,8,0,False
jev_fusion_K,jev_fusion_K,k3_K04_K07_K08,3,10,0,0,6,0,6,0,8,0,False
jev_fusion_K,jev_fusion_K,k3_K03_K05_K09,3,1,0,0,6,0,6,0,8,0,False
jev_fusion_K,jev_fusion_K,k3_K03_K05_K09,3,5,0,0,6,0,6,0,8,0,False
jev_fusion_K,jev_fusion_K,k3_K03_K05_K09,3,10,0,0,6,0,6,0,8,0,False
jev_fusion_K,jev_fusion_K,k3_K01_K02_K06,3,1,0,0,6,0,6,0,8,0,False
jev_fusion_K,jev_fusion_K,k3_K01_K02_K06,3,5,0,0,6,0,6,0,8,0,False
jev_fusion_K,jev_fusion_K,k3_K01_K02_K06,3,10,0,0,6,0,6,0,8,0,False
jev_fusion_KU,jev_fusion_KU,k2_K04_K07,2,1,0,0,7,0,7,0,12,2,False
jev_fusion_KU,jev_fusion_KU,k2_K04_K07,2,5,0,0,7,0,7,0,19,9,False
jev_fusion_KU,jev_fusion_KU,k2_K04_K07,2,10,0,0,7,0,7,0,39,29,False
jev_fusion_KU,jev_fusion_KU,k2_K04_K08,2,1,0,0,7,0,7,0,11,1,False
jev_fusion_KU,jev_fusion_KU,k2_K04_K08,2,5,0,0,7,0,7,0,16,6,False
jev_fusion_KU,jev_fusion_KU,k2_K04_K08,2,10,0,0,7,0,7,0,40,30,False
jev_fusion_KU,jev_fusion_KU,k2_K07_K08,2,1,0,0,7,0,7,0,12,2,False
jev_fusion_KU,jev_fusion_KU,k2_K07_K08,2,5,0,0,7,0,7,0,19,9,False
jev_fusion_KU,jev_fusion_KU,k2_K07_K08,2,10,0,0,7,0,7,0,38,28,False
jev_fusion_KU,jev_fusion_KU,k2_K03_K05,2,1,0,0,7,0,7,0,12,2,False
jev_fusion_KU,jev_fusion_KU,k2_K03_K05,2,5,0,0,7,0,7,0,19,9,False
jev_fusion_KU,jev_fusion_KU,k2_K03_K05,2,10,0,0,7,0,7,0,39,29,False
jev_fusion_KU,jev_fusion_KU,k2_K03_K09,2,1,0,0,7,0,7,0,12,2,False
jev_fusion_KU,jev_fusion_KU,k2_K03_K09,2,5,0,0,7,0,7,0,19,9,False
jev_fusion_KU,jev_fusion_KU,k2_K03_K09,2,10,0,0,7,0,7,0,39,29,False
jev_fusion_KU,jev_fusion_KU,k2_K05_K09,2,1,0,0,7,0,7,0,12,2,False
jev_fusion_KU,jev_fusion_KU,k2_K05_K09,2,5,0,0,7,0,7,0,24,14,False
jev_fusion_KU,jev_fusion_KU,k2_K05_K09,2,10,0,0,7,0,7,0,38,28,False
jev_fusion_KU,jev_fusion_KU,k2_K01_K02,2,1,0,0,7,0,7,0,12,2,False
jev_fusion_KU,jev_fusion_KU,k2_K01_K02,2,5,0,0,7,0,7,0,23,13,False
jev_fusion_KU,jev_fusion_KU,k2_K01_K02,2,10,0,0,7,0,7,0,38,28,False
jev_fusion_KU,jev_fusion_KU,k2_K01_K06,2,1,0,0,7,0,7,0,12,2,False
jev_fusion_KU,jev_fusion_KU,k2_K01_K06,2,5,0,0,7,0,7,0,19,9,False
jev_fusion_KU,jev_fusion_KU,k2_K01_K06,2,10,0,0,7,0,7,0,38,28,False
jev_fusion_KU,jev_fusion_KU,k2_K02_K06,2,1,0,0,7,0,7,0,12,2,False
jev_fusion_KU,jev_fusion_KU,k2_K02_K06,2,5,0,0,7,0,7,0,19,9,False
jev_fusion_KU,jev_fusion_KU,k2_K02_K06,2,10,0,0,7,0,7,0,38,28,False
jev_fusion_KU,jev_fusion_KU,k3_K04_K07_K08,3,1,0,0,6,0,6,0,12,2,False
jev_fusion_KU,jev_fusion_KU,k3_K04_K07_K08,3,5,0,0,6,0,6,0,19,9,False
jev_fusion_KU,jev_fusion_KU,k3_K04_K07_K08,3,10,0,0,6,0,6,0,39,29,False
jev_fusion_KU,jev_fusion_KU,k3_K03_K05_K09,3,1,0,0,6,0,6,0,12,2,False
jev_fusion_KU,jev_fusion_KU,k3_K03_K05_K09,3,5,0,0,6,0,6,0,19,9,False
jev_fusion_KU,jev_fusion_KU,k3_K03_K05_K09,3,10,0,0,6,0,6,0,37,27,False
jev_fusion_KU,jev_fusion_KU,k3_K01_K02_K06,3,1,0,0,6,0,6,0,12,2,False
jev_fusion_KU,jev_fusion_KU,k3_K01_K02_K06,3,5,0,0,6,0,6,0,19,9,False
jev_fusion_KU,jev_fusion_KU,k3_K01_K02_K06,3,10,0,0,6,0,6,0,37,27,False
jev_rawK,jev_rawK,k2_K04_K07,2,1,2,7,7,7,7,0,18,10,False
jev_rawK,jev_rawK,k2_K04_K07,2,5,2,7,7,7,7,0,232,224,False
jev_rawK,jev_rawK,k2_K04_K07,2,10,2,7,7,7,7,0,243,235,False
jev_rawK,jev_rawK,k2_K04_K08,2,1,2,7,7,7,7,0,19,11,False
jev_rawK,jev_rawK,k2_K04_K08,2,5,2,7,7,7,7,0,229,221,False
jev_rawK,jev_rawK,k2_K04_K08,2,10,2,7,7,7,7,0,243,235,False
jev_rawK,jev_rawK,k2_K07_K08,2,1,2,7,7,7,7,0,18,10,False
jev_rawK,jev_rawK,k2_K07_K08,2,5,2,7,7,7,7,0,236,228,False
jev_rawK,jev_rawK,k2_K07_K08,2,10,2,7,7,7,7,0,243,235,False
jev_rawK,jev_rawK,k2_K03_K05,2,1,2,7,7,7,7,0,18,10,False
jev_rawK,jev_rawK,k2_K03_K05,2,5,2,7,7,7,7,0,231,223,False
jev_rawK,jev_rawK,k2_K03_K05,2,10,2,7,7,7,7,0,243,235,False
jev_rawK,jev_rawK,k2_K03_K09,2,1,2,7,7,7,7,0,18,10,False
jev_rawK,jev_rawK,k2_K03_K09,2,5,2,7,7,7,7,0,237,229,False
jev_rawK,jev_rawK,k2_K03_K09,2,10,2,7,7,7,7,0,245,237,False
jev_rawK,jev_rawK,k2_K05_K09,2,1,2,7,7,7,7,0,18,10,False
jev_rawK,jev_rawK,k2_K05_K09,2,5,2,7,7,7,7,0,237,229,False
jev_rawK,jev_rawK,k2_K05_K09,2,10,2,7,7,7,7,0,245,237,False
jev_rawK,jev_rawK,k2_K01_K02,2,1,2,7,7,7,7,0,18,10,False
jev_rawK,jev_rawK,k2_K01_K02,2,5,2,7,7,7,7,0,238,230,False
jev_rawK,jev_rawK,k2_K01_K02,2,10,2,7,7,7,7,0,245,237,False
jev_rawK,jev_rawK,k2_K01_K06,2,1,2,7,7,7,7,0,18,10,False
jev_rawK,jev_rawK,k2_K01_K06,2,5,2,7,7,7,7,0,237,229,False
jev_rawK,jev_rawK,k2_K01_K06,2,10,2,7,7,7,7,0,245,237,False
jev_rawK,jev_rawK,k2_K02_K06,2,1,2,7,7,7,7,0,18,10,False
jev_rawK,jev_rawK,k2_K02_K06,2,5,2,7,7,7,7,0,239,231,False
jev_rawK,jev_rawK,k2_K02_K06,2,10,2,7,7,7,7,0,245,237,False
jev_rawK,jev_rawK,k3_K04_K07_K08,3,1,3,6,6,6,6,0,18,10,False
jev_rawK,jev_rawK,k3_K04_K07_K08,3,5,3,6,6,6,6,0,230,222,False
jev_rawK,jev_rawK,k3_K04_K07_K08,3,10,3,6,6,6,6,0,243,235,False
jev_rawK,jev_rawK,k3_K03_K05_K09,3,1,3,6,6,6,6,0,18,10,False
jev_rawK,jev_rawK,k3_K03_K05_K09,3,5,3,6,6,6,6,0,237,229,False
jev_rawK,jev_rawK,k3_K03_K05_K09,3,10,3,6,6,6,6,0,245,237,False
jev_rawK,jev_rawK,k3_K01_K02_K06,3,1,3,6,6,6,6,0,18,10,False
jev_rawK,jev_rawK,k3_K01_K02_K06,3,5,3,6,6,6,6,0,239,231,False
jev_rawK,jev_rawK,k3_K01_K02_K06,3,10,3,6,6,6,6,0,245,237,False
